scrollSpeedPerMin,maxPauseGapSec,hourOfDay,doomscrollScore,doomscrollLabel
75.01145599256003,60.07100429220473,22.133176354453347,0.4538065848276598,1
107.66565611634906,26.247570526419455,3.431693644500653,0.7031111094432969,1
93.08228282942322,117.70375345858932,5.726008246568517,0.6654366304739071,1
27.024862798871023,75.69595366843501,23.989842314497633,0.28584153539636226,0
36.019954189347054,49.11470713952147,17.939401805900086,0.26958768370775704,0
104.82641344755143,40.487702686831994,13.062114297879013,0.5506158690815677,1
0.6318365478689669,170.83435405538998,3.987319148507357,0.27864850886937254,0
98.54741020593195,86.72002008210019,0.7654615965304679,0.6417814231255801,1
95.64833145024555,178.4014139965666,7.930548480159946,0.4584717522520597,1
56.15219434124649,57.82182071642144,4.563175710456315,0.4596856210921526,1
36.363891218317626,38.810703515382265,21.210224254887883,0.3906714548074011,1
33.4110734520928,128.86211719568843,12.409683951937975,0.0,0
30.58435051849495,164.18305367325485,12.134711296987165,0.19916936826147275,0
53.40915670591759,29.48808111904226,14.693092957142568,0.3108042967271476,0
60.545791074954394,155.1523304700971,11.844426767956243,0.2097500142741589,0
66.4196822489391,105.73555630384547,5.706914641788548,0.4156482121617671,1
119.46003401212712,162.76535894161398,17.609482059947066,0.4023122893217779,1
95.11943030565037,170.31981906276545,17.70879542506008,0.32609119112430174,0
74.66150753293952,76.82874842398047,21.814142265988,0.33568739598258734,0
118.67521772182619,169.39741159053074,11.72595595781183,0.4991390176814735,1
25.837043788271874,32.4744251064958,3.1420727788352147,0.5614651094163461,1
19.225444062941346,79.89417644963669,23.107742067110376,0.2929585708400736,0
73.50475251276369,79.78615075803425,0.3605292876531623,0.4338873076183012,1
5.273040955366004,44.12415125993845,3.762811749062676,0.4273259268947712,1
4.281633452831537,87.10938321378163,16.974336538490483,0.029478029803839657,0
61.78665843256444,135.47887293321742,20.708367888052237,0.26789636045186366,0
55.94472303903469,19.505010237508603,22.632417785713542,0.484723638157923,1
110.06013278314227,86.57785551719752,14.288432422218872,0.42553135896443883,1
75.50715053892125,94.59290589733247,6.630066470209742,0.5528441203968958,1
61.69411759194166,35.373042504229595,0.7378151016842311,0.570537357270258,1
59.62481224722051,115.5740108794925,17.634865915998166,0.23129684539530285,0
29.7017906432797,45.495781749116404,15.402702501335618,0.17275558574065378,0
1.4152830651007031,102.75465357686039,2.7920617464139115,0.1928501740319915,0
23.088257278237275,102.90756639243719,17.919015539718828,0.10820497348403858,0
83.0438545058207,134.78475547034537,22.79641456424548,0.5373002599637713,1
24.072806878439422,168.27368326809193,4.471787541780093,0.26400704106584666,0
44.3443572722648,166.69684366991854,14.475419236209452,0.23216843643458485,0
0.4481090462491144,90.3773906705227,10.03463006714643,0.0,0
99.60572757620947,47.3014284375339,14.762783833955048,0.488728921021268,1
18.535329727372783,43.601306481161075,2.823398996043961,0.42242834218615843,1
32.11191654765425,141.57207662998113,21.555042735703122,0.26747923130997003,0
105.63985847769943,136.84197522615065,7.050256101163885,0.5306892949635992,1
61.17489718421078,142.92948527345516,15.39379205429039,0.21446979246208223,0
101.65802956390432,150.02655484272557,5.620627982643808,0.6962542266431281,1
76.76606003310314,101.70006346962658,4.316946198507371,0.4584729880269003,1
89.01251368342285,161.5487643178283,23.007961118066447,0.6301231678978222,1
10.97947260756548,118.28876964737644,6.194646347301251,0.29330684780678073,0
64.93725856517865,113.64847102259061,22.90972642359069,0.43067887530216387,1
60.932668356041994,150.66608181675107,20.657053027226404,0.48770253685252807,1
104.56072520314568,117.37457721138203,13.374236442380884,0.22682605455580784,0
43.35168708169891,138.2150878473837,13.486256427459328,0.1804353767888989,0
71.78208806486556,167.37327957659022,0.726715786546035,0.5208885325010054,1
7.110197081460434,71.17626033046315,18.48975473898325,0.10447490612986508,0
46.515816133287444,135.19459018112346,16.38944011349308,0.25627063967746133,0
38.7643615509848,53.73047861531768,14.06277071742041,0.14827177033259245,0
18.023967488454225,87.56440214240553,19.523372954308698,0.16354082350058174,0
97.96057245828908,157.23922866097445,11.29722282947364,0.4774159830466177,1
45.533540586037496,175.24322735273665,9.179891290535373,0.2491793929259533,0
117.4497461293466,170.56277476681177,17.779219431077166,0.42395372253073305,1
70.79900316127323,136.37394885393317,11.87567294467064,0.3237712342437178,0
72.60675045958216,152.70738935141893,14.551353961823434,0.2673172327086752,0
76.55958969459986,159.21228318670558,3.6606883631691556,0.4855085730061949,1
81.1740292575346,109.78525107179281,4.822690337041943,0.5599927923044119,1
18.094562300204245,43.83312488389419,4.37969612246231,0.32074700102606274,0
52.837616062582505,3.1895320586322407,19.266380039100767,0.5141869819130792,1
28.7476754195428,137.0067561071049,23.849228034862566,0.31974001602520674,0
48.29979577247779,136.85375170185782,23.36842336035115,0.38880696762365907,0
11.604491271809474,131.58583620659627,13.253299851895306,0.049110610081510374,0
116.13936612585857,104.41602404696714,18.832574347422803,0.4381215449307106,1
25.800484482705603,118.42099907365129,2.890656168644938,0.46327662214144505,1
80.61181951335419,129.3170163880354,7.903781871395854,0.4772558962312704,1
36.05040977748843,95.6979899780384,22.54462630670804,0.34694051908603657,0
104.88924313794054,118.54117084984038,7.120877679480879,0.5624568508032126,1
79.46576860061445,40.37534440582424,3.803398718266439,0.45681605569180883,1
15.793897896996686,96.149287778432,10.412657329152928,0.1746558952845274,0
101.40891850494636,113.15403433727151,18.435784419284246,0.38342200937882676,0
113.39378053739755,102.36410680163682,23.69255639483373,0.6878601410913886,1
108.47001458351122,46.29230332197711,0.7705008016177999,0.634756732298552,1
68.36629774311326,22.81512561603256,15.281580313355416,0.5177498971188385,1
17.45519445131123,117.80861784921177,20.1640462073124,0.15787143976300894,0
23.095619396199886,20.26306960708433,19.58146667454985,0.3812643833364755,0
111.34868216934292,142.9633850491695,22.06328803525057,0.7133677236644874,1
66.27917852007165,32.77341474605613,15.506171394780502,0.463074889862806,1
21.666299813869397,138.9533433492372,20.373406216209617,0.12166742023418041,0
106.0868273035764,64.02237816800275,9.662418671399713,0.4207524080857248,1
76.9886046266977,162.23794068430368,14.181177381763899,0.3019477872740975,0
68.36331293685696,40.613208455263866,13.176855766020024,0.33934186863833715,0
45.15454033559041,28.370865028273997,10.611743278300164,0.4295832205211067,1
49.31463385885558,121.51823982455086,10.762248982792325,0.17880739736497778,0
28.738705521821384,139.25752375237195,16.972645927862622,0.011910059947553758,0
4.566874402948691,62.90687625905675,3.625213476323207,0.19163851859310704,0
105.14625697311251,84.9591510616822,20.006219258439366,0.5060607571071123,1
56.12762601769153,119.12529438540213,17.03341327396571,0.2857353766513311,0
65.71622390564823,53.13515169631796,4.8442506836805865,0.5492598539990806,1
38.65959717362701,70.02073830687992,8.371608558867443,0.3445784473296224,0
90.15899038259134,101.89503456172353,20.192763094523396,0.4853902674340819,1
3.0236244962112435,54.5216032909219,10.17499347944653,0.08164806469057873,0
44.66223270782447,26.276297673865855,20.342395121306712,0.5229686925883024,1
3.6420353260933958,163.54878632770934,9.565281643916759,0.08137972859604975,0
14.747052264601122,22.074357411484534,23.834401138586422,0.44205874358328173,1
116.05778824768413,177.64373375022444,9.379138099268921,0.4828160075105212,1
78.93128760462173,152.01325717969306,23.608331989756028,0.5867916767105199,1
51.38642956673776,80.44381731030491,9.22811755690407,0.38170440745065687,0
62.848812949257635,154.92266020788583,10.090765569398787,0.38727063347613844,0
104.73710502777293,11.57170765375366,4.178648068494326,0.752704549246839,1
41.30528003952315,101.2613087693986,18.868347658075105,0.31942686175421997,0
70.83491787476576,63.641498123713475,1.8845908155083544,0.43663846036090465,1
82.04212480074524,54.13684428407543,18.761367091452488,0.39775264752150796,1
42.64965324282145,161.06566362869847,11.957156970612392,0.21794749121189394,0
62.291818379518816,6.882747735243385,20.667587320341294,0.552063925810178,1
91.82968599342271,155.16745008296758,14.901279377221574,0.26145136288140736,0
109.10151767886602,14.16804711621624,22.72908707391617,0.7921863751846133,1
18.12747336921786,121.93899533399225,12.355600416635772,0.19709195036183647,0
112.01032707689143,51.41476275441261,5.430757793808175,0.7407413139558751,1
0.6214638978518572,94.84410888981884,22.169902593330146,0.1312161302522285,0
90.35730043173048,166.55309619440573,21.45593673188495,0.5195496839318751,1
97.26321963806942,143.53343816485182,20.16468571971037,0.5041517166127031,1
16.411686185109783,17.849297305696687,14.393257646946742,0.2943921844841788,0
50.26843810958222,54.93609455570519,6.314592953822626,0.34202040252631655,0
97.83075335940548,87.84449090019125,0.4175070115697235,0.706715906938157,1
1.712542762153273,129.02754570658553,19.4916013350466,0.08783115084052213,0
75.41543374395489,1.0078309497122406,15.830077074132014,0.6487614289550889,1
95.16283897176409,155.50725171052605,10.573597878173555,0.2855404617891107,0
61.56042993866502,151.53087324613685,12.332821309828823,0.269560385817471,0
87.10193046613045,172.1159279422599,18.92137944970913,0.42650600110999476,1
27.17081792365729,36.443654179391956,5.549552195352351,0.5140892725326514,1
23.822537759120742,38.38158495682748,0.4951215245807292,0.25561924767719246,0
43.57523406604219,149.9135649434421,2.2644175969796665,0.45154223244885394,1
21.528723308057582,92.64963391545767,23.724132530209307,0.3657085766018508,0
41.52737269349741,44.142440508334246,5.0139062266668635,0.42908867477652124,1
113.77488736929777,3.0576884073263666,23.455394088415588,1.0,1
68.79992611333451,38.98683534014363,0.6742856382119182,0.7524173466458773,1
40.80816809050078,121.50593115275758,16.130117117101683,0.23322216886397623,0
32.582954377054236,131.90786832408793,12.647249605489279,0.18622349415662337,0
114.24473888490267,63.76707466308902,11.872278206059242,0.5413816130379366,1
53.33738515765359,165.17414895525602,0.004570871664974163,0.4637295389749442,1
117.64737010567073,91.74324090090505,13.621796402883412,0.5274029217113215,1
61.86272029275252,93.16163389525747,14.795021666849019,0.2762995572487619,0
62.53993548314688,71.03529754883273,20.024920179781965,0.3120550902561477,0
107.5848628459201,72.59928100328668,19.935641028054484,0.4524113802075698,1
89.13209018580474,64.61744379039447,19.460945197616677,0.5236172685044257,1
69.6783436623387,148.43731790581194,1.4186183907134264,0.55144325547254,1
51.197940460351,79.23262701600791,21.04687295159949,0.3035900485571994,0
105.38254313019365,41.6450915490588,12.564538953272647,0.49723589747462155,1
49.39753798882661,78.35096227008013,20.86015460551788,0.4404166217984453,1
110.7311491402161,166.6011957263014,21.803521796727317,0.4767552187110442,1
8.245842254623383,115.01201709703481,1.9468860940687929,0.21743392903359748,0
51.599623428139566,18.905192784781168,9.842265839680888,0.514600001996206,1
62.341778385343076,75.445648271239,12.13558365108349,0.30578849557575905,0
114.11258346982197,83.99473553879288,14.452400612097549,0.3464676188515964,0
30.119909599770978,2.503421841188551,22.51932755280754,0.5320113034790765,1
96.72469767145306,173.05768399482227,0.8410939371429915,0.618319787152141,1
81.17654399983121,164.91121683619625,14.456861700733896,0.4034523208303654,1
86.05030851373475,18.275937934418533,11.79960461623913,0.5520389725853801,1
75.55466194082443,99.40453903823023,3.222190737406911,0.3640445090045965,0
116.58728501538961,56.2529405429463,16.431987967799152,0.5522520249030378,1
39.92177510535898,38.12753921045826,17.473901471447427,0.30551048061849023,0
47.79306716152447,49.36201325891388,2.752076581053955,0.4475898493224012,1
24.349410265621945,9.637429392506775,2.503948501440137,0.5104404483110865,1
6.084486632672461,123.87833174684046,11.709476617624995,0.12803669990260302,0
25.548983397040704,65.99861345564968,22.961029977312773,0.3267508632250387,0
109.85572765486899,125.95883277279758,19.945299016333863,0.563217842445924,1
100.82025805900676,146.757965935171,15.945889350252894,0.4182188611939639,1
13.488688979109478,103.08027128481997,9.511494973656761,0.15767669903639997,0
72.45348303802385,61.85025245062888,22.828395001015107,0.5393860990465792,1
57.50357938675498,25.201659779423743,11.381356101733935,0.5376737180060516,1
71.36218445859343,117.25953643934344,3.325376785220355,0.4354164490474711,1
79.1130007930876,121.44836851586727,14.358742040798724,0.29167619481472923,0
36.79913890666463,140.61869923410703,2.2334971273414768,0.3557262941965503,0
115.36210136837484,24.78458411073038,20.76549942263577,0.8761719372896939,1
55.90080420733499,8.308115621985877,12.0692875456543,0.4632516926919455,1
75.37210258378882,158.2416091928832,17.697929843031822,0.2236225047489756,0
76.22714206796559,109.15361428892994,20.421226228896806,0.42241202577913034,1
22.06672758116294,16.95289285148551,18.93037053063753,0.3368053153862989,0
7.423850178764897,127.62281940166942,18.992827409002665,0.06811364362406191,0
49.38201881975699,10.13099480329102,18.85474098178116,0.4910046014537355,1
91.68361061261623,113.77916157526776,9.256144488773884,0.3365275404442503,0
97.8266145950126,99.87717043628982,0.688639030447125,0.47377668635478754,1
87.5987098802478,128.74849662124768,6.091934333892012,0.6497152063238516,1
13.58459430302676,16.926633047701635,15.611999304560811,0.2680889020552561,0
109.60258338372546,163.54561111078885,7.594363732866738,0.4833782375094887,1
96.24438935967406,169.26821224665593,23.669951635867406,0.6317103066519457,1
105.32296399794402,177.2416380071236,7.571017781232336,0.6271095344553554,1
62.79649835702128,137.87717466113233,17.002290442955054,0.14934528167552222,0
109.87625221208789,56.09478914101501,2.9399651478077438,0.6461431884779913,1
5.598268554466461,176.1355087209579,10.926688749541174,0.07868249168003996,0
3.6346600717922373,110.56346885100362,19.25184617639891,0.054809841577247234,0
2.425868802737625,129.32076634492267,21.846375657619383,0.22343866684425565,0
30.332241354294766,119.0409523701487,1.7329492988499053,0.2763859789578599,0
29.828372785077946,37.19660569483518,19.314643412530287,0.2815286265764966,0
22.500400122715988,153.5636903373145,23.165260716053435,0.29264288649526604,0
68.04669820624748,116.43019498693232,0.5571332280835586,0.5260332439200587,1
4.678300923965444,39.75965209131193,19.531417607136312,0.23081982772944518,0
70.8465441401822,68.03662111596155,1.0288152660900973,0.46353934369156985,1
19.921338365666045,25.83853138844819,16.26130418010904,0.24056659286850393,0
81.34484502807713,77.91149568472167,23.71023724625359,0.38463959566828043,0
2.5290425332669297,178.11812518715456,2.0506686165513894,0.40868197404725476,1
37.26842364638338,69.07444133344742,17.909467242092752,0.17063288782065478,0
112.60095442375368,71.1789332989433,2.651539395989378,0.6493663813206962,1
64.60756558526936,144.5486707324309,14.013136250790568,0.2604640057227017,0
97.3904883296101,14.902398382637882,8.318775532714646,0.744908227073123,1
78.96312979340709,21.547237206428512,13.39601768321267,0.5135692696353588,1
73.29009427362315,134.23880773301082,18.195912402633425,0.29503786574870333,0
22.950321610187686,23.4603281020288,4.642224722498002,0.373398611878333,0
68.92736979093672,110.0436619872131,7.186236235540692,0.39723447752940316,1
4.762370215080001,147.01747522487977,2.773277841573865,0.20890831792436976,0
96.1997286110248,101.35071902984458,9.785125732312174,0.3902220941800654,1
115.20851004314113,14.433503326229644,1.9431854104452002,0.9092359560736255,1
102.48108856102142,37.15953239989788,0.6870589534325227,0.7575917203472468,1
6.085157515927344,97.2681662715321,17.59105545308237,0.16418031645623626,0
40.63921000562622,171.7405144231209,16.90075711192985,0.1759131612765345,0
38.16038374347387,117.69280770568953,0.695845784209407,0.26434318515529975,0
13.526039006744398,125.44086207483942,15.688533594544285,0.10321421865677094,0
75.19341831937453,107.17826957710145,16.19707285503413,0.3665427488754532,0
95.69498104396,58.67392543879542,8.252782305327983,0.3663821639807152,0
37.64657664026927,109.38831715517466,7.06619902468011,0.33836592616732786,0
103.53710819024816,1.7216052528391712,5.513599547653389,0.8929434742492194,1
95.65522954153556,74.54985440822955,14.464937121287232,0.3209783563163557,0
15.496552976918974,146.13468252208912,3.2006354381295647,0.3134042421414053,0
92.02309880857864,36.801996521967546,13.160679271558962,0.4907693751644192,1
105.91448638823019,116.71081059943907,9.743017687784487,0.5079953172142834,1
23.673908379809582,129.67881151205953,12.297720729462903,0.1808484138423555,0
68.83694153982277,28.16946878100548,18.20973359434549,0.484315867986381,1
76.64999592265235,154.4058752343032,5.407829707818917,0.4898523721612697,1
73.12011089911198,43.89331855956247,7.508855194566074,0.6644731495270821,1
11.549481315365217,173.2823249966504,11.558193306086778,0.0,0
79.3429753217939,62.018726982639926,7.808359816930441,0.40896149297798434,1
75.83456696154224,110.08663253609505,16.381417221711544,0.2824112777803911,0
98.86625868024171,170.7506390888436,3.4166441717461495,0.6654781673596892,1
96.4215238956394,147.59007182060773,21.990027990168237,0.6258013075815336,1
39.26018495191868,87.43289487919218,22.62872920348907,0.2583518442989983,0
86.64567995118647,35.00211667196254,3.027270231622717,0.7811298635112216,1
104.07280650868272,110.66849634326857,11.678996046916238,0.3286865463214831,0
107.15373098289474,105.81188754187608,8.29668291129525,0.6994682191667003,1
19.381479233639908,11.512020289207971,8.264743825615033,0.3838447329358353,0
3.204282010354156,68.84985110818774,4.8034041144313955,0.3067169026617159,0
78.09689321066743,165.72655851808838,12.915199988185208,0.2785193276895719,0
25.7611527292516,94.63561895421222,19.259432298314458,0.24669132787924852,0
67.64516691204831,32.58908171270993,5.6878433269543,0.5338056311610011,1
113.37654357682091,115.90270030262141,18.81337810153001,0.5206828535716208,1
45.518354910308126,81.6972819586432,17.958975407099516,0.23308849205941726,0
30.33294604611681,164.4849160408507,15.133722864092462,0.1251640498368672,0
54.78120599542433,88.20896542182192,21.301174196119916,0.4273619718054201,1
78.86926959248804,4.70286306503141,14.453219191288571,0.5416758416621035,1
12.131876142559053,29.058151141381266,19.196785306676993,0.27585659361099873,0
45.670171620065126,31.57338296910857,22.930236116284267,0.4323702165606042,1
16.046542660622723,171.2197023332809,20.498137765200717,0.19115855406017448,0
79.49354659371046,64.67960174233063,13.822471495701505,0.26324813718067075,0
99.66630387158207,62.7903531348022,6.993711587721239,0.5927509593123867,1
45.22245376905389,175.6971589987833,14.498263403678068,0.21714972055819393,0
44.60687433293019,37.11301296643635,17.308749644064264,0.27449794507364594,0
64.74259907369215,111.96086871166027,17.26974950126192,0.3163641630923098,0
25.80693355657123,170.59089310733503,9.54747515390471,0.26413450706333397,0
29.689150994012508,163.793732088026,17.990222865908535,0.15835430446089957,0
39.58227399388969,28.865412318621598,7.971495253732358,0.34731304351926734,0
54.89108377658609,84.79173650916029,3.0732931312173832,0.6230158457234832,1
9.78377523630881,45.37126571153449,22.995001298373126,0.36144317805000153,0
90.32785636404068,125.99238148999979,22.042569104606322,0.5762852020326558,1
69.48654893151051,44.29062489252651,10.173177046959301,0.5718907389273676,1
35.96326474686015,31.84773227783981,13.203705004673427,0.22189084399945702,0
9.305588682120337,48.944976188459925,0.37126278661393375,0.34994671195017524,0
91.58171416817775,23.528271199592943,22.856897773550195,0.6024891563802545,1
15.729478594958483,128.95646693398163,8.497682369852175,0.20182934487012097,0
15.984797081961393,50.311008111024336,14.672968639626895,0.13760401275550446,0
15.682109496873199,72.00815601109011,3.2367181391112156,0.2469770438947486,0
9.751477333918857,49.56058002443586,3.322764199723288,0.2711578134051701,0
108.76708384803084,68.43639622608416,14.084958196233568,0.395139112108817,1
32.309315960806856,54.94690615276431,16.16202784206113,0.14931175398399155,0
36.76926950482323,63.62705688177835,23.49436565280819,0.4724763568986966,1
99.93531720024811,127.60612881531102,16.79351250263613,0.3891533221540701,0
74.39081516541617,31.29093374094018,14.666058140644013,0.41284619048350535,1
22.45720638488626,123.60098048998478,14.509865376985433,0.07251849151169737,0
52.177609485190665,62.51942161324766,6.59828897927385,0.25295673298244514,0
106.0706957666576,16.842909310228336,8.875073077954069,0.6755484701303988,1
45.044882042335644,21.554511030500834,15.014852716711834,0.2702915013933881,0
85.30578638358404,162.0887278947125,3.268153401486841,0.5714889352185518,1
11.616925060376166,7.552325340619939,7.2564088865889556,0.3007321504337559,0
87.27897320862527,49.72912238983014,4.030675923894648,0.5320568307432344,1
93.17682288782959,155.43481184455473,0.8651984999244995,0.6112734452097333,1
99.09201380425591,14.304346954101392,10.83316224169792,0.49287224881170677,1
80.90411885222534,37.977686956817486,8.956734589981009,0.39774177576965186,1
44.48793537915031,48.38450832584137,13.431326440954592,0.2954803047271578,0
7.705440019932435,150.44190822131756,9.559790834708856,0.01037361378286919,0
62.253148087235395,20.835905467835513,1.7510494293856782,0.6778099149018699,1
90.89518876586425,170.20044522530546,20.665312338444615,0.5085033936415878,1
22.900584418761262,21.580178400969267,0.9413669406430349,0.44827640428324117,1
31.948467193553228,101.79364638911062,0.51838125982714,0.24155437604170676,0
64.33440508552466,139.18676407079727,0.5372550342135778,0.5886766529492669,1
89.79978754775031,100.54776649705576,18.946077065702188,0.38801213763014497,0
107.59040769110155,91.34472661510895,8.84217853812674,0.5367645425883112,1
15.088982104100301,78.76261643518947,22.707934610544104,0.20910091531019964,0
22.11242554397959,45.48144462798942,7.605216198726831,0.31836326607168614,0
95.94443656657714,178.6616040208766,9.810364132566683,0.3351048013662181,0
77.34259476281696,72.69104221938301,16.773814540804633,0.22459383510251585,0
86.51673501719729,115.12017439464246,22.742551344093197,0.45774404956556725,1
119.61253980375764,104.8431476604245,21.91036423968751,0.5888546299904323,1
112.70159504290574,173.1346313456983,9.014480151189087,0.4701810612187184,1
101.16300802099035,43.92980203318117,16.334160729912426,0.4585619605264824,1
93.25389708638184,27.89646542138389,1.4697176466154582,0.7887613527181881,1
47.40230582477243,161.8443866629384,13.728229144751271,0.13985912148331864,0
76.94749327317781,91.6142872383092,15.50096537024135,0.3629722234509,0
22.13347709358947,115.4113555148105,6.652357778978476,0.20409045644624813,0
91.1393358336967,112.52696695359663,15.743343990618845,0.40038259778898455,1
90.92287974220665,140.8237725155168,7.341437460537179,0.5787141502259323,1
86.55542563616629,150.79677886967923,18.39832499558822,0.5200942551537542,1
53.37588293121348,126.2584244613907,1.7243227969768835,0.30987531709200633,0
45.38163945489853,0.8921247308155844,12.513248621594622,0.5953933704901311,1
50.372511884392964,150.6975835004906,22.802227892191,0.2732641339825494,0
4.000708213349591,7.635085683079151,15.094094270172384,0.3807698371180406,0
101.31841396937915,154.38278519491226,22.56521740767967,0.581223017796589,1
65.08438530657257,0.19701507995909306,22.735536239919032,0.7741986273578012,1
46.50223668020776,139.39682857357886,18.312196037868915,0.17907195194401776,0
65.76345219192466,114.9707053177762,19.29921248570849,0.41377805508386045,1
86.59682622235947,4.672888749663036,17.631497096657405,0.7012660087158261,1
45.77530432780749,135.67092186174708,12.248970121951709,0.14522107427106917,0
99.67688080943903,104.3172717110361,18.950346433742983,0.4211033412991199,1
110.33560155664645,21.787425067280218,18.925175336340544,0.7546355082423705,1
46.491875677277335,157.82174468569127,20.691423259447724,0.3936616904922303,1
16.537938521991734,106.40977835047613,0.168839883852951,0.3512774252161174,0
91.24479551882186,83.2767896617317,0.8804701888223905,0.559638259362584,1
119.15386304983272,170.1637499327162,11.134081254773097,0.48011917703771295,1
17.75857785144776,36.56407139309039,17.2232932419048,0.29097943058386283,0
85.52108112737578,31.738562620127116,10.058973226045863,0.5810523261936782,1
99.03880803600484,160.63124358327354,9.161940446185215,0.5375639158445656,1
110.46863339956333,28.87941259208812,0.48741286859982935,0.8197025564539935,1
14.80576971330892,147.17637641495125,14.561552499490372,0.007106246503470547,0
11.017189578193136,37.77833926198935,22.92327691389546,0.3838364717204206,0
118.54458982158403,146.50836903033627,14.779217596831696,0.478422212068175,1
14.010778212190598,73.45534714859403,5.882690274015573,0.20561409584123616,0
21.216907096427526,111.12631335757642,15.25811590447596,0.11727133450311608,0
68.99435205948228,109.29756158248765,8.882824347068276,0.2959650158658827,0
53.55276435475616,71.05276536281823,8.785137328991269,0.31790334049472213,0
90.04706295933995,93.32267819493471,1.3457817300945312,0.5430485024270294,1
22.866869778973605,116.8939655183488,17.13525648694765,0.2733857102386871,0
109.73133138719034,24.55529572577598,0.0175012468339375,0.9052721353285281,1
26.063381556926693,164.86113430122583,20.1678386859509,0.24618227508576895,0
92.29331882239677,148.20266761515992,0.15516159837988042,0.4893515828359698,1
8.112423032887278,37.464058126374766,18.683038844117327,0.1393476927695127,0
56.80831053085984,40.544213740364995,8.389476829413837,0.47106567465175697,1
3.9069991974231577,71.01891211518463,8.380105971820807,0.11622476407416069,0
37.65728476765236,138.89550319600545,11.765134824336736,0.18315939166464773,0
37.46768090100348,93.02594007362933,4.42812052458221,0.25527146007266255,0
86.36981269662907,56.68192664440451,4.96681945841028,0.4487847125929631,1
54.602097978287986,138.3297364190949,17.1349365488323,0.2521586864669185,0
6.812923487150013,35.202563340143136,21.80738166731735,0.3164679526951205,0
119.44339913147962,127.53196970917084,3.3746068175522748,0.5961146008607983,1
106.64391680499993,135.652433112158,6.604835239693025,0.5130752675018087,1
109.95887219680836,18.356278768966362,23.550605507707267,0.9002310438574603,1
29.58906360883665,102.59785628205016,16.4895310384753,0.10567928400893684,0
47.29323056699616,106.91081283710089,22.006691409408838,0.40486114685868985,1
27.261540109602404,174.81818582411265,9.253380923193355,0.30220665072149455,0
14.988765861319884,53.791819488691644,18.43809281112411,0.1857238043200951,0
3.9628709598882805,82.79415484186009,17.045483641654688,0.06109039650740232,0
60.400373758368836,168.47018979704475,17.863391433748795,0.24304017942614678,0
14.776038727966764,23.498914574887507,11.434220979226478,0.34988512152599277,0
21.156524564175257,161.46759904611997,7.037692449808313,0.1338802535472785,0
103.25708165491451,65.79784128508044,8.746736179689186,0.4105660190706877,1
58.10913223607176,61.83819261410161,3.4410972182868402,0.4573984400852685,1
22.04442252242992,179.1037223041214,1.888565050346406,0.2289876248747504,0
80.38374717807746,70.27475734305536,9.123514544852192,0.45840909001970476,1
31.903785323378337,44.50785000193343,20.566429134394856,0.2963548541966546,0
63.232464006006865,37.32295708074987,7.94193004754379,0.5140163904342443,1
33.95434414348133,125.21048862305597,13.457430411441363,0.10645873844515266,0
61.93934250131326,114.45330266249184,19.770307484463448,0.33163991360252704,0
75.4240308898982,43.021492755565255,2.521732161056895,0.6170645382045893,1
64.34496954495214,89.11468254106748,8.890493820202414,0.19949325793486647,0
47.47249287538807,51.5799275103476,8.879850273598102,0.2398938699497572,0
94.8976558524635,150.71033821182593,17.084648651867305,0.3608450063729528,0
104.81249389748213,64.40044847314645,21.698457107563403,0.7268219695776605,1
21.52455164258476,110.81429762140628,0.18248235787340494,0.3733422434148379,0
16.357046978163655,164.44475042916477,13.067595365626527,0.11522214720431509,0
13.582996893845124,42.9805508966411,0.07279388662112485,0.2973036694926148,0
117.55160765379807,171.39990231365957,7.218034176769009,0.653238335290315,1
112.99095634271013,87.36285875030721,9.600654537812542,0.5845545329771766,1
27.680061876132285,115.25024168816982,6.741545370800402,0.321428137136173,0
116.38890882986055,48.963734306092014,9.905343067220288,0.7400945929193695,1
24.93812005480848,125.00374509295979,8.674606057397607,0.10170398698258185,0
60.77712194257569,130.28002137414458,11.973605503807855,0.16925475409270896,0
59.686205306341826,106.60164964145217,6.000858805389976,0.3923448466055203,1
109.79470832866082,155.25692245573651,9.363714354714679,0.42423349286163037,1
4.86346318737318,84.89311538599028,5.264483858616473,0.22840191673465665,0
37.842097732125765,2.7039509811703932,10.08615464699906,0.524378029320926,1
71.9969638158873,164.41376990943346,16.99747387918949,0.3050986795167882,0
7.967786220393478,102.2272943271693,0.7333509601135795,0.2796040974591795,0
28.386069168722607,110.69936908817307,23.96737677777579,0.36699007911398807,0
55.807614491704854,107.74254181419697,3.5726503012007456,0.5025148602505811,1
105.70284322430733,7.421326437416713,19.006685749080923,0.7053639971927057,1
91.31514259893453,51.75828909514581,6.899631608466849,0.49672377617142194,1
99.47765634740897,16.17140409246883,1.7070368489162489,0.92473674280772,1
91.32837270351749,116.96498639133014,18.93995885731256,0.40886809089143283,1
84.92649312597396,153.84871736406066,13.561745377720797,0.260397017034152,0
101.9632011175736,118.90153713121555,6.311037090798757,0.5800984522339832,1
81.77720288840266,146.4453778203494,9.127819757986144,0.3700199375079215,0
88.28196711763214,59.873986732120386,20.743402225033304,0.48856282482754265,1
36.1973403302657,5.665673402203522,16.960847881809453,0.43799199678783896,1
20.116886747848998,73.73638309785022,6.6814827065525755,0.28631596729622427,0
90.78299749869461,30.380447512703498,5.686257917621892,0.7480686875087835,1
19.900475492239348,54.94037935163216,13.577429835761475,0.04194162601207474,0
110.3347021823963,42.99149077759102,2.892523289775675,0.6596491071610563,1
71.59714048273456,32.518356529420906,5.494077874882191,0.7181885923546926,1
39.53209354461903,123.79172704749679,19.330456910210597,0.20276444270269103,0
112.3971787982821,107.57882626595025,17.409593530708236,0.35873326960141905,0
18.615632632541374,148.09593142874803,0.61358579956722,0.17812723900142066,0
61.73596052342957,177.1602349635114,10.735036801281012,0.27115930301060387,0
10.986488785948332,42.75720760338458,9.567627055245488,0.15666758666752523,0
115.85132509014885,168.85315844894595,17.730457653396595,0.36047989017153403,0
69.04512741739548,138.18071084384664,10.216772790024441,0.24823651954340528,0
96.43999173600648,101.31103126824951,5.45393938153031,0.48895946910432125,1
33.83069023772434,175.07212217292516,20.198072857915705,0.3272229871066872,0
96.21559520022464,92.23480358979575,4.644491268918799,0.5976058446216989,1
84.34103587069175,5.094209025360039,15.53847046863926,0.5990687909720059,1
77.24177637512223,22.482755788722727,6.777613824141719,0.5516770300918661,1
114.06753778884384,56.306474174339144,14.85126772116315,0.4356924465338872,1
52.01896057142916,125.3338789262338,4.144091335333917,0.47128568922519654,1
49.81061203105525,101.93410622017994,21.025031578210662,0.35506867690427774,0
83.05453545420201,122.97822561139425,8.869328219800426,0.48117474210585326,1
100.20663673716473,3.373654044837684,16.332872656227597,0.685928358954372,1
40.20912240405532,44.63081670856235,17.99680611869904,0.3374658060491222,0
80.35884656348871,99.84908679999089,11.225095965183584,0.3638487151810751,0
25.084488943692755,117.78006625172651,12.934076969260648,0.058160014685124474,0
66.20399683834596,77.74986366829597,2.851917248777294,0.5877034158076012,1
92.30060422417594,39.2767321793971,12.984070533031048,0.4784026928025922,1
7.83779413802038,55.76441963265362,12.761618283990224,0.11371544679086425,0
87.34104785331259,136.96814480284587,21.482680649634304,0.42425470546686533,1
1.8518972340603979,129.1692967304797,8.445212368095198,0.04032876813407446,0
115.00200347943492,44.50865985006696,3.6733485012292872,0.7332349976660811,1
56.24037605981147,171.10346188665494,9.739991755260444,0.22345752444560155,0
49.08850275376546,7.9144517165323265,18.84998929817658,0.5747177200551037,1
86.45335810412625,42.19364580249128,0.2757407289069027,0.6782562479466611,1
62.795864395931,78.8814398551273,0.8687342787020285,0.5647630666419594,1
87.70186263879161,144.7841978742243,23.970153732152333,0.6017590808852825,1
10.170947368045278,101.74265651357061,13.332003808140982,0.0,0
67.53502447954472,121.59350797336991,17.24376921319861,0.3609543806535984,0
66.97304314195051,171.23210462977096,11.184288311895891,0.23701392068574434,0
111.85366700505841,66.06808350120819,4.685738848749965,0.5873607843612245,1
4.7526693706358225,32.65958411995677,16.015473291581912,0.17477245317383275,0
54.338357166768915,73.70055708850465,5.7896269349809915,0.39541458338153257,1
75.72874945920393,101.41286394469431,10.84357094064713,0.39577020231397936,1
66.08963415219019,24.199740946322976,5.040693823480612,0.8360182809552414,1
8.899331738088838,6.949575064041986,21.792498535138456,0.5086968012924713,1
71.18740718227747,130.68058862585318,9.445362259805833,0.4464636045278747,1
26.66362622727172,177.9765483754805,16.666346130201074,0.11334111360838833,0
23.46590152042176,167.6521427296363,4.370705791234002,0.33715525117743195,0
105.44290616971843,67.714949538929,14.615789971371777,0.3597347020884112,0
23.741052928762375,81.74637978741197,7.087977870757151,0.21290406834078454,0
54.51489024077661,149.2020438529848,2.8529865156612013,0.5442056422477809,1
90.03442586870439,177.28426341727703,7.586348567881123,0.5067341504021319,1
84.8778463229513,64.11303523793524,1.5328787332093885,0.5974505857300061,1
66.41508071055581,171.34070134458244,14.462997354271721,0.19285998060506787,0
96.84548963116686,125.76026352606931,13.330632412846725,0.48352759523038047,1
55.89794090447944,26.506271698216132,20.49005513290094,0.5045635548059847,1
74.44625204873175,81.07323097050582,0.6508333797153654,0.4748711274713013,1
98.26999688627234,0.5507623906870673,9.799240303692127,0.7315979069452864,1
81.37099632155558,73.33966354319602,23.62894783813439,0.5778525765281586,1
77.0194040048854,94.14994416209456,8.326040287362424,0.4544626512877447,1
48.735446848453925,143.64001208239102,1.4049941022643813,0.532961335160067,1
66.99881497120346,59.51931908972322,19.197629475001197,0.277367098631149,0
47.529919677160464,116.9142714150416,2.236141417252502,0.3968659543305609,1
89.31507063565788,119.37679965629464,17.138932641411017,0.4828284144698443,1
45.65161873371003,94.32771505047423,12.624889039877802,0.337079486469096,0
55.99453851833337,110.39074959147894,21.04450227747344,0.3237958674129859,0
90.6548507997422,82.78568289288273,12.320140013534678,0.3441132361799097,0
60.438695816722195,109.89441103494478,16.30021669482029,0.13963702312109177,0
40.563908481835654,82.92640668398352,6.172473518244026,0.2761241121391913,0
99.2182726643308,164.14770627615215,23.59251140461631,0.5353111662964569,1
45.71551129594833,20.336483450037296,5.015794932109022,0.5745914763626901,1
101.36749208093862,155.50367055057276,20.076338105525004,0.42342926039677314,1
94.22884832384544,134.1177754321027,16.370739536001437,0.44073170473218165,1
53.674658852509765,2.023295178824067,11.55988197621793,0.5108531857569236,1
85.54691276757933,129.41308222896404,8.962687178645231,0.395993231495346,1
4.126764030100598,65.29986635256456,2.0483301644718486,0.3289072203555432,0
46.77580846582046,91.27663057003619,19.03669652317404,0.2496445168557399,0
103.24004234352887,93.17970812962538,5.458138991113313,0.5017516359239471,1
69.54472290220312,132.3352078207735,20.93900576435011,0.4172139276350314,1
66.93909914680773,87.54562978537419,21.31130347117428,0.5688181769951214,1
79.76866626642571,114.43549748049449,5.046298409883919,0.5175206252929168,1
81.3205958369107,39.46569273062259,6.9813600339185715,0.601232496129473,1
70.03179012565492,12.737108903888796,17.0640606415553,0.5223984022768399,1
50.475517261191534,120.28333296862552,18.349919808718752,0.2457312349021751,0
22.018042582415582,177.93649174497216,1.1686239803535114,0.36398220465050923,0
35.11704421630395,13.960384266975108,19.818899975925888,0.29534814404477505,0
35.150661244143606,163.9277688114266,19.59317475299248,0.15602546728684125,0
51.68939095682775,69.19484584216711,14.953361735050848,0.15526779121295406,0
119.8870506575779,117.58734888355572,21.387374809839983,0.5993127933758318,1
42.30623302544056,47.88935503234416,23.42206530047439,0.5424139236073415,1
53.68551381831223,124.4339392403088,4.919610203799602,0.5869977006245475,1
44.59530765917434,78.46132613199062,22.634501479144664,0.41492818939071635,1
69.77132874298454,143.09075441313206,20.683191254435663,0.4358082657041017,1
113.74782953709752,49.856515853153674,14.102711763584164,0.5240805682512124,1
106.68874724622229,59.92036432970293,2.6511552991802834,0.7530092115410144,1
45.25664948454393,112.56889574288003,23.078491062611423,0.3153268644195862,0
32.02813704503194,18.96780268452934,17.838454705067782,0.3480062200834439,0
106.12783252216792,175.53829270077392,8.881657896768044,0.5043429314119894,1
59.26000066969907,109.32120371245249,7.744258994321632,0.3755025341928776,0
82.2649376541788,175.02228333126064,22.822413052293772,0.38420914718103294,0
8.794970739558355,32.05739796996564,5.538479378646456,0.401906609322674,1
103.98692362634976,127.6307051067615,19.687033279305155,0.3928637410350351,1
37.55581951403108,36.27975873162609,10.646284442375427,0.35715563249672444,0
59.34323487449629,14.948730184230365,16.720469333187282,0.5363503035199687,1
23.76252981113484,79.73538695123035,19.71783298757586,0.046085803377756224,0
50.42911472714526,84.8378302757703,2.388671584254819,0.47265346002297515,1
99.36587007561462,100.45799922716478,6.248972707211774,0.5657172121414139,1
99.30950974484384,83.96522309895448,2.735290310658181,0.5760260193436145,1
56.84064156820605,35.21649202242881,9.651174824194205,0.475185462688886,1
92.1492841414218,122.78448642795952,3.403784018033873,0.7260940811038303,1
54.96802388718877,47.894635511738066,21.971873537654833,0.4870778347671728,1
44.802760821505004,52.24937813176473,18.90412649436528,0.21912000961576938,0
65.50667718965444,140.63589856132128,13.951212236373394,0.14403522651161627,0
24.160892059139055,122.72201242356863,4.5805095578438655,0.23052765413833487,0
37.98738298560813,130.86890760443333,5.053382902478763,0.28257585009166863,0
84.78345255880541,165.92857362881412,14.212455818044695,0.3955306929187216,1
92.46167778416165,153.4623621234157,21.782103267736098,0.5470272402748865,1
6.804976235430544,39.51118061523,22.385928013452858,0.32314864204111543,0
87.93913680632981,175.69849561303243,22.299634200732587,0.5854545790224562,1
98.09159228378549,93.60009737968707,7.744590218232029,0.5014589261872805,1
53.42322878979198,100.53445407728233,16.745638974325782,0.2326563314216718,0
7.494469543308382,50.13485614150757,12.448964568461161,0.027835173242838254,0
81.94959065346589,69.747227713902,13.331486096258313,0.2647092209992393,0
29.539639155740684,100.31508811824011,16.25138874658925,0.1329460532000325,0
77.20287947066637,6.0481155331534175,7.0689822242000515,0.631798166794278,1
45.19470108810049,129.6355594237601,6.423694397252115,0.4594448881730727,1
76.45962244654739,62.79046485953962,9.894817159714329,0.35979508659001935,0
30.976185609317554,124.55329414512173,5.596041111117182,0.2753954988839337,0
57.1844427089554,131.76596746864354,20.651067337504728,0.42765386280102113,1
62.96096868413852,111.33016269207104,8.783973550758777,0.2606968769053799,0
75.72158189169534,13.444354889354887,0.9243008640816877,0.8345773331307208,1
24.38014098902462,101.35762005094979,15.193464553994879,0.10232810257920089,0
115.4461290242989,63.79677118745689,23.665951227172265,0.7905555946920888,1
34.696569089202775,128.63519680345942,13.17829332043717,0.09356451490600963,0
36.722415812097616,128.0044530866488,6.792660728107523,0.27277986280266747,0
30.757485979217513,90.45809310247479,21.65117220620867,0.23272229181680817,0
8.097151268171249,131.64464398683694,15.114565221463538,0.0,0
50.750749548180465,25.824733875901963,14.859369840826034,0.38073869638152763,0
92.6203573580058,146.89852601345063,11.052683305865958,0.30774854715168026,0
85.14803240218183,174.46233751472903,18.511836466277586,0.41796418555870324,1
23.468694364837933,162.119801584854,16.09060348675429,0.06051502862371378,0
16.431828303999918,146.14607253980165,13.109455179213402,0.1374144252059401,0
38.57135284818844,72.92494413956452,8.024984037395093,0.0896186180212521,0
92.19061840680874,167.86197068502454,18.82070912252248,0.4606286752480309,1
58.569376302267045,101.1945472798613,21.857089546934688,0.4051585442984216,1
110.78210189288232,38.74058267995056,2.192204797449704,0.7704461223173216,1
78.76605191123241,97.64617853777685,0.6281219813462506,0.49201421922826516,1
74.50881367345607,153.15284033746897,2.3882791921991737,0.6494736892898133,1
92.12293512567865,122.0516515919552,20.954263137099844,0.4715080690406898,1
90.03098972315553,149.94434511388027,14.81765853382926,0.36893710665740354,0
41.26057500172723,6.315998823139282,9.536889065669573,0.47960734342274247,1
30.841008207321615,174.57855491881998,23.406988512467557,0.3115586257170402,0
52.51456676708187,166.07543460998932,22.665887152323684,0.4071342301907139,1
58.70966169255742,90.50792989743022,10.177572075942834,0.32354504465369305,0
17.006732450870295,166.19037922804745,8.870503954145516,0.0813744293581028,0
52.95986340521347,32.737310693850084,12.788111019401212,0.30703935737018967,0
76.7787907057995,65.73055050704272,14.223656208294688,0.18854448298407792,0
16.285740598017565,30.43169794050563,20.20725223046345,0.36717181710003455,0
16.5645465670746,120.57895271063377,21.081425160074602,0.16116807827756272,0
20.84656950159261,165.1520194449574,6.836539619530264,0.18733235151128405,0
33.99976864299025,167.661421354243,20.501833386042065,0.31293806765536586,0
115.40511298553308,14.395581371924921,1.8577738345332246,0.9085030867808909,1
3.094955111455384,138.32193277160405,4.998627087097224,0.25188707964221757,0
22.04869419373953,100.59618318497495,10.07253576258885,0.1319493142149966,0
19.80574072526407,39.764384828361585,1.8204330098803565,0.45246802464725167,1
56.921763018433474,161.07199620701027,8.323283692052453,0.33254943271904935,0
1.8087334236499997,95.16784813982697,0.6532369200169743,0.16986445341926687,0
54.980786465084634,7.566498474456777,19.33553532138795,0.5850964482813747,1
19.550693989619976,67.6583130073912,16.229488647706972,0.06858172350840731,0
32.35682671957007,122.82644729395777,6.240826981492518,0.2837395274097456,0
95.09287269124772,153.1589135243409,12.55736028512504,0.3834990375662196,0
22.08806657722927,35.819874289984696,9.354733311445955,0.24548620607584187,0
74.05545996827567,106.54788509550967,19.67025821108065,0.3165474010749012,0
48.75747238696956,15.593285961043799,7.054281912170918,0.6416297161561747,1
50.11146830831638,164.1117945692099,5.671658719576008,0.5114530841059162,1
98.0214501117522,1.749215455050308,18.635000012593608,0.7146330617039068,1
19.30979450246246,174.76127821184517,18.15072209992568,0.21789051461275316,0
110.85722701464942,101.75593107272543,16.886894919746638,0.47521399192840974,1
107.21890287134522,135.35444066008327,1.5335836487144228,0.6048806657606449,1
80.19863554052445,120.45140596034345,0.9914494750846492,0.4866540763726174,1
5.933678485392702,91.02741624175144,22.320677517087848,0.19759005053969897,0
79.59702341891895,78.8702936924557,23.338589805286176,0.48794274574453705,1
72.04172188368109,37.429945844422946,4.913735563248104,0.5737181444376342,1
92.66470903599253,51.57879868148158,11.798348372174747,0.3996994227939869,1
25.659789879213626,16.946800608121304,11.12043657774951,0.26499016662018643,0
114.40272124774266,48.27691841302963,6.809231782681003,0.7098618568832947,1
106.34365797168992,117.7469774543119,1.887170145085726,0.5684286483357699,1
13.722856849730324,99.28828182568223,6.072930140040099,0.16082506100724153,0
37.82422303063551,102.14955639348317,23.061652410174204,0.4196964979421484,1
3.893302669675207,95.20014516071691,10.626107526876993,0.11191648792550349,0
99.71366551296856,170.22206121969245,4.945268898143765,0.6886988695099594,1
109.81136960015333,153.03659916527164,1.815188561049256,0.6697136505010132,1
118.77711016510821,47.51799748980773,15.501224822892121,0.4709747921895072,1
73.43100211700978,100.22613501649806,20.171049801263326,0.48449424248427414,1
79.91826946185344,174.39790727978567,6.046846966925346,0.47777338846700834,1
81.4086640195335,48.166893842111605,18.10700730613805,0.4198997555509736,1
68.41781217755195,126.2305977655971,0.5180778221800644,0.4366642726783051,1
114.29074936171361,116.58789567008547,3.102520838171724,0.7001271427725801,1
72.94334744741839,120.51048772724654,15.329450089395,0.1143973686501702,0
40.28712470365682,100.14656043004683,2.261786548260523,0.4360900645165004,1
61.54526879214407,133.32216129097986,11.159812964304388,0.12258057315190785,0
2.239544985744666,67.56916914592574,11.629653973672234,0.09122561936088508,0
86.89515657896695,168.64266656721898,0.672107573781747,0.4582175755665224,1
83.27052914334404,102.09404778104057,19.737623835826227,0.47477794325055583,1
50.526136949630136,60.86047226507855,17.722721372694227,0.41556256084162346,1
102.17773085624601,115.00534563822502,18.976973145610238,0.45422723899561923,1
90.66313150203592,123.369872173158,15.658148128847694,0.2686570972050051,0
40.40215180510995,165.47686078614473,6.759771084824306,0.450745997432487,1
9.299756368477286,114.47952187220649,16.676017927717773,0.03205301064884584,0
15.866762979465152,94.04958755565028,13.719303946465146,0.0,0
22.112667520176817,63.550311180458706,14.96521547608608,0.17317690663780888,0
36.47016348143262,76.59974524107483,18.052368424956835,0.0005218358154289726,0
53.701886906471884,51.573639814098655,6.9446350020068275,0.29749714771308267,0
111.35958939481051,111.63661949161809,21.93471865209244,0.5098359932152443,1
33.410147745549835,155.02582689317228,11.09090180648907,0.10981514075806484,0
107.83027956517215,106.70065581715254,7.585930666184203,0.3998843454926623,1
81.6554616127883,36.53951291168249,12.668152820333862,0.48714917637011246,1
102.41914980239228,6.550303466606328,23.356303802974253,0.942664465530364,1
48.39040736256291,158.05359047288906,16.913814107621807,0.21074531445714248,0
0.3932090296374158,53.141059032246865,2.28804382088542,0.2550126488225101,0
94.43608344788056,123.98816380568593,6.623238316806624,0.41238996629197905,1
29.45710214629907,170.18318892401166,16.164119973323402,0.16128124517951395,0
17.09762469150085,169.1868556280095,22.984160086256377,0.22666131463935574,0
95.93899179413505,99.86734013473125,12.931630882162086,0.4062318893503358,1
82.35943799973894,164.3690341675689,12.97636818641373,0.3832114856470206,0
25.489824101149637,72.48666136751861,0.018452500919535098,0.33092637345839815,0
32.109817766463664,169.30413256970493,3.6748942142676624,0.20925426928106697,0
112.70637977195486,122.18426254694636,19.340299791490565,0.4591890570409819,1
32.22455701107205,14.46939728427726,5.8077432536750155,0.6354392177557332,1
84.28870536526277,146.18738936128221,12.874877149742671,0.3393082149575375,0
15.546389597182856,28.9180964885633,16.387992359400318,0.3353739186402291,0
97.80430430493988,179.47292554405578,14.2927268635911,0.20932528872678785,0
14.110801346117201,8.893778172447167,18.38919277840001,0.37302221657425155,0
61.924935213691306,136.2630813586904,15.463518320023216,0.22759267234831668,0
4.226115188067565,27.451557495377145,7.432943507770269,0.2069837695841964,0
66.00942547168124,97.21633411536283,14.053552876831077,0.20108016653612007,0
101.5945936781653,66.98885111527893,16.70769956954858,0.478191259420697,1
10.127821429745447,157.54911959527536,1.6641918080510694,0.3240553208232886,0
32.91078952686491,49.302606282370135,23.17927008940009,0.35553191616363816,0
91.76316760712776,129.61448338754218,14.864915863711904,0.36882309439946726,0
72.97179833486837,169.2510824684159,23.411552003786195,0.5781487830361114,1
37.535628785648164,11.549136079014238,20.703056294457948,0.4540192666076503,1
75.46846553449382,128.53309768520052,0.7515773345452121,0.545585528447241,1
54.56523845068034,15.09883771416005,1.9814879432236117,0.7509005994483497,1
103.48275188465375,140.18662819325013,20.539610819775845,0.48115561124002226,1
35.15278829974508,154.2546165676294,5.897146527205502,0.4120993442988715,1
90.92767237827857,25.06289259104971,21.881968093183882,0.6922314551035743,1
76.28089860837856,159.16078812264112,23.50785482370945,0.5868188417610348,1
88.8514392972335,78.87467555826503,18.454708880411378,0.47242240194989454,1
45.3913936439144,55.51676953159705,14.990500275289177,0.21411078530527372,0
86.99052227164974,173.79645278446665,10.537427791687772,0.3525366912549006,0
83.81113160870649,69.16006675384054,21.80981775876985,0.4492410349837995,1
46.498667052321416,37.75503247769029,15.092376773216616,0.30139725746953805,0
3.174267638146855,59.34979831276038,2.2463320656779553,0.27849738763940163,0
115.54959820562352,162.860856704247,17.429369578928092,0.5775547970531303,1
85.6320475291762,177.13859733464773,7.955364064027138,0.4404255386966086,1
24.56863781145602,81.91705463026965,3.258751506052109,0.3590047343012346,0
87.69686562676952,88.87811903155684,8.796038521008517,0.5448945511069736,1
33.44200362885672,107.65751958185433,20.60831342823942,0.29180409117480177,0
56.31424714425765,151.12982255569747,17.81470220725243,0.2994314298536172,0
103.18657927362544,1.6344427726344701,9.121777533562643,0.8791686844988007,1
53.76865235392887,143.21845644952288,19.772950304932053,0.3245508829344372,0
34.560788740829466,175.05579920433482,13.427670998296257,0.1579242302756287,0
36.65893339368162,72.96625788285327,8.132441187863288,0.3099924053132195,0
9.242071998560789,78.80270955547718,2.449987243736964,0.2745545905436155,0
26.34066955652468,172.39414464411317,16.361833865318218,0.04294539495708312,0
32.532747516552085,73.23980099346576,5.946480933054728,0.20756900587783175,0
20.756293521777195,67.81637329073517,12.13657462908979,0.07720127537034299,0
7.567885752016279,154.67199251026923,5.748671398289145,0.300561182211761,0
55.89469955665542,85.17670138578796,15.149523277417712,0.28389818832632463,0
25.727535731739607,116.45574386097427,1.4093344247713802,0.45802723438503806,1
88.65246133013808,51.548395188341125,6.692498716651742,0.6040597723375513,1
110.70333153635075,122.41437579142989,15.010958683763409,0.3730556893786641,0
32.75816396683085,66.22070486425118,20.230301385499963,0.15248250290115772,0
68.66979489318427,141.03544673264733,17.50163271772991,0.26927350275663875,0
60.80707978137175,88.65655645224801,6.9152389104841605,0.36844741629570027,0
9.013024648444139,165.48401782276318,9.537966719099902,0.05677699400295175,0
14.984925884570375,98.54009633187255,12.030001484148983,0.1359446845037097,0
106.17353494805822,154.34925262123855,22.716559240746893,0.5482317995855334,1
56.898244539935405,79.27954482854513,4.254331327867066,0.48177749354934957,1
96.55318923672463,120.47295106766175,18.931449832590925,0.5062214275541661,1
7.989689372898425,48.06937034386224,2.7271184624984315,0.21449054143709628,0
71.3775763896309,105.53769848186248,20.145067618330273,0.3667355897546071,0
103.83743451298875,119.34325753509951,2.661150995270539,0.7243629433833743,1
104.04793160830246,34.37047085923061,9.179530488461701,0.6633088523718508,1
0.6866915248093797,97.88420835692946,8.872923864300358,0.10670329699571893,0
62.606412539877056,165.90447531459324,16.011800885431185,0.17310900969827037,0
44.28056991381076,36.31735717275131,7.586465663379436,0.3727219570992403,0
91.2050434918859,87.88555533458839,19.343499074161915,0.4506524157747614,1
8.786279617538248,150.7207186522228,23.65037851151628,0.347201810712472,0
31.791187460992177,76.69279261057238,17.24090039481618,0.19495514899910046,0
97.51713423866015,5.383639115315844,0.5114240279409419,0.8722106921088606,1
56.3467467044208,94.58391935396033,2.3039979327339797,0.47613615491442546,1
54.378038579004915,83.2033547403264,19.291482453570556,0.3592007619306774,0
116.22703776932234,166.98435465533234,9.802697231405457,0.3802400102263607,0
38.386879478847504,119.50767882223724,12.298569565815828,0.08574700898277329,0
5.006647037444365,139.76169687201525,20.286705514604726,0.1541716015844703,0
47.06410008710484,66.24426476997928,17.12993930292889,0.29962837893161987,0
18.40482738835568,161.33171962815317,12.648859753653314,0.15113701455827477,0
9.82702274372199,149.11797237099876,7.205261253827254,0.13196114769413494,0
68.14324281374593,16.38448528276969,1.9283902281189258,0.7241233580476477,1
114.42907392700805,118.93681751003342,2.7111280439375793,0.6239388523839214,1
69.52890891316544,162.81337958934333,1.2718642246582315,0.4799573804587238,1
77.65374570686235,117.03454698188301,9.595916561602655,0.3743671494491538,0
38.83546339670664,174.80887694951755,22.7425077012656,0.32633331895838363,0
68.53474283442705,46.97328489095874,2.6526207490063474,0.5300411396252125,1
90.26934163698192,105.80116043325735,12.360452634468976,0.2671325857381077,0
70.71418264221545,96.01454951282486,14.782766514233657,0.1556852474316023,0
96.33340490249867,53.15428241876519,22.592270005165858,0.5842242148512133,1
66.05648165480449,140.63623628594038,23.87813277056575,0.49105071295458275,1
23.777286776523727,77.62448023654015,15.737552507848996,0.14376169302686415,0
69.92715050817532,116.91961198844781,13.919381713777426,0.20376866089398732,0
58.912301653300005,140.7928854641063,16.97740280755238,0.20513482714636844,0
19.91226389579911,130.90584518767477,10.459826464553494,0.211584259174685,0
74.2999021392575,18.068998282373027,18.72995240532589,0.6002278942402287,1
98.03526509225183,9.946883090687946,20.085093706740025,0.8062076390336181,1
16.210523217334764,147.65364977093628,5.1598093144458925,0.22932441212856094,0
65.39350339656069,117.05268922028145,12.683421436665883,0.20125417061358497,0
88.04245593519258,26.663569806243384,7.519172580813535,0.5556997227959575,1
48.36211154190396,23.402489269230703,3.004250353366424,0.6779576881038492,1
32.40554894540894,89.55668113779357,10.10007784942156,0.10045478621648254,0
44.67364928041324,32.027434910452776,14.517572797249468,0.1862033026045564,0
65.00382226045315,167.5079100697806,12.423652948648503,0.2005665925352652,0
82.39924478555119,40.30908955139708,9.222371679778497,0.5802101500979072,1
67.10102661069202,169.86874642444388,13.339250883705533,0.25404584498993116,0
12.843004199120163,128.84208136496233,12.11630277502167,0.07803107574234068,0
98.14636718937197,100.05405314543341,0.6536983141665305,0.6171357970822103,1
110.86316570661744,120.80543530030683,16.560469949319796,0.4382165079972651,1
12.155141093018681,124.56626358451292,18.932272103794755,0.12300431831934788,0
29.942335450575456,51.35140435469201,11.077346970136624,0.09095452972323957,0
20.841742597189544,87.85958080191752,15.63440416166644,0.2042586518171145,0
101.8986197915972,11.938634724156586,5.804382120538393,0.8033418430447444,1
109.23344683414055,8.632527212422294,17.50574759044386,0.7988300130306665,1
5.3128505136046655,169.83926993754812,10.92108097867618,0.0,0
39.89032967575527,153.09259904196807,15.380275953684183,0.1940703893486245,0
23.099353565811874,135.65392051292613,16.143736552802842,0.02195184272475051,0
56.3439248267201,18.717130255174823,10.366102157870731,0.37846877053203365,0
110.59085127427205,112.28176527419076,4.493486841558917,0.6562034263899422,1
8.420788998035164,128.73425337711478,22.511436851388076,0.30353861601920606,0
20.55349355898678,77.49170450018366,19.884524282114096,0.2924083215402137,0
58.44351377776458,68.02606754516938,9.197377622256889,0.39716283604114333,1
62.88416337153702,130.73116695162375,9.08253270413299,0.3054806681199749,0
89.46015395930364,1.8553122506235797,20.339671403938734,0.8157011767228041,1
52.52232462570345,84.7026797617488,18.053733241433584,0.2178165481140628,0
16.936410172743635,46.16886547923356,6.656203971567966,0.26158876700140077,0
42.433424616605954,79.8774615358648,19.70989486079065,0.29024488884572386,0
117.85117419218376,99.46642255526028,8.129252046054724,0.5530652761829247,1
90.08665758452676,75.68523753134741,20.200614237018684,0.5272584440691566,1
13.961324584172754,157.824226081982,2.652104348472605,0.17120604422209287,0
96.98510146067879,158.75174755720963,22.739128885233153,0.6487931570253687,1
37.31117567777802,136.71690945458477,8.78319839050813,0.19747656031405067,0
93.76757785336275,143.00863297101992,22.103881366364526,0.6438080296987017,1
1.5265739034000747,90.1147665678884,5.918862565894826,0.2740321206216423,0
104.55241848201032,48.79149349130805,8.956118730658314,0.46039619689362016,1
19.47723885663212,146.8207317562413,6.084224470069182,0.2533101991558125,0
54.690071478924324,20.976644331687734,14.074732319764554,0.4462404073292478,1
79.41067179490133,106.95646647344432,6.08567916426143,0.4262235322219776,1
60.94434818935519,114.00068805539065,16.19193306698781,0.19552044934361723,0
19.847732106887477,19.647444013482975,16.312932744414056,0.27585861085264257,0
16.694221585027208,36.76507203466948,18.41537530409828,0.3041208125399585,0
34.14412715087557,120.99814127144126,10.878893941522964,0.22958965109877186,0
6.287010842125005,154.37422857109453,10.269796046751772,0.04788734711969589,0
25.985372053204642,70.34252020151324,6.010566263346974,0.34122011870611885,0
15.612601953030541,95.62629918744597,11.673788234826517,0.18259693274468525,0
55.77564174151476,127.48137949796747,12.675845986001626,0.27958310422050925,0
42.78119152112091,104.72008974411871,6.660022824917888,0.2761131637784551,0
70.41986984405655,83.30986622726009,13.389200984031984,0.20584598471727733,0
33.70546375588057,114.86314893862429,4.128180010168276,0.37624418066816334,0
4.069325822823813,127.79866107160572,10.043388587400155,0.13268972479905392,0
39.733219386801856,144.18374209297664,7.799667894643775,0.30934833563470715,0
90.62168449555887,100.99318906434029,12.80848353100901,0.3179412397051913,0
30.700579214065485,118.96551238259124,18.607741884659024,0.12980178346430582,0
48.54581201117478,35.153588554447516,0.7407887275939284,0.6369771034361912,1
90.59692565614779,29.08394907377611,10.55513090758049,0.5303900765242666,1
48.80175408532,145.7569048749344,2.413279343668428,0.5612530786462122,1
106.45489583393439,40.252729406621974,8.507446573281726,0.5255330761093752,1
110.16822071382313,78.65397988598156,17.66658009898928,0.44242840056135885,1
37.26355658070668,159.28729256558088,15.248163137755235,0.1007648507842499,0
88.31563837063317,26.411384409224834,17.199465753337826,0.6679445321262136,1
30.374037944587418,122.16748583236564,19.5397658499123,0.3091378676743262,0
16.742804463395295,44.72266619320874,8.16758446445355,0.2234165120302181,0
52.545724957380024,112.67144728830921,8.95419821609149,0.15611647639167317,0
72.29669148009795,146.97553816236095,4.519534272753294,0.5743655522994529,1
112.27090704612384,147.6807030004514,7.865429720190534,0.5587585862359011,1
17.508182283913168,139.97012155411184,14.835962001428243,0.0,0
85.4835210391762,93.2221898216687,16.08261216873366,0.23341068639114593,0
57.05574058434779,97.84669288450853,17.04071546981657,0.2786906659024211,0
15.805115714252205,30.94703604473586,12.883382717904054,0.19485412661413512,0
116.71896567596825,21.001297785819453,1.216078820367989,0.8894485305619365,1
83.49227381487779,134.62336818392905,15.489804136714426,0.3493400000757243,0
15.463041091651357,9.402117722754928,20.328810181078556,0.4203310417745134,1
108.69065023472933,167.89223294887114,20.94320630547489,0.5435441343891979,1
12.371299266268156,33.443048012713334,0.5463127731367301,0.4655463795094307,1
11.11910816398359,129.61350311046368,9.050602775395689,0.12450067793706393,0
39.786119465329044,80.57716299965846,11.79155897562333,0.1496443844230516,0
112.5550992241238,110.29438359649265,14.97535125240356,0.4700720754435047,1
3.9629377774925434,136.18848560547897,19.101807017729595,0.0,0
110.18486892962429,53.29989040798763,0.6593263269238037,0.7749867249078396,1
73.39338944341517,148.54788542046353,21.60528586137036,0.4816997775134959,1
8.046196574430965,135.958161407139,10.470308833522616,0.02618034756558759,0
68.2310070514213,104.45661122842696,23.19165026035224,0.46086279459949653,1
55.05488670219287,103.35758764660585,18.93487350548367,0.3820551702687325,0
67.67814586416168,69.13222484184573,9.515898083063547,0.36855591129787474,0
88.46442492956065,174.4445616499458,22.812767072190194,0.4166076793262331,1
81.43429166208752,69.76265441433813,11.155479208376644,0.267525367098535,0
119.66730576806376,43.385476782519916,2.6040422234726766,0.7926357395384828,1
18.80028763606496,100.49060994582764,4.817097317534824,0.4118266432807009,1
97.54265025032798,165.78149272501338,12.865850402032091,0.4240822066763316,1
49.33115842854877,166.6702158376296,18.200451170711872,0.23926584549858873,0
93.9969025272491,104.06113725175263,7.465617871473412,0.5348980026802679,1
107.01350085540096,70.58449707834654,22.508988722118605,0.6035431091842396,1
119.03978255774432,134.4833306599564,6.153381197628751,0.6082982464156313,1
31.92502139567207,100.62637566663005,23.45801558734164,0.3693916704153485,0
54.35259252459241,148.1008417774016,15.567622513569187,0.0654891094579674,0
113.13351282761828,149.9830365861473,17.629810907817536,0.5466797909309349,1
113.48860559512644,126.41488099418807,9.28136651074284,0.5466182692776778,1
44.74486114474739,175.10849648065638,12.764661917509828,0.14360677790208246,0
112.82513453811677,116.76136091004297,8.46815512252412,0.4733114065553038,1
48.706938633454364,175.45648381922325,12.123496829967028,0.11354715899903674,0
44.971931877036944,117.3507088394731,20.207988298199762,0.31929618004891924,0
90.79432743277758,39.30433168840668,18.415899945576207,0.528850587508332,1
56.54541959292236,112.97503253971854,19.793634768379974,0.342522532184869,0
53.7838147416243,138.19714576055043,9.906556592165789,0.38568390530032426,0
46.334279241398974,76.1682765501105,7.131665845302646,0.17401598502528437,0
51.936471828910776,30.200432455371896,14.207852509590534,0.2938605507408748,0
16.778117569255375,63.30944723970907,22.854083220413447,0.21912637292361353,0
7.324457694330868,140.67652925527025,16.940741541686798,0.1285049152580278,0
90.47917736225374,37.381586929575626,5.582163254458166,0.6338702995708767,1
67.73999394971071,2.0513854184323166,19.019954140509423,0.5715799633256293,1
80.62687775498382,158.22503875749146,21.262409078150924,0.4823424972089674,1
96.28025425711915,174.91715257980593,17.686293988649034,0.4430842573637131,1
27.61273949892777,156.403169033293,17.415064569993714,0.2621868861596354,0
28.05275138940475,144.21761996275586,16.25326469202034,0.14399981644525572,0
33.34903594578524,131.33606386218787,13.584555526751256,0.0952788170056918,0
36.47099893819388,99.25804760027734,9.461414985274011,0.18022463374532682,0
91.28291014180807,117.3302764740184,17.227661882407496,0.32794830752821885,0
44.90179034941531,134.34586881291926,10.110949714307548,0.2616874718560169,0
38.782663545544025,59.14792828510622,4.254472474025491,0.43531706690037536,1
76.35618839351679,36.946607919940604,21.498197046852408,0.5586914008776269,1
22.388460164411896,124.91087014794589,21.981234886573144,0.261562030465188,0
12.770418010341281,108.62456360259714,3.0171054908671344,0.3892501944905269,1
83.65598858311604,178.26562133066847,19.305106922596497,0.4231249746278353,1
90.77343984017979,74.62420867522546,14.894624561795151,0.37844076063457543,0
35.563752352426036,74.53322507963736,7.937167323073808,0.185123665482396,0
76.32494122223578,21.97403142350491,7.913330248441088,0.562206752022311,1
4.08918814711146,2.6853956099671294,3.5028026088567152,0.39406345018056965,1
48.51827766954702,25.06993523724895,10.707835204309866,0.3053475454890551,0
69.35500354270519,106.56281885270474,5.089929531457331,0.49696427407113514,1
30.410223247561085,173.48781640646828,16.141927111500735,0.21977076635466947,0
41.78578822864655,20.387192496567252,22.68877089186833,0.5421690246156314,1
73.14594765730374,28.808858396415587,7.137384051742985,0.5004240326838654,1
70.78774133004985,122.73994043801999,6.200922934562585,0.4536735359304792,1
18.50288849594916,54.38020107267497,12.516609495600887,0.18628907858037366,0
84.78982634549133,8.21696603059033,2.7746233240724862,0.8130159250089656,1
9.603513093225494,159.77954042973474,3.404746652562059,0.3415140923857122,0
116.36696089689197,26.82306872704206,4.252976877223055,0.8268133598598997,1
24.283434980833643,78.54541861160492,19.891854532668305,0.12710351484285287,0
30.42577712029128,135.82008378489053,12.074180754469792,0.0667553250518563,0
24.036065557286417,140.40210701943593,18.891209006121056,0.1616392433121765,0
118.97987514330971,172.04362920541826,19.99334671290198,0.7294167358231478,1
34.391390455848466,106.65541583665708,7.238628266541748,0.31937887709769,0
72.63507293865803,26.64295911218751,4.2067261059807235,0.652410582597652,1
118.87609829323978,14.480329158840142,1.452079037977387,0.9423246837442233,1
114.00814269144313,115.75313709055419,17.621926088145848,0.49447875421599663,1
5.081979486827586,96.36172245002209,12.921361378843331,0.0,0
62.542088259026634,44.855051616900624,20.437726741465134,0.4423352768725859,1
72.15656116275095,29.69825661921557,15.736498364300598,0.4172179455295411,1
84.28740738739269,63.04738198583629,4.074929502710751,0.5996866727140944,1
40.30911779829859,51.826623600646414,11.631002353046846,0.32367509484987067,0
39.34903321569674,63.82181312621296,9.73375129054789,0.3100300168285256,0
0.5140818730338159,63.24976067403411,2.878945962689146,0.22662260836881973,0
4.228404147120157,135.4544442939639,3.394182137120745,0.29615883386525016,0
66.00686022228035,83.0875805100158,16.930676084078726,0.23237159861806359,0
9.106452152561243,152.6143242408409,15.870857950118099,0.0,0
24.297745388339752,90.36755933871405,10.085671029330362,0.15658580271958114,0
39.992629946453576,52.28239874745987,2.9973512982006483,0.47672563267457035,1
8.456551019540477,166.368227187701,6.1743391006022454,0.20999060445225884,0
3.7031807985474385,117.25860722301265,10.543621105378271,0.11927222315346392,0
111.23045392958258,151.7406609674323,17.735774433520113,0.5299193878990596,1
52.22503554944295,41.93291110578792,9.957294094857865,0.4026069385008431,1
24.586135276824447,175.1889718991964,18.11144656830458,0.14734147841630416,0
85.01421616190012,114.30949564679192,8.755632636637735,0.32494335346921477,0
1.1334409534065903,67.45699535483274,14.455460788973351,0.13032103316147273,0
29.402069717499533,45.19559183402089,17.95517445813014,0.21261347081017568,0
115.28995668665279,17.790432148718548,10.059234214936481,0.7552052502326497,1
107.72282075099638,5.918350620022537,11.263008480777735,0.7390301268431296,1
76.3110300486129,35.28027075043866,1.298921338914722,0.6337815066247776,1
11.184332564278684,55.77312901069486,2.6995176926780964,0.4379502476193812,1
38.1661014316574,95.5179432431585,16.34127392534674,0.2128492506526689,0
3.351906018923283,71.63603232280185,2.3190865811677543,0.26136381149592425,0
26.30292053813936,8.17475752615116,4.517125722958102,0.5528121444800432,1
3.0520948299600414,25.99260944112452,11.651015620927598,0.13741812617798116,0
15.139641476127448,3.313797155731666,22.265727793423356,0.4474331580871206,1
75.98574494044908,7.276557107225496,23.928847808251483,0.8204476286417962,1
12.053141310953617,53.542091622849796,18.59757295804608,0.12722151888692884,0
18.691569089760943,114.93425008215445,8.679425137361022,0.1417249105164858,0
108.33695796456395,27.598346645241957,4.267815810782931,0.8321091758249153,1
40.25429082368643,159.04452613010216,9.792417552774163,0.19547940225657193,0
39.95963094355498,177.71770384201645,1.513214650377443,0.4442004592187495,1
10.384736448007498,110.70839054627477,6.831073192247618,0.1573979209647181,0
95.51166263365798,8.698580357300745,16.99067999256179,0.615229855910766,1
81.1652688547937,32.68350697318424,14.858168386188943,0.5079026550230925,1
65.65593604323166,91.97838759832042,22.319424615609265,0.39548918984345544,1
74.14954102613423,168.28164852211964,7.52895974112417,0.460950489754339,1
12.04568308847104,176.74295087060617,10.014254392269935,0.1424961427220313,0
31.236728019604172,132.62575589576218,17.63757637310264,0.17036545134334213,0
70.03698190389774,160.2581695946364,6.044891077239343,0.3343900727600265,0
114.26783261075202,17.48317447602951,5.750904662847619,0.7449252511922677,1
98.0558330494045,91.30101332756718,23.480724229324007,0.5158295347450905,1
76.88716303325694,86.0872480389248,8.34840724089553,0.31291621905589384,0
62.25822945885624,38.992531895299095,21.024560594080352,0.5564793998539875,1
1.8158612085146553,101.53401836256624,9.668193952131265,0.018770188435672228,0
106.88595210544669,101.33091888309593,21.58371572488351,0.4903907138463631,1
8.022491446868795,174.87119151095666,19.89582104205247,0.11668483486572612,0
15.489726107746243,12.062091349690556,7.034765630062283,0.447374608366219,1
83.16860861261391,53.85081639254499,1.2048664454044378,0.4745222121840969,1
97.45727771350649,30.795713891257076,15.948706540135362,0.5693250827913234,1
94.38607966411445,40.15806537524429,8.183741519209477,0.622222856999138,1
54.28849443599908,57.30412161615666,7.923559629773869,0.30339374690078713,0
21.246693320037654,66.40280773379803,17.17086229428595,0.17625147045901207,0
4.236265989588648,172.34106528688076,9.875881970420206,0.0,0
102.16555322217529,59.112009180976386,6.644135117489571,0.5178466886221533,1
117.32369556982411,87.09878720776555,20.663777948086675,0.5752719790024249,1
29.296260574070573,29.85854316920412,19.098951172759893,0.361208688893699,0
103.92915931308804,39.70668355999662,19.369369725458267,0.6750294448003703,1
48.303710035504565,39.017447108575595,7.832722816054302,0.3937201052587643,1
37.36125119703088,102.4020778075293,23.45944288384907,0.2936270177604089,0
60.61852045420233,54.14096675099632,12.251866035810405,0.2842990938081458,0
0.9801818065756596,50.0111498661321,7.5725278883302645,0.20327774663567136,0
53.12573630506624,94.24962055011359,3.3376441243900006,0.4725185170353889,1
23.94659622993553,2.9565681722384984,19.436057009109085,0.45854136692317815,1
85.49486322962122,155.41785253800714,16.92418582794315,0.36735631424518084,0
60.30856556347903,9.261186839255846,22.48441163235625,0.6410924753775684,1
104.26231559184957,74.04715748156819,2.240920098141033,0.6795466954657401,1
107.5977829064938,177.9403444741037,1.3119395300488916,0.605746016085733,1
38.01107157001019,30.237588460665805,21.35578907746307,0.41694482412291267,1
33.64605668364955,8.104136907556645,6.045164307911851,0.6522812666866573,1
112.69564604949666,87.45634785259223,7.953549142010248,0.49658035699888536,1
60.47970711549939,113.50652198579998,3.04692270803136,0.4722990166948457,1
11.581863158877411,68.82131004666003,12.032818119895873,0.09871429937076731,0
5.5062157250338295,39.618681084550275,4.963833482598439,0.3147634871679838,0
118.8510628994485,124.37846596733546,1.4346865361542909,0.7566047782268995,1
69.49963548333596,106.15433132117245,22.902379237963377,0.4316071370688786,1
6.53915678326086,62.46885036136519,3.3209991044684264,0.3373924589662187,0
61.350653804536094,110.81921403984397,8.808325820869271,0.2213485083301947,0
60.492540358967574,151.20559025304928,4.808277079529705,0.3512347129082386,0
52.24654101760492,92.6503979829424,19.772518817856657,0.31797374573681725,0
114.15364782108477,69.80534591326553,18.75020917874448,0.6112917630680027,1
113.8526436880606,110.83017572016689,22.05974928471621,0.7270983612063361,1
14.996121392855567,90.8986115963684,11.394626015874312,0.02487423890489731,0
18.206484252086838,17.77631799851373,18.88246310898316,0.3661627965819595,0
48.89863269365805,162.57443980152567,19.46939825410915,0.2570553483159741,0
100.08317654078812,22.36525490791331,20.14181955672702,0.545422043406694,1
74.85031141600248,133.66713390285094,3.7561762504837937,0.5674531716104009,1
87.57961534793665,77.99048658071457,11.77091600717269,0.3231092358860752,0
69.1270058846248,141.020053207077,15.720070009896968,0.3658805605667054,0
25.206832367496137,94.14285835906128,7.3441454598488045,0.25990968931484987,0
98.13185145371332,147.71426705357902,18.832725471376875,0.41865266904849624,1
1.6825178474519342,84.58046352326312,15.258137339517166,0.0,0
83.81811094747792,44.48837487555494,19.27338343066852,0.4801277977141798,1
23.320753890754066,138.65970845303679,17.871946325603755,0.17750156681482696,0
56.53097758004624,148.95962038822813,10.463280540707713,0.22796811737600423,0
117.01598464944925,90.46519748204582,2.7961543075697843,0.8790737963048271,1
64.68430290182006,167.23352568391726,5.799452305688273,0.4498396861939717,1
6.833858534268691,127.35758106689325,11.889587078468239,0.0,0
51.453579582064464,167.87335042397453,22.853084268537668,0.40829214594685,1
79.2320526998306,35.179465374074965,4.97446688386286,0.7138877948265145,1
6.804803088230513,169.83041429984647,19.59264837654456,0.1666376209801257,0
30.31844718014517,138.17759677835372,6.151941985069217,0.2738938401351503,0
2.2003365511353046,169.70050790789782,14.112737267676327,0.0,0
64.8081901511744,62.994918129256,21.621139726515807,0.36498317700007243,0
45.77730950146324,100.07863868133867,10.76238644895075,0.13225467616941772,0
60.44280199935946,160.9777500589028,5.281713245802332,0.3976466067731106,1
35.500417901134995,121.03919513851343,7.439258642686476,0.2943422782882554,0
78.81684165046825,52.0223242282564,17.90902478666424,0.3562886813627285,0
20.77033865057387,52.0445907529297,16.067265853287374,0.24739992243386366,0
108.79824286829898,170.3341762823244,15.04559863082083,0.43847708468777014,1
115.20977461462553,120.84536237005831,5.111883894872599,0.6121189428433514,1
59.159238868411045,9.522214652287655,18.109666013777613,0.5374659363231176,1
55.84681511097849,46.570235185539396,20.115737993120167,0.5061841900857347,1
103.15400470021955,100.24823430538714,11.085753491207523,0.3039978597421319,0
34.78053570932072,34.11743470166039,6.603686612958568,0.44569497976594963,1
96.37268164883125,83.85153223740156,14.586493895050083,0.5471788856039626,1
34.47691310890867,120.18256349740882,18.873335514726538,0.2867890422038887,0
86.39577534287703,15.15349784014128,10.91352962032771,0.524415973768711,1
40.081361019099845,45.6797740653132,13.45842543470166,0.23160745706849992,0
72.31220055081099,158.5299946516762,17.95274240172671,0.3159736061928426,0
111.10418955461478,7.359668223242888,22.01358625888555,1.0,1
6.5189742462904565,20.073364286805788,1.9100498018814829,0.42762243087646773,1
96.87055531713084,147.59920232746146,16.53143463824848,0.37079724554949534,0
65.0214682899395,121.7555711438853,1.5287851467439317,0.46996441023447577,1
45.48811564671911,84.85602283545916,6.4623872088107905,0.24628667804129234,0
42.03305485497086,154.6328287258153,16.348784661656275,0.0,0
8.329442790649182,37.53511703283666,4.1926107103233194,0.3570091031860806,0
31.005443694080345,0.9951119896492977,15.967436782919041,0.4628053631355784,1
74.77644297542851,146.21588050387876,18.779701316677937,0.3361769197118883,0
11.71079512873856,114.77407988534962,16.352596249530496,0.10078087338814393,0
80.32888084407043,60.62862506738072,19.76328515989851,0.47018316851113673,1
115.47040069648108,104.28087262608592,14.646291281157225,0.4827143611087777,1
117.69313242578292,14.656306136281337,12.070107399428714,0.5665839157617452,1
106.70894609213887,56.30436927065303,23.67152023545743,0.74986671031302,1
96.79330251118024,102.32743241936248,8.178338526851844,0.5411706641835783,1
21.35439734369671,152.01816444857172,4.1298029921625545,0.3663041744216168,0
116.4187144441913,56.986927235129464,11.88187652155612,0.4709011937527802,1
24.326784315499957,10.955973825463454,14.072951031658956,0.33610427614958743,0
104.28597086009286,15.865353506206306,8.689539345418087,0.6767992060920663,1
105.34484019336472,55.14424103106981,22.872764339825757,0.6585044620693811,1
74.6289979125682,112.72198985395056,7.966130680363194,0.46942771514313875,1
62.5568078749511,126.94531274364847,4.474851262024585,0.41979184517118356,1
24.05102236026966,125.05976807876438,12.860087440736635,0.15193926428400567,0
62.336204472450554,157.4857376659506,5.338693190507489,0.4067219206051068,1
34.87438743803866,122.72246356918396,15.071469024386523,0.1763897900746338,0
15.10568505785136,120.71652863939171,6.998380180774352,0.20389703456434644,0
15.382941617002167,106.92882822103003,8.795531920136188,0.2159227737982372,0
96.14051557460277,119.98030797918175,16.476134708382055,0.518586665773326,1
110.68840560234159,131.4830483817529,16.307350799677828,0.45269806335502133,1
17.024254754079703,175.69152457908854,1.1459267386128449,0.2767250238342855,0
1.591324878639222,32.32729682629937,13.564573711761504,0.11561582638947562,0
31.635924575937878,115.75380155203221,13.592691897580718,0.1621895913701354,0
16.132678950505518,22.375456989060794,8.630526869243702,0.31887691125598044,0
22.63518324964084,37.09230076910697,8.88457405018912,0.36310386194182,0
69.99922792973254,166.80565147929815,14.540660906762586,0.28418626882507164,0
50.675294750836215,72.85818758713313,18.768832629549717,0.3377649500304355,0
51.50749141671004,102.08586441269256,18.73701019444,0.23947667489889246,0
24.673518678891284,38.09928872315106,20.291703155487422,0.2705888191390549,0
79.75065350427208,91.8050090921349,12.770132571401593,0.25412977093899425,0
34.74122627734292,4.3893956344842096,6.181734565332843,0.6179889665486751,1
47.89762542888819,104.55023965858713,17.588503215292462,0.1766808001853441,0
55.609684845682125,171.7602984818009,3.9418946253202023,0.4905979802328428,1
108.53093691264417,123.70672177034271,0.46851295323855613,0.5052886550106598,1
29.562684063342633,119.78477798505496,3.339320030317989,0.3073547791012648,0
86.23992317634911,99.87817726830812,1.2898029702726816,0.5599212368805483,1
37.12424683600352,57.66174565244366,10.137625474364,0.08354872632061028,0
107.33115757684394,139.28481677528862,9.500573277360264,0.4375402202352591,1
47.28953916016503,69.93457875912638,23.146850304674558,0.29089694012814066,0
60.619408444367416,60.584468307483746,20.462281692361795,0.3626052155040497,0
105.26583234714585,98.54256526387731,19.85019331600488,0.49824228642366425,1
80.73130783464836,175.46694804955234,17.664958348844515,0.4072494570810873,1
11.323060937595075,132.13974762042238,4.350005191994715,0.2116285574827549,0
16.42030295499836,121.43259206476266,3.7314116239358386,0.18672747374622195,0
118.88789210500579,23.050941624705054,19.679106701343443,0.7076638480746279,1
3.4926326371271132,145.46855122103412,18.29729439116989,0.09327970102332196,0
36.104630791644404,76.10897396928252,1.1575032677513466,0.3889885618466846,0
115.06732420299404,113.12389697059271,9.958603135914952,0.5069254403735226,1
1.812724514959907,100.95647001179098,6.489773993413135,0.2642281364809052,0
19.36774566801406,141.382499097493,13.279949990764148,0.05048819310290593,0
25.6037146501807,5.773969428059377,10.84684478999103,0.3929398391705554,1
10.366892458336157,17.569324460273638,11.197280188297405,0.22511191388274499,0
56.635363461657256,50.618402567904205,14.910911874816563,0.22216079604855102,0
71.09255124494098,36.44547980888867,18.576907834201812,0.5360794685251666,1
38.19858578320356,122.67020455353583,21.352510301568717,0.33674209338178723,0
13.03795928788194,21.01550324632044,11.649790980967534,0.08666034190557675,0
97.3147293127149,16.628181956787458,9.069057716797293,0.7557203266544656,1
96.53656579167681,95.36400124944488,20.52287921915265,0.3670490526627198,0
67.45198819122396,11.94577569979819,0.5841208448845334,0.7066825478105262,1
16.529052941105192,142.94875005757237,18.47866583603863,0.205828003118931,0
65.02935723892338,59.33838160227451,1.3045327437871412,0.5044216430248779,1
75.5428727644815,54.42829987335143,7.092692724877108,0.5043894511035996,1
51.3950796235832,107.50027207573262,22.15206596299562,0.44473943803769717,1
103.66360651042551,175.70875165963517,7.460562833346949,0.5522746776786198,1
46.80544793054289,50.95444634009132,1.181427524268333,0.38157183306224945,0
61.30644868536792,40.667879714762364,3.0354288435812116,0.5978198687838633,1
13.697203353147351,66.29693425748748,22.95673600691294,0.2160370494195734,0
67.62609594626849,140.25424488355785,9.84128721125765,0.15432200901594098,0
91.97376525620436,168.01682337459494,8.839158371243972,0.42291978040712963,1
87.75099862935055,27.752933253899894,21.715489328650687,0.7078218755910486,1
30.83770019454025,5.3799528428903765,20.36434166202254,0.5343329875517813,1
119.02394664874436,55.0397921507727,5.926231728956903,0.6617328403903324,1
86.39209763660436,57.73705763831829,2.879823084505711,0.7023116043035846,1
50.85029057519713,134.54263301889364,21.48095032170898,0.38222040401402096,0
49.78902308657216,122.50932115850001,9.149414553505974,0.3381776236540103,0
93.51904268986651,134.5065443171811,11.051454390518092,0.4092522467305909,1
21.0818814916126,70.69804957463928,3.777002544457811,0.4297613980225446,1
76.75528951438763,77.13686825136057,9.85543584433812,0.3295861960606337,0
86.26073748538207,169.54246191171268,21.445918470557842,0.5765998588560491,1
61.960802413361804,8.70292850710246,21.809915153962397,0.7970508689600002,1
104.7838089350394,3.8397118859007984,4.558449631821795,0.8716003089108355,1
56.23631759498086,3.0367753133573805,15.420362542000603,0.5771095796374043,1
55.787129826336006,147.04768882702172,3.397459198337243,0.35812720703341294,0
34.161555579017914,93.20242496026606,12.13850200004621,0.16519072494473008,0
110.32459596989341,125.07979104376071,18.826075384759744,0.552415803833692,1
37.952376087550704,117.63293874805967,6.215912332233447,0.26705671793614805,0
83.43255271561014,146.33544179475723,14.128703568962514,0.1900078509017586,0
49.122352410975935,95.37873236758846,4.666973991331684,0.4091865965477031,1
112.25089580618128,59.14555262733423,6.707423374455209,0.5699494944696301,1
113.75512403194391,20.16843339767244,15.373547755302516,0.6474562360451366,1
3.6042279499082586,73.99340275808491,8.085620625678477,0.15688450907837703,0
119.3440327354124,35.120434393773756,5.2154513854996924,0.8386677039368889,1
72.59233146206628,166.73694653947996,7.709250319328862,0.5156018363026731,1
8.862416849007214,137.36516666993532,18.290941158105998,0.1350426806723394,0
59.64369825771082,51.22393714540474,10.013512953942403,0.22521579971156114,0
5.936632770247612,92.05443254192727,14.424474331013354,0.07061688338359175,0
65.8672579037854,84.50350270631724,6.247738920759493,0.4554229935612165,1
22.254538697235034,108.80678359353875,14.967937638882752,0.09874913860715022,0
44.15284064217627,170.44607723421672,1.015155091910068,0.5220076098437828,1
36.56401398554766,49.61655935648136,1.3655551725136652,0.45688118301662767,1
72.26544183355718,110.56213946953235,5.2114164253918895,0.45607258702337666,1
98.68343775651964,90.78844933941339,18.951563714699482,0.4946514704123639,1
112.38439516102441,171.81891218751196,4.203035026460665,0.5423539401080822,1
39.46296997152271,39.26165479257487,10.070999151145106,0.37969261413347344,0
68.3627933457251,116.61337021048476,23.84240874090829,0.4926958417139463,1
0.7079003500049197,16.346421521461465,5.589580011748895,0.5378101583722639,1
44.65962370337179,97.86612996587779,3.5096792430154853,0.4567323382038181,1
115.28445879189006,172.7463344055149,6.629501063894753,0.6287809080490339,1
14.260626101879383,129.49266934526307,12.767638536601499,0.07457486375007367,0
104.37933307429752,5.652106200946614,21.52963693585933,0.757146315559668,1
78.3006236166505,177.1017033008958,0.7541619714017571,0.533334203926489,1
35.26724747281392,97.15902891135379,12.756206619668745,0.16125794165019794,0
93.37931355263463,104.35304374120834,0.4255286786659118,0.6595322646532134,1
34.713764213167345,170.17764256862068,23.803679561080084,0.3918092721496622,1
107.37780699416521,105.25543710210243,10.960952547418643,0.49010585063727696,1
9.931098846011249,39.72949309067457,16.232703218617427,0.20874207376628603,0
14.279166616206304,77.27366645159705,6.1916019033546155,0.2012616208653246,0
90.00146170216507,134.8593906378394,11.375361232644185,0.3889604268354292,0
53.90139630772405,71.3611515935646,19.765967253981877,0.3067578164510288,0
17.69560075945175,30.332135267680968,2.8320754832914066,0.3776088182028735,0
61.61208547913701,70.04869663203792,5.157220662788826,0.3388069740334595,0
35.636294838616564,18.559513796713276,7.285384601150547,0.5483923354636627,1
65.91783401590723,17.9899894737481,19.724697814279708,0.6744419043062162,1
89.24567081208504,21.86294995005889,21.597262789384963,0.8014878621167246,1
102.82072314372259,91.68876501917573,17.997262363968066,0.39182676496912355,1
7.080020092356145,57.85627612415169,5.886762789079702,0.33378858343305334,0
71.08257332695385,32.36708246126185,7.578365974052649,0.6534006771183818,1
118.03989982898256,132.97639148637253,17.64988277469256,0.4455749936147388,1
55.17569155526304,110.09657824075822,10.672525430041524,0.28747489207265275,0
92.34797481559134,147.5692576049412,8.346242945312778,0.5802674318488711,1
11.671279448306029,28.93944330615846,23.91398268946705,0.4398028608529788,1
104.82094531762614,111.65603310258791,6.153821825722187,0.6603865848827921,1
69.84634004334256,47.37423594151715,18.70615516791002,0.3683916421551853,0
106.5915823321086,89.1321683287579,4.233834612674706,0.6082403769641307,1
94.4541493732006,80.3157544700232,21.891763850332918,0.6018071510186475,1
104.30877291848262,104.99555840122416,6.840606962666435,0.5448328282590572,1
6.8755057301414535,102.6670873043032,22.11197106969574,0.22791106553013107,0
85.86289292468676,165.31431889979564,17.04894222186671,0.3688810428252591,0
23.637708962583588,112.41538753953667,20.979631149214327,0.1775455701018248,0
31.897241052999703,63.28538305573867,15.27373546464916,0.23208041049473555,0
38.97394554386097,142.99375790988458,2.4752247674625814,0.38852812739087744,0
70.95775817475315,29.041006877199276,9.534670841215599,0.47711455307823863,1
75.34330999692486,139.5575929548527,23.503399083582696,0.478734558063104,1
111.77310549298767,103.84189818552669,2.980535888324752,0.6722079281350757,1
1.5262069902139341,46.81967391338291,12.777162832619492,0.01648866350175788,0
23.212617602645974,135.4339809510837,12.516686035648199,0.15876599312416179,0
43.44030198032047,20.54691617145369,10.477692802839961,0.38887651495478404,0
98.16082080475938,6.416849638007376,6.735589646206656,0.8588939339009051,1
65.98904874979006,48.91791499892743,7.403657812688391,0.38956424248653376,1
61.438872238396314,90.85924006398547,4.886595188765074,0.3788275455762659,0
91.22230762348056,113.54015620388142,6.297180484737761,0.46014557042957765,1
78.60710855720097,56.571588248788444,0.8945621846881568,0.5751511936196376,1
34.78269745887283,104.18096180172566,17.98163940558196,0.10393506885082987,0
10.453970480902562,176.50077723706727,21.44023230378975,0.2707881049174227,0
55.47681067400449,179.73195210334697,5.2893427291609605,0.39427187193577523,1
105.61996770314147,129.7675267438504,1.381743178542254,0.708789748939164,1
71.77692688513764,54.38764188750307,9.221387855013234,0.35910186570032243,0
6.394687719927088,85.80975192444153,2.592315712934142,0.33090305356922484,0
52.809245740698216,145.4275421137063,10.22434963612352,0.1859538608794432,0
46.153450052019906,159.69082151231882,6.118620257268462,0.28383694307111895,0
69.89099318627595,171.24538225477153,13.838754999219663,0.30547025345922163,0
70.45520761209642,69.77856182199987,17.80120975235053,0.285540506992002,0
114.15984328205217,60.846587852441395,21.029917013798972,0.6617570244905835,1
40.57126238527608,60.47388607724569,17.19291568006481,0.14780731058750038,0
48.97145953337668,141.3139771755009,19.87189624445714,0.341949638151788,0
73.6216693172029,172.30537891425735,23.880597949325864,0.4531152171620092,1
106.36687452589872,101.37858244457061,9.627395166220786,0.35439869793386897,0
84.73727385048304,79.76906586361459,3.757304055743285,0.6557478031882298,1
56.5062526544793,119.92896972180756,4.082355744572806,0.43159407687665735,1
97.7479257906282,75.88976612063811,11.159862998286261,0.4686595356127913,1
58.2367309398383,102.61032322382326,16.664216658233403,0.2619610050185855,0
115.62274773693446,33.84059877177261,19.95202492432604,0.5716584396975793,1
33.89993373849081,17.852586005141838,3.9899291184647536,0.6006225176988179,1
15.287027714693714,72.99954979215975,12.568926715446253,0.14265375868423125,0
99.64798753005614,48.30207998913606,1.8364213797275193,0.7732226063036348,1
35.675881700087174,27.36084957989448,13.745768694224173,0.41233426612785756,1
101.68755108509097,173.68452740326472,20.761987179955593,0.5601265211882891,1
73.1285793269274,125.34607171082376,8.268032526180678,0.3853409873804053,0
61.075117483730295,69.88005236148041,16.269265371377664,0.2572353207672932,0
10.443814271183921,178.50033989738543,15.186037895192753,0.0,0
94.35786029188122,19.25990883305125,15.935884630273524,0.6259267765795685,1
7.910925856850861,62.764919649017386,4.380971683481863,0.3080234634270943,0
115.81813700843499,159.11027324097563,12.230635482114193,0.47343894142122545,1
105.23695128383831,174.2564720561032,1.3194668670593535,0.591146870546695,1
36.356231093919845,142.70400975259255,9.897162997987884,0.24805542838639677,0
15.343940029514599,33.51454900128547,1.283622955956493,0.40157614119027135,1
106.28093407336092,101.95975504530288,23.16716505420779,0.7035992490209935,1
57.5820679406332,12.829404959985357,8.300313029379431,0.5268317126497939,1
14.984853383277713,11.421242354780766,5.947720161037822,0.4534190272256131,1
59.822662020760646,155.37378273382708,21.666749486203102,0.38181495238575297,0
29.618313129033503,0.43274105363255044,10.372795567249202,0.39168205753858976,1
48.940247377294654,17.46174422589933,12.27430187762593,0.3485965324960627,0
76.82892596514613,19.043137557527444,20.82807635133395,0.6268990648077486,1
109.84377381220045,128.0860539870522,12.545070056702343,0.25259798577624804,0
96.11157972046047,113.11839635595764,9.418407577764663,0.5797490595768011,1
19.321067814890114,38.85929829936514,17.704728848245864,0.2598051442635375,0
57.28028749050245,73.83198778237606,7.2304698012027595,0.38647934109992704,0
59.03136005044669,171.27944838903048,3.630393912481521,0.40071489667714233,1
118.73793297809141,37.895105465730545,17.229018590805623,0.6125455545628744,1
10.427741053561533,12.202185717609273,11.938133194445037,0.2966799611615907,0
61.2921175072864,116.41517195217435,23.937620130245648,0.4701443725344969,1
109.7235712234142,19.432164718384197,13.103551326429795,0.516772457054054,1
47.86190947990023,100.15389037240399,21.512882817966116,0.3458982208319205,0
31.406140779137846,45.89528249908625,1.0282549248944326,0.30493119312733286,0
66.71201728102855,5.8653321727383485,0.5561425792078909,0.7495395802816432,1
38.410606510346604,118.52693584529325,8.420109379823518,0.1951356599020384,0
111.24949593448812,135.31636906232868,20.02897999624893,0.5022501871457838,1
10.175852263454853,56.550540470135935,11.405803446287578,0.06180518854722757,0
24.804945199051932,28.487859265548266,14.629328224440712,0.3115071969295708,0
10.064516609568228,175.77907381571788,8.70930156329439,0.2252073301793514,0
85.42670407746402,44.0548928567139,8.290885010262475,0.5186988167504852,1
35.177023346545944,44.33466195396739,7.931374704450619,0.263986996876287,0
108.0202816751303,65.85623889046558,6.810352710309363,0.6722377748779448,1
107.2357711800109,43.19391795575878,0.8668672198910619,0.6345265854040966,1
112.3663985232321,44.262552135319865,16.236041658607668,0.48365547716068913,1
30.73542075922548,166.40196141108837,7.408224260269738,0.24562704895347132,0
0.07881100270096031,14.760149041398037,22.049037869552457,0.3651970998688182,0
46.51265010978476,150.21352338978207,14.156624096668285,0.2676905736155887,0
115.50756498862343,96.25235856634289,3.7350582519532987,0.6992231821893884,1
91.64903105260692,6.349802465008869,7.058362764272409,0.8428548867202412,1
7.159185601718705,27.184833075215963,4.363313069655328,0.3980173276219379,1
84.30866892630232,118.04199668340237,18.108990448520117,0.4427722505307639,1
110.04762393531878,100.81504245082196,6.072934490120166,0.5883288468602385,1
116.12639594714761,43.56156564519213,13.40664819163583,0.5097561054106394,1
85.91863873747569,52.43758580701276,10.403484836655593,0.4328857333982247,1
103.55945146510199,166.90895643582274,8.828280746499539,0.5142564966645452,1
101.00425234799165,132.68796279836457,20.79322463781834,0.5698077632513451,1
43.00053452017641,119.14885934013158,12.292325064930896,0.15937964737462654,0
11.885263910322186,166.33477058510405,7.444244504841366,0.08431448057628871,0
87.29570007047155,41.69894380461617,4.0916517451958985,0.6291169041895842,1
16.429598143869963,59.34229852170657,7.159585862604,0.031858291397088095,0
46.10385336020499,150.8802542809722,4.5462461231215,0.37672467979203283,0
119.48831489669746,79.25647812888528,15.937578700346222,0.40787597830955324,1
67.17426301545242,80.393584354468,17.843406105033772,0.3672642413054494,0
62.60880438688753,145.6527431806822,14.322136827369711,0.04761823712253302,0
113.74559366634232,179.8914018401813,17.0775231244436,0.6041273125501636,1
34.08481070190823,159.76400905522163,17.959474030459916,0.16567048374594584,0
119.9317110527921,138.8023739722499,13.763733243594254,0.3397083484349836,0
109.43757706668916,80.36701050745746,4.5283029394976895,0.6635800008779589,1
43.668481099781054,127.10031615781006,15.36799493414682,0.20572639846681406,0
39.268777756713334,40.5985725093792,0.577028151972784,0.5153931133950344,1
15.187603917562157,45.688121372132194,11.432871858560828,0.3070151992603608,0
109.87681377854138,36.77173041378954,3.8591784330562158,0.7062082301513309,1
22.297190808776556,122.71476391805784,16.728720698077172,0.1347177063707132,0
1.0774391215711665,170.6251704800821,16.028735364864307,0.03177809184879985,0
106.8091902349228,136.0103030400034,7.950690978779678,0.4800404680752299,1
71.77381575154662,47.99850395058138,14.029953837618033,0.34941202734409776,0
80.62183838425234,118.86746227884518,17.07284754427193,0.428132367348135,1
87.97693825422262,63.10263377321299,12.268310307620506,0.2835869782288223,0
5.1193925937415985,148.33962092471788,6.112215476545586,0.2348378116135724,0
11.02259977567591,87.36090556926753,2.710713327996074,0.35909969867698177,0
59.980428605535096,44.93720791122023,20.91126203705479,0.5001759625296016,1
6.031314163811561,52.31620077577213,2.112843205154941,0.20014848249282252,0
60.51859156696071,15.365449822392794,4.763770698355139,0.6885265437768936,1
88.36064178803535,65.02628798005156,18.72016666485036,0.3885137012006378,0
78.8890978468624,61.08000653848524,1.1941826348032798,0.6281952511931357,1
73.9977185287438,82.46135269820384,3.4399083279062967,0.5100223329830893,1
5.568685811738545,118.35394090055279,8.92079610239231,0.25235649694495516,0
28.398585809732406,167.1253300733837,3.626640232411364,0.2599201520847329,0
107.69936325546432,147.14122654354588,0.9784510764559995,0.6842123869450887,1
14.786460143335605,103.24944927141144,18.605624525772974,0.07517578450688675,0
63.98684495090996,65.0624592542019,4.151444565065387,0.5938235535351029,1
6.005809408271152,30.707939244237295,21.92961217506138,0.4636002566314975,1
112.7043133289672,106.40233472510874,1.18311041059125,0.6057666576495849,1
20.58761494515712,11.503298518844822,6.566401198799677,0.5429168896385839,1
49.2026283739002,9.635748299780731,13.703614627393396,0.43390773239872826,1
65.61373694032643,115.603897026093,2.3936357241730946,0.3827851715426943,0
86.23820411176088,29.569532231402878,11.482090365568794,0.4294005783104932,1
112.49428402376769,152.7334074485969,11.68518509800331,0.4510833384420263,1
88.36359298147124,120.55574116093239,14.40181459325045,0.36795245600720666,0
41.684204513218155,94.40274478018195,22.226575290330313,0.32421543761614036,0
9.040753278627651,168.51989893364436,9.805350073307718,0.12252747092616012,0
84.88861280396145,23.72764775278985,21.812461449739267,0.703645275366063,1
116.7012383254617,55.79784744836479,5.238784663225311,0.6863770691147412,1
2.041925641385056,91.40138983416944,15.686806328900953,0.0,0
92.96155176434976,173.76037571294214,10.28570557891964,0.41285547485327545,1
21.13702895442893,14.172910626811115,18.622136433538024,0.42631192489769887,1
55.19444003924508,108.347387669005,12.49551102711171,0.11311862231380271,0
62.716401017386985,165.51218206430775,20.48883718314889,0.48309602348628644,1
73.73114759883936,26.068219542674434,3.7153539606232675,0.7850608041027468,1
118.7444188840069,126.73481799541118,6.339942646876267,0.6343187271653444,1
82.48825311165274,124.32134479662113,13.068124738832319,0.4581156287384602,1
47.08649029953221,64.85923814695244,15.23384349680552,0.1274081034959752,0
85.80249518083843,96.40782933002079,9.097694856833286,0.34583113812266075,0
56.0077544901917,168.3530738113884,19.279322015827937,0.2684436408662642,0
49.57439872243163,84.2355919237475,9.081364715623238,0.2264419069677991,0
43.87838598594722,82.14516147863371,22.40672854352021,0.49144314113661175,1
59.20873135591363,101.56178047969198,22.34101337957078,0.42245193171704243,1
33.74185907381368,5.757141368523073,1.0245732184941874,0.6399069083420442,1
29.05204106990609,145.71614812023157,15.392681770581163,0.1426215984678196,0
17.81599868821783,9.229432946763549,20.649257348477654,0.5773798316389721,1
52.826954529885334,176.17888026638616,1.2127393931092056,0.45731660512022926,1
35.191357477495465,174.7110672678899,17.720172636342514,0.16073903789751412,0
100.43298233569664,147.33059101731766,13.986312442817733,0.39568160397160124,1
101.7472985229239,161.17377252405672,12.413413963672717,0.47977959095327904,1
41.26520058478704,110.7989693620972,6.5696088823039736,0.3116229465461154,0
74.29705017857863,55.026564841127325,17.63482868552243,0.4541674248639229,1
108.27489981906103,108.68156014537185,5.287003703557109,0.6340286582542484,1
43.099431252410064,122.18891570182267,4.380047791463008,0.37613961131352996,0
66.56588752346,25.495606833863455,8.397165362416537,0.5686073098117784,1
53.22703425547172,139.45603179066103,23.78964839356732,0.5665969402456392,1
78.0318273523563,54.68348807590282,9.740414935932604,0.37257041829652254,0
115.17250480462391,92.25854275661547,3.434094236995074,0.7689980982452623,1
16.634842485732293,47.982160967764386,9.595658521368579,0.23621933652587512,0
115.84623953348817,50.7964914476273,18.373359757624613,0.565057540131518,1
79.88802191261898,157.7755635309918,14.981032775717711,0.30753907205113185,0
95.50446139423973,138.63485324285568,17.232461396965938,0.45747976493233133,1
76.21461728892584,11.27042075017897,19.826519595680598,0.6917814099040287,1
104.43803950333597,138.7992735976281,6.9830380650556005,0.5756474198123159,1
39.14864837234423,166.4965814419409,8.332867946586362,0.3068899367441577,0
84.96571808467856,126.7054365565664,20.578059005064876,0.4031588246970896,1
31.693563794299905,124.61328556841316,9.174921131577289,0.16116130586778657,0
61.038868233188936,47.533776962684755,12.297861582839985,0.23452976319619562,0
81.77885548053558,125.81882419683178,19.99533496934697,0.4080112832636389,1
24.134915038692903,68.230184327084,15.103555474143018,0.08144476582235666,0
7.3391299239143715,166.1128630430281,21.91443591009145,0.18743729196655656,0
94.91377344157304,126.80559523713895,0.35160066576221993,0.6317729191399483,1
97.0735552000978,58.088397934360316,14.873261793335532,0.3116724733105923,0
79.87978321497616,159.05496962276635,12.244007491926833,0.29609089513543696,0
38.57179390925885,139.33730189180372,9.859138339478648,0.2714758257802142,0
78.98076066788565,36.19171104000184,7.107104607592849,0.6860393971526784,1
10.065646150788226,38.65883152596952,9.036292618326035,0.24002406656039055,0
79.5011554362988,2.3347150929283544,19.625689777876094,0.7826158348888577,1
69.14382601524255,138.59774524748207,11.433456540541982,0.3816559636963994,0
74.06451884185098,15.47363242662204,5.279360259490142,0.6371459896662369,1
53.638111973835535,49.5721135375952,16.6496878857692,0.29927511745155866,0
27.018998278654202,132.5468729750781,19.669120785394927,0.14348436841843984,0
87.10526287967046,55.026422559964935,9.750325355074963,0.3947613343499483,1
55.69563688085236,51.45227154055972,3.1293712794422177,0.5246777042503826,1
89.44559156283074,11.93197085401139,17.866372398295592,0.5473632067762741,1
43.70161107885801,9.06571962580266,16.581897580544183,0.48314342322231446,1
10.534711216938755,102.92467133421502,16.647322685126824,0.05902219800215246,0
65.09491145986041,24.938248754144606,0.34204015165541346,0.6414494545101427,1
74.73136312492791,173.48190491533725,2.8732063312110734,0.5642680056564037,1
110.61325316017444,4.66257498896089,23.204461580979185,0.8530153220960578,1
106.53056934432564,56.85449501917743,13.300661608797718,0.3007369326857643,0
6.8578984124043085,33.101063688614445,6.240112605273461,0.3430528602020997,0
92.62084647248928,161.84948738372964,1.1927080021664693,0.5451317169070143,1
31.36353602726021,135.13447624478914,11.415626088592212,0.131677678198901,0
83.66380542317746,20.05848550088085,7.777602445849263,0.5700368302765209,1
45.537836200961955,10.01068030378092,3.733579267593714,0.5935675481771558,1
38.64940262552154,14.955552833248332,15.304851256623309,0.3065860329446207,0
58.59404745641776,133.1234300225473,4.315422304675816,0.35927208749771566,0
63.66373899372715,134.50949387612255,22.737644311986422,0.38975849901297155,1
83.33798925338655,113.89185725544675,5.571368597745292,0.4576743596488815,1
76.546013849113,88.04067872982273,21.334007496775474,0.4566382521376161,1
81.39066040470291,83.34298859154646,8.519277507655474,0.6312211371058897,1
46.08921906801883,107.19832839671,7.017138866471654,0.2869613544569072,0
81.28084531366923,19.530664164664273,18.20235766919005,0.4658839071522225,1
41.44647908390362,143.01300196656453,12.13408877305611,0.20970433153726298,0
72.90398968242732,139.96020944590265,3.367998152127049,0.4302909475028774,1
55.143956049144634,122.54475431266864,20.168392472781846,0.2756229661518869,0
67.53582770130734,42.40339813719047,13.211620272529654,0.3199346619668181,0
2.104582301170397,38.645835633116235,13.650048765758228,0.11767806942364867,0
59.85437069260587,176.43955415205406,9.067642999816274,0.31937872840650916,0
26.3961533971141,170.74686437323595,19.808199125709073,0.23399461658072426,0
46.297504141454326,134.6499279561892,14.750457788713579,0.16742413308592013,0
8.852491777390942,141.34551223497127,1.765947556100337,0.35854639415359707,0
78.82813252306919,82.45884220742019,21.237866891780023,0.5175745356892332,1
107.22259651291832,157.86977627691905,13.58492176763172,0.36485400356868797,0
42.551663898891036,124.28477446158378,6.542283726772273,0.3157638417987625,0
12.608134439231637,78.79883251269402,0.9904508899590656,0.19914257410379632,0
74.43213531694268,122.65696271110848,1.0023912128551924,0.5695717582853422,1
15.244373818658975,14.33597166949597,2.936179941208996,0.5168261205459129,1
106.99455877561815,71.02362113957841,6.167917873858225,0.714033678303535,1
14.69481795912937,151.88254895764058,12.673638787997769,0.015174435309659853,0
43.424458054232915,86.36882143970195,5.415980547607445,0.4695317295330308,1
59.35917476648329,100.1304922446435,18.920681303629326,0.24888315667826125,0
14.144736726945597,100.9223563147889,12.63679028808663,0.0,0
38.249710645691536,169.74351448987574,10.28128763018633,0.13843874586340593,0
33.03348814974397,36.15282953517582,10.301722418213021,0.3198768154263005,0
85.5960490094659,122.66178619382211,5.7743365072080834,0.5837006884218958,1
118.35280658692554,80.84912265930659,12.911196112828971,0.38791857677507713,0
43.54048380128045,42.379916764382806,5.589308347810814,0.5155799912710862,1
94.88633759612699,8.720011413285429,7.754101863917084,0.7084779139154046,1
16.840922329442233,109.8634776753484,12.249726263424655,0.03984441290240918,0
69.58965043428023,33.05043433566596,15.237501092522457,0.3805470204953557,0
51.92558997412588,104.84656308647469,7.865756683863108,0.43637367644850383,1
34.58205041336587,77.3871010170948,17.308852729033784,0.1851616399369048,0
98.60523687161835,73.00107828787021,8.58391169111022,0.49562434429282715,1
89.5706110084129,159.8376057220495,21.96476326277745,0.41777609651652703,1
16.079632071265575,16.192615566539164,3.5741740516191394,0.5291781702925746,1
35.08886276534959,101.01902269669765,13.867785712267606,0.14967610180949323,0
98.34058578396869,74.60702331436333,8.513063531932065,0.5877580093767327,1
119.09179338275614,27.25027936793199,10.915491945556761,0.5881788820165867,1
73.38778898697956,71.14681778299077,2.776508541408563,0.4731161988899072,1
104.6038535493255,156.02299810124427,8.113689067113702,0.44948167062698685,1
118.10658293887211,35.65193465534768,4.5295671437433,0.7424442615908035,1
88.86545564391679,122.33843397118213,16.22986680453522,0.39873158452427654,1
77.36786409124508,48.315836384948895,18.611709212044936,0.3733045088880287,0
26.548690662130426,93.47156953202249,18.860100309950603,0.27397459676738656,0
44.450954626936266,99.17996540707799,21.896349589609883,0.3522139951885701,0
74.82655950145879,12.872222774044147,9.186518259682313,0.539211813667542,1
111.16815746869224,145.45063188122833,15.353603564606102,0.3786723427745096,0
36.2216559696828,68.13697757639312,22.948109116766094,0.2525952603533328,0
47.42508777278341,37.75896765100552,11.989963408208082,0.20514971907751628,0
2.668426143331115,37.395197493279845,12.47998198427354,0.21018730372208871,0
83.60723739990989,177.3324475579814,15.735378129327774,0.3849770354644201,0
53.22842788185291,169.75398022254322,0.7274231327192613,0.3739125512620465,0
95.72782435279473,84.4530877101262,20.38093681647049,0.4639412984681512,1
28.03859775266213,48.7320806861318,9.9866715451858,0.3326195955831349,0
79.1575356832084,127.46133153681475,18.122712405181368,0.3115050360704479,0
80.77111496858777,9.512052410355661,3.1810537947028203,0.8129005097698672,1
55.718896050695676,154.61635562208068,11.81620173427903,0.26186031205297605,0
22.632689896004297,1.0230383613657512,13.653873861004605,0.36480396152004846,0
48.34789214294572,8.893682724567046,18.549665886899746,0.5007965431905543,1
89.40514900750951,60.15417531111213,14.324388715794731,0.3107135177919898,0
22.70227319860514,82.10520084826771,14.93188681867528,0.09505089955411114,0
10.804921460669616,0.9439274220362903,22.186569647401193,0.4195485535935135,1
55.53389235769623,51.41172712656433,6.495219295043221,0.42547954495250667,1
28.14256393440222,177.07840051091554,10.768884669753808,0.15809808338862025,0
96.06613026476784,139.28714634482026,21.140170171427314,0.42915990911038493,1
98.06952396219874,10.540801733497876,10.953954847612202,0.6816045168218215,1
113.4336468415598,157.80978113206496,14.203973846334506,0.35962860038624156,0
100.7714841554154,83.83573386835525,12.132105255446518,0.21063432674185326,0
77.69326011004762,178.07913676385894,23.374461793075152,0.37792124326333804,0
22.44623178265124,57.78598397069139,16.2965253625515,0.12153428662498092,0
98.76077790508802,55.715104786732546,18.55155143915304,0.5066899503481069,1
87.37132468714205,122.2435994704207,0.7678721866658016,0.5395426732717873,1
89.62399031531248,87.85371201585451,9.474806927606256,0.3120256505818516,0
83.69204720840153,49.75483544839705,17.936297662962385,0.41223406890910536,1
99.60278379530583,94.42898730877555,4.037210267215982,0.6665439127088292,1
35.741212643278054,114.68301465319797,18.710340989644777,0.21197427298459964,0
80.69408257478874,56.24494370031056,22.107270309623516,0.4085540621080965,1
62.07589240626377,148.36974273080244,18.2699924462147,0.33254406674159515,0
40.54125822145104,134.778929817483,17.35326911246367,0.1808251173208328,0
39.220728646139996,135.56212160787183,6.603700345992393,0.3022137840403264,0
18.656154167879286,118.83991695004046,2.9043415358938063,0.31801684329062335,0
58.98423943836647,41.42437267998227,22.525811863050926,0.5516221333758857,1
44.246099771778724,127.06890679515544,10.121814109978269,0.21488037974161417,0
50.581958452081,31.440704136103218,21.63590193858565,0.440709077061545,1
102.20014925475564,25.546308887326468,16.018647299181975,0.5622759424757184,1
81.78144879035796,90.6788165013631,22.35373254085055,0.5103442349966493,1
81.62979512528922,31.02964734867235,0.608891451174121,0.7709035070697943,1
118.08552566720981,22.93998904198219,19.19278800785184,0.6402068923617433,1
26.139041634236477,106.5926969838004,17.739463654522773,0.14101349145805903,0
60.947451446375666,175.58856620775526,13.514659322584802,0.16671021773953942,0
11.102241869105187,9.99788721322739,3.908259840614136,0.5420102926930435,1
47.134948466297814,79.96453743451227,4.884040109167228,0.35259003220164903,0
114.04218781837716,16.259387271589716,22.30105503183027,0.6283829840611289,1
10.310436146063942,96.97489560590014,9.354208875967345,0.18271031598992804,0
90.92673341124936,103.43438576128132,18.06033635446733,0.3569221677779751,0
103.85209880002253,88.29955278355551,23.423005459459656,0.5343010362487574,1
61.07354213595777,7.035875534564693,5.472794643600116,0.5894420178951157,1
95.7132824433566,126.14562436603724,1.6038208394163158,0.5321169162371782,1
52.925477295653664,91.41902769638895,0.8502779038226418,0.3510601956811687,0
42.40252360439677,103.19172210131657,10.353122607072486,0.1988763168996331,0
60.6876988170142,120.2676812113507,19.790859847219696,0.35271608407645433,0
23.369194327360287,163.08537451600324,19.188398983808987,0.17794867663965863,0
36.89835957527974,78.22121723453533,14.170641140720623,0.16005418103230457,0
36.64514408879266,164.3350175420914,0.06837780797337345,0.3117714536723163,0
118.60904435538622,31.64123657962896,5.913046539158602,0.8148730540006954,1
40.21957138704689,81.67674325508435,3.5661055318916404,0.38031182057511204,0
27.46423376897218,31.840713171094016,3.755276029044577,0.5082226459197835,1
112.7720541389572,67.02420470185379,3.184996812174079,0.706043830352665,1
16.629879411100408,162.62546633972224,0.8278139594551233,0.27833986334020083,0
115.8961503864917,175.51989664836677,12.09413015336904,0.531822736212351,1
102.39736558397777,85.03884779361833,8.196846472359558,0.554342342235377,1
77.64702861902991,49.78335860563221,8.461112962112727,0.42126962582721494,1
51.33694951704332,58.08815005779096,6.618858331022363,0.48887024475338775,1
23.668836192023708,162.2980506926784,18.985805691234233,0.29210370816160025,0
12.74437725855908,78.9347935784518,6.962394175087891,0.09833480331512243,0
12.441042338721097,35.72523048395467,3.770715492624194,0.24812386605533415,0
41.897029825559585,150.2988654152835,6.777201036706888,0.27624939808672905,0
48.85780580325617,91.79989200180889,5.976499120128113,0.40046514177196374,1
110.84521998115197,76.89624702043835,8.319373322837986,0.5915302716419669,1
64.34728909894415,162.59953290009648,9.108774379655905,0.3732460704693611,0
118.87569435780227,134.3059260767252,5.4597402521939635,0.644361752745107,1
86.50657896955842,2.5611289254706904,15.078660644919221,0.6801626193429092,1
17.55534808490529,173.9740494689635,3.722692844621009,0.34956663246725506,0
66.42807832657905,81.83201710660211,21.819461378960508,0.3989180893257628,1
19.124462890828426,32.38495641431649,21.196695613532732,0.3834355740968716,0
4.704309478644726,163.83773253291264,11.843866659418492,0.10738138073041306,0
113.25446021701559,75.52045770552702,17.530599107028507,0.42836258087237417,1
40.542481314875005,123.23174025301869,5.137127485853224,0.3169099866699779,0
22.750320612375674,135.14396985514574,6.992639264229474,0.183424354762319,0
12.214997778844348,35.03028986037767,21.801787816464675,0.45007065686573233,1
78.2568879072039,177.03370083995677,11.36948487146116,0.3656189519347732,0
55.33788440640739,101.31417307608722,17.776464749243907,0.3193078374819143,0
1.4011122977808466,10.256550720368011,19.49413143401805,0.3348672113202492,0
85.8217600468318,96.61132711419394,16.841771823076055,0.3508420726796394,0
30.801514592578787,3.31140079264598,10.869651380808005,0.5195208983619457,1
93.66695884931653,176.26503038651836,9.107034995897324,0.419397277174955,1
58.632692732266115,119.88814040705653,1.4413374509590051,0.5473430565031508,1
64.26972141109894,68.28554254063845,20.751040370561107,0.3870356410347479,0
54.86374874614449,143.85040622638888,16.626645511584144,0.23057654867217695,0
81.11782934264177,142.9314297560976,1.5070980858585665,0.5890174352678677,1
118.80542077417344,126.08514082307023,20.01476504855678,0.6276846145697996,1
95.74471541515177,42.3347033342489,6.834588434193578,0.7278655445820656,1
8.29222296719514,16.770538452184333,20.424542113707265,0.36060565760819674,0
59.3762657168129,154.10492516099956,3.5908010215557695,0.5753493173068788,1
28.11451486550741,159.90682114002664,0.5309460058466984,0.2926035062586237,0
12.287873380092487,62.193159915976906,20.607423531005246,0.1304599939631024,0
23.421064722285344,69.57597207466972,21.343724449216133,0.10156551489305721,0
29.77371928168258,72.57261671787904,11.8368257963293,0.1868604582810606,0
115.16735668578725,49.81132423155551,21.916811661077457,0.7672819550794375,1
89.38376369487497,168.8999219711503,2.146467755528679,0.5016238343529997,1
102.35630830792061,95.68384403491686,3.602003676245311,0.5992537725731345,1
83.85868203051153,127.69643189374496,23.303390765039772,0.5154040835557989,1
37.878495070283726,108.94348630261628,22.549176802676737,0.23672586000279067,0
46.932659248981366,16.127010622034167,16.673523301668137,0.4279414037841977,1
52.88177927533508,12.994429925589284,8.03751829005472,0.5759909581460153,1
35.20888961219932,26.56867699311642,17.134657701839497,0.30325561170942944,0
50.57310451243859,89.44117305002695,0.007430932657542577,0.3519054497155164,0
92.54241686321254,113.01021126548603,8.508320437934438,0.4630691945971078,1
9.084411194605018,179.24144065282485,20.4511727333598,0.21296097858918878,0
33.188978489245905,162.1238621419926,5.485856819866235,0.22795334673443418,0
57.483122833491066,133.02482620609246,3.089188119366132,0.452237503124107,1
81.14696627114819,69.01779919165688,11.789448010880847,0.3614466447010394,0
77.51140995506074,62.03461029634285,16.170118588719824,0.11754974597004667,0
86.99826817894336,125.49298597168871,7.459740878742676,0.48946982592724164,1
12.631452414748011,62.229750029921775,19.629283216716203,0.27612869557716935,0
21.690346965159133,137.80330656513132,21.76921616630156,0.17314767803538444,0
37.07762959408064,131.1351529154716,5.201727102624932,0.4354967274806635,1
33.80252463127827,21.59008574950385,9.23764447560212,0.38254841441528553,0
90.67091907059282,144.70157629074754,20.045390170345794,0.5064711597847225,1
119.19813556428845,16.808947278334475,12.061668283121477,0.666472340807555,1
81.97375696350613,57.188128511170014,17.92357673560954,0.30248732778099585,0
3.96557444334666,175.51306013563104,7.516649222710169,0.03738271184623926,0
35.71132584003412,117.2265209466916,19.630353378135702,0.40852442619016804,1
96.3632699625522,154.16187778080607,20.03739608731034,0.39490896744604087,1
110.92080921306803,166.81660104310043,18.602421031359633,0.4764649599071635,1
71.38946526751671,47.639764515732864,21.09719654537052,0.5861533347500775,1
41.858705219116345,143.22335302091227,9.389817318723123,0.2570429941543595,0
42.614199412934624,67.01587796961957,12.392752369363127,0.18146667101782385,0
76.01271581775467,11.668409424788473,19.366804017570445,0.49231198591560016,1
103.70287543236036,19.22535123975237,17.34655727509019,0.594334620301352,1
40.89976386011719,22.72370043188959,12.879247794528494,0.25298347214237515,0
22.88377068626316,113.65407015988968,0.8480549049731838,0.20642575247364808,0
0.33486063266509714,115.4971197882339,5.2151904775613,0.2332285473331477,0
16.496501695615766,152.54923545178337,10.891387967978718,0.1567278848755598,0
102.14254418243894,53.11475979478479,18.068280011364653,0.42814647211488277,1
74.95016044506472,137.26163135741416,21.710807642762134,0.4146578582368237,1
118.87647546755808,48.017794996105884,23.677446591907696,0.7616601420175649,1
8.335414899946262,56.45660826696419,9.233265797057774,0.19343746563314376,0
43.92196100840551,118.04760146719991,23.186833720924522,0.30902867901104353,0
95.4851064030379,70.65345442308605,9.16308492169581,0.5245999602489428,1
79.34476377095055,179.64447932060594,4.361103636438847,0.5874846372968666,1
8.000487224653249,56.97911852798351,22.288845939029994,0.2398663020446095,0
48.17279993183914,42.73760661692242,2.537997302876084,0.4386664430671359,1
76.51591340693312,158.2541044243427,11.435991395034641,0.35182448251897563,0
82.53052659250817,157.15848202865791,18.605898574128094,0.4360903841400261,1
54.20294709068125,29.325715486197037,15.040510748851172,0.48058653416085817,1
22.580110154113076,60.76206846625301,20.41918323155753,0.1812400071632491,0
115.91127446474229,91.8224500111893,12.737415615647066,0.5488987308363845,1
55.98010491260919,11.929089599666717,10.685065473759717,0.46930947111353605,1
86.08121675009505,66.7450394946891,8.110134483188334,0.47931747939716307,1
64.17928092129513,138.64027630314217,14.964111293371111,0.2359330447523361,0
9.683179145727166,138.30985863486626,13.549568663132145,0.0419342804486907,0
28.403160384930544,26.778694003194023,12.207457886263587,0.38573321210982914,0
7.563042966272819,54.62809836597703,16.314091917871494,0.02967561381632522,0
22.8933157403862,48.31174107513435,12.147148410241861,0.21455091302696966,0
24.022412133382826,123.23324474038459,16.650312682547973,0.09963406401542266,0
49.7832542051226,23.73944955764601,11.99904651478309,0.3813077811198036,0
38.603704688485465,177.4726422224731,18.610586569818395,0.17524356836540864,0
43.5063805152999,20.881597439503714,4.881869851598425,0.5875635467920806,1
98.0264602593293,95.17229111391036,8.642788819971866,0.3339576512017522,0
2.5631927894255346,126.60064375856042,7.33188280088192,0.1376630602102903,0
12.407455254197352,170.68646054169636,21.08941775279035,0.27516540099414566,0
96.93636148130354,110.54603002440732,13.942010126638309,0.420318549798655,1
64.07581142742639,153.98520315407268,22.590719280883743,0.3314555513089851,0
52.66673266359378,95.57124930042477,13.382391268966487,0.12130712018251395,0
32.078072919098624,39.76552304594074,22.46307655908248,0.39237570862766413,1
65.07842262155494,75.77460649163214,17.7413343658737,0.42707324766878146,1
26.587613919994265,109.25555070002714,21.45688253233809,0.2410537007081946,0
103.00328546018233,95.57596008376709,7.165300430539809,0.5369069056129785,1
98.88476345078097,140.86077631132417,23.891551882267443,0.5845853484609419,1
38.62210595926199,97.11552968658397,7.205418277595436,0.3157290840586479,0
2.939968710391838,69.00779101178232,17.972350647655475,0.009416438723086645,0
106.52013059164027,92.73374104677686,14.879802364965808,0.4197672118587832,1
35.84061545673321,93.52699193231537,8.524799925176236,0.27423204135889334,0
78.82507332560795,1.7960790598232834,2.493566230846377,0.9065098964894227,1
102.97866301357907,59.081185242829775,1.084985489738231,0.5759027568701772,1
95.80342889740292,103.12912620009006,0.25681495944636534,0.6578113643763905,1
103.50012346054126,128.2439582621324,13.22844673016609,0.5222217652328833,1
58.69613443890047,76.95633006955786,13.46718377973824,0.27499748255238554,0
101.0751443568163,134.31870675093293,2.6067860336108115,0.6739645832726923,1
55.33872717152552,90.60290237612753,0.9190299964803383,0.283854955459372,0
31.658126803189713,66.5153563870764,0.4666165031430767,0.4503225914519325,1
57.71598300750961,43.633900400076556,13.90955241242332,0.4296544834924912,1
40.24728878177115,143.57125331685504,18.097729247326193,0.2997249090709197,0
92.05761844209952,165.96345283619772,21.563039759262423,0.554315146773553,1
99.8050619495517,131.28128520328346,11.254056666091966,0.4619166308185094,1
16.94007715916679,39.690332578550745,17.81890011832047,0.4290030967623406,1
19.731216138469513,127.067398257789,5.705776664081969,0.22013231729151983,0
46.03935724015839,90.91272944024486,1.174374749385839,0.3914907381162405,1
55.59436464827186,166.45695399342205,13.820245227335839,0.2841549212840371,0
114.75858021235308,1.0839291805545992,7.814250534908968,0.8732624546459727,1
113.00305195045557,139.13751968502274,9.629795384658742,0.34754473902946525,0
116.04486910373339,83.94557279147034,2.751714273571582,0.6977899330503866,1
87.57065188739976,154.02395268802906,16.59518425249037,0.3797314620891622,0
81.26725877763728,109.04913465846982,21.196981478216262,0.4034397895627262,1
32.44693826550855,1.3684486297238196,17.822085294039013,0.49820718173628814,1
44.718553605224415,124.5124741875432,3.2650746638990595,0.42751352737995624,1
0.3219967912907462,95.98175852280046,6.523573308713015,0.04851612711931701,0
99.95462786669161,43.066289602534596,4.709341712728737,0.7146068662406969,1
33.130208786667566,21.942745364012513,23.77554661757674,0.6922636333078531,1
9.513730478230302,71.68939486201432,9.339496419554202,0.23818161205498684,0
37.87093722431948,100.96240881723783,3.5303138895075863,0.30342098822116337,0
38.78039839069596,86.09830978929402,19.53112327481005,0.16330037727769464,0
86.87827629756394,3.067406320309447,5.099668240616622,0.8252724088360506,1
0.6848008747759682,26.62207406866107,1.8872416125968243,0.4384754457874811,1
27.60162045089801,122.54394794811599,8.917210815875055,0.10574074154826131,0
107.57631275118561,98.23308216536552,0.8839344057354559,0.5964183389290509,1
102.5851343317391,133.7087966400052,11.00334314011059,0.5150168328531797,1
75.48375682157952,74.61774948424117,10.45795468918396,0.3495521900885394,0
67.07398726740962,46.24259600257308,7.496854115200263,0.5332602657643213,1
26.714103702133897,143.6691002638839,13.35497147206108,0.09935513107834608,0
105.01169750751065,39.268003526932226,18.914758610885443,0.6581762374018261,1
91.28657798457598,10.903132607776085,8.191031786081869,0.6694105918788237,1
61.55191897278501,66.34498753890182,6.51861825685381,0.3667671910869573,0
19.32219586849945,81.22953139122248,15.28460459666433,0.013195760093434372,0
25.90070473793883,37.64115220927447,10.086029318857829,0.13551925892222813,0
45.51522289359959,172.00730691178384,6.2229608526152695,0.32379864023910854,0
39.734954948363885,41.659077642733415,22.697181961781677,0.3522898535745355,0
7.326726212995918,21.953804705750827,5.030973433038595,0.3973356412903334,1
48.76516386228846,119.07751696474989,9.578904942728688,0.2670413183735336,0
53.846073047652695,25.76413722771769,7.001916080501307,0.5418294236537473,1
34.44958110682632,50.38391003194991,19.41475287809989,0.3098739657937236,0
46.11634741890559,74.47744026056588,15.94172481535913,0.16077114962294614,0
39.88532441476425,49.30929654102945,21.82219700439443,0.38078527229222564,0
45.22027735783184,117.68094521895189,6.48974789160096,0.422343957277993,1
74.2837167574672,25.207740882391626,19.798010080696038,0.5595441329460297,1
59.67968341166378,115.95085067877503,16.030264113119028,0.24227164471352997,0
23.710732489574742,20.848850047193004,2.7018854120284947,0.36174812050080496,0
95.43115874225786,104.41660288289575,6.013481722507233,0.46757834134057624,1
61.58238015479735,176.17864133487092,20.139281048998612,0.43581031120963687,1
55.003771273945695,141.64710581537207,10.439831881074241,0.19580538736131103,0
85.60112726558953,170.33980475737422,3.8763458264948323,0.4805636681552432,1
90.25655447640486,98.28642453089182,3.12222091746227,0.6495070047421359,1
101.88714001631209,28.535182830637197,6.999562794550923,0.6106000183259984,1
97.3495970530565,66.63974986745974,15.5369477357021,0.443001194857132,1
80.28182759700623,139.7416138932417,3.232690775294915,0.5367099375100625,1
86.5355212545054,23.752668634076215,3.752114077479244,0.6981989796027316,1
18.855224369448376,119.54151534047118,20.50359760415894,0.0685170113448329,0
83.91038388917293,58.042109323011495,6.325133637190053,0.5937378915205074,1
30.53493793189657,165.16385741628022,16.353321276062182,0.009925250409511421,0
30.940290239604753,63.08580709873372,19.99600845680383,0.15405326104010214,0
14.41581134465007,58.052564664556925,17.94772859431365,0.17842863008114496,0
47.62908315459259,49.000629810371464,15.057558628614569,0.15070885067405781,0
2.385321661830142,97.17787096186821,10.794584559252835,0.08451856252239268,0
78.83754426697374,171.474472947472,16.904801062122722,0.3262103326587808,0
89.77232084135296,97.26921173030051,8.77767078405305,0.4161361410864453,1
93.06594567007636,133.4522806396307,18.323636956908782,0.34584907267982623,0
15.463438592878278,93.69315271008121,16.75370156013568,0.04169796624101343,0
76.9303944917558,14.901471934574538,2.7341567923926853,0.7794564123148008,1
100.5951884331011,105.59486873597032,0.16771868995453687,0.5433532931288019,1
4.316356775694445,106.97975972717943,15.932797501572754,0.07442393523401297,0
23.20424710749235,107.32197070562947,11.439079370989665,0.12933062450137725,0
32.13309651219673,53.72955671450599,14.583771116906314,0.18962166761386728,0
55.43814940983731,48.031638956831316,15.963911604731818,0.298582672281973,0
20.65982229128414,59.262829954596334,11.245975990921275,0.15004243355165953,0
64.66462718494043,5.5586657417862,3.1634292266839816,0.784015038429859,1
41.27420914312577,29.005613552377994,13.922779754331948,0.36586984686251933,0
78.61325523723332,51.65938967774479,6.95186988095951,0.5202090980803128,1
63.75894667577863,92.20807514127836,12.016508660716287,0.27658553155234566,0
82.35575431869695,164.07931646043244,0.6846609990463266,0.48616004745303987,1
29.5609259269372,126.15949463958727,23.03100533247674,0.203281835395502,0
84.84825975871951,92.88149193440053,4.380945035802133,0.5467428854186484,1
88.15637350162808,129.00439574064157,23.826787452149553,0.6262044906254914,1
86.63610156775101,80.00109540507314,19.030506360849444,0.35224861096556503,0
8.214009500695472,8.513085181184021,9.253876215149903,0.2607734622449614,0
113.53804017688239,123.56321490923874,13.572822339846478,0.3869342910000275,0
69.22366207382169,126.96454370448299,5.2518181920500595,0.49051009596023204,1
32.67828926734782,117.95419166022447,0.3096000960246901,0.41849822433658074,1
52.09638376810374,153.44302819045166,11.851937873856361,0.1906508602909394,0
62.112186420461285,140.70530426110255,1.6823768145919225,0.39895062035613493,1
62.13236022569732,149.2129303475941,4.2631611711703865,0.45587016570765704,1
29.755016566459503,8.2812447155972,1.5670735301421237,0.6651793434158975,1
31.795714661250333,179.9740614337239,13.263126701945513,0.11629602830731356,0
43.630551571178536,105.89376267107545,16.008988865185596,0.24939807677662332,0
93.71097842481429,106.71356636012773,23.064791000476635,0.5296603057328875,1
52.49328600321355,110.37717109432703,5.848690908634766,0.4476964169425227,1
4.635757186683089,48.61324837358824,20.108694482995134,0.3153356220967256,0
54.265182635065,54.536184936338486,14.113586495823302,0.1599923486955167,0
24.163512269885853,157.83815336293486,0.31914271687199314,0.2666570648968126,0
1.4894878791794186,108.058068245504,8.765274190116795,0.1494070732368815,0
117.24360435205145,172.88265992676125,23.514821151789945,0.8799031686152305,1
35.246457484318306,37.51010878162144,17.555736489206446,0.32875742967058585,0
64.49958251678949,105.38246594500445,16.06796501535893,0.25638242194768723,0
42.98397223471931,108.00019330807666,16.801421904971306,0.28297325257297845,0
6.4088077593695125,6.66165481083187,22.98283871159799,0.4943303285448507,1
108.10607397609985,112.6893450557534,12.921477420077672,0.29621416205223994,0
112.27889057050233,69.18106416695213,3.2665292771050023,0.5962877004819856,1
22.371926024037126,77.3964475433505,1.2131746346033125,0.423707822816906,1
50.159634812352806,33.403452459333565,13.633290698388407,0.20297993456324176,0
44.83688963647377,107.0181082136831,4.2565883166402285,0.2963084826935804,0
20.066039089090207,121.20789747949254,22.448862196194042,0.3306040842415654,0
79.39927618744306,160.56269693429027,23.43594654619548,0.5294765826566781,1
93.83952733828647,151.525097910493,13.549477158994556,0.43551496739619255,1
91.16376211149789,176.43478458984464,14.664346566370657,0.2684473846976558,0
81.03023469549231,175.64682264639524,3.1206403647443457,0.4958357568249206,1
2.098849093196562,126.10276972068131,19.469517744752636,0.089868562910296,0
27.551689577283792,50.53257597527371,10.215951593845514,0.11949083228434781,0
61.75213591382806,97.22778797037681,18.10275071208587,0.27923692287802454,0
84.3408713750827,15.03065611945679,10.281864973855095,0.5823828190259139,1
46.370835238154235,101.92358694362646,19.25306837585744,0.33343418261206326,0
53.91201716004164,55.007599083293485,2.917793782960999,0.4659726487121143,1
100.88629716705594,96.5636323282161,23.38204948003415,0.5706998212266234,1
2.825637098124818,135.0140930319406,16.433165331135374,0.06808970773101729,0
32.23067194848093,10.913850094837475,8.278815430982853,0.5578549311355584,1
34.79221899496759,157.6901073771356,9.86699016171838,0.2677537941271787,0
119.13391459306004,6.82205839132898,5.157917128748869,0.9401261955141913,1
27.304333194751074,88.18534336061585,12.233817757007126,0.08752792751913066,0
5.653579538244338,39.31853861251304,21.477885080680835,0.26232297648165726,0
49.97570476309237,7.0245625605596285,11.443704826093516,0.38661863023926824,0
77.9434636617867,86.34854036853015,7.974650288684829,0.42136178524561196,1
18.410082287883945,47.156923080793355,11.102502477667276,0.16432772428378456,0
100.76337834776405,14.401110350916824,9.994793909653021,0.7818499385753881,1
23.57475584364822,148.3966980551138,10.169294030977394,0.15985819306899868,0
84.51351211713411,44.19701145991353,12.403294641368793,0.45725794430676237,1
19.41696079857316,168.87871064099255,17.261289780313223,0.20539551824437108,0
105.80701984871803,109.55877014069272,17.210335256102482,0.3065781354244642,0
24.158453072627246,63.93285961569985,0.6746933806473123,0.28662796380711586,0
87.7630664874042,10.903880981234648,22.56866021620328,0.7595181645731367,1
100.6432843506726,153.98313252650527,8.470725937784358,0.49392318222147596,1
30.593569688258174,19.583026787094457,10.56246717482939,0.28350190097615924,0
11.1391266215227,139.7267399258471,12.39156358443941,0.11105940498841035,0
70.33695122241346,95.14172347561679,21.782371709988325,0.5066213612789295,1
59.88252271823549,82.00402288217342,0.9866822607449803,0.5037408168316962,1
57.51835944024328,14.505381002679627,20.248454835064976,0.622287034947173,1
93.7601281679173,75.64872134519871,16.262383878127153,0.29483274640846235,0
55.57315767886011,2.9654371013342673,12.860719350343317,0.5768408425920408,1
59.643768673215135,137.3685211223313,9.676644907862132,0.2514195820691352,0
58.471710589538745,127.29095729140195,12.863905465599768,0.09169078447272283,0
54.550575421899566,24.4756581774617,16.81741395692272,0.4218334164098853,1
48.687356171690766,91.72277670718915,10.830972337668165,0.25119909865712514,0
19.308508858984766,32.04810425571478,22.226851202144324,0.3568147855373405,0
35.437263281861256,128.1682850525999,13.63706894535597,0.016392871529077868,0
31.78698794653826,34.02244721043415,10.998855652491173,0.20399445511484793,0
29.781640216942264,31.0996736156974,21.794796870934587,0.4256943531729409,1
93.93896852779685,51.18399657007946,0.6645091380713657,0.4602388768342912,1
13.684543057876052,174.88382958226524,21.63383318469368,0.2983082548917094,0
24.650441115742684,147.3239569440447,11.6922314603326,0.18286693779748414,0
63.16964525555427,72.58327263685078,3.3336183972233826,0.4652900701809417,1
37.504975433850575,143.00174892362563,16.682845111145607,0.24257110059780787,0
28.81953495404308,65.06080031993872,6.046857691307278,0.2812489495297994,0
44.80596267848377,33.76858873168788,11.500038293118045,0.24426534369529612,0
60.242551849753106,161.47482794756104,12.902545364734326,0.27364175904285126,0
80.92021291499533,6.596153997531653,23.27434527406553,0.8275726790738137,1
116.66665199285858,142.76438196752588,16.359393660131076,0.39436257270136466,1
102.31665745711938,172.76207613155054,10.873798368975745,0.3233152852281015,0
51.59908806415221,15.153015731544716,15.615852983913744,0.3586131376416922,0
54.19644475065142,154.66733999340266,15.71893694153362,0.2956888096637842,0
49.88559931516226,140.41664315674723,3.580072126050263,0.4037618329718,1
28.672043890497434,7.626775892054505,9.191574277893185,0.6506288614095271,1
114.21185188840211,79.94977558911184,4.218197094808316,0.6103665071413777,1
8.23916833905582,46.82405657509171,2.834978259193094,0.3844696865215559,0
24.593675351925132,69.16420532243703,7.996616574937364,0.2382436438914438,0
79.4377357055236,68.72479666826186,0.9176838462671002,0.5257449445822346,1
70.74749057038284,71.01486505743019,4.47287486854627,0.5467920447546295,1
33.43767302447109,1.7570010966440552,4.435197258534643,0.5806694404617968,1
112.43455438701382,48.82670667566097,13.025622476852849,0.4761081151358634,1
49.1345926707621,52.20613405057573,10.23972147061922,0.19555713150637674,0
71.55043006531587,116.88716858525159,2.627952007577293,0.36264271449600094,0
10.923161329176686,125.26902256148155,23.87485776740465,0.2753778237797612,0
106.90666137953141,135.07970540325906,18.042372038640206,0.38308922975513127,0
12.36043033413479,114.65951086940761,16.4452486520529,0.0,0
47.285609642720765,160.9413480977962,15.498724748667978,0.22588518903530905,0
106.26890691973576,100.11291952996028,17.50490634634901,0.4346072568120379,1
113.39928119076839,56.40773509865849,4.705139961414104,0.6885525018791956,1
108.47707783412956,7.232264799640231,17.51271779875244,0.8391142184081101,1
99.31117711234577,130.8322900083765,8.838220558131702,0.4812420767401197,1
27.996093648078887,101.22052694002376,4.871810586570072,0.35141213861286963,0
3.822484608541621,29.406164037480877,7.031601552816985,0.23892579827976138,0
54.21714551068237,92.06142303778793,19.89354979796313,0.3818094208624179,0
7.581550282204881,169.97829613376805,9.901107342985517,0.15181536199067286,0
115.264106865908,108.99081041943639,21.05188035622129,0.5164342847739407,1
0.9824931920723401,55.63507445930233,23.888393447039864,0.3012515040179921,0
39.05767154650634,145.2071016633945,22.57371139159342,0.3703240301725703,0
24.395076200320332,71.05894702296972,11.55497032968686,0.09983565171366275,0
1.6429113748559487,2.6975591647355768,13.588602858403258,0.29792960803979107,0
59.88936720363836,14.352860722385483,14.51181922860999,0.6217618555928377,1
9.125976600700522,173.07513736164796,2.205069501351608,0.2374853776985562,0
107.99269871400254,16.86017191639978,18.207987861190002,0.6644528604519349,1
82.5153507106591,141.0091124513271,19.30202843441564,0.4174453645498958,1
44.400087776508805,5.525017619002002,4.851379408875805,0.6416520291055855,1
100.98768890815315,76.28077415582659,8.182436329321995,0.36883971607934274,0
95.62291635384211,50.76590872336647,15.254127208086096,0.4553569315507347,1
39.17293111575447,61.92869486697321,22.944126158517385,0.4220361910270024,1
101.66738014326424,16.359685938742864,8.641514105454617,0.8232127061438046,1
111.52773594280464,72.35984797013244,21.121095755899102,0.5386409931495648,1
74.38700837452298,136.6707402363176,1.6793399158548956,0.4390371531644009,1
42.21395935257744,94.46087135996773,13.198558963104686,0.20553849923446404,0
108.07032578830622,23.78853919551562,7.219391438103997,0.6635494212944515,1
113.14397440477805,144.99130308434223,20.72719963710964,0.571428408466805,1
41.674069422341006,156.83604513207754,4.5277920509961245,0.3503196162733916,0
10.355030694931315,82.11836580822455,2.3009003210803654,0.3004072457787336,0
104.1372136921066,64.65311721948763,9.17368828707609,0.4451606685562036,1
79.77520482767831,3.201706517321774,18.19250656017235,0.6987771307644028,1
27.83973890984506,12.699862384996814,17.664447340932774,0.3285177943399493,0
68.03126560610072,67.55760584890555,8.249295433286841,0.5373338247764027,1
36.98324029431773,20.398237415627815,17.504172619202492,0.4389997399436397,1
110.3026052410492,174.5006283250144,3.6035235227175653,0.6077490686468744,1
41.053765931273404,115.94453917021269,10.808684110158627,0.1263430616938947,0
23.55096146467745,56.31158267292455,21.046522401743232,0.25123345927481633,0
5.185100864203012,105.29489077905858,3.941884137594357,0.2195598680791674,0
41.10205053031565,30.277456150575002,5.843041989128734,0.4356083922234192,1
118.73368063005773,165.11734589606917,8.670948203428669,0.64484338919673,1
26.200769679242917,90.14104982080242,5.147278601326464,0.3749552368306522,0
54.966156932294645,125.92984215710693,12.776869274885616,0.13550435474565586,0
116.65279443835362,32.76693408885451,10.115535830002674,0.6708528449368925,1
0.8057011441958473,85.27652988937723,14.3118516255625,0.0032959233410148913,0
35.40757907220055,128.49029909657216,0.4947095342634942,0.42596776772197825,1
98.54209034667068,69.74100548064445,19.562149295286556,0.4328761318856098,1
11.487802657054216,11.710790748109247,9.541211751244681,0.5084291134963369,1
111.39553519598144,84.44977925458433,1.6521084321021071,0.6715713804105943,1
100.14689242491143,148.3210925474433,14.900421341667574,0.5175809039298976,1
17.16619899988789,83.17769158926399,4.224144233921978,0.25965161026297967,0
71.08151225647082,176.35172512531275,5.184060543720324,0.5689716176404004,1
66.65979013136077,100.72820986846904,18.169924768386387,0.3088236121960438,0
83.24322235399525,158.88800769693444,1.7464092684696073,0.6775536484793654,1
36.82084166508112,5.859960477063277,22.742618766083652,0.6023710646026142,1
46.09855328386101,113.64418014460797,5.914101825361992,0.28724494453103844,0
28.896123833889703,91.86342964097649,14.566083779233521,0.033599691583408656,0
35.027939378637875,64.41285787304928,2.8808163065513597,0.3327017932497238,0
21.087449082983483,162.37871176536618,23.99436318932048,0.35368369441491143,0
108.52836077247439,16.55877433105192,22.89145711633313,0.860431754895803,1
106.4908976553209,87.48924650656845,15.752441688233027,0.4197544995605534,1
43.20199138013126,55.16712855393082,6.427181347184437,0.4347048999273565,1
83.18615551518663,172.80453331270732,8.712648319071382,0.5276286885100822,1
58.83306126417993,140.699682407197,13.9582767153769,0.14955055584741728,0
33.693927192244224,36.12936156346399,6.692585925622669,0.4822633401312327,1
41.952505558114524,22.99229348559649,14.099872754433314,0.5036306875590987,1
115.81868275783053,4.277801285237743,21.767850817428943,0.849785748547592,1
40.97537527273413,32.32296277634289,3.5367897934549717,0.49175720218938396,1
69.43997252547534,167.2185835752567,6.54981154899751,0.4593892424070426,1
113.41229865740307,157.11152513985823,23.102119971453323,0.656453094165154,1
35.71126449408386,143.98776326260634,20.662589442452088,0.24225113994606334,0
97.07280390573358,72.05671841452488,0.8231852423954455,0.6025914973244811,1
13.689694741153623,86.72978842695073,2.3921077670272597,0.41274434070946864,1
87.99966216258606,103.53944494205915,15.511550415077284,0.40316264712672234,1
96.80252498536186,145.83853170646762,20.051725405027383,0.4326333685582088,1
100.49325695096994,0.7662347834057393,23.489980247591163,0.7769100691065073,1
117.00636162436142,32.63167989408178,3.122812685360061,0.7423091902783023,1
85.3126486557703,104.6516150682194,11.40705050371325,0.35972342861669265,0
117.2653286838186,25.441338193629523,12.321196319779784,0.5689546960544117,1
33.40240016742782,168.8643407440284,20.475597682016755,0.2063945671459856,0
62.587305247332395,8.032469040074123,11.678958401073416,0.5668994701913074,1
25.688902469326106,175.2549905057304,0.9339070405313796,0.32116251608715285,0
10.023447536777539,38.61933753046978,1.8117560228476233,0.36714176350602246,0
52.672362537312246,34.89264596883265,12.01107287770553,0.35420063578543254,0
86.36164453761926,76.40050300940135,3.238167537271302,0.6684285789350165,1
93.41362372417996,114.81325276221722,12.300148399325082,0.38353821656458276,0
2.0386151640279193,176.32321157854784,14.122653702659223,0.055598218242681276,0
113.06628902705282,85.7330093235094,12.170859777140368,0.4433848046892102,1
29.668015038386798,161.65834090950864,13.886656043194742,0.2193592089490473,0
35.06402594645688,160.28771326853172,0.37646537098611077,0.28412169415607064,0
99.88943830719181,177.20451473686765,16.692593655281684,0.3254942117897578,0
107.30578284527084,64.78018219794298,0.8884818238315937,0.6111919980660365,1
88.37242396687863,85.41556581097225,12.04679528849188,0.4888645682217406,1
39.93799303992484,3.891235431759079,3.633066215613348,0.7767725862735628,1
55.541098168042886,69.08555665891224,9.686155288856181,0.20264006139180618,0
100.15260974799457,63.65126982645246,19.398888416728713,0.44859419283727797,1
42.87702515879062,22.39272960051793,20.17683721394004,0.5177930894499122,1
96.63672075263045,149.8411822036478,21.239777413150115,0.5318318949117585,1
93.84113479703632,50.25293606040556,16.65145711578503,0.49138414318422463,1
56.24057413668584,23.536729686538305,12.820024752646855,0.36450028914390303,0
107.58660572016247,20.783891605018358,19.256071119632182,0.5842172742207268,1
46.14237047854553,4.401605287062247,1.6740042463537295,0.7435898330377777,1
89.98983840271964,135.9375675690975,0.759882235949517,0.6682542820045239,1
76.7698588253816,95.75610228023564,21.176877423007078,0.34313556466755935,0
39.75007993388268,94.25115677475094,17.33602071081382,0.062259343494841524,0
63.81407414725393,74.47479055386268,10.30417224714489,0.26154332039127753,0
72.72478524656016,173.48568337311002,6.123600491416166,0.32584664582120193,0
64.41911089064865,68.04267093236639,23.32494729820072,0.49207171240053366,1
13.28628910275314,85.4761504895515,5.146105333333821,0.17858255956830094,0
118.97407093288611,124.20142161596365,6.07547723897738,0.683263798708277,1
115.99255099673609,167.23429886639494,22.651805002989597,0.6158362389616476,1
4.4969375432324465,154.5361808779387,18.23383813079427,0.09530494760651868,0
113.31357652915271,158.6810711032249,20.407234337543052,0.6094486781975615,1
63.77866151677588,32.98737589024711,22.529916775189946,0.5618030051123383,1
15.0845405214279,170.0225117037813,22.983649797927463,0.19854541653113444,0
98.46828694987883,148.294207183275,9.423537443736777,0.5127202038124733,1
51.95581061001154,59.360861893905195,5.913597926516883,0.2850249430545441,0
85.58287987149565,144.97246740948665,13.488204824621926,0.42051040209359586,1
99.26679817984588,171.51266917553738,9.186563517423838,0.4164013316463122,1
64.56475659811241,133.79785272270024,8.076902795045644,0.32766296453187643,0
5.959835164992553,132.96251127584483,13.884239615933716,0.05004222950481045,0
98.6964975371325,150.93494151875134,21.45992117647046,0.5709356020235316,1
83.28459896599864,158.17808909368415,13.131369025624203,0.3509660327617234,0
109.21697341333876,140.61243584268863,8.137146192654633,0.4273668768536659,1
32.41645091516333,13.990366844312131,4.540434440289176,0.513324311553564,1
94.22055963747545,37.55635950606719,19.986615111723786,0.614072834993904,1
104.77411534640129,21.744281466393836,15.294674801244675,0.6173248402030614,1
42.606132206943826,83.87474713082038,5.209305763137924,0.3617357280137878,0
49.222561148581306,11.815353838428502,19.483943116072233,0.624267320969149,1
40.07849622931785,99.11004159099456,1.9205432340348318,0.38794846499328145,0
0.6873057360163548,166.37274728005485,2.1160276583600757,0.3184059896796022,0
27.78688731287726,176.67600787130337,7.02751044808139,0.3366773423799583,0
39.784361296105274,6.747248361846525,18.819812126625266,0.5268436456802198,1
13.0084565760508,122.86030633307213,12.610976869047917,0.043551948468727064,0
91.8667495379243,25.74227203285436,16.599158303614523,0.5954912386066517,1
51.23431403030353,155.18239752197684,21.757140010810907,0.40409261661930557,1
68.18571430201149,5.610121814284921,23.679059716964833,0.7987768735893048,1
34.15279396661779,18.577929296044594,20.137460366129226,0.40432296185201555,1
43.24179675483049,58.25080599511818,10.516492769883406,0.25221715061570593,0
90.40608589150587,0.950518715549602,13.078785292998486,0.7495537719948149,1
56.37815632607547,119.18662126349533,0.03815159849448957,0.4257556376603204,1
71.58264258076176,37.01990619985527,1.8859732064725634,0.6432374962454659,1
50.72166180497091,129.58463621662906,10.515123184603363,0.22233615260985146,0
66.84418478048431,170.91250458352113,7.833509517032714,0.4430222660367391,1
107.68299402119618,84.66993137814097,12.553531440878164,0.26895696580036,0
32.08820516240897,84.6252996431246,0.13830126007028287,0.4677311316475146,1
62.28743568712228,179.36043351542057,22.773637208270802,0.47772511392529965,1
82.46713291122501,56.469256990878776,11.561834555475109,0.3361165027408999,0
10.414738674035817,159.45463545450204,3.9117448056870527,0.29329014722744035,0
115.44091037294521,128.3660815964855,15.350619108919155,0.5197997225464228,1
59.85092880708357,1.6311512284196605,13.846967551273732,0.542781346912748,1
29.440466435999472,53.573283954382774,16.97968898919565,0.2260492927341669,0
91.25169391758044,129.77862406140642,23.74112062365003,0.6554535973935973,1
97.86970849404656,8.121514394330795,10.55900705687692,0.6862513872745032,1
75.67436741831055,154.34616810471226,0.002672341227025754,0.5694843498564247,1
109.93953277377881,164.20980022333734,4.813982127815486,0.7334506283778044,1
10.669283208605345,136.70408807950346,9.789989545466922,0.14851879509230123,0
63.31181865660224,145.9963400580863,6.054615175659279,0.38085323622016315,0
89.14681018497672,107.5366755980011,11.691293643620256,0.4111068663588848,1
110.01817601501322,145.524361974376,15.162914383263317,0.5612768050057355,1
76.97361383686975,84.15754235077993,12.57275573736474,0.27592641198251316,0
72.27742072813582,73.50036625404174,1.2813720406464837,0.5513536999908399,1
46.58736155843493,126.53297990740896,0.6039281489781931,0.4472391904776964,1
68.59320378208116,83.75559815036341,0.668634859851962,0.5622754986755363,1
66.57562765878146,55.91385016665758,16.436131242818597,0.2670444140923048,0
108.6029986103449,47.6511955712414,9.751462898460762,0.5382778032478533,1
99.2521447685761,78.69360826028608,13.228632823356014,0.5118960037062152,1
88.46345885382304,68.76406533024443,9.591952395849965,0.4554048740313137,1
110.85418143259547,135.7438617536242,16.576785853386653,0.4010780205645168,1
7.939502770254441,141.13711232812335,23.774925428932647,0.3151628889785537,0
92.35411285842734,143.69273308037256,14.715569830100641,0.35398534599798287,0
55.63399824239434,152.06588345655345,4.932100676191235,0.5317100600131122,1
90.21657570683965,65.20560504529207,17.423325494104276,0.27422327233893057,0
35.541300570821775,66.49753707928998,5.130610760150087,0.3516867738494129,0
56.08059343298652,150.85356165549686,16.522488260472468,0.30601109710080465,0
98.9508866961235,32.42153932820804,13.777331985703746,0.42210860881066264,1
4.221625028682512,126.34978611675625,0.2768051794123112,0.20261829830413447,0
34.93518553642561,94.45496610538318,4.525042607286996,0.3889357580274072,0
58.61541538294219,119.96622560310011,5.444385970245714,0.42612610038601817,1
102.18025959684779,125.4450880189719,9.063034928528872,0.45400484383432305,1
32.40398335448297,120.4009409763164,21.220193838926267,0.30831065911264366,0
98.76892852443017,42.306322192690324,17.044809017478563,0.40117855280189046,1
29.34533318608768,4.228791138542118,11.514300113361205,0.35736842646518546,0
36.37811358425957,171.46788474174392,9.735744133241226,0.3280299524803208,0
66.45817094511507,161.56369951527117,0.7187791320934487,0.44864703451026444,1
78.46862437610251,90.85328949999291,5.224872906460088,0.5338643144410459,1
105.60839925691889,119.02454995811273,21.113877072747222,0.554543842037929,1
105.53604839307529,16.39554358854587,9.062392913162913,0.7654004257393981,1
30.01941001946452,82.51016687460101,6.578891265576973,0.3071182886969115,0
89.47226004647062,105.83168207619754,22.57147716313032,0.5677779469107915,1
76.19916255656777,125.97338848671494,5.329255562756856,0.5733162462996895,1
46.337223949000446,39.43111570500496,19.2133991453448,0.39975782640446406,1
93.12502385747443,16.66939551488561,9.154622107660632,0.5369205890484209,1
107.70232466757159,173.01224969281282,8.762290561770804,0.45956043928771617,1
57.50334880871655,152.73775973085404,8.01582988062442,0.44033951699404666,1
109.93264139563055,32.1447933869794,6.482455625263036,0.7998029909452458,1
15.314490716222181,148.06953679923845,6.322714282111018,0.2208118855162426,0
19.94288252713777,146.21922966134687,6.762131578988959,0.13064840336725597,0
91.70413001409105,32.676193014327936,11.156368179401298,0.46539488308078475,1
36.66620232766234,144.82720022987561,10.640150673234007,0.32842281491619973,0
70.24390202238973,68.784710655827,0.46057904064019084,0.5877687947774777,1
59.64853281407558,60.1554304211525,9.461784417079242,0.38798877323958003,0
17.494252743667293,28.892417009951757,19.66707954091743,0.22482329735879675,0
90.50803922464162,106.45841495538242,18.06942793450457,0.31117694942991836,0
88.97190490558259,110.34455645408461,3.0385166340123,0.5394388376840988,1
17.424410638705517,92.05413084265973,4.975859836982451,0.18662537381569372,0
31.17259699828208,17.972878910448852,15.100434470840547,0.3411945070647751,0
96.07016248948165,143.23607134961063,15.08797280591911,0.29086031250938155,0
109.46770703528834,57.021774732079145,1.2047971996606641,0.7067445657776813,1
104.41081473168926,47.610681939196944,7.4627985513529325,0.5817921971905582,1
60.22343205493296,115.40227121467528,12.261196437601114,0.2009590779734337,0
44.087453049383505,33.259320522766146,16.362728679007642,0.36855656227755584,0
53.43022927532276,163.8635950103887,13.500806419393179,0.23363588639022465,0
21.166619356492625,116.66543328220594,15.434542259183544,0.09828823607127651,0
59.51866136953578,142.06234274717795,21.27690083849867,0.36510646977608385,0
27.706504267120327,61.31675808145786,21.02836838061467,0.2598408944564206,0
19.433957000117097,77.1121212774139,4.8156155587413965,0.1582019297530819,0
45.67474339478921,45.252318393887904,20.836546015972488,0.2626869166147321,0
7.672246007717232,45.1919207880755,5.070924789238781,0.2688138429988809,0
56.44249665890645,74.70549203115412,0.08245278531808875,0.4568818016281638,1
83.5363961714691,141.6807721278198,18.745102153071578,0.520932720186979,1
78.16878142218704,90.55393369280988,21.76194883153374,0.5022894443716658,1
117.03104839965471,149.99115846667127,2.4871873276744436,0.620543701529246,1
106.29534801632518,20.112395968642417,18.059852327160574,0.629679419016067,1
76.05020990154829,52.05522341251518,1.9388510620378723,0.488512803197238,1
107.71471828730039,6.598906849546795,21.964675337017024,0.855413397577052,1
53.33360278395372,164.39347748853106,11.130864618166648,0.22838607693334073,0
95.86489485816526,11.343678153260356,11.700796957776227,0.6231165701843251,1
34.137547886890076,97.5629583820318,21.849726109322315,0.33088403439827696,0
63.20434053821781,121.20210637519804,7.296425648042933,0.4577659267228112,1
117.58415631128021,36.74330904490779,12.97648477246771,0.6099012690361068,1
71.85596326068773,176.40142991391733,2.4210942196156733,0.43983212093859425,1
60.81495581470403,176.52461181907657,4.248573898234898,0.5162518453843115,1
94.47691103700927,42.88691841196426,12.832218599133684,0.3765945290663534,0
37.482875446630885,25.119636591701063,20.794382758437923,0.49313218316211094,1
99.72528253145845,116.95460528458214,8.904502068471455,0.47720379125844203,1
2.2254894150199522,92.63465232252473,0.13487979569953712,0.3607907490159613,0
28.590760813363637,108.76926607611468,5.581619268002045,0.30019197635062705,0
21.26966504997956,111.25185193447423,11.938556555868853,0.09190641366991235,0
30.882052681183772,172.10304897146526,1.5321656285458616,0.3469423915399295,0
113.46377894097891,138.32138451067854,3.446383321254305,0.7270826858739569,1
2.867404501717532,56.26854018225718,5.397161656596587,0.25565266125206654,0
35.849409856385314,134.53306988137965,20.225253763390413,0.24952260066747975,0
68.92689143484799,80.85736075885974,10.243261388204534,0.372887536298703,0
84.37073570327212,175.58212142284265,3.3332078727281447,0.7053199526218431,1
92.85406997374888,85.9305990667986,12.901223713363397,0.4667831189584598,1
45.99435789250326,1.9699021159748509,13.80134389910425,0.5675637879463392,1
26.42086110736357,165.05342764229815,14.803243489140876,0.0661918907636864,0
102.28230919882604,49.825131986414014,17.730394330276013,0.48440388809740376,1
14.651060461388848,147.8796393373656,13.608342602652712,0.06813019468097177,0
7.802626818906506,110.077987362382,1.2498390228072678,0.16073703320987964,0
27.789571729359757,133.97069445926883,14.26816677813429,0.2246170627761703,0
59.110425959464585,132.9832355056337,14.536718982445056,0.12515921569477348,0
113.05904462226374,162.9917512268006,12.066065288449249,0.4687378031067315,1
87.46224577886554,149.98819960544563,3.46819651202588,0.48518014536330467,1
67.67668108743382,116.15913942028423,4.945228027936888,0.4785759936891719,1
62.54628900897151,58.797749335179006,15.046672875406479,0.3037226874347777,0
83.21008763563444,88.88683992419601,18.491918083870786,0.4264810884036704,1
75.17600112059797,50.18327639476614,1.7539760804385205,0.5230379683417048,1
40.35736158655023,60.60999508525671,18.263438298728552,0.1782209916080841,0
11.127608656045865,82.90119231825834,10.823781703970338,0.14809112393075258,0
24.110642306466556,76.16813133046253,15.083963373371848,0.09258340750225016,0
93.92500587808071,52.10413559960121,18.8583161205038,0.48954170807389047,1
76.13439276241351,54.817158293255005,2.01740383215797,0.6276225509940907,1
95.66131138656735,56.07147503083845,17.502890699038772,0.25580304333335663,0
5.33891666477992,34.46838195437449,17.843395960938576,0.2250543628813441,0
108.09836431787676,104.9130234922605,11.232375143309419,0.5253957283922385,1
45.870197661382434,16.65550106707159,6.1867778367920305,0.695420874848506,1
111.14009259347031,44.69517909805323,13.788697072284538,0.5424210657223673,1
71.34226003358854,30.713951831174466,14.085763214611697,0.36521914655351423,0
65.67753853537135,127.20401603109839,9.677502343835112,0.3864775389830539,0
98.1692663055123,50.399850666701155,12.619301472480307,0.5549877449406699,1
75.05176035208467,17.941073324845064,17.68282058832824,0.503320101112288,1
80.94861844337707,147.83085311727612,19.018445647107523,0.348932010316143,0
18.912173763684784,78.80127613499431,22.673987559487184,0.26793764042310336,0
72.53484262812631,144.77539648434882,23.36753767566072,0.46697655784646064,1
42.77993305062574,57.73934280309649,0.5647766647505543,0.27441395065735597,0
9.07052853413691,62.37256178551992,21.717185860419335,0.052359975277491616,0
15.982922335634067,100.62427322446439,21.165691460437866,0.13417907601981854,0
57.57590391608887,12.539692917001148,23.938549822343447,0.6437835356231181,1
31.50056953444564,175.84398687360724,19.01126828418748,0.24279611525424705,0
91.838744499861,24.007127979165165,22.7269112748802,0.6966683603933544,1
14.68781795709515,164.36904609619847,23.550015515100263,0.2941875478016203,0
1.6582706780817258,118.69140148333724,3.221128407713442,0.3457222035942477,0
119.63755781424481,137.55326758910886,2.889648064010557,0.9030068449457169,1
37.55663837495077,37.79550594190609,13.470580323314245,0.3150583006871676,0
61.17478046461048,160.567882921286,21.979256427752873,0.35085588645646376,0
25.205654923534247,96.45597438790874,12.762042873679475,0.1711809771505352,0
25.055851164636923,74.40152667997828,12.168098225834237,0.10956936960706036,0
48.276417440241055,34.691581116751266,20.574526418243288,0.4765829075048918,1
94.77588850003525,30.842632139079214,14.034280000882317,0.5691907785775682,1
4.68028811603602,155.28481698545733,19.787782368651964,0.19057526614751624,0
100.47647053342918,174.53124369252606,14.488856139751299,0.2891834390263267,0
118.8320865195257,75.28888188942925,12.42323872763522,0.3793288303210057,0
67.09946617180071,130.2335293770912,11.949851095896776,0.2891976038761787,0
43.20135308708095,125.7425791634412,19.07047048467808,0.3069534697189804,0
28.072295717596315,88.8902779849935,2.955080839082706,0.49786431334139986,1
21.95412056863203,86.45749524548395,8.13437687027842,0.2458459048096301,0
38.80028726476602,99.56770822244474,2.3352232069341996,0.37146236513884967,0
102.1988608375231,62.39359065679163,15.811558684910704,0.36513051306478334,0
0.39067996466271904,134.208274428493,9.71924587497851,0.02467317439477487,0
94.31743205296887,75.23221636910829,21.476220292158683,0.43805957383723754,1
80.09175928146644,90.82665761821306,8.18579602685524,0.33098478438023005,0
2.2819245396216425,32.7210253315669,22.02361319623742,0.2964669439229484,0
8.345740040603818,175.6279606681981,7.480451550965155,0.1812600761553244,0
88.2074658243691,13.995161251502848,22.64396244546821,0.7140792058834217,1
80.78052261273773,129.04632075695855,21.560829095403022,0.47986120665309184,1
37.61912129330292,118.92201553605145,6.938058379788255,0.28237505573431815,0
103.35480841864225,62.01226889249855,12.76423363609559,0.3796237223196432,0
25.21884975854303,175.78838630120643,1.7850361632054854,0.3157209260147112,0
51.22906040459398,6.57148774863942,14.906255668644597,0.48383806464034523,1
13.800522766091042,49.102005783961744,16.292211017354084,0.13048856493093963,0
77.48332764944003,60.78052183781264,11.051917369111543,0.14522708453303154,0
10.442819823261914,115.56020643296866,10.356742087222816,0.11125352486938757,0
21.537836478926277,106.22595209391208,11.856084019943399,0.1083888063664703,0
91.96203307751506,128.0776425342743,18.927694767183368,0.39449218022663884,1
60.028644853060534,154.88296151295486,4.795709014389483,0.4559132822929961,1
79.42411472391206,3.4813848622109633,20.044673901182918,0.6603443902163358,1
88.07438228521963,100.9136121547897,17.20844092901148,0.381361019615628,0
72.78610758538004,72.19233751028533,9.524669255668332,0.29041101445744666,0
23.731183121417022,124.07461953408854,23.37506586408641,0.35853613921725513,0
83.81937459609152,94.84189493629063,13.99878159413402,0.3393341342482944,0
13.912542861773467,62.68507276010213,12.243505587228643,0.0,0
32.37747752953835,1.238764052341872,12.719338992165772,0.37524087355783664,0
53.77644942581189,55.92777210903521,8.219176449516706,0.38914011136328375,0
13.732922077398882,80.28290095640808,12.66359598491984,0.08801071585012778,0
12.7188780299883,60.67033104164156,2.244661250091534,0.3080473454866046,0
78.27240052082178,68.26216111406782,14.547333124604014,0.21803691218571694,0
89.0348989762645,117.19399444106062,8.162779550722849,0.4078774247450938,1
44.48290202817305,60.38656532262515,15.850866326219883,0.1934014021841733,0
46.782530281060424,153.1669610755784,14.492161029442919,0.19776318357758804,0
24.912120129296724,65.04168184549906,23.820321680056246,0.32352206859154803,0
62.595336414332515,78.21654305536576,17.7172399994095,0.2333460840899,0
69.64422017110546,78.00724583295043,0.19251656802904016,0.4826634818549889,1
112.03278151916989,162.5804980090494,2.880671756092741,0.6337842397881397,1
4.869605732131497,108.86476832569241,11.887316099340843,0.0,0
109.04699916936866,173.63647235114712,12.962639784428568,0.3390045473319746,0
118.87772047550841,0.8027608874040815,11.431461471917604,0.7143241076286939,1
41.5540815983714,171.99809125913475,17.579440296130183,0.10463858447096613,0
87.09695368369717,35.09890412839487,22.417354533857043,0.6830485492639881,1
98.98135768809819,161.52130272594724,1.488687803692394,0.6735411309057939,1
78.13518366258292,7.913805904638405,15.046693793962044,0.6196000760366063,1
34.668550988175305,154.1292657944145,6.929570634588233,0.23693024620048703,0
74.74879262312335,113.86129714897281,9.373743299364808,0.3104436060008201,0
105.22905480665294,123.36835290815526,22.91396706443439,0.6236704069385963,1
12.845697967051066,70.4117995512534,1.6103472800372884,0.26609591694577206,0
57.596794523840636,69.86135579894183,4.923914104901389,0.4103128024145377,1
2.7174487479579668,28.20275885951643,12.094506074080012,0.1635576233015025,0
101.39522192637773,25.2914530547425,17.948918857841736,0.5051475095565868,1
93.41880914805608,112.3581046967944,22.839510086226646,0.6472823666002496,1
5.524049221541261,61.56197392239437,23.349371115140748,0.14400165823282873,0
89.49735602569785,5.182468005478446,22.271566607857807,0.6973946809803705,1
82.98684615835846,30.50675179488032,18.66648334606782,0.5964315854579857,1
15.15015218797478,30.601534663725346,10.811106452589474,0.1702641963207937,0
63.02020983106611,34.78339013544474,6.832531614132229,0.5986778550546259,1
82.72317642303082,81.75025889102749,20.70471137862136,0.481863861584658,1
40.25825724626563,163.8875619362224,17.946252560782163,0.2366145122897346,0
60.467795862846884,104.7346727769831,17.047087952186295,0.2387104266831304,0
117.11187041574686,133.25286673590378,18.513047927413137,0.42028060058000527,1
76.28182152027043,18.99071447039849,21.997220831853486,0.5976446247569042,1
60.239198339655466,124.64949024056924,13.111247020605767,0.23648668378906887,0
7.919692980634143,155.71335207775616,6.128014114052084,0.20635555836757577,0
14.540572698653097,179.05229678466583,0.28267219903246144,0.20975832351410972,0
102.09240732335225,128.2084378623671,5.763218506086881,0.49912192745540024,1
89.11183016750746,109.28965131663335,15.751732722650807,0.28799052830387933,0
100.21138151095403,173.1753303960608,8.851187661712036,0.4690462599010454,1
69.37026560035548,23.235138549604088,4.720487737900747,0.6936551621197193,1
69.12113049131675,142.73007187294075,3.182258973160627,0.5650203229139554,1
63.66929373529068,129.49457671584526,0.8296294612220931,0.45767196092953333,1
88.20979916312687,130.7142427634436,13.697358167233912,0.42910286497035177,1
39.625264272862445,63.847785668907584,15.784330778339092,0.21110596933665732,0
59.60472079036438,14.33427156251945,22.89944920451145,0.7637499762506305,1
56.37213743297852,25.465650117100594,18.767258758297586,0.4097683121508113,1
79.39647249480429,121.8548032121746,3.746390472281666,0.5745029749008351,1
25.94529143135641,56.170427814590646,4.935965591467915,0.40555816970806186,1
3.0089133289930503,170.82527387495446,23.198341637403697,0.10847607872746547,0
10.627246644175358,21.934864998309948,6.971797421848471,0.4514039700862426,1
21.509069568157123,146.57432665249064,12.969655654531685,0.11342348870387578,0
102.86936469801577,85.91012853717965,19.297666122796187,0.5506042827649967,1
86.02044120084427,52.9613019585335,15.34890838953769,0.377302742116987,0
89.99652085435962,45.85704709291125,0.9419851852877885,0.7315808942515298,1
53.30746627665667,63.61676619451761,11.331826835487885,0.20052663323370937,0
12.332539693727401,66.2296675683354,12.78190307102352,0.017203412607773992,0
55.83278386686196,40.70183687530367,12.891995764477336,0.36011150121744984,0
103.55842394257746,39.41720547233406,2.6800854276821076,0.7885800484888813,1
61.09859262600025,174.80513989020181,23.124516470642593,0.3539546783328227,0
75.82043058063483,75.84424390912972,12.000683949351703,0.3829161082021488,0
44.90320999556529,112.14796914139971,16.13670642869008,0.26748255792085873,0
18.010404337684495,126.47301984115585,18.39292810706585,0.2115128641190847,0
75.19543169419826,59.74436977971679,6.0600979766421315,0.4196583935556515,1
58.19730973574919,168.29585541937686,0.6296996087355238,0.546140017520261,1
41.475144908791506,52.88958535027318,14.769299759932782,0.2288797961251763,0
31.022349301903382,34.54858526928177,21.843259942715584,0.48971273627180145,1
83.51896097778915,8.009428038251214,21.34324790218585,0.7377863143125004,1
38.149380434015264,47.334813940184254,21.061158992745746,0.3365781580242827,0
69.11598117958889,11.058979361837949,4.886873041358412,0.6720961107449375,1
31.16897799070172,112.95623752130584,21.206001109560084,0.2392209514352451,0
90.4093945914184,103.57950642929335,1.8275037456115362,0.6499804731112799,1
44.99399432792234,4.056445190062288,6.837631259585718,0.5586057150851204,1
57.41926830350243,170.99743548803147,19.811388038223022,0.29245433398716286,0
111.3095165012175,131.14916015389957,2.2368699292038823,0.6896085558244333,1
86.20582338366353,99.03907179502967,18.73923105288331,0.3900150443315646,1
88.35980573213104,170.07977167415095,19.093749923449167,0.2878768855003425,0
40.721022459717126,95.36638673481741,21.769867260061567,0.28912188926791466,0
100.84049231426843,31.7073024630649,20.554443715455918,0.6382527162716292,1
46.29101865507542,140.3505744871647,17.220398368473163,0.3247947562184046,0
118.59670058463585,171.93340045239734,4.015245213322265,0.7230352857123812,1
107.50794759478856,10.788227804940004,2.7932700074392285,0.8288607349223227,1
79.09495977801818,90.69753377957609,1.919974154640184,0.47194539321116896,1
99.77567116326563,40.753035676246014,7.467716588354404,0.5819234437156189,1
65.28521331205944,162.71386160276825,7.486598323245731,0.40200965206748457,1
87.970362672976,17.24221161208682,23.785532110461922,0.7204402067115919,1
14.972916268765237,145.20429417718822,20.49792354949887,0.22699233289842669,0
118.6302751503856,37.10677187938815,2.2464103888809666,0.7138329900740253,1
96.02534767031273,115.43017948108196,11.298619570812019,0.41245796551844743,1
17.093085696367925,124.55900885553886,19.23051849671718,0.24488863692832158,0
29.11372664464701,136.90054142785976,9.40636829823689,0.008986565210022335,0
68.99664857367058,9.547368702909498,12.525618690706423,0.5182810884517577,1
91.5301673862052,86.9707084250763,21.036065094197337,0.518962986901202,1
17.862447172405936,22.6121043920235,21.999092955134714,0.4719181970660321,1
115.27651941079911,22.7794597132671,4.112379466495218,0.8565928545007051,1
41.512960567978475,29.138495867788134,19.69582146990861,0.42060215836549986,1
119.3969433741407,26.63082573850737,10.791121794381578,0.6753876781036903,1
90.31029299628644,168.29367872955197,0.5423900423518235,0.5871391608502976,1
58.262620604122894,100.87431893369177,7.274142526730531,0.37326546624791,0
43.524060039926766,45.66900402864061,21.349229147644962,0.5099228332647578,1
11.578617877063063,87.39185718213191,4.41231535129421,0.3388163667798322,0
10.548057438643571,9.894622588948065,3.965012547556036,0.5865445263351393,1
75.53439293613475,38.88334108402022,22.96215936393447,0.5585244309934974,1
92.82250867340029,112.86873654129133,10.391728585524739,0.36693843488199057,0
108.9050512834906,125.01815609960346,21.90931716529114,0.6649556770837329,1
43.79871810752451,110.83330864793899,6.743527264414265,0.2586158891821029,0
112.51562576839832,177.2313583568644,1.4714894231830442,0.7398147727432487,1
35.62501530630746,176.3258501279472,21.974383319831574,0.22916526716432578,0
112.78592639322866,150.1188832350194,7.668518898729292,0.7027951354293981,1
110.2602481147495,83.83244217863869,22.565234023167278,0.7003037372630686,1
18.59985905650425,136.28395940984223,16.142364287055877,0.05179181770674634,0
103.2952828217336,44.84986654484849,20.037691017257327,0.5581118052889872,1
84.44292853879867,155.67202445311656,7.688010567632079,0.3136241164782382,0
84.29252774554139,43.871153949388635,17.106307823556236,0.4325091171930919,1
100.84948572923713,178.34131903836968,19.579710471846504,0.5700639065751348,1
64.39969119457022,2.456536518373431,16.29829832551752,0.5924800740784901,1
60.8121603763903,143.3188116082533,22.180546484812027,0.40300386873950406,1
44.04358383068399,90.11914700129314,21.744293966572798,0.48394821261757404,1
103.83002211188257,146.93660892248573,13.611370609209287,0.4274900263511693,1
108.13178573366375,93.80222006521721,22.622560410782608,0.6376741927137102,1
19.265375175758198,150.02418333098402,17.128594864178027,0.0918001295050776,0
92.66030030352431,127.51051653931465,21.85167483727099,0.5701913922289548,1
33.06135878827124,115.05085120049262,3.4307915083787837,0.542666725181902,1
22.06287540286443,171.24505578154967,7.169792514396018,0.265196602648767,0
23.665011387605123,21.223429406790252,3.6167265196546063,0.4087877227398463,1
68.79667471819151,166.71885051786762,0.5766239032511908,0.5142071895934462,1
33.572422107883696,93.92040213552725,15.72285059507797,0.26792809735607925,0
29.07345709563064,127.34326524936623,23.298881504936148,0.4096820890412367,1
11.819516155139492,120.28140086940583,15.099900672514531,0.014600630743435358,0
38.965444680820276,70.52274376427704,23.378185623100443,0.39147578418642626,1
92.8912498831169,94.81323715116716,19.720451402901393,0.3644128856537918,0
2.591837719551129,175.09476333802596,14.851299182650752,0.056126400723448606,0
57.91923137087511,87.88538533522595,9.583997629621408,0.2324517512012997,0
72.33674623033154,164.990990341829,4.748291967843264,0.4543268389645279,1
5.954304350406914,1.518398479102847,22.975025802874033,0.4891360292610197,1
35.27667074533745,103.361986443316,22.590337207277727,0.2872773756390573,0
108.77713930526453,124.02975682404865,21.574189673500385,0.6977554874252548,1
119.32042923788184,71.14583018125167,8.010290973471413,0.6721272657129351,1
102.03687922490495,14.62303440594279,17.982371970315945,0.6520880184978659,1
20.363774214490387,142.57372410193005,12.850359964977322,0.08850130976174733,0
91.69881477659189,135.53691353969373,19.75998770814318,0.5750790827993463,1
54.10388693451593,68.62574323278722,13.604857454490364,0.18413095692601142,0
20.477320821321566,17.564282081054014,0.2791138371999251,0.4963310232561538,1
57.706192140663276,151.10391413815074,6.659776691257006,0.3269716043090508,0
110.74565883749653,139.68629388319533,6.4799747263354766,0.6943205569822718,1
105.27031897903461,150.16441395243584,7.884926584447007,0.5346369838322339,1
46.98419699560233,147.39051679315847,8.272581932480785,0.29289091698012465,0
7.602263476559639,47.36117262003653,0.43159374117484894,0.30271591431379835,0
108.06639216078186,112.43353362602953,12.27045089713743,0.3561623148588376,0
118.35425320680324,83.84040122904065,22.57068891034391,0.7112548317565122,1
61.36731272564132,70.26522685609673,14.802704097528519,0.18043370174253423,0
27.033593611937057,73.86827186848159,5.113721373751808,0.2767113417560338,0
65.2551365057018,121.18356104484046,23.31210478360661,0.3510977169457933,0
83.5528262271218,179.66174901036527,21.03439894569793,0.3971407522351556,1
57.864869188186674,85.0790800181641,21.189964216335436,0.3452363126986777,0
42.30579203647268,65.98385903759879,2.804683701549341,0.3725050168628568,0
29.734117030536265,113.0220584148192,16.900867038908032,0.043045796583141185,0
35.62321209561194,113.25949565189205,7.894414898822354,0.22012297187523786,0
5.978482659459194,73.29144908064166,19.12894660569455,0.10946296498479216,0
30.608901332160734,116.2752741049882,8.991677171400006,0.029778598901972098,0
114.37561886371418,118.20022222875635,5.89985575732595,0.6581743663674396,1
0.9717070866919375,134.3898704135455,23.24656680313391,0.2033554923632813,0
87.29620687884251,30.064874980825508,20.50662052874557,0.5270147446259147,1
94.66956472089421,117.4607056778045,15.560655256756608,0.34615888227544034,0
48.565202340031234,75.21342434735055,11.542415719012535,0.2363870469776565,0
71.42889432258895,158.2934407399276,13.586379055650443,0.2675260871468852,0
26.505900763025174,111.30878253902651,15.81707789443693,0.11539620708958767,0
80.16542701494772,145.9750673307062,10.277139514104395,0.35547590668105333,0
84.9390908631748,145.8574947088685,9.80358508587422,0.4299249766040226,1
88.14820404523513,38.33191693863903,6.373635587086042,0.5226745026590797,1
59.00721365338481,13.965987199748929,15.004593794146903,0.4150650153875297,1
116.44991010570801,136.71313527498327,6.860437272991534,0.6235299341571358,1
103.95786195903634,9.980841721744838,10.018817698425476,0.702867091467207,1
68.69495957864231,170.6698679953694,6.913445046969242,0.3448624370597325,0
81.88352014953145,124.254631806701,21.934599858472648,0.4726365681896173,1
32.97436015043927,76.2035720302979,12.45608358849463,0.08551302457717032,0
113.23535384598743,120.64145859951807,3.601877733742743,0.6642386683912003,1
77.41706715666874,23.755900106110815,2.907910226613523,0.604761629633934,1
107.39088643401062,114.86353971865522,18.519037866137964,0.36957436190898457,0
34.63493326895622,165.6192819312593,22.4907690460522,0.231986137109842,0
117.88574567267884,0.02159555575560912,5.401478544118748,0.935394534195662,1
12.653274548344378,168.8599320979037,13.695210766581532,0.214063160213843,0
63.64189024249306,55.930156193442045,11.684730307982992,0.34661745141553063,0
13.25668996574513,71.44708404728743,10.528587126499101,0.17955749538164195,0
22.774537193186436,169.11817811901858,16.75924201988221,0.116148646838154,0
91.69808449347886,143.38474486060989,19.29402585996782,0.5524955803402462,1
7.931403716255612,69.28155462311493,19.66168792983266,0.16655891864575856,0
45.925237601685765,176.3259520510516,5.306297605194266,0.38157375468710863,0
22.99867067674823,5.866988385264234,14.464440648773394,0.43008253994624157,1
102.03256841574037,118.88810746007914,3.731836423935799,0.5364631001510373,1
9.885059685372894,91.69582801379296,4.479401760447045,0.11204740963938495,0
40.389227005105134,159.73885755552533,8.302129297049339,0.18463426279789347,0
102.74925307243426,3.365862577127987,13.73466428007606,0.7627452081903697,1
82.42966932036266,57.88814572104879,11.815592549852955,0.39907046218797404,1
84.39937867970337,86.098064527966,1.1317627588065449,0.5746922464035517,1
118.9425990805911,13.191370916801858,11.799134699778591,0.6828350729019479,1
2.810478653292998,116.20034478873016,4.070464670494791,0.22964640554523044,0
79.77818696772691,152.5726495936391,4.122248419262887,0.5553386018716605,1
89.39490653653915,163.1315399648713,20.717343027335307,0.4237300616855161,1
89.7808739132728,25.946224523179623,15.543334738453124,0.5679276960128464,1
85.68257548112001,91.15007813704715,5.92582952942253,0.44360258039304223,1
8.665498626212663,177.30230082240575,18.532506317213507,0.20038919852700113,0
10.072614766069968,12.877651085530777,23.56352588094293,0.4745354029257975,1
92.73623916882735,126.88373299528543,20.483703329938425,0.42449789089286594,1
73.41245384409075,51.48388916010579,3.559574054709148,0.5366708669654083,1
31.52089322777038,163.5407964314732,15.838167831978126,0.06802133198659484,0
1.1148472477331817,109.4781587761491,9.839777440998539,0.06071048663439901,0
64.01495852885573,161.33091801147444,10.575880263362105,0.1630310984868134,0
10.850852675031133,9.082227460779318,4.420936378866728,0.48607082852905736,1
89.80581203008342,109.00264085716732,3.0070708612138652,0.586003087197703,1
40.886629748907595,75.61767342525536,23.37684350896685,0.39948771028998575,1
96.8974308940691,19.416950415720386,10.968212231018008,0.5756130711245864,1
11.466689458640262,73.63893110075826,3.9580268579755487,0.3574897884189847,0
59.277129221683026,133.4781888737272,11.144097709749193,0.13919274054128722,0
11.971797651470094,104.77776352478496,10.95435404527667,0.06608748396918368,0
93.64321495737155,106.89658910843197,3.7429678133004805,0.553744270477558,1
67.19797229960396,50.31251969573979,17.766377168141815,0.3541805191797535,0
28.162508642623116,91.6161432490408,15.017128647048434,0.09045135658666804,0
115.54236329130273,80.34611012154267,17.30091318669414,0.5693340383382444,1
81.83939547531689,163.80308753295137,20.148431096196347,0.4347569519250779,1
40.36104978291603,158.02499584378492,21.085163534266744,0.2466723437421325,0
102.63988855711398,78.73067981789485,23.993918044192764,0.7854864036738912,1
45.5978758289767,90.59174381485832,16.904427535723933,0.20629952559354892,0
113.09579986998975,52.67901656466155,23.554067040460243,0.6732397826849377,1
35.65389133329432,102.04776521411722,23.704400091500055,0.42020425793643024,1
118.12334234718833,23.466639385441805,4.656545721931251,0.8042492074001871,1
7.497965656956298,173.82174346272598,9.37720258676136,0.09189493957926331,0
88.14849581125993,74.59941501872859,11.546559331634956,0.4123422308953244,1
34.968111992442616,1.6400764235294174,11.239084853238452,0.37182229076161694,0
50.86825755430606,53.45412026548316,2.3323158993400934,0.44037418829054487,1
76.34225370974801,170.79770537401305,9.424037636142625,0.42793478523568196,1
5.499610146684897,55.84697988705173,18.950832024559716,0.25293448872120605,0
26.824750572246693,69.5712168315022,12.229126953652964,0.10651176898300878,0
12.482021748071102,175.46126250006364,15.993768245715295,0.05446811260071645,0
88.75746842895586,141.27133827241397,16.641802735133567,0.4337868730833714,1
26.54899820137054,64.89315204675573,15.039760787374114,0.0018414709019579228,0
59.79988619961423,29.690955303512975,0.3113549486280247,0.5646435556264479,1
39.42160935463644,70.3247829637471,9.164596503540263,0.1794259811671553,0
28.33401289159051,67.166071036933,17.934309932461122,0.025082609828211033,0
112.22133587015355,161.03600173371188,8.795063931471269,0.3207393574610058,0
60.899344363776066,97.0837011512687,23.252774238795944,0.41782671938000365,1
78.05642295326797,166.4670085696885,23.026787500616653,0.5667378003322361,1
84.52595879049368,177.5055354812357,12.299690682561563,0.37264639460883203,0
98.5381514644514,156.52735725902744,23.538874614794878,0.6787048710946207,1
31.58631241906307,73.17797934856043,4.996768964116064,0.1440262098893803,0
9.431368028176234,70.30352041711372,11.535358775376306,0.04862351378037641,0
56.06949014996361,98.54776789549435,22.221803058375386,0.49293661510175274,1
20.40073585843531,122.27001908786615,2.1506854823357076,0.2653714884468611,0
2.45182902531893,152.77988373716863,12.278494153285408,0.0,0
110.36211598595037,147.15052863140534,9.991078790257742,0.4984311870219637,1
75.19030018352736,56.330501155072625,9.341174052344343,0.3813424260400714,0
49.72376835473355,132.47009878954702,10.403570014444604,0.2794835333964236,0
16.37341066323923,67.70227348130031,14.447507577869336,0.06001889929519464,0
91.34983237910862,139.78044727613334,22.17947781967367,0.6179501575338051,1
63.96062954492334,2.3995008395865924,1.2343076554885943,0.8208563218098293,1
20.915371494934355,152.77031568144292,3.4845186013981397,0.33481973237016116,0
117.87261887012168,125.64534253716592,16.484163647744868,0.44011411323027366,1
114.09776519413444,26.39991304569925,12.95940812222316,0.6469162806564096,1
111.25693323634462,45.060168252302944,17.330784201107424,0.48953852874870096,1
99.19790807080135,56.018190116566046,20.289746257127476,0.5900683793892118,1
63.79008252471365,92.43568411036354,19.713237627332923,0.4316422380006535,1
36.05406868632905,163.02034586069496,7.676408995681985,0.3336729787131838,0
78.20499361220303,174.70344334152705,5.190055140519538,0.4134261722405712,1
18.16181558650904,108.51476035942717,14.89467170624593,0.10002883987670694,0
74.01752026317966,19.6620363858335,1.3128464306440568,0.7509769926215943,1
7.928089041589335,176.1037887992376,14.261133259785518,0.08802215505670286,0
1.6302347295512831,172.88893852754825,14.87832788828568,0.0,0
85.86194455557067,15.861313017625172,11.636340627623376,0.523386067236096,1
41.12528924737521,119.84028366648886,20.488265303064686,0.2883873334147382,0
83.67011570224635,119.9734291551143,1.6119204306387624,0.6568741382667905,1
93.59362180003441,118.952014788321,0.46497096829776385,0.5488030085181528,1
100.23644027197294,130.5240630436013,22.37200916741122,0.6332461452141743,1
73.89951936796041,0.9246914067123213,20.21366230278108,0.7131410190184269,1
101.60847254149785,55.57724049097628,0.8841096424907384,0.7784956844221256,1
79.06437400047928,60.75879818689606,17.28370558432509,0.3608050497799396,0
111.27365262905518,116.87095714617891,14.083869858456115,0.30585230552913606,0
107.62197214498555,17.115466335741715,3.4182938331818864,0.8391633015804155,1
5.1938153296445,49.75170158071194,9.92901331392127,0.15142415826208452,0
32.117709196630315,31.553484034836167,14.327838057987194,0.34854996645220304,0
46.65913438615531,8.520038459626704,14.574711578208138,0.47782469478384004,1
30.263892982218895,85.20018229269081,4.83716872925631,0.3100265626593795,0
21.226957687462633,36.75314231382276,0.28041709297956885,0.34558631964430947,0
104.81680733723809,86.79342811246376,1.521992801255112,0.6430994365192221,1
3.000180499666163,37.11304574440667,5.785701410460759,0.3096232530413099,0
21.823133056456548,142.5582066651226,7.50934057981644,0.3126932227463872,0
91.22916661815347,20.09411589567884,4.957716139305821,0.8183283321060691,1
26.797303373984253,138.81055293062778,8.20165624638764,0.12177221113859174,0
31.00237329647831,118.34907621111003,2.4387598504110484,0.2055302495632172,0
116.09660093509441,28.48762782300354,9.441589584520791,0.642392900741885,1
91.51825029762816,68.12291307159575,8.039915377829336,0.484244928412194,1
53.83981442513954,68.79909837146771,7.19317749539652,0.2855040913754217,0
16.34421541091449,81.86105274617805,9.147741940165949,0.11272562740096069,0
32.28558975172662,121.4512352173296,20.709696379260837,0.3493850615816748,0
117.73956854811311,2.681510368550659,18.935904460368988,0.8680950946268731,1
94.92936527887063,29.811657429074593,3.0789139821592544,0.6326952073865976,1
8.385463942475093,125.7389416783273,2.375652825006137,0.30354611557988787,0
84.8211288413414,16.727823915299854,13.497900893425875,0.5453454465163186,1
45.1236780599849,151.95333951131144,2.098508231586499,0.40423966676804457,1
86.38854992268897,66.68578559635037,19.486096219089465,0.4698375290827031,1
35.45353407372187,6.531537617243483,8.933996486976774,0.5341188726787073,1
15.619803222405778,138.30162755123985,23.548098328722478,0.45307573185558225,1
2.363986340681423,44.11246819960692,8.826343599303225,0.20122866273981388,0
35.48228798798741,179.7333897625183,12.972721396667573,0.0864932852479706,0
103.24129249144588,166.07025642601522,1.52643922081276,0.6010255105000147,1
106.94770132414602,159.3600249342555,4.130865054418208,0.680401622883057,1
81.9806719111535,159.08914240821957,4.3510483533274344,0.6660568201582706,1
89.74636207938573,13.246836865558498,22.565826021786354,0.8138388165925259,1
23.355445734115676,4.805196384076185,23.864279744037724,0.6304786418801778,1
42.51145580345341,72.17997887880824,15.308456434016719,0.1841801640578474,0
107.90799004873149,75.69064722289598,15.059644085239036,0.37804930140139203,0
118.35361992439162,73.5834400581684,18.302420087908164,0.5194210885052556,1
53.1665843246258,107.42195289845384,10.58552599676041,0.16219767603174243,0
93.11695545524354,141.1067309260587,22.417679279971207,0.5985398337932202,1
112.01360803268712,141.89603844445,5.606408278304981,0.650094474024394,1
119.64027137932541,167.43306389669715,21.885635085453075,0.6446852531970002,1
35.490740524370715,121.7702544719055,0.4744408655164678,0.31367070065524655,0
78.48847640564915,157.91878906259186,14.12261778296004,0.27571589359607873,0
46.79754957936935,16.424407684866267,14.785612077158,0.3560288274457324,0
55.81003139583971,4.675355271261941,18.205939280558052,0.5745480513762405,1
55.43023336353694,81.27141266939337,4.3554070702573195,0.41452944049415713,1
33.42183727497048,158.90579074599574,8.210950825789961,0.2676231283302643,0
2.287800834233389,69.38774088066167,22.099869971945857,0.26213883615570405,0
91.98378164939126,19.95199403673901,4.733731363364571,0.85090460184971,1
83.51610294505379,22.728194759931117,7.104126537512331,0.582807732910227,1
100.87165181523197,41.192089741265775,13.847338053369437,0.44891207750475026,1
18.396501956104785,155.465766363028,23.71185285127329,0.2216341299467533,0
28.44431999110195,60.51570585981514,7.935629178105718,0.3188666669989093,0
71.53559942954081,154.66071969148723,4.134505270774391,0.44047455347115544,1
112.39520966957143,169.60193363524698,2.960176415928329,0.759568984060341,1
56.61295484280408,139.43135583131354,23.700913066877025,0.4054352459120082,1
24.099285947893236,166.21788433501985,6.116491433640678,0.34453125966981546,0
71.36285888735244,45.93530220063123,17.838175435834884,0.35829563080358706,0
114.90055135302872,35.02433291076527,1.7190303116312542,0.7896401563129148,1
104.16906269612167,43.52168707879762,10.28232738152236,0.5358066080663828,1
107.87480105856089,3.2207144537587262,14.019505828303316,0.6941888247275788,1
49.26264636609379,167.5434178840773,17.637815788709627,0.2268319936968685,0
31.47536624044223,37.09222051271464,15.222111524349884,0.28432623688595415,0
104.46998475217109,113.40138072577015,10.137952078689858,0.5321234300927774,1
94.57045420665506,51.20939402057068,3.972205953377677,0.6910339271697512,1
102.16526714805617,97.19303798962389,9.948986157136037,0.4137291131984327,1
46.9472268899947,78.44179519645019,11.139964880589606,0.08217339392450271,0
34.338956133360185,129.76785610344078,7.586634704828126,0.27469224771509004,0
28.835947572596016,36.16563340649169,3.466882104296137,0.273361498298771,0
104.4744449897152,51.96638197182294,21.232546018200292,0.642475257137271,1
110.33067523320665,24.92809841111306,4.645867659802887,0.852616484351767,1
44.05971194365192,58.47021384354219,9.064897265792535,0.17986441464057415,0
104.94496924701977,150.06792970426713,11.08276563874275,0.4679379512093062,1
45.767130786359665,173.44040573101876,3.9732527114096605,0.3597144969077663,0
53.74905894728636,2.7254550112173703,18.76504864877746,0.6597791160808948,1
67.97778103492884,152.1311087734185,3.855268431677753,0.4377454348471342,1
26.556134585917896,132.12105292783718,19.96901191457563,0.1662076400620261,0
32.093935320301995,14.253687670005208,0.6299600459037151,0.5460289990834886,1
31.998136558121296,28.879573564725458,0.5695033629812167,0.5330951772672013,1
31.208470128867663,155.77254241268793,12.410628030101764,0.05632999835755405,0
61.862496922215,34.95367757750144,12.847122055774157,0.5172524032705739,1
12.06021965509036,163.45296943788702,11.008286849369625,0.05595776791842991,0
93.64552689853313,97.1942570745134,22.01518477686187,0.6589976966720034,1
20.97578452788342,177.19086174841522,18.00762879820809,0.12163756531626833,0
53.27604703145171,90.84549693501148,19.789116579721295,0.29598703500320706,0
77.01868909704514,23.60058264957682,18.69522395727769,0.5051411427000805,1
16.56284676973957,109.09133197688782,19.690708269446358,0.12472347207730909,0
49.10303810571487,80.16425473015391,19.36866664935617,0.31843867724348474,0
67.57942051165895,12.7519908247345,21.34327879717413,0.7396908628044563,1
66.0370175597789,147.33330282246786,18.170460288560534,0.32223065480012864,0
107.1028811573525,161.84831112955706,4.3719967186715545,0.566972787314273,1
94.2010497645879,173.5181699915402,12.334378653146754,0.37937670421171815,0
14.509158115962757,115.96196255876305,16.869205721968363,0.0337123932601418,0
99.98682732036417,104.97677922988207,12.215363144952583,0.2045030396614887,0
65.97522834264899,35.09042540999528,12.18724148644856,0.39419814475499954,1
81.3795990401876,173.54545242042013,7.700291163294389,0.32012517264949747,0
19.197152409072014,132.27300740092812,4.112974021263836,0.259819290949325,0
56.63769068975799,120.33164794402991,21.655424394156015,0.39337148449611364,1
83.98989693420205,125.00519521175359,8.757640002666875,0.38766727210517604,0
95.69432251927253,151.4922333948351,0.6057388261577588,0.5824665707070799,1
96.69736784541665,61.762147644083576,8.60022008637328,0.5739704487142115,1
26.055765186154225,20.11781066469211,23.977263809744596,0.595378944417596,1
99.92708866247762,178.42297214606182,0.45455408290694876,0.7183947819048534,1
68.21126838507074,5.6699734475702,23.720424835669565,0.7702870047879341,1
80.24253755673286,48.88667006691064,4.548291137498765,0.5950607082535982,1
102.18627731944541,88.54274309345669,0.8227473515596166,0.7482380112568288,1
48.656161956381794,7.2311057523114775,23.851552149688857,0.6340467729244115,1
110.35650224186674,55.842421122513024,6.245363075085464,0.6376908768355806,1
105.75060261203795,156.66150027063873,23.356291048319793,0.6267994959224814,1
96.92939253320228,112.57306636949613,6.208031097615489,0.5649362801806059,1
45.59297760912852,105.08067307970438,8.49318507746118,0.320637270046641,0
63.3848083739926,3.2857156430568124,23.55789442298668,0.7546365496232247,1
20.774249170394306,76.89887751998491,6.187239637128748,0.31535512852318504,0
91.12489570672933,21.952516349749224,19.681603040541685,0.5884840942427536,1
106.91216165495217,69.69297414322136,20.10903273125578,0.5632899949220309,1
19.301329983911675,69.95763843967791,9.547735723888557,0.07655922134108495,0
89.36966110444394,76.43099138095005,2.904601646332405,0.6551351663598208,1
83.30046637105966,56.877172978488346,19.378888320541158,0.4995642646445631,1
4.382565461871684,140.6139270865726,3.7713354360232394,0.23867394731321315,0
110.03119398019982,83.38722522635331,8.85161081604984,0.47478686455488783,1
57.49778944513304,163.44014445117446,4.8364278743744595,0.4303929999939618,1
32.30150443899373,61.933102257665496,21.576627163868004,0.3335577071756016,0
3.6223859013465587,25.84601947261192,6.719347883308181,0.24661608792829282,0
93.8213294984564,63.92493171933877,13.176012298650239,0.28552135357181385,0
40.535129252217416,156.8870373458857,16.139744758866918,0.2346142105134974,0
61.6192729593728,64.60974954316129,6.317466919007115,0.3940035295433876,1
23.36870626860079,147.70260573705744,13.65914892683962,0.0,0
72.83975616116638,124.74235650863733,17.233127429881783,0.16272538258557212,0
47.66823930519378,46.51898502286703,23.61993999956516,0.44154403554561195,1
96.79204667955804,34.43971035414732,10.347427869044235,0.42300414441072776,1
79.95971258989573,20.298557482560117,8.2506974415689,0.6227641087752684,1
86.60747938930477,80.88415790103741,8.381376013013147,0.43062440481754205,1
30.138170037957714,125.02761073482598,13.413934817637788,0.23870547778410095,0
7.662195761816113,52.91894665936167,7.577622496999143,0.11628596490720089,0
105.5951185702714,171.8028516213392,9.810953276656065,0.5059444129951722,1
112.278026216704,2.5639334757833954,15.353569822794944,0.632878185916304,1
77.22026218737992,141.38705216598524,17.684445779402438,0.2714530175250316,0
110.61124828800514,30.60277403433001,17.356220979546734,0.5912770476788327,1
84.75533901297885,179.63791246937404,15.76742977605431,0.2716568578378408,0
72.69864600802738,17.700331743257415,3.3809507117384365,0.8485044492261554,1
50.28605522151694,165.7893940905772,16.187035335309606,0.20307233722233342,0
42.673295432486164,72.27182216630004,5.177081298019955,0.3161549261574579,0
58.760110164788045,51.577685827510706,20.353957823782743,0.5547174768436314,1
26.692569870963517,7.345063335162411,21.539612642542725,0.48125885575735244,1
51.32137551499333,39.478093872049946,6.625310687322647,0.43658519885792685,1
60.91698257788438,68.98671356674053,22.897053007780283,0.4229956621580793,1
3.745471230223103,168.43593925014883,15.17860423763597,0.0,0
47.231766195254494,174.18248778058987,17.582364132505205,0.26704249953290576,0
34.134714577411735,14.332690378509108,17.448061892000254,0.4828018594216148,1
76.09958372106667,101.15404664936672,15.991956136536697,0.21180761714063628,0
97.41356780402884,5.858228759889698,3.2949812844449804,0.84330172899099,1
73.73295803616588,18.67774125555713,14.130131856985429,0.45490095172131567,1
79.67348357785667,110.86161520615991,23.423760006309845,0.423511713762934,1
73.66822206688221,94.83025116125614,19.801190126324784,0.30231312640837765,0
30.749026123532353,162.04311887889048,10.82756478615467,0.12785662312266016,0
45.155526766314665,162.665387297128,23.56889770763648,0.3305859839679011,0
101.30391636262773,28.739603675185386,21.613292899770613,0.7306262495161865,1
113.52288382824335,114.09380765778482,10.652489720468743,0.523295951970381,1
21.744184692738134,145.13844555083435,20.385977214621647,0.2286118131146263,0
1.2691015084473678,139.0551869301117,6.377439920639037,0.19748583689959687,0
115.37528140949482,102.1115869026691,3.5030504510327054,0.6073261742585565,1
103.15303431307234,92.21022601693755,12.018196011872131,0.35908651008637593,0
72.91126796954828,102.79652470239265,19.44730698472607,0.4034499613303722,1
98.03011865955735,74.36725156530025,16.762311444581645,0.43433233834753276,1
71.31120173776118,101.72044269940235,7.4331676269156475,0.40145233043024925,1
108.57747145898517,160.49537482153517,11.833207166441085,0.460180006519646,1
29.201463190911202,62.63635093629213,18.478759823219207,0.1655265181594761,0
53.29577204873107,79.32513676853911,17.51257561001522,0.1664843149940385,0
80.46933024994705,78.85061351332762,22.798250622598214,0.5277935430514744,1
25.875692004257346,155.97412309102447,3.5779778628889973,0.3041770457497327,0
85.77820514788044,44.05202944041777,17.712879607963785,0.3369437099141075,0
31.484867225200848,79.09559737184355,15.99005640639949,0.18793773302301492,0
85.20262042254997,135.23101591144467,6.78620985036085,0.5058552806515146,1
96.50592735601107,70.60828728215954,22.98424260268196,0.6205355807363323,1
50.90126121065027,153.9906889427926,11.869511112912157,0.1741811665419698,0
118.8133613764118,96.8023064112061,15.332710290329045,0.5498126507290371,1
75.76415769558886,17.80613837542518,23.83470635595335,0.7542745929973785,1
90.78991643236516,66.01548716130146,12.908061426565144,0.4079593460837639,1
2.4714116273888154,26.34932613470022,15.959856803867492,0.14575480332373897,0
13.53739514165234,79.08465140950095,13.957872867226918,0.026000006775994424,0
85.37841204526002,65.56117189510836,20.149846678142335,0.5331319021242338,1
113.17385640905917,61.0874375860139,16.153592530048492,0.4382966436206835,1
75.38746778765437,149.28755305520752,3.499162467499893,0.5211587048408624,1
109.54124443652461,161.51798608298503,1.343732014956152,0.7559976191079948,1
7.10104989303169,136.02959911480755,21.637478602154438,0.2780905083390086,0
106.99795423253181,137.90415151404326,18.110812254205726,0.4788160945848395,1
105.27773741803482,160.70378337033785,3.033558684994249,0.7654910152926778,1
75.46414640815738,165.16775893947255,20.86084609049854,0.33196687110421785,0
51.53677655800276,31.389374531810606,15.882950234370064,0.34328988067023897,0
84.59375287977848,161.53429223157735,14.56969775391206,0.2779126261263989,0
29.270059300417564,28.99224061692667,18.060701597335658,0.4249936214239613,1
80.1175350984161,48.938860227599214,22.276155247511223,0.6539279068093481,1
83.31109779929837,142.35698398696258,7.251895912790549,0.42605257203326474,1
64.78828612524259,25.74852585222218,1.3433852748177477,0.6688874837362078,1
31.208977024807112,173.61213167547584,16.265016290732028,0.19837824589452152,0
0.25283093854219896,167.7062937595717,7.486789250774977,0.17465310941251092,0
23.493388774849958,0.01549440843640948,17.268663660616525,0.4458246378562628,1
100.05306409401652,114.54507678941047,16.402073875659916,0.46315179769462755,1
25.472927674344533,166.5866121712877,16.209080139650208,0.2437735240081919,0
8.919712087653838,97.27547914164292,19.50739495599265,0.14755215326598067,0
29.59616309862834,96.71856688588728,3.7836296199956525,0.27039012563223647,0
62.30073557595055,105.62180776356044,4.337656082923515,0.45078016487589406,1
70.35285177130706,99.5673452873167,12.484232104556746,0.2681666189192373,0
105.25766101400849,104.70247013200512,4.0127350874287036,0.5995358743547221,1
102.57076101175218,122.48792437125097,12.091846637346894,0.4441476071562985,1
116.2488003782134,172.11827619037217,6.426294359734764,0.6574746007186805,1
106.11218633896509,14.82247932413696,23.657475598837557,0.9091773291449318,1
54.03091209912057,42.14357387838083,20.1049512947252,0.4497258351014858,1
17.025476321560458,1.0337659604719218,18.931907149247795,0.4640824437174499,1
114.69364777374435,12.0304266769325,20.830361532606787,0.7506051644676603,1
27.45146403120884,36.300885137861286,5.874276995634542,0.38688981431079894,0
74.6543626488037,162.37286487782413,12.74119144162372,0.2263497838239451,0
31.736004887206434,56.73450581402813,14.772195083382595,0.15682959259212975,0
98.01899308590652,108.21176153832694,1.1976616359972727,0.6043135710985548,1
24.092889541365594,56.31825190514145,5.97579238543607,0.29170854933887225,0
50.494145560808896,177.80732366720392,19.779268209168393,0.33977611317694684,0
26.36399015848937,34.664582284226825,6.172956436761411,0.385853450036641,0
103.26788544286131,71.07391931765397,21.737599177047763,0.6360289009922069,1
74.33074498549826,66.56439206047015,11.295132970690007,0.37627595748763076,0
75.69852579428006,38.460310400695406,12.002866482807125,0.3426240656550451,0
37.73967622598632,13.30028795333166,2.9547806911273415,0.7061789116749265,1
21.179010062488608,70.3696395234625,20.464435393326625,0.19447823327383587,0
102.88049641246256,36.30163600009699,9.808961959223083,0.5213012485497552,1
91.75201762728906,4.225879377410311,5.324298168878667,0.8049288995391912,1
88.13344632557938,159.42622399181332,4.060764465161092,0.4754033910898684,1
119.65665865959737,61.76502594914409,3.961139255521183,0.7027313856578026,1
67.14390675255243,2.081698367340361,18.624896997635794,0.7002815677744689,1
21.42681542647001,110.91781604897476,8.797079777037272,0.07569346703973716,0
73.14489333926672,86.06911198483168,14.217642450442547,0.3003812994261114,0
34.4756152411787,124.14163508215863,8.327378355773451,0.27992264852648024,0
61.552686746518454,64.81955252138314,22.226058223575837,0.46603364877405273,1
55.118798843157656,25.235290536006804,12.35548150640674,0.4323380269703867,1
67.62330287550463,115.1240744633645,11.145905564295369,0.3133792534073655,0
110.56514839856189,71.7113440825824,22.653017371209017,0.5860013517860756,1
97.22409503257344,157.79319091722624,19.547533343406634,0.5317579005228026,1
49.81794656624181,58.79707579065045,23.534508425321278,0.43735983183758287,1
98.07992231227144,40.04741422846086,18.40487559206397,0.5924707638495134,1
103.26264230777045,33.46908419954205,5.496031655183458,0.739320117897528,1
92.87726736136287,46.12218887830727,11.082221588476735,0.4324933217001578,1
66.1666307313531,42.929730896804244,18.966370464130474,0.4194720559136232,1
107.92143777290231,93.93620151068733,5.539808312092021,0.6427894081942235,1
59.03530876639202,66.99296120849623,10.725959356426515,0.3313162598254365,0
12.714642693678142,174.50302675565754,3.0809832645007633,0.16280215029187767,0
32.65498618872262,36.70333129743958,10.632327427171354,0.19668492240780805,0
78.90155668357316,169.25510275113965,13.339538632987152,0.18640378691002568,0
45.49516850674707,60.441447422930885,4.202668622298635,0.3624144224979616,0
50.73833009261951,86.99588085628451,14.350016515178654,0.14357417894884078,0
48.265066126387424,172.68092033037223,3.5496184269670996,0.4314408183877836,1
23.044391884516777,140.50372075176338,11.876327709803018,0.08232758852963382,0
11.22384402164316,170.41219809686274,16.625388343229165,0.15651195530343504,0
5.889699571186751,96.9845720717808,17.520824148369556,0.027801637129739112,0
80.70089755171882,57.218424937838286,10.390729369703406,0.3182794696871748,0
38.89320107532512,121.5204483136353,4.132826778524726,0.3193484126175653,0
54.82289731943944,123.32555350157716,23.43982260020244,0.405817426616199,1
112.22320029779834,7.4786541979425465,13.045700667385926,0.6953441665973695,1
75.19982414789466,19.281403041906305,11.688980241478966,0.472742742953294,1
97.27848691166369,170.3360428244862,0.9203821477354612,0.5454240131672563,1
91.47948000174758,129.7678633770127,18.20281455946376,0.3176471657091319,0
114.44522592382607,148.12432626601802,18.884994533500628,0.527505936738932,1
8.01846981138041,33.833995486092604,17.269510584478756,0.1644919351308457,0
46.09701749397185,175.40561422515742,10.970460886242977,0.141688137545406,0
113.95343276786008,54.16567556909369,11.129659572672718,0.4691675132682858,1
55.73199695844313,25.21391629302908,19.746968654917403,0.5187377927389167,1
113.73601133184762,64.67436526110131,22.381559290803075,0.7578328836618269,1
22.183365350843445,63.271809753366796,14.246720557702947,0.1886505997863338,0
7.229483354286819,10.482781006632852,15.351342271534989,0.22013871657029277,0
107.45595756170866,152.37019451008095,20.128284815644008,0.49912901019785155,1
49.35037288918012,156.63045421330062,8.131677351954554,0.17245774114848791,0
60.993017813957806,35.53636059508974,4.222648770690771,0.4466794649310071,1
112.35308620264124,99.15367087282607,18.045119011027996,0.3589040146360425,0
26.331523332469743,156.7135546370616,14.78336375267956,0.15877526727297736,0
116.1836460520837,68.0466590549325,8.178140433225291,0.541445747234338,1
47.58600293822338,91.62521335588741,20.195586933272924,0.20872557912821083,0
29.690195402238917,43.92445628279677,18.102736956936866,0.209019045945678,0
28.044504670563274,84.23517934851114,0.7912030821580762,0.3120608504255003,0
62.213858407171905,56.218618691717325,12.145443008975437,0.21914823489441,0
56.03592467470924,148.36683698253836,16.887323791865562,0.3383701124248629,0
106.33205310505643,28.652164659531625,21.757100718474977,0.6039679711518077,1
6.096252991630426,5.934680360744029,17.019004169576387,0.29648744882830413,0
5.277098540221221,162.13734934966297,5.674854377174503,0.22909579165018626,0
18.334171927357808,30.99437028803842,3.6205077731627284,0.4811601788717305,1
72.67972488394231,98.85764932884798,23.132026866367585,0.34043354554765215,0
93.76135280292009,127.62704792845796,20.627161367153985,0.5058563593298273,1
57.58123261609863,58.823278021989424,10.171646719108043,0.19204592401814422,0
73.65066810133327,167.22542919839213,9.880507251648165,0.30004436429466774,0
77.10640069302575,60.819219357368404,18.386204583489157,0.2534494318214414,0
2.31540158222733,35.4578061157591,15.458499618253345,0.18819802870167285,0
29.55317429836196,11.760282812272425,6.319980805602038,0.7341339256842365,1
119.73097103782217,161.95811217472618,11.658078853181738,0.5357001298925954,1
39.694521151635364,38.88661371716914,23.475452689398484,0.4547331790615649,1
113.5952415740463,161.5449798853655,10.788312494801641,0.34722684233060175,0
59.07313465961487,82.14255684845051,0.49671490712733046,0.5165731051151077,1
26.706770420106768,167.9211055007802,2.5258730374222518,0.42536441815057724,1
0.2898274231337705,15.638618779893074,3.6581659136854965,0.38454638771212724,0
26.106057121998774,153.94573955589235,15.668838137552072,0.16903184873519358,0
38.58036963764731,176.28027654509577,8.823685334860116,0.12003089031668873,0
52.71629180505989,127.95583272357273,15.829728494101136,0.12329251599286317,0
53.66059641397681,24.056006223890524,6.8657752531656495,0.5488569004064501,1
65.80134620986868,179.55426574931133,19.007121025147786,0.24341572333677353,0
56.89783918907161,144.2172359875823,11.930328127971617,0.2783877222205981,0
3.94365749134983,37.80557666668487,22.45753415504064,0.41773347789693993,1
32.0360657341915,174.68498433329376,18.362834232009945,0.19423569010378852,0
115.4422820799659,15.52386730621704,11.486724258297617,0.7111746918988904,1
3.289789402713188,23.369261953745852,23.343863243662284,0.5202453669663303,1
88.08700624792029,2.6924533154259067,7.749837718773057,0.7817394842539733,1
57.16471108277113,106.62199728164076,11.264759323221996,0.32957068438106707,0
84.83072904239746,72.69488539245899,8.543364025808387,0.5184526583707547,1
39.900170183597965,15.432987244846313,0.7726612681649643,0.5437301047345898,1
44.41655613611806,88.75183425875635,7.45161455441547,0.45314782321808433,1
62.01358715781426,158.5746694159072,1.7066719064822218,0.5589945297959543,1
109.15900794741677,16.57944715803722,2.7600080275692918,0.8823303305661272,1
39.4066013637195,114.99738747598231,2.8526625176767864,0.44793673654126415,1
10.303659228168192,30.356194214853446,8.918606909902646,0.30172815696299154,0
4.590798061409931,91.93713654379988,13.349731869333631,0.032963084706112915,0
105.78816986962599,61.68675627739895,13.593470852271604,0.329549237652784,0
37.64828223535102,49.64898238917292,15.265429847933554,0.17165081963930356,0
14.343091192394555,2.20347609399707,4.498936793823136,0.5435718614584936,1
71.57070814776763,104.1144100718209,6.9513290144477535,0.4986305016910164,1
101.38744359293132,79.82064533676473,3.0372078506720444,0.6565040079075936,1
71.94567987052204,124.44209794223764,21.730102427139094,0.475687359635061,1
18.205400725993442,33.25223161743085,3.769589811823173,0.4303281259569917,1
48.68790564907376,177.0515211337401,15.164744825755395,0.2716001810930293,0
31.978716758067627,3.5572798911347503,11.883065811573278,0.25687163082334746,0
1.98864314146324,35.26592639511559,1.786574054136059,0.31950681450018104,0
115.88223800837443,115.4787678358987,19.93019441257416,0.6198563695283652,1
55.106020769393595,24.11936171981987,12.163621446498667,0.3719324920422053,0
16.16662595779055,46.89978618625279,13.449244838280531,0.16952838595205538,0
106.18867536653558,90.30899036452489,18.01145258906096,0.5659703547397497,1
118.21558758273706,136.1434495082629,7.338131129794369,0.6425529140565903,1
97.92069001590488,155.60757081240004,9.30721376874305,0.3514881143267731,0
30.4375092080487,57.019040530830594,3.4427659267587547,0.3544726482851012,0
22.865144193952652,118.39094607777061,21.069965662314406,0.1679666930510536,0
63.013476034492555,4.164635119903151,9.169744245213906,0.6336694778561721,1
70.01964291245702,160.3145484010021,20.369635081406944,0.4680937226150014,1
105.40817303848813,120.91140786145601,20.45109138616905,0.5184480818066003,1
116.06915309628216,162.40165551054963,9.73986349421217,0.5387774564600984,1
109.24643858221668,37.86911444954866,14.318455588346414,0.5068305396042426,1
41.04951620000391,89.39892263060791,5.692469751096772,0.4773523713863625,1
70.27191683031612,133.86901561866605,11.546031728104914,0.296719599847066,0
14.862768742685644,4.544847722466736,7.564874404997788,0.4870789654456335,1
62.26518364415726,151.39892677381033,22.316210255124627,0.466909282872644,1
8.492400346316934,127.4020979861157,16.072020478320354,0.11967561157882269,0
13.355616790183955,141.8531612260381,21.549735064940503,0.27027444106528564,0
14.63311724619873,29.251194547222834,5.972538070562722,0.3946565767505047,1
36.171883502268564,139.86868576503008,4.964169605761973,0.35321354676631284,0
37.16155465986277,102.0567851768817,0.04701568222999075,0.40696196204331914,1
84.6048422717615,26.984231904707837,14.08199568004975,0.5214014476186832,1
9.124046416018423,23.7651287336918,7.054585518400571,0.34581435423048895,0
13.33729385818543,154.3897519024239,6.591643211486095,0.18141727585767917,0
78.75847346107892,71.72973694073724,10.828086720933968,0.3201496815855492,0
80.73467449117689,48.96845895593631,13.631942808687242,0.38913056995555023,0
85.2524301044093,66.28103854933147,18.02866844560645,0.3531288745954522,0
86.41670504266911,123.23949469885291,21.25571392740645,0.417399683432299,1
79.55090156169386,24.544824464113603,4.6627918517140134,0.6740746245737288,1
66.31123237481334,29.149556318458473,11.83986742227221,0.3896186769704143,1
88.96345787139143,116.93541448329674,22.06488807710059,0.5631879895905751,1
9.783340479176822,160.97495374172877,7.634133323427297,0.13936021412884797,0
25.41734702641381,120.9384853754378,13.305085371695352,0.07016250553949538,0
88.97439940162367,170.11081694261907,10.69385286953375,0.5021968368777867,1
23.106255575032964,50.95457376917599,17.97156537060123,0.2232709633625123,0
63.69028649327764,63.73342030611268,17.480157571714727,0.22572851396231552,0
31.23616703918543,67.09095195064266,9.573410682830401,0.2720090818603836,0
51.753002322188436,64.56645766060863,6.372323172746176,0.3464691575968045,0
100.10134821043259,48.36513720640372,15.121850453419025,0.38500682712654427,0
79.2768023161247,142.69291470223212,22.423583781906277,0.539493470288971,1
53.42263079106428,50.995091642510324,9.638502204299726,0.22460540581770175,0
32.82357606062095,74.94556502059571,11.991282090729815,0.13570131140162248,0
96.60221010661857,85.02681163660942,5.926627728738296,0.5892625007707863,1
78.84270427051013,179.3273985064804,21.29219459654221,0.5118582327441428,1
52.79386062915882,59.296610271996165,1.3019609807495938,0.4145158934979923,1
104.31268341376527,124.37991780811315,9.14696041982113,0.44613499554470626,1
83.09525916505635,58.976387120959345,2.1599251870234735,0.5611391588923007,1
117.66926432523069,144.0808483397559,10.592568705538035,0.5684418971606935,1
79.72636458820845,69.7821698240098,14.397202738675809,0.180621596340389,0
107.98816426582032,3.8654721317451,2.633061011403073,0.9885507875496419,1
66.04910837577673,94.15804221993793,15.996961934380053,0.28446712898547355,0
85.20014850367812,60.76183029803734,6.3814389174863315,0.5869464805143721,1
101.09179032385167,47.648781622385414,5.059316443476013,0.5786436705518593,1
10.854855570069116,52.67140803689223,8.110409301711888,0.27552020617392714,0
56.90679433065807,0.3495215276385233,22.298533205026494,0.6500689154522404,1
72.67231752139145,131.52278310475873,21.170153878674924,0.45540681326900134,1
6.934022073156791,98.58661206186895,7.240404534898768,0.14990834390323127,0
94.70688780596687,114.53921299438171,0.7494550042196817,0.4356948265669957,1
85.86552377946313,102.51044481988455,2.353876996520701,0.5678942445950226,1
112.34829894758813,68.58993887202173,10.86664744942523,0.4874437393885029,1
44.644435016723804,82.5697680439539,0.612459264258689,0.466887143700153,1
56.29875970569952,85.73606546898506,16.509405178327523,0.19564806472526042,0
109.42733970437246,165.15093252296913,14.372762233090752,0.3338106435842513,0
49.37889064046736,62.70984998005842,9.909529148157727,0.29762850312147304,0
100.12221654995852,27.43681901078891,3.5994741432102,0.7541565181010282,1
50.569065079695385,15.082823770045481,22.934365157937712,0.6959688313707808,1
40.530973245719416,60.706387956980734,8.835016529873787,0.3449650883176597,0
33.27050179910466,103.02141623084532,5.918051028651401,0.2995780186304667,0
25.619273634724635,104.84898945164205,23.64115803807914,0.31213581838960985,0
51.771708843573485,131.021436475,18.01538615015273,0.20961574164374416,0
19.38975546941343,118.69103405010883,13.009583200177964,0.0,0
99.35824684586406,15.006177088958303,8.415700913156085,0.7090969825026489,1
116.93164512367568,70.1488569942249,19.4019423764731,0.5928827244984378,1
11.692750279285399,66.66950205292144,16.84919484149824,0.14811751531073708,0
6.578309816572592,20.316374907184837,21.22586663489436,0.38673345059921327,0
0.4485177951290442,105.92550124593576,23.454629831296714,0.34850460614861184,0
111.84759094459649,139.4346345944257,13.920114879693262,0.3852834996548684,0
8.856521676546851,7.720884893443656,19.850432711893312,0.4138265780268378,1
81.62159597464651,95.39306458319344,21.920058199290825,0.4558614172970071,1
36.46039343670809,21.51398296441691,4.9255315152756,0.51562734191129,1
23.786489353194384,139.74929175429173,15.068815275884628,0.07637516204802565,0
29.560301970591688,100.5306187375468,20.367333909856896,0.2028210893639438,0
82.75938191003097,11.866330284334602,19.186925735518617,0.6224420872528245,1
2.157765994385663,92.84279543723453,17.761604018134793,0.08351632899391757,0
103.77808452032508,43.3721305015647,11.028839344062845,0.516412996189554,1
68.13620540405644,37.30850128583997,20.760371242579048,0.4500377791700224,1
28.271170673548905,120.09493860008244,11.782785208659208,0.16106037179846544,0
25.00063118058724,72.81500257786969,7.060113122034364,0.19572724761516666,0
78.56790291909779,167.07927289065768,10.663020475312706,0.3705772573061989,0
75.51968767272376,164.96912624155297,19.788696267204166,0.4069991562921599,1
38.173888429683764,153.58655312476836,1.8958914260331818,0.2663184241468044,0
40.082349930776154,73.85556213720827,0.29325612091894104,0.3200554987731299,0
55.61290107627829,162.85041546665227,1.5182021678690996,0.5216668872048186,1
109.25664670318443,12.972310719594125,3.1932073926017814,0.8469642709949791,1
64.59693949403021,139.63790521334852,5.56904922653891,0.39882886367358983,1
100.80841049886747,64.61660106141385,3.290193992788721,0.5930360361062696,1
76.90220185562097,155.8228328511018,0.43963108895511116,0.5366024566656752,1
67.45355562028054,5.345379056194037,6.471732471510107,0.7392071952343673,1
58.75918993473415,103.53622431706279,14.494345912367288,0.20280565322495644,0
81.67543572221668,12.527540420955399,17.8414608847654,0.7150930451553035,1
58.98335861863885,53.03353534523811,11.355690116769257,0.24789336178633223,0
87.11712651816677,101.64685809910036,22.239986777838617,0.4909664682475884,1
21.84758659209788,25.010729825653108,1.0401059415845584,0.49177638988399375,1
38.67777803449754,124.96539209907027,21.11745046590314,0.3183118466594592,0
104.78141689930624,92.29935110734947,1.1543260564470081,0.7383026225331222,1
47.427155627493086,40.261216746928355,14.398310924665513,0.4347238924215155,1
101.16869999665114,96.82458694096115,4.916598327017816,0.5731434030160751,1
112.55469404937233,80.25253695885321,17.218323330289095,0.45377496694195796,1
69.41621806790116,6.057952042520592,17.932480462047412,0.633979140128262,1
12.223675308305362,127.71032803879334,19.542785462976806,0.14902920761593655,0
90.83184410682206,128.63036684934326,7.074896511453143,0.5541484826615576,1
79.90355765291447,163.82458481183644,3.7915948494685674,0.46650459647893006,1
34.89456781188484,169.48498736290392,18.2463428962401,0.25850829844085693,0
103.55743881393752,66.66421226565338,16.48862411042384,0.2695404275756681,0
57.926574119970475,115.75888917714518,10.908969691616822,0.292195117310461,0
6.840065742103394,109.39693448141924,10.371148119605122,0.12373979476484796,0
8.157142430037165,9.429717672682543,12.032630751082444,0.46674522423875386,1
27.39997957227892,130.29381475586652,22.921979869642172,0.2546339803847676,0
73.17993276828908,49.05868838847903,3.03673029820368,0.622068760768911,1
97.82154275175213,76.47531524123369,14.292084730423465,0.41165074947137037,1
11.884935705315867,111.71857359426691,20.598309112350822,0.12716561647721505,0
2.676953819640855,90.79978489346952,2.443274574947388,0.27746007047313265,0
74.70033945308555,50.39148530141196,17.831090876582,0.3304812024316145,0
49.1357110908416,157.16534716315763,19.653760392690977,0.22106662830126667,0
52.995485625700034,16.883332709575804,5.9658524337601575,0.5027798117542689,1
98.48440173716754,108.49761443816362,8.244921361371462,0.4725716505992061,1
110.28198352504724,33.277500750851885,10.265238694597606,0.5327540228843108,1
116.06878795808886,166.4688821921425,23.743963610278247,0.5260099446743705,1
93.49889869732293,168.56053658259881,21.788784847457265,0.5520079006762119,1
0.39176597625258935,128.458131077033,22.283066668979423,0.08274498546733114,0
18.060739395259162,159.14780971516376,8.798370038334156,0.21395784986974975,0
70.47301782095973,137.94752542543011,21.230676145959027,0.4457753026093691,1
114.63422941503966,117.73740489167292,11.904911870260161,0.39345689271420703,1
9.773595100167434,134.55505257239335,14.341311477922414,0.0,0
61.79222830277217,163.936720700476,15.821963840479242,0.18512841421700985,0
47.57707078330438,39.03663068544257,17.694094275876783,0.24709521451462732,0
48.81985938087463,131.27146448985684,8.038330671618915,0.28172328152174936,0
32.22689415414057,32.28494925942997,8.933282919726206,0.32986551749789234,0
32.49073816637856,82.96575495357814,2.9943173634576237,0.5341505399859829,1
28.603702230159435,61.17132604004165,20.878114673272602,0.12024634893263739,0
12.379330474477491,114.08754809403077,10.86947278014074,0.04659531843429985,0
66.48841770238784,115.0153608966974,23.040388035348606,0.5014539264575791,1
53.51371282002126,162.42241932415885,6.348476352468765,0.44757170953335323,1
85.55221853763103,151.1531334709207,15.075831619068666,0.41636996146771066,1
76.79234355139263,11.72612904029509,23.927194569940877,0.6954275623768476,1
114.3357704736079,31.17252094545901,16.77174491303695,0.658834133663411,1
40.754333106302276,8.05454882537691,21.4911270791272,0.3909136130041514,1
105.89892885793707,127.87358045853593,22.387569344069846,0.5802891459420095,1
46.172245731582336,62.32484527949868,12.825021795944558,0.23688920783519996,0
79.28248865270216,175.50666363195504,4.371300032901057,0.5721513059207821,1
96.59741814303469,38.576744756445116,15.098166811760084,0.37932847590557933,0
47.6135581997473,172.16693413237883,15.657167396779332,0.13410890407813053,0
53.538929633803946,136.1754200949897,7.716785343230882,0.18918700619693435,0
75.75028246886015,137.19695674129343,4.402766413594442,0.45975949855707277,1
13.293735321177369,109.36963537926505,8.35744093147554,0.06985870390881313,0
63.81130055102885,159.24737761053711,18.723183878372055,0.3417372354135141,0
11.392959819222511,42.179092135307584,7.637183025472982,0.21723179691246905,0
26.984401132346925,156.4077786131169,19.084632389688196,0.23699906508073704,0
74.76697293281347,158.55616984600974,8.702032234511066,0.37483389486880847,0
116.65970067025538,109.1585015539587,19.266684865979624,0.515784297902198,1
119.92343427977458,119.0414909985268,14.622610843813463,0.5708739639538033,1
31.28237092954784,41.184839172821896,22.563021053911474,0.4931543526490896,1
17.558165948136818,88.43747319536638,5.429612684729993,0.1788226044129349,0
62.230720360489904,105.63915078443036,18.491503778927566,0.40398702228260724,1
52.96498316805736,56.90448858269559,10.76733176388749,0.3078219674321807,0
45.532134936202354,7.606870147394947,4.941331298123946,0.7373992103484672,1
92.21645828662093,170.92872218502623,3.99865083778349,0.6095553515327176,1
85.16270201121118,145.07087956747873,5.924630965615524,0.38670483618881796,0
67.41914875942891,65.72864194120845,16.30190581282872,0.24909120022742204,0
74.57510099947574,95.77704339393146,20.393860132198256,0.2520121154419689,0
69.82251569887325,106.39725673372277,7.2887946793556955,0.3145573427491771,0
81.22494023859566,172.43277656195897,8.150482499008394,0.3770077696713395,0
111.33681464351041,100.52004053982198,2.9341727631875525,0.7499506960635774,1
113.60019746510947,130.23541758975318,12.705564069188316,0.4356425138828347,1
117.53945480779882,144.56683227044104,2.6477882799567176,0.7034898216726632,1
103.16634336291224,18.089746342841227,7.534782118721682,0.7866024990354289,1
12.5690314369476,104.73182718582922,21.74724474402117,0.16541223440829728,0
54.20075616224909,167.39145556363115,12.433738035397504,0.28853580751052677,0
93.78979174487665,148.31812778835177,7.439249232060528,0.5097312622580953,1
35.31999919263767,165.94977078731128,18.092806180180265,0.13180375182503862,0
72.80680094685984,29.21354614793675,0.020623638872698358,0.6211137231468321,1
6.628920683673796,139.97806809949435,17.730863289504597,0.0629473580746294,0
24.436021163509064,50.22238881266576,19.36008160705425,0.285681845761454,0
48.02645351263265,157.6492937017332,11.683064550356166,0.2990403056979235,0
8.423200512160648,141.17171981407762,5.10154734407668,0.22118735273606194,0
50.91929655231851,67.50363135199792,5.369041541076764,0.3797581975180001,0
27.61335574749172,104.27865493796422,21.60398099781017,0.4018938411956585,1
103.41295899391329,84.5009144683375,17.186800752458062,0.6463775853903397,1
38.257435339742976,169.44596327328003,23.370021445437068,0.48760915449547987,1
45.68711304121646,99.69499561168104,4.592563208949103,0.4063503844724535,1
96.24351815232204,13.958838021928406,10.08261518576587,0.626367502814241,1
67.16015373578074,96.38002179568399,18.76866798266492,0.3834467472412987,0
6.0104434635646875,3.4562648310551647,14.067093394726166,0.3256091104656416,0
26.109282883124667,24.48723168537839,11.60602253089067,0.24471428331802894,0
73.30461370821583,88.35473344418881,3.1867204009193273,0.6112938484014184,1
23.923749393324897,83.06434431743403,22.621126081490758,0.4668258282121639,1
29.797494832740693,12.416077931031293,5.091483469751332,0.5029344015152042,1
74.75214572293119,61.29422597010598,17.278701186760838,0.269252021528932,0
59.350219400789925,51.66530707759221,14.492585373818947,0.2301513933111125,0
32.29212793098409,51.603809032671386,18.77530552919444,0.1618399604011319,0
67.10396748951351,79.74727071593331,18.49710418624662,0.3838873492254539,0
76.04974643727162,6.220086470779858,11.057054072689098,0.49054050318814485,1
4.7246954997180435,5.872068352171322,12.911954027568669,0.33857386586770244,0
32.86162702817301,42.30301873899076,1.8754731412055348,0.48833742266112634,1
36.92525603195917,128.93831818103095,18.027858889663772,0.25248987089718095,0
105.44650922809771,168.60514647542104,6.76495723834518,0.45823154099221297,1
6.158838600591809,135.94768342405223,2.8497894595221593,0.2796266722006691,0
41.65610435705274,13.82364867915576,1.052694766621899,0.6516381723322643,1
23.34603806986751,148.48515152976526,7.018799453103445,0.3045478173590388,0
83.41685909568312,147.54677071735742,3.139152843665438,0.5826525662891513,1
97.34810481614835,151.94310611468308,4.055543145559912,0.557104442598954,1
6.892467058107736,130.90894274302673,9.690879251817563,0.1752019008908975,0
103.59623276784549,46.97775049447019,8.312853660131584,0.663007710471139,1
83.51525356920553,89.09863417719865,6.448998384776962,0.5799297501663627,1
26.03746128187321,79.20119402683764,4.314885193808636,0.27389808810711797,0
109.89992994084653,6.264282764345168,14.647315316920276,0.7184571378687897,1
35.16507840456204,97.29475635281392,12.944061187513462,0.07357268089444417,0
94.6158127961973,47.66843119110851,9.384433375654964,0.48507305232983017,1
8.99515374937394,171.44069551892554,4.655067889849897,0.3061490612572507,0
54.725876094473634,119.96429028235389,18.83003219777609,0.19370890026670828,0
60.69063321861047,145.76157690331465,2.4404766089563283,0.6673473556457985,1
107.59027848541776,5.829275201709578,9.177218151810138,0.8452633047301235,1
100.38307706189845,128.16236658546268,4.959325461974945,0.5376713615593519,1
65.56611005140725,144.54326015444843,17.41669578461128,0.2531898490499645,0
6.1843304970857105,83.08272242770668,12.845474514610359,0.023388865287755637,0
51.59730426213831,45.43338065981559,21.843823540624125,0.43930636224158587,1
45.03511602447127,87.63235260554852,16.00081310434314,0.10203233534284609,0
119.45933010940495,99.00731753197039,15.470016848133572,0.44756896359502274,1
81.6862693081624,78.0926786561513,1.8983971008455196,0.4495641500705093,1
48.6067256629401,57.27549837268242,0.27720977137918723,0.39052601602221443,1
43.7779316042427,120.36544179296594,15.376652715385251,0.29518437482299215,0
92.1095214711239,160.50038318798258,18.828329000730484,0.42792407152243034,1
11.49357310204997,48.31525023585115,20.6858811875003,0.2218119986197791,0
98.04213806439114,158.8431033554386,23.73617341614543,0.7042784668249724,1
80.50806454745914,9.885480288095385,21.03592392152629,0.7325724244146723,1
52.235773412496656,123.83208956780206,13.261833970199692,0.2409972726655208,0
85.23966439172901,61.99079713111791,16.494342516391253,0.3056790310913292,0
47.73773517168826,94.46110751469325,8.489410297723637,0.3633261707333408,0
17.18073781656855,63.838713384400066,23.471770903468887,0.2649896143966296,0
50.03278980876108,14.48604914123186,23.3888296587563,0.6971890483826013,1
6.164011566517957,29.900333588258334,16.979468085640377,0.2537626631869961,0
10.453783902600113,177.64728133458183,5.561532965801336,0.35763385149745347,0
52.68218106523817,74.88535900752684,13.500240955443656,0.2669946496113998,0
99.00893886726244,171.0432425779747,16.42358414750776,0.3941259870803971,1
24.44058859068864,93.54357483432159,19.518768972643596,0.12753576005327022,0
60.09800979983358,161.80326820393606,15.465438907193573,0.2133703909933722,0
117.47381254467221,80.07551125077046,19.172877130785665,0.4906711938263244,1
99.29418239606859,178.4360346613887,18.62061905077462,0.5586268462072329,1
108.23099408594244,85.95314119099048,15.67675264355047,0.3866647200944435,0
80.9961631866723,46.55571811359956,2.7806138727007816,0.45967498871445567,1
70.68864081920714,31.651570552673263,17.69722155879289,0.4870953963380733,1
69.8212957525992,12.940133519949217,11.257019110056408,0.5839921337977975,1
72.14830860150758,19.796104898586908,19.168853436749323,0.5058899813377328,1
55.79695860127843,122.77780424570724,2.6085852146501773,0.5068770019405341,1
43.27508699453068,65.29736715756944,11.752250029441216,0.09156631338049206,0
28.642664203364177,157.27064818119314,7.617636999218468,0.26147926440748115,0
7.836673651695643,35.6168873409169,11.58729678399343,0.16399800140514742,0
44.29597919630347,168.11041650474607,23.56827900877188,0.4129523910499264,1
92.38800705441774,34.23982788795314,18.476622982317664,0.5806399608552146,1
66.32235125390395,48.60349788423838,21.136964608902204,0.4204041470501727,1
19.67853739308112,61.1730989012411,20.11560307918893,0.2580966373845817,0
97.70435812210322,47.29699005605837,1.4861187577808348,0.6437650430590723,1
4.975616658416748,74.70068744657101,17.309300509087244,0.07059871508573157,0
111.7352749836677,144.50396890247222,17.853965472145813,0.5754578728350614,1
78.21662081728341,12.824810490444658,18.181059477253836,0.5326871467959698,1
66.73330517585622,43.92947638926048,6.06325125356097,0.5211086490137098,1
49.513007476999476,9.564490799194871,8.97235657192417,0.6419083152467129,1
99.00372348154464,139.5464574859614,15.545760993641661,0.4683184821284781,1
0.8138749249957833,21.54868351340977,6.525318001052138,0.3198370102034179,0
1.909607256460899,91.72820802123387,12.138768793450067,0.0,0
62.43777124743395,156.29497760602763,9.88771599723864,0.33755006386035546,0
35.64836546677149,56.86745604384705,1.816684534548477,0.35343567330379627,0
48.18621620902189,20.81864916076817,1.7294561563741642,0.6310281658144299,1
64.39180682331381,47.96103414688272,4.934997625425073,0.42137596362473506,1
5.25281850572723,169.1418713591243,10.902122861316478,0.10228464581521926,0
117.96731469021027,17.10969217275998,21.96688159771731,0.7315266349221745,1
81.3169181454731,155.51552833615102,18.306012325484158,0.38518623311468825,0
11.867182797838925,21.701768554237052,7.378907999410897,0.42950825752253213,1
88.63322388467378,29.424895996273673,18.856196830485835,0.526502552357893,1
63.948089933026495,138.9840240039059,19.4042814945092,0.23586271979866844,0
82.43360499744202,115.11639969613894,22.272657825537586,0.4154463384637276,1
88.52508026182359,57.733649583771175,16.844759829619182,0.2428498725922489,0
118.96389557089404,126.37559984418222,14.812935984761747,0.5729851943617904,1
14.208022000225835,26.632996882809653,16.091953461282483,0.10405482289633758,0
119.5460229958326,158.6226254386308,1.7993855426549832,0.6080738304689738,1
57.22297699009544,103.63018394309813,14.287214918974325,0.23730958977261452,0
24.1130882063854,170.31154706504222,1.0126829919005589,0.3393000214449452,0
44.833100631825296,107.2794290408493,15.213745038609606,0.24551860815982396,0
43.71821848472996,102.93474809388537,15.996595133430763,0.27179907098054157,0
107.44225370989463,154.43203366088545,9.063397253864242,0.5244297083030717,1
62.91470844586617,104.91689798545575,4.170784680005435,0.4613742558680956,1
8.006009655047839,15.611743058587393,12.37065319321264,0.2234815952647609,0
85.78504729352852,110.12899737907388,3.7584116899132445,0.5454796844625452,1
59.73293424612329,52.84431175742886,9.154824323712578,0.413041725082896,1
97.75246960607188,114.82110997913466,16.941683753200294,0.44401938562332777,1
5.574951523757359,179.65405092475513,0.7701116952046911,0.30765041031327944,0
103.80051370260762,109.80435009636878,22.454139678731813,0.4717800296028957,1
107.1434105422145,150.0785703857222,21.281511140952965,0.5141461873312945,1
0.988125256807284,63.772661749782806,8.784727165780556,0.05484178487034634,0
57.23047160922058,2.10745918050953,19.747041298404884,0.5824971359611042,1
14.58921139439347,8.425763394098153,19.600987981957545,0.35022306461646535,0
63.5303874334759,3.2960726361150927,17.039280057731478,0.6063910586202248,1
10.703201536409628,39.218192649543745,10.059316161000758,0.2784132859789922,0
106.44537056543949,48.726160718061905,8.693712416965264,0.6844423769725494,1
22.037096570436,57.86836380527941,4.87960075193434,0.2723699618054229,0
80.18352036182272,117.78379202224535,19.259705395519113,0.39418628749592693,1
78.42878554275417,134.80222675154414,16.120925953130406,0.3190339091806244,0
38.498205363606,138.37825434264633,23.22542234188927,0.3618930130972366,0
25.736392706445365,135.35482320507992,14.847277182495255,0.040641400278278304,0
109.82884757179352,153.89049811062623,0.09914859577123547,0.702092907334363,1
4.775587142633246,129.8083674595202,4.809183951473493,0.09404312597214198,0
30.49450608516388,82.62724513259728,1.0741886328948844,0.3267232688633318,0
39.20570631334334,74.37781465415988,6.963408366882583,0.17212694027390676,0
70.10041768377741,14.667932558092971,13.777935303514344,0.5332657393199186,1
44.30292540546047,2.402193316491603,13.240912801799098,0.35893744515368264,0
13.363603226903242,154.27102451334002,14.537020987875472,0.0,0
68.44025949842938,26.762567688045834,8.822233754446408,0.5198173980754244,1
86.89020006984407,155.57490582638542,21.934937176091992,0.438270052245303,1
84.57394137766362,71.89996343837544,10.491203801386396,0.3833645733971228,0
58.75068296647511,10.785725663421704,5.671480171880612,0.6354693976826096,1
36.82272343809312,149.22040703907123,9.910981836899046,0.3399055668772771,0
1.231807764418984,128.59945615674584,9.245123672953419,0.003958609640571334,0
63.935855307178734,179.57875432546763,4.3193910458557845,0.4099092075827667,1
75.4250967721713,97.5299755467353,13.76068890045224,0.32267300618051914,0
52.95095715389402,167.41499372277383,12.670239967976128,0.21403365651950962,0
115.1057829746313,91.13531157804223,0.358153098398037,0.7012174323780297,1
24.268200405517494,47.07620479438712,7.186130751650379,0.28639347216678573,0
97.69264718458261,72.19402711784528,2.808441494622005,0.6796558506172642,1
86.2535062094928,118.78684663401066,8.138631260287504,0.46794133427862933,1
107.91908091137337,160.16724322687102,4.028989611874038,0.7297135749323973,1
110.94643848229157,146.90221766572307,1.627299465677619,0.5703028735104451,1
28.406255603730102,167.5086060274855,8.924952202398003,0.21906261202578384,0
110.6170865736633,96.66865081714188,0.9848075571037036,0.6445658687251581,1
48.387391880656374,82.954051608056,1.611646764962285,0.4585818679697467,1
81.48959305665446,94.57042931171354,17.382071051541693,0.28536457161586315,0
114.34756114095921,167.97681100569977,5.373421975677564,0.6896864292214051,1
71.4429773340044,65.92147268841997,18.369142743986515,0.24758435500461534,0
69.95145143123071,10.860322113506491,9.970010956666364,0.6333090052071377,1
8.502700221437829,70.55168444479486,13.658145252003468,0.07056638599132209,0
71.59806060710143,116.95380612341553,20.038704202037653,0.2684071027497466,0
28.933873877641734,149.9138227687499,2.5350793014999127,0.3849965638587024,0
46.59076629064393,169.7333287311769,0.5645139327631137,0.2799806331709235,0
45.34284405663644,123.75390584129214,8.48779030694447,0.3185369935193179,0
116.80231819189918,146.3954554399859,22.880899042027487,0.5360727539661758,1
76.5354394179131,146.23259726099997,8.613533624647319,0.38693553963704175,0
86.99583019285879,145.58615393079566,9.821730306413116,0.37480619970563,0
20.73179256426959,107.89523427256526,14.577556860599884,0.0,0
36.51415449933782,170.07940560369283,0.032092223450510104,0.2405770880513116,0
105.29566697085184,160.4677012140116,14.221197375682461,0.4300331836537107,1
14.42882244345656,1.3928739989408867,15.76473348753193,0.32630609768195373,0
114.37412636236908,21.8414523398225,21.814139119080743,0.8779826946008374,1
51.288849066876196,178.6093976752758,15.483309559562361,0.1982267287444128,0
46.793651399007956,119.94656328324292,15.997512288623057,0.38525439726446986,0
61.757000051722024,25.214638586362643,2.253059271763445,0.6675484455189111,1
53.190688229640614,163.9691112348518,10.671575049440506,0.3678078136585806,0
56.463877704331836,16.063279460648538,5.05258462744812,0.6682431898865498,1
50.878303254001715,96.79633759450921,7.315844204709946,0.34415828502874735,0
84.21133478720493,69.76629410397699,1.7924035877874083,0.6037567190623577,1
33.155225009533986,51.9174635042404,9.290464268664449,0.1955214677351813,0
19.979232320860234,43.05024378331479,3.599248661758999,0.35388029785482333,0
52.14446475543675,15.609229661425557,7.2611046636921674,0.6829670105502417,1
10.595923992501977,67.89023329493921,0.8018233305508309,0.2706623699276875,0
53.685207889811565,18.038733649951876,23.39790036981518,0.5529933035102504,1
59.320513500505655,112.35489410811982,9.835853699779609,0.32612197628923106,0
94.12054142349852,57.87051685730104,7.995342801884988,0.43062577776130445,1
13.085413687983433,138.04506224186022,16.500754357967818,0.0811895845603949,0
47.625289945142995,168.7545861421155,18.007895088041554,0.3218909291133296,0
93.66671790476124,159.65387664999756,16.292781667068002,0.4648107999868021,1
40.590638453986244,133.112113662827,7.580734277569517,0.41981272403329906,1
100.34647302517635,140.4862017515684,13.069292204736893,0.4634311639331109,1
86.20702243561357,16.56760815532172,10.32271099008306,0.6414016606614966,1
5.006575887132136,175.0087748948105,18.119336946554977,0.12452899961821619,0
46.233428997434565,103.70725296208927,9.410839643347256,0.2756791823312552,0
91.96411845594452,97.76310980429531,22.16110124630674,0.5358746012462169,1
63.184746007407576,121.32928919193789,9.911041812526204,0.46335050262228095,1
80.74551606884894,33.73322974397655,5.273091291902415,0.6374917157033292,1
118.8032215129731,84.59443616265955,20.847183722315304,0.7175257702758475,1
81.03060884607328,21.94362310249387,1.6223729712304067,0.7373354763896857,1
65.52587777885356,165.3733743348801,23.85033124892235,0.5638061901500154,1
101.53392406162196,89.96656775080437,23.75420626748624,0.41231571209370743,1
51.62525881253986,23.84469948431574,11.809085051383542,0.40749992686620407,1
1.2498148906541973,174.56560209797172,7.632587911761755,0.10029794875915855,0
32.69701830945466,104.53588940244185,2.7110087072096745,0.4836024583696509,1
71.3672091401353,135.9320535220643,10.794044888970697,0.4174194834982742,1
113.78973366641362,144.57101750442345,17.260818424626304,0.42845249440980504,1
72.8562562551324,125.27239744653065,4.944692399891773,0.4854881101442732,1
34.04482272347484,79.85616833284827,16.479422927908153,0.22134834367171263,0
119.18493117661232,50.47457767444783,7.436691606799733,0.6625828952648034,1
48.01877513763155,9.277152440327946,13.000934918011234,0.44837068429152366,1
27.336439478466193,112.31325897734597,19.04374231863384,0.2688781309070023,0
66.35035073646833,19.81878352085937,11.630468745376017,0.38494019228396525,0
41.28663702790157,66.46669425643262,15.799537110869693,0.28574699659245,0
13.387697139108973,160.12523627444858,8.33697661031896,0.20005014855510228,0
85.53385727891553,162.73272554121226,13.973076346087623,0.12274192274553647,0
82.97528649992242,147.96763891577044,19.513432552561166,0.36073464329953997,0
116.6623915665829,34.779123012549356,21.154423343775534,0.7249667920624598,1
16.421059730952088,169.47606997660716,22.792633973959195,0.43452649020740436,1
109.26485442321267,25.212692245840632,6.878882077690505,0.7493690702266702,1
95.66202200345481,165.31080956449193,2.444710123157847,0.5074520564668364,1
30.37087201493221,134.77924288376462,0.6772421944739841,0.4577795410441983,1
57.51329580279454,174.7436153063308,3.701427958529357,0.48717839288284237,1
75.61729571444646,177.15218414488913,17.217098035123584,0.3308297965157103,0
37.793597325328,94.51163159857923,4.527418689976621,0.4450853607819946,1
12.906341815245646,56.19203691111816,18.387393780616442,0.12022666588074549,0
100.44973546468567,165.29667440903515,1.2979359397957504,0.6230436418664614,1
19.76345277651623,56.431185352222094,18.834496352294753,0.2564267832728355,0
58.886348543576204,59.88213327840141,9.767610269962795,0.3284321544531652,0
52.52412786981242,102.41603470960887,3.8056556270472477,0.5084871764550541,1
108.36338145505553,25.51869724025112,14.262667487349766,0.5603548342408773,1
67.07147501501947,82.09425653484074,18.10214343244229,0.4424239899006867,1
50.928543013629664,24.789192665213132,1.3713682381832841,0.5228993071567296,1
117.21681065282978,81.55696095719381,9.905376323797267,0.4157261151384489,1
42.305400052782524,163.31070390115795,2.28033694546831,0.4512271837106087,1
87.17869026620463,165.64423660231864,22.879533471009374,0.5235231951854824,1
28.07484364351289,172.49969735414618,10.304229388197882,0.18133418629981665,0
90.86625323376222,130.52025697458376,11.250782960287406,0.3823553555722844,0
90.15023126936156,134.37118688122848,14.34034553092532,0.3357138707136591,0
99.37861858889117,76.88275626085195,19.659268642896574,0.42009004871366534,1
58.16733327145367,161.03188318254706,22.518101856932766,0.449366012013883,1
26.65845248044091,24.14043277523792,9.663582480107443,0.451742563221336,1
75.83812173288132,29.971977143880054,10.11640898677038,0.4432268742393083,1
109.2269256256968,21.288193680718056,20.06129563703496,0.8712641384875136,1
37.17842724443547,73.51737591646474,17.702208212892405,0.31221089794641427,0
2.419273385754468,10.769445267431392,16.34874773532655,0.2274083691501247,0
22.199652446971236,126.6737001317616,19.29394294234459,0.2504135071778334,0
111.9500812670329,32.894120882681115,22.342331771741716,0.6840497195793401,1
0.7268247253237403,124.07563562939,1.2527503098285377,0.2503108048039129,0
6.46327444984232,101.44803691641653,13.666197549499133,0.0,0
11.799889971765737,124.51549470457158,6.336249144564729,0.19319531925973243,0
107.02085129574596,126.44026602714347,22.059536193451677,0.46913421140713807,1
45.99796737750869,141.51563163347853,0.517169498523737,0.41098485410328184,1
82.99331518276566,86.20512317379206,9.596983367472228,0.32079027538794186,0
84.70501392064142,102.69339136197982,11.275129473462759,0.2942288568846815,0
52.080507534245996,45.12878465953001,1.9198880586162312,0.3901550568098219,1
87.88592641627915,90.19956058771547,7.961594165844143,0.46736607530250907,1
55.34710378930468,16.115223881775176,9.171734089809938,0.65638158439503,1
65.02132827631202,171.82941136288852,2.44904610487397,0.47619297111032854,1
36.81770480836099,167.23692019388903,18.440818185854088,0.21157798309554862,0
0.23287392180957323,13.242739172021412,8.461274956512906,0.2735676862603503,0
71.19697141543914,1.9504525287461605,11.098904501082497,0.5673302405169047,1
31.875713047553642,71.10972577097196,19.277718827056184,0.16976637325714453,0
33.01963519125391,94.82027075371957,21.91018523476317,0.2080557136275848,0
105.45579069226856,86.2533688125768,6.205455898937079,0.523156271952339,1
43.42205894916712,60.744123433628424,18.07434221360104,0.19978521394821414,0
12.282455995680607,112.0386611968091,7.133793164611997,0.22948260898755254,0
75.64438817671268,72.09985869493366,22.831535679588107,0.4777100609358361,1
64.61286719993807,73.0770305064478,22.15849506339636,0.46212750323750085,1
6.908292719959137,5.821505134332787,11.89924952123291,0.4141049376085928,1
41.869333586135,106.79303392096274,2.2095967642514234,0.47972489886858527,1
73.34492351294718,14.943704424614332,20.46798454136384,0.6192503175021086,1
33.56630924705492,154.47729258641564,16.4199509846817,0.034160178968547075,0
118.33831428255064,85.93433239582097,19.010869255166025,0.5313852879242816,1
95.87610717462539,63.81670803491926,12.32592791134373,0.3848556009280805,0
60.50544218267219,119.00251694822893,23.09302133248537,0.5198915740223504,1
109.86353027785412,159.37784217898496,8.549324939623292,0.536500614084334,1
4.168889327455978,30.370665352559946,18.475599963954963,0.44291341296573783,1
26.94471415255436,72.23869511538261,2.3726452023159768,0.33526252317015226,0
109.77991039573841,175.24810073232027,22.0891347781369,0.6553090770529449,1
61.046119002898834,155.50545021655856,8.06112813879215,0.2952467773712994,0
20.424854829880804,70.39000736363329,3.3426976960400827,0.25586099188058176,0
68.4108440293382,65.20059735062732,10.117800144984399,0.30205206859928657,0
87.62770630879768,146.8649555857386,3.142101518416063,0.5944091210584191,1
72.40992202241283,15.160143536313571,13.803584903036533,0.5512423757233071,1
5.505528510272533,21.367670290287826,15.226935669966451,0.006520865857144759,0
4.40755347021518,102.79468642759772,5.7429194402919785,0.29687403259692907,0
48.850468373131,102.30259883392293,2.1723639712538194,0.5448007446070381,1
1.951302376905959,102.4821246753609,20.33005797150916,0.2447018378536831,0
10.0896106962464,137.72544240820912,16.314013832886324,0.12638167643667905,0
77.10773672678819,158.6353048951885,14.877367022829667,0.29043299538901296,0
52.614131970050835,71.98536891321021,23.05875603748632,0.4577801000212858,1
10.262345749807773,58.651944549714145,2.602530699948372,0.39058586673638646,1
105.17452687732505,152.93517033485998,12.657851607869262,0.3404489854920514,0
44.21842525286733,44.063754163204045,1.244445304465895,0.5464941388984346,1
105.98059760771801,157.51933144765235,20.81909847799833,0.5908485465412097,1
73.10874198416955,127.27116384949939,20.24019958698006,0.4036439086568691,1
74.51612976486554,152.39920544764323,9.485822978826093,0.48897965336855037,1
50.88367174891757,114.68160747201927,14.15326407080503,0.14839547586923332,0
80.63935653369256,19.11015550092211,17.781082272507756,0.5007337143026032,1
29.22391850224834,128.6559887715443,15.571354865428624,0.12289452149887085,0
30.891250072820146,89.31441878683128,16.721690459577395,0.10825634272996344,0
104.98904184796153,33.07215727069552,6.360407272834705,0.805164231264235,1
24.448475515833692,18.376733832791736,17.408122524718866,0.2358178846578621,0
46.325743747073325,47.32987251559523,17.884162632096047,0.21032448356086828,0
89.36638675104703,22.572424162358068,11.674931209573725,0.5722762066375207,1
39.60018192379493,24.41878357061097,13.019174887373364,0.38847260862195704,0
43.917620885103325,151.83939037572182,9.77142764772686,0.1563149917113876,0
109.10128798910368,171.11039685688286,14.655651214963697,0.5075993658778692,1
24.77629060104138,179.06297154788584,21.86561458136424,0.14767132901653449,0
28.941486569924727,100.69300752255451,0.8453410006073794,0.4303624837346512,1
106.40776570369127,101.8837238276361,18.426279111395708,0.4169829240225692,1
33.02821503732906,10.721571202756547,17.49725536620761,0.3910923174689721,1
39.672564648524165,21.338198563723225,10.40408501284531,0.5246019804139999,1
105.83867149860188,138.67416220756016,5.0277053417324495,0.6102924998829291,1
38.535893680678896,102.76149206469839,15.032627377636647,0.10882976861357149,0
119.63738875607575,102.0035748539501,18.319823639266136,0.5420940504681376,1
98.55370278087167,135.59415978605725,3.677272989595309,0.7447125571826674,1
101.60042975317,146.38135052994036,13.532120426305251,0.39139650614132054,1
27.081273251431703,127.83925247791335,17.869442202152733,0.11105407576813608,0
26.04772634840348,1.9475809579234338,6.397621348809071,0.5829928704484342,1
90.30915252837174,97.90217369883793,19.808707934596107,0.3751733682615108,0
99.20755100116808,150.39263756147713,13.09526993970259,0.3318647985208697,0
26.945135946062084,147.53074496968807,1.8324364506281778,0.3155408126649478,0
24.717899339289655,170.80179171621896,19.996545722563738,0.2671489887203932,0
29.22684307847846,93.49128499911215,0.8044975062025728,0.3236470738845263,0
16.513350823908162,93.99906563478191,19.789378509897734,0.21790615332650293,0
50.54404124786646,4.449020472535996,13.24340458983984,0.5544497418655612,1
60.34953524538342,92.29719146323004,0.140065111394871,0.5763201697371988,1
75.37998589217655,101.50164267583781,3.607843425652539,0.40763742974423867,1
6.6424158309228565,165.22603221355342,3.0521533390672486,0.27045604110897603,0
23.063419249517075,159.28137768418551,15.531901989812695,0.019817343867428228,0
14.048603509440474,11.239544658080504,18.40369273964815,0.4195312788930517,1
32.40112856883949,25.53752173495883,8.726950559706777,0.4165966210090958,1
22.294236896989673,68.8371946178288,15.47068109047726,0.09593601391294243,0
112.35272719889204,140.38852686138733,13.46184603279386,0.38929891049169746,1
44.80118453924674,29.921064896273812,20.585129874921456,0.3987740596175233,1
16.667727302681516,139.3262219409154,5.7771118249181646,0.14169699373553787,0
79.97299614514688,106.7084536261226,3.041390781004057,0.6166155593555271,1
116.74874148611484,157.95313991647853,9.825011650252412,0.49512955330996006,1
95.32950296876797,61.62689942132129,20.041834546925028,0.48981422617234294,1
77.78515108799647,72.42852937029771,6.16381263772307,0.5006100829490692,1
45.379379902872955,10.838865979566354,19.605764514031797,0.5871264429652641,1
48.39566994101058,93.24599756983797,2.1377959043345403,0.5669160280406808,1
36.25593894154418,139.42805052215903,20.607070257539057,0.27195941110709104,0
96.74653659283653,92.38645723901493,10.72223962791866,0.45544491203062676,1
96.40068113867395,93.86182125862858,19.927413234223156,0.37355030210235823,0
58.727361242354775,164.74969370260308,11.174966921194468,0.22908491781583426,0
103.43196408975983,138.00426353996033,12.643051782009167,0.3498028787381738,0
78.26386828385695,56.57301515621006,16.697318217991235,0.30032231435235807,0
82.26734611948493,170.05623535061576,4.004726750258246,0.6261787725481661,1
32.25325638890641,130.46394524091235,0.6066315184974664,0.37391614987566724,0
28.9878224497454,54.19358379501648,9.332720971835274,0.22821954507622247,0
27.327449331569866,38.04290457464427,3.2080033100133765,0.46516170883296776,1
109.50128716071788,121.62033589924062,5.470598542472745,0.6004954232053498,1
96.02970642618801,91.2497719850847,4.041612534956054,0.5809399435767262,1
107.91126775053195,107.804073660232,2.821147005485523,0.610318956966087,1
98.72868244213987,23.269528223809036,20.361084362793633,0.6568918136527356,1
96.59021006629774,137.8383255722542,14.916560285808371,0.33950205563135455,0
52.32675811466005,154.97825945555647,8.48385661930683,0.2963251095214802,0
91.87407093043703,75.56924165503824,21.344869197079287,0.3856011647465536,0
19.99765048011584,54.838030722504904,0.23341782229192987,0.34591502134088886,0
78.69300183373049,175.48280879861386,21.89992439590416,0.48070690568679414,1
5.131506383014002,175.47820142006438,19.171942044932624,0.1498962683188464,0
115.8929588478842,22.4514134485976,11.259639659028391,0.5789197278524001,1
105.53391707133056,97.30576800977656,22.475278122176682,0.5346509144828899,1
19.794770321695623,78.63653115380752,8.337673872418176,0.2473997782129463,0
92.24521556073117,50.43636436057875,3.352150316597224,0.5892869634996565,1
98.83786058466316,93.41114171714047,2.4274739832183814,0.6566229343266403,1
5.040723392775073,120.26213964567478,17.5390577820962,0.025293093187780655,0
67.93326358089726,65.98681305498785,7.17578065065157,0.32641793710194533,0
50.41210480439719,55.35233217477094,6.393817305067396,0.29028983775914297,0
74.24970884012787,155.39981657624088,19.322470204988253,0.34231549192946303,0
106.36404691259743,118.41635278301605,20.906097437198177,0.5237814365709436,1
86.75452301441821,54.973031349731855,9.226288903703502,0.3541585532552661,0
25.33845334027726,28.11307062251208,8.26597544012656,0.47276928264715457,1
66.56515710101279,69.25482795634261,12.355056673608335,0.26584355550726163,0
67.40931334026386,169.04493962942433,9.668084635265373,0.2665674170565854,0
1.366672436309444,149.52047627916963,21.118336349673168,0.273313988823084,0
15.82265261209113,37.80764678144488,12.753104549952369,0.23757342858962605,0
43.13767019192278,109.09155764418462,6.384387873044803,0.2887789046460715,0
21.36175060727251,0.9377426959210866,0.13675103719119353,0.5429744938178525,1
28.47158489450262,163.28749109719047,22.69676416362882,0.3033542564025142,0
81.13341800489941,169.5769878899777,8.09814678725398,0.4799323956138738,1
115.35592459313158,38.968334486806825,22.609521317974277,0.6476825153378052,1
54.96725900687749,61.67133273126634,21.284801737798524,0.4557003318762261,1
77.52819589431353,54.20176849709071,10.232665707840711,0.35252395568794026,0
91.36894108498274,33.496348356170486,5.504210483002882,0.737563676512117,1
80.75504217923562,123.0203407054005,17.348222062325966,0.34166926237234724,0
78.84154150061404,67.82579581046829,2.275915819098846,0.5826458847822735,1
0.14073085626771675,0.904509878762898,1.4957023375560379,0.5929942588213907,1
104.39004992002603,39.528245909423426,0.6917375678942959,0.8297672654342771,1
19.35164688146724,118.973777043842,13.61778841742969,0.027496299194535417,0
21.65922266570805,126.30399016301672,18.73418180507899,0.3005582842073086,0
61.17719164664315,2.9794139226657945,15.53659124465053,0.4399417649049211,1
70.42388767745108,98.9954957826365,22.25041417098378,0.4840255740738578,1
90.66885396090929,114.97358525962697,1.9113148871573795,0.6407603389484581,1
35.150891275451116,114.64482937907475,17.592144693148196,0.18879322628568285,0
113.42124718058461,117.25743730735368,16.85959825792903,0.5241178997543127,1
75.38830622321639,140.44571421953245,17.300770521969124,0.21852431247718856,0
101.2969674472969,60.33983154261654,12.323139280501271,0.3926048158469901,1
57.24190672886466,153.17864744024646,3.2517571640584837,0.5311374854030932,1
8.537618015539437,79.48988197206933,8.286640194717751,0.1525425685899017,0
1.4532191218427437,10.887822976154544,5.8292113469527,0.37090765362527794,0
76.83057719733269,117.25180869841219,22.995750780553713,0.51652541841582,1
51.136422954746806,61.68107507428138,18.607124404441834,0.28946665667380334,0
52.85724226330569,114.3285848718176,21.9241964221821,0.31928477802270805,0
39.11860503939729,67.18479144759999,13.833912725243785,0.2426374191271194,0
21.395573181370402,89.619870860745,1.3949800209000172,0.29579730150381844,0
56.84138866270322,99.96551862925958,17.910154313566505,0.2063127418625679,0
30.575428836409472,127.45077171006795,8.695739419775819,0.22874902131062158,0
107.13037163540534,53.335882284131884,15.65189572690707,0.4057749473724478,1
21.448732881033443,120.55964815302357,10.509101126065453,0.12019301540307077,0
116.12130201183668,41.937676730522234,13.639692088685553,0.5469222203420685,1
103.23400496306881,142.38872160316333,3.867090840358637,0.5981196197399344,1
46.036095901379085,41.63832480004628,21.576196364023588,0.48485146945885,1
92.74282742154145,12.934401796171356,7.5556535969852785,0.7474183784569968,1
69.68539390448436,6.909321842177847,20.671993453632616,0.7620256674789464,1
55.911801076894754,107.74508284057664,21.775154498088686,0.3261927424973923,0
97.43909571618589,58.15402785069227,13.704199881499822,0.38405263010089813,0
99.69498905932059,103.42214510726087,3.8687358701203083,0.6314697864146761,1
24.180797696248618,55.93052473072275,9.64294793170258,0.20821386999570513,0
108.72126543105578,79.11387983710755,12.17526591231248,0.28111179076251647,0
3.8499466090833945,156.6299860533831,6.97229247200972,0.10365988721761102,0
0.6627792673356003,166.23728353082677,1.8078298870850462,0.2794635559991342,0
58.04123833088918,7.758152373901321,22.837905661983395,0.7325955184479992,1
36.160062178834856,170.67685450541484,14.508313725159653,0.14357385341187698,0
50.7203468289855,90.87479780015545,12.287972570305921,0.2198647057185186,0
57.48123091861254,133.13168264339993,2.418440117711979,0.5540131735281617,1
56.19959886937723,167.31503268975342,12.509095986696973,0.20052986699459774,0
108.94104438373795,33.909063245144246,19.383762878172128,0.5959294431961231,1
110.1838440833195,68.77553750092048,4.347405429688957,0.7483193206041048,1
41.544467356700004,159.68575512211794,21.970070363565945,0.3894845984541393,1
34.51328984807127,93.48540470400152,4.8671015372474775,0.33927331544080097,0
78.47980338824583,161.54335869272364,3.1694784320862484,0.49399473802642146,1
23.810247601331135,150.8385613317358,18.42832528322149,0.2799631811188743,0
48.057487048219215,179.73352852969117,4.471785123883359,0.3907911320376325,1
86.15481942177232,118.94188947914323,21.238577645062296,0.4367498873329413,1
0.682773703575692,12.064089035606024,6.338703958940199,0.5123975171577756,1
92.61912811028718,162.47659427967852,2.0736484975967526,0.5006549276120862,1
88.06085955262398,33.3150209348993,14.866242730425233,0.4613877974792405,1
46.47157596304826,28.213322553637337,0.45333743024079887,0.6212797259527931,1
29.740657276585893,66.4154742663058,2.6267822806569603,0.34513330838112133,0
64.80503045968763,37.250023397701206,14.05323013905934,0.32606705367776406,0
35.476981492820244,25.10753599423395,17.820694824144514,0.4000345161638124,1
98.53028597405316,114.86909431321543,12.099964337199122,0.30575113014896377,0
70.873231461054,163.80154760808992,19.966402095165538,0.37976151610843917,0
36.807720951650026,47.45426685880504,4.059728755999503,0.4876057450504592,1
96.92178637857805,67.32613968860035,19.230620093422573,0.3928091210542244,1
72.91060512765807,115.42404122038538,10.789931758528155,0.415522723914455,1
15.835474781748818,53.99415229900042,20.577847370673872,0.2237026807107215,0
49.68060494094786,88.78440802330489,3.332591814979578,0.4284717949868143,1
58.76807537676391,164.2935444335239,12.927201669192517,0.1974110055474944,0
113.369081270034,21.06289848131352,2.2429574388967497,0.914260959356559,1
38.479854845506324,96.25573667974624,4.067344366627338,0.34861005849415844,0
53.822098618685594,38.356421013421645,8.468418733626038,0.44031840778416625,1
117.21532050885777,139.19545361961,13.265085566486803,0.5335092058724359,1
51.13849916015123,37.47281060330864,13.499609973389507,0.3966961048186116,1
99.25297936876741,145.94027525881023,5.832785112636783,0.46459414771056406,1
11.635850389596092,72.52138738109443,7.307740231440987,0.2889603636409505,0
47.2578414542484,167.54311923384452,23.20979328117435,0.3663221716272006,0
22.056579974010692,65.32402653039523,0.6535680163602473,0.35077455238435945,0
106.07832713230857,88.74381555129352,9.564677590974307,0.4850345687685476,1
66.31406582163777,19.20528744347364,20.326504751092717,0.6124894423980144,1
26.2254762081769,49.90301718406422,16.39839463261453,0.13612466114717364,0
11.061236835242871,74.7961541799062,13.857031409790626,0.08673087138284002,0
50.50888471503939,160.70676810533357,3.7550899954988193,0.5011225825068146,1
11.568526837075929,105.56174745109782,6.083838270404211,0.19354305359136675,0
58.229391627977904,145.73271985999804,23.85312836697789,0.4528326318403113,1
87.45453228827314,153.61281467695397,13.61480613330761,0.3894479883903532,1
37.24636230854288,16.22228405076287,6.940082956618415,0.5966931150797246,1
20.097805231951014,56.67877959423481,22.30947357010567,0.3158468434602922,0
43.383059869572925,149.80099736871168,19.613350708911966,0.29841737606125407,0
19.93902368921047,136.02825004769812,18.1514926494652,0.1797379641133475,0
101.2606946289805,101.52450658166426,5.575109317172882,0.5604060779441078,1
11.534944266775128,72.69124436799797,9.703277804134594,0.14220572555210126,0
88.91308587481225,89.79342835633948,20.253435924273735,0.4524227544078322,1
40.060704787581656,2.6776636674525256,6.78831140927164,0.5818970452894271,1
87.40515332564689,23.151704786231882,23.135714575049178,0.5712665241522942,1
92.51520642366904,64.05926439029585,10.01415665153426,0.2899956233209979,0
16.206656245841668,25.222200346849778,12.119326995150905,0.2796193674621917,0
90.78081785147515,41.458888422198505,18.380340238872687,0.5624464864787475,1
113.47448434535585,145.17150917712232,2.34617648124347,0.7103342528399221,1
68.04631686689656,138.26978696510335,14.920904846153306,0.2703763403688616,0
77.39209799615169,131.55595301149953,14.443898563034068,0.27468871326438976,0
38.71030304171789,101.94679485242442,4.024702807147777,0.42126579335296277,1
20.93784691007802,165.92026275635527,4.081165038595691,0.2871720250551336,0
89.32639346789013,41.349893801734964,0.6941484829692408,0.6749514775267094,1
98.45590201365543,111.68324823108365,8.856080768783976,0.5738979890834485,1
24.737091743728815,75.74293846104314,15.410530971174545,0.009874150204516235,0
13.612829228811902,169.55404802755476,1.7650553805789668,0.2637640427124957,0
42.27350039651229,61.82689290168699,12.382244738723042,0.15688239602349385,0
75.13003003235643,42.88290665714324,4.171489367253752,0.4697052874242591,1
43.807923847420355,138.24180394884232,19.698286168165648,0.20161349778875987,0
115.68148241706402,145.8458230204676,1.6836091513117335,0.7604178911255838,1
94.97699970997442,129.3837282881528,0.13067442301309917,0.6308551623182826,1
109.94289451948228,141.01419956538402,15.990365923975084,0.4232335432472858,1
71.95706040409988,34.55730080840889,8.482828596824568,0.6001440555089568,1
90.69058105778223,108.88777292786058,21.850644052059668,0.4592273627130804,1
114.11843717101108,96.68338353621894,9.317537889888118,0.6462489991774917,1
4.274854918063751,163.71524745717565,18.965875055996822,0.1068371248120279,0
68.98927583980151,71.53149069032912,11.499284032245676,0.24675728678422756,0
22.45119069288463,44.225437165875356,11.744026790363115,0.26278280553829486,0
95.41347337222197,55.33433399013448,9.336253279921516,0.5029821065501605,1
27.91645662687101,92.17664158834626,16.77414450947231,0.15368556008305745,0
88.99357997575636,176.98398186691404,0.7828054250846179,0.5728207759673056,1
39.91435975657144,125.62954009113137,19.482870654128895,0.1365660383433826,0
78.18285781750816,129.6107670060325,15.859176835347963,0.16789331594135493,0
81.47520435282539,84.02626086563203,17.574065536943582,0.3596838784822826,0
109.0582551236451,71.39957679411454,2.4830365151633513,0.7275181681044823,1
104.68558805609148,167.6671305626191,17.20698004798956,0.38266631501768245,0
52.536352669191835,81.08995082509463,12.371573660148545,0.21760986456673848,0
82.68224322275157,22.58615572474802,17.213305438560145,0.4341298883625771,1
21.887337332384806,140.40471204202083,12.602111900595709,0.0,0
11.768693015159135,36.32321318551731,21.368117871188083,0.33038756486336995,0
85.68761403353626,70.22234380744875,19.449740885796047,0.47937809732161396,1
108.82022289236896,110.17154286380575,13.694029337250576,0.46247228252500483,1
89.5979174471242,149.75152017475688,23.692549265712596,0.6495518749512631,1
62.01156634882854,1.2247442733088088,12.479952989026657,0.4841747538912894,1
75.54995827006852,117.37332944114735,8.304501756398352,0.3896616330872741,1
87.60945793238189,24.521090367872034,20.715855690475294,0.7109967268525184,1
68.31946756718847,113.62099355235088,4.475194804384169,0.41304985118071336,1
43.56811154095255,108.8786050711701,18.431247399056627,0.21999748131033342,0
102.09128424178691,92.95983738708381,13.161434471652699,0.3882829729837607,0
44.31226093543813,76.74247077538597,23.595353928001117,0.3934490474737626,1
108.44180294120689,97.35938491797161,1.167435069880816,0.7167267362342618,1
95.92846501569713,172.27822487083128,7.100144941262311,0.5456663988692784,1
95.16236546699774,63.39633808031719,22.173232386915195,0.5212614364972472,1
100.04794738417402,84.84438490882664,13.951059218866316,0.2174775183129227,0
118.41747507636455,26.523526944145914,5.072504690413174,0.8801182202539694,1
118.78361756465682,69.93633532120788,16.86815958032051,0.5500273393614794,1
60.16844872383347,9.312388663637169,11.84763963725981,0.5358883282523799,1
45.27356867436997,163.71472014191417,13.714972095054339,0.19697446864061463,0
87.9811351385181,62.15527619757193,4.16274329258834,0.5933198288559464,1
116.15085942195854,168.776253556716,0.7323490426489858,0.7644682504772629,1
75.6100404160936,24.320350301718104,21.743701424216148,0.6090645196759852,1
3.0842873433935125,119.06163192866813,15.9680157080796,0.025389554418074396,0
4.626519264083249,108.46135048174092,23.265621506911707,0.1701896515117801,0
55.699761811953174,119.01210150331283,11.933570360245474,0.21374052917173397,0
94.52430908918056,143.1182880917347,6.498186375692355,0.47278001971219064,1
106.49996950432921,13.430799612551624,1.2160653171660059,0.8251037419811188,1
45.000907787605804,133.07388016622198,13.368182423264507,0.03558857029759016,0
62.06031530549233,4.691868804179416,18.707653055875884,0.5880169443159625,1
61.56410774982861,54.25632958057324,22.237561905659465,0.5252513366739687,1
11.349641968667207,152.522470046927,9.075610308291104,0.0,0
0.10687126239198097,102.66458114510436,6.488294687859932,0.2629732792079725,0
62.8413520948216,167.57344045004464,5.714528288602277,0.4300636500851482,1
60.513995716122864,155.16203817504547,22.477779189882394,0.3819980957913869,0
103.63370917661972,76.18477302106234,16.280857050740725,0.4327049029306472,1
21.801932528410802,50.676634642322746,12.788237941637426,0.11873628288513637,0
102.30478615639205,36.6688440008471,22.077537027988626,0.6858907726172696,1
32.550715074849855,7.612264347424738,17.905297504920497,0.5429388576126032,1
64.71033782645138,128.9373542305097,12.81139887546315,0.2614803761541938,0
84.841900747827,145.08841906995352,18.54631546246415,0.4229851419781771,1
17.432997875155984,8.585911913891046,15.966324794034882,0.32133512386016294,0
113.57056413381027,88.50143700885121,18.026426224625745,0.47812014001255154,1
114.94326935472417,149.53932466506546,8.039951830739756,0.49299447661229406,1
116.39902776923138,115.10314079159073,16.895794001330444,0.4632634420836197,1
0.26911596402550586,74.99073667511763,3.8861702647793486,0.18330501068070348,0
77.21183826684725,170.89268542840878,1.0740365074777545,0.6154964668063821,1
80.52901125348224,76.09238475342742,12.01869825090633,0.30333809070075374,0
105.58947747597139,56.21847956179309,18.316377813389607,0.538099180299409,1
24.17727387418269,89.50277220906794,5.351984407691947,0.38536461659760135,0
14.883470811445957,62.42794949948895,21.32338682641652,0.29425976068437704,0
97.132090785891,70.5787054161857,11.207957932848782,0.34988751863981554,0
31.40415313427107,89.45755407127439,15.95487563126596,0.24969318375436564,0
7.9237104828139815,13.948691175298105,20.869470507550588,0.2832240960064523,0
11.030441262425384,108.63128406090036,19.162896039332548,0.23810966645728293,0
77.4212732757936,104.85603216328897,15.650379753351144,0.12851867167496728,0
64.30301988173147,128.0805729481457,6.675766788151967,0.3468425229908049,0
89.74775314121877,43.72607631365792,4.258532834956989,0.6421164999149669,1
96.85441964726533,7.3723754499072385,13.71057586559083,0.5781355571360072,1
0.32492938166856167,127.41304815800461,14.183802407899451,0.0,0
111.95257073718624,66.40818966680108,14.370630291367613,0.317799341816221,0
105.56107583898834,107.5653950589483,9.523244746037477,0.49010787362325886,1
111.96743767806687,48.74092646205927,4.2442208612789685,0.5875886662391356,1
92.24026323062525,62.722891961201555,22.234510813992173,0.5839475229570339,1
46.050742167763275,47.334136420226535,16.25531073249952,0.33664656205976695,0
29.77962536874225,88.67897013323478,16.58352118573314,0.23238437465981004,0
109.49490839486037,116.60005330877321,0.5811982335649963,0.6696404668683474,1
50.425746134110796,42.370872829383806,12.73691536038769,0.281062440967471,0
58.54875929633373,56.89449368132702,12.77568200890407,0.21412665579605783,0
83.81315446241264,83.23476984871685,1.8132368888914296,0.7539046012037908,1
82.60817777768865,125.35590217315105,5.205330549543405,0.6015989392605385,1
83.21166678906363,66.44502342429134,3.770122131426924,0.592776270809706,1
74.83167831906594,11.202661391205268,14.841053581647442,0.551059154158681,1
61.03578490052375,93.40280073002722,20.911184710229524,0.4589111325962573,1
92.04296969432423,81.75757811902581,15.13953777092626,0.21896780288408868,0
47.494891254444624,179.4565324934415,7.825368779623724,0.3683803989745709,0
31.483429156726892,104.42618975209814,20.32273898278842,0.21432017300023615,0
109.08865983953145,8.3136604176375,13.200706284589977,0.511078420992197,1
101.51820328567953,115.89341665029652,19.71381928117174,0.5726458316908652,1
86.15405593190707,14.913378712949596,13.969879082866623,0.4961298840136109,1
20.191085844692417,67.04382054406742,3.831817440867633,0.34200269880960493,0
5.478826170636473,6.316678475226691,10.272371977844669,0.29321480402077793,0
110.6936397682483,108.14858274336535,6.401827123253925,0.5635335067745527,1
113.1499162805921,31.102319409368974,7.530830040479429,0.8204169350899536,1
32.688849625385586,169.9694001307677,1.3385703709391983,0.39387020915471593,1
75.53537877829645,34.80923161194865,18.511432586665116,0.5141060345737403,1
2.204585614804153,174.25885554766916,13.526794856626125,0.0,0
47.240418635019324,164.4858548694886,7.675379496519674,0.37534595202020193,0
84.47858116526135,93.23904086583329,17.139280902384815,0.31246326410203745,0
43.324578199239355,83.55118373493151,11.329494846936019,0.2244609208848102,0
96.85410778804423,70.03197667482007,1.7561228122134933,0.5430469964968488,1
109.53563297288655,134.82208551044712,19.286788828578537,0.5381615257328989,1
16.464948852601275,33.82866433767804,19.4063758913337,0.33642095208862816,0
82.58027573173938,63.809497131831364,13.290598978825667,0.21133666609042512,0
45.12059136342244,10.56478083606503,15.508459878866963,0.4482349483652928,1
20.92609171202596,76.91964421343968,13.45773818137118,0.01859083491395775,0
41.90906149847149,34.4430841438656,6.9407454707976255,0.5305760385457035,1
57.817601350950326,165.51944362423373,1.3508799258111512,0.49081951914597605,1
107.50700834770556,81.09780561737028,15.561871339126695,0.41749612245732853,1
91.84824071104853,40.10946811941019,6.766553778363172,0.8190280955490903,1
0.6214619092310558,49.2550764838375,17.820116680591475,0.1716060271955979,0
6.7731670348465345,32.082574157102606,7.391808305598707,0.2840413484615595,0
119.26264358790179,16.02044931456163,9.275693765835285,0.8120329368137181,1
66.79492800014208,9.588978417160494,21.691366400858055,0.7012743199274842,1
73.22228447640832,128.9687724498413,2.671993493115858,0.6165345077731226,1
42.33141563628084,18.88075787603022,6.361061540822469,0.4729203715823464,1
99.7730294531793,151.49369111462426,16.616367842006355,0.5384526375299691,1
66.8432029239411,174.18754902151588,10.24763358246786,0.27189979289063054,0
71.11160173650336,164.58245366073788,20.828139011168368,0.3931698815407577,1
29.941723649697337,31.785832591817606,2.966650777706538,0.4494933197495862,1
93.20502097073248,142.73414562196072,0.41398800998716645,0.5688536835614431,1
25.700193535859214,107.52936909728871,19.184448448277692,0.3278173316240423,0
16.47081998875796,170.2360773579826,3.756799135522715,0.31219786004058553,0
71.68546815680122,52.77314424020996,6.816114038556207,0.39492484378608833,1
99.87908687537852,108.9503429037807,4.71505306066893,0.5845614661794433,1
35.16913744760106,110.90752947299666,10.435468521329742,0.2004083122938961,0
36.25229850409454,34.13971830543582,21.757742475408264,0.5127617842430584,1
17.924712331190058,108.04412147176205,11.652220578016639,0.06871484831513272,0
72.38084121879083,130.53567345172382,17.378951045371345,0.33144561842833764,0
92.4929136171516,145.22841126710662,3.745534050277464,0.7880344675436362,1
15.07485530277136,154.04578952483163,12.854698688808691,0.05378126738731181,0
64.22036872594248,4.785112365799458,5.30212120054472,0.7319466076014219,1
64.76686332199948,136.53740433525195,5.2642577202945064,0.36827202017294675,0
12.810615177670112,58.394167903718966,7.385507474163836,0.2678819214525787,0
63.634925754877834,137.77951367133656,9.27593673767157,0.29150627590923445,0
32.62536598838103,27.224971171328548,17.224101202214747,0.45674594972461746,1
23.895114821656435,67.7060628033009,2.442570681390725,0.42332194235939136,1
118.26662300705,73.11945215847665,6.292443819186037,0.6793558236810516,1
10.841135564626644,125.1852452110026,23.293381920946576,0.22676353320732232,0
41.2112486370651,110.84198295977032,8.65810491364118,0.2356808310548899,0
74.23722919648769,146.4730607290505,0.5002078763598385,0.493447062527977,1
48.57934932956557,1.0882567407975552,20.876163625000146,0.6370732141728348,1
2.1468641111520093,51.195949813743034,0.15077445880589568,0.26456414393768685,0
103.94970178384195,132.46578875051765,9.08330965554961,0.44360586357986415,1
28.706289787698395,43.11112648189845,17.10206933604681,0.238989474574359,0
49.449836363332665,151.86774247290242,22.59615309035306,0.38829046079448737,0
109.02466779530307,55.88686663508611,21.40467430336654,0.5742362091639437,1
116.34566717906661,120.0581752713628,22.468710035121752,0.7006322565317452,1
109.77296259735597,9.941212027054991,14.231503801903731,0.7353753360974206,1
49.32159457461967,164.9130272909458,23.210608692539704,0.36559737429638345,0
89.29489698338789,20.2393026828476,5.593442489510292,0.8816264562769479,1
101.81276268557671,74.01583769741397,7.710791547591084,0.5436383823101748,1
23.668518614646526,70.07002532481664,15.677686549283962,0.1864814829134967,0
116.33591765442154,54.62015903099764,15.057712394136386,0.598915819048717,1
12.169303773951565,96.49163689785198,19.693355795242855,0.06358297388127918,0
78.92615632069287,94.42906378137276,2.958166282126358,0.5780249565567468,1
28.684097198361492,142.95661364070608,8.940723810313921,0.2666088082072163,0
25.80023938305215,174.97614695929352,15.029486096310208,0.18554913021904929,0
16.470077173756223,144.1314320255993,2.0879455709881816,0.3676301858735133,0
113.0532331101694,130.20643811003276,12.109390434644723,0.5099551879986562,1
15.392969793441056,35.60790849626773,21.060674044561825,0.23599323034413802,0
109.49818561727554,38.20231586205218,0.5928369519501571,0.6963367591098357,1
19.88475453977908,2.238712333152457,20.042902894057853,0.5306883795427054,1
39.50892699656454,16.731570718409408,17.25359446282638,0.26731333307888716,0
25.37687732295971,140.9117259935902,10.306831685163925,0.11242643210233016,0
118.55221117455228,10.236824522720811,5.210773799479371,0.890051118632506,1
11.150167871996288,48.50557651798056,18.78484623087669,0.21233483929642982,0
103.34054813815608,69.00540407057484,8.539564850358484,0.558581461969769,1
36.05436785002969,28.29406986800563,15.07693444217378,0.3165861809318303,0
114.27491983155876,61.13300512048435,3.080728733912605,0.6172913466520364,1
90.04035934940408,45.4007257793981,18.275147620506328,0.4159278097347554,1
31.660785079274167,73.65203323953067,22.017221214174786,0.3363650235946531,0
61.191917077397434,32.134356697343186,22.09043737453652,0.6005069134751878,1
19.33407622923678,4.610612579537461,23.53843425742558,0.6017067246053888,1
48.86255027514049,163.561727490773,1.5011291154671138,0.44314856905875666,1
3.1562429248340607,133.68666661234468,19.478517733412808,0.12869109128187234,0
81.79236040375298,138.62748900643356,5.8304421362379895,0.4037701467609552,1
71.19855454871981,45.84984513460972,2.576241318672217,0.585699678069317,1
32.6176764597366,169.1311096585809,19.070587924201647,0.2711423758611356,0
1.5958027741717018,149.98380520615538,21.48381790761804,0.10147988828044832,0
112.68317433720753,73.51154701203612,1.6277674596465248,0.7029206419601642,1
14.98814085117711,52.09805905788708,4.981873662302054,0.3589546681367406,0
39.32754490718146,142.74505574589847,11.386572183093334,0.3385953921182455,0
3.04717527075145,3.7499979211439194,20.791333929227026,0.44024111853890313,1
45.991422383247,103.03324640886096,11.103377556388825,0.19079292419724908,0
48.202340132436476,156.2156579940168,1.1337135496483777,0.3451823270612472,0
64.02084616151531,164.23625953553486,17.552175884905182,0.21598844308159731,0
38.83911782414353,166.40883195996955,22.886409036507054,0.24543968514287112,0
29.97057334443933,77.1774659880213,3.8230625050256606,0.22573221281286937,0
94.29427589611953,2.8252207796859152,19.779172531288115,0.8070896360881619,1
33.4710076139426,62.94376787168576,22.95962524906525,0.3386555047100466,0
39.84696622471112,48.66031556715357,10.028616006021423,0.29029454418127243,0
58.930105761692666,104.1155319561527,20.0056641668437,0.23724722606524068,0
32.85734863341224,130.50529442212778,15.229544680051411,0.0,0
87.18933595848947,176.38894860237758,23.498947568691595,0.4295405547533182,1
10.078902521478387,57.454344104808904,16.12937297277199,0.1828062836473245,0
38.77698222557904,65.31592228261032,6.973191682912365,0.38299255820167766,0
50.50472728077522,15.560983743683693,16.968622037196905,0.35580723357286376,0
30.96631832757169,149.93909839402988,8.004239236419222,0.24930566348303285,0
100.78534999640263,89.75886191998674,8.4812404837717,0.5003090084944856,1
42.49206375053827,41.970624444041306,0.09273029936625843,0.4175445059672263,1
50.478046412527966,90.49307694373488,1.9292056959061714,0.39606305817166954,1
56.25665594242832,87.25699121505728,4.449112648821406,0.5035329844468863,1
99.62075111888768,147.1222179716322,16.044920806163308,0.44199466376907687,1
26.24389466537414,41.3197707115089,12.440207162742432,0.2660008637592743,0
99.45544393033174,91.23878586837209,9.535148504410927,0.4732559421830579,1
113.80490747458344,80.08460534351558,14.651903722593246,0.4385212389700149,1
31.924251967012403,18.061629519208957,7.638277941140946,0.502724991708515,1
20.314996991603383,24.843666932903204,7.886637925014541,0.3717510035895626,0
94.64836583105904,43.33637309999603,14.63896664620063,0.5591575573491969,1
37.54249079167675,78.24909039626283,17.960313898298523,0.21978613356167323,0
27.290461071312535,99.9884212794347,17.735050578414018,0.19692629884871127,0
9.36737736542463,134.14698304418246,13.272768513235635,0.03360192521741545,0
73.65452587144833,163.82024597441514,23.493525877828468,0.45611944211005373,1
112.43280279163349,16.47563544589278,23.771226129955586,0.8673307842970696,1
105.75200415587817,175.24617691821297,22.3149603440365,0.5722861474558851,1
70.6549543564293,74.27223927488734,7.098324848426629,0.36600357407787265,0
52.63297378859892,140.51727585094744,17.81505967917071,0.31332106521436365,0
117.1660912398545,59.79005550952381,2.5949992931639763,0.829575398405249,1
79.2389728580794,131.432935310559,23.799206572674837,0.5492862679983272,1
114.74269126081735,123.40027546021179,13.696168404786263,0.4259287213865187,1
82.58692660420331,3.459336719559434,1.6786073930247953,0.7947663083639706,1
83.61436733564528,156.8915765871316,3.053636750054295,0.4597223409830398,1
84.12742247827228,7.8764869897575185,15.521514652867229,0.6307197600771551,1
15.080771480316102,88.65061993056668,16.353116939145,0.12188935155431568,0
30.315219905686874,39.108764382347886,8.895663481333905,0.2616789100798985,0
7.895196565413163,106.50436438514639,10.70857357539452,0.08158613970536677,0
111.90117955702735,32.769817117315355,19.440214235397853,0.6062974435990653,1
119.34202705978491,109.64483504039464,18.787361363559963,0.6345086778781018,1
72.60748272052001,138.5858723950116,18.14851277781399,0.3499212149640512,0
18.719067664862763,106.85623099470061,9.07309070881941,0.19405338718367326,0
14.923169627640164,150.77805623386763,8.381434549291383,0.28956797453330185,0
53.53682125410233,68.66507781186597,15.805976180889907,0.0633080226736428,0
46.89723756242765,120.32997131334626,2.2911124888646786,0.45694666145997037,1
23.47884791069964,80.54579854058896,16.22962014614825,0.1303482030307834,0
10.706546863686928,164.78265922981814,16.512859611271956,0.049339371722055325,0
77.68664171665989,17.09538062562648,18.410052798609666,0.5850156292215524,1
95.07583911765472,156.5174154699539,5.905056335556943,0.6362671271513591,1
7.570285097655423,2.416583992292465,8.217723898712055,0.39208719256667574,1
37.14167856793962,153.98617028757204,5.816833318592063,0.29059444644495985,0
36.05125694481891,15.357309583552341,10.566917605632844,0.528710885566431,1
65.06193313147541,125.47817266232937,15.289611612570857,0.32533840670689584,0
72.5429106937786,18.286538198254515,10.928105234389198,0.5563866744370916,1
49.25803523707693,140.46840592828684,21.11513220320644,0.4055674887090704,1
103.91321297132086,40.062677189173044,14.048529989870426,0.49968901088397627,1
46.89480802645042,12.655723651299995,19.080820214555203,0.49164432268012115,1
36.40355381110782,156.6105541954219,23.08150378358636,0.3459560329430244,0
92.00693239894085,103.77310542048147,19.106687648456173,0.46717336521810693,1
101.03179729201554,152.52620273541177,5.191855373156724,0.5601787298875415,1
105.28782792327888,142.55798780300663,8.192517410160061,0.4079274421740765,1
20.313897702776174,16.97127074963862,1.1416598553205102,0.5314590918634959,1
23.634917633106177,17.33716923244039,9.681894885507383,0.39773249101651337,1
55.51240572856943,128.6745654586953,10.659436312826655,0.24842770332219133,0
116.10812252057588,152.2284484948941,7.7727619736711615,0.6189315379236865,1
74.44305654412949,32.45983105229224,9.04404558966889,0.5330668568176765,1
74.8032259268377,159.64415488640046,4.8838636275715865,0.5679222656678193,1
39.20086732645126,4.743343670017801,19.716087810520115,0.5525681957940302,1
118.8588724596011,138.33813437535275,9.454163130470366,0.5173084255467354,1
21.9127361619533,112.95924988580748,0.47030124452904865,0.36687485403116005,0
67.11450867509694,69.3196187131948,10.676466810373384,0.36198826260565786,0
80.98778849904795,68.80746516720326,8.803498700777004,0.3771473251418751,0
97.19845224626313,55.362379400161366,4.331309374526095,0.5609859920586616,1
97.61622995316759,85.60640963914406,16.82015567886205,0.4957849226336739,1
46.38231211849594,90.06202295732065,9.959734713489285,0.20645858310706833,0
32.5199520661483,29.716670545264947,18.738763931572993,0.3885403458880184,0
117.5715879321714,2.431947788997324,14.732077223842875,0.7037818836815717,1
66.35209995438234,94.84140367123632,22.940984282444873,0.4810011463830374,1
33.84963156554902,34.29081581586316,8.091534103637116,0.4783914822080245,1
16.59445376607365,17.699540100001485,0.9229774988970281,0.6397772418878706,1
96.38249947060191,45.41114627614413,4.402217613904286,0.5754519906881893,1
101.82233139523328,26.003794050516067,18.159968291235266,0.5244969897623681,1
68.3755643137352,155.7437869391235,4.673678176277217,0.25132227556155706,0
46.07901032856017,52.2982310675011,14.23608611734091,0.25724606249675047,0
79.16609864228175,116.58737786180019,2.724658455402081,0.6568925885162752,1
117.61279504679138,1.7566016349064673,20.528943150341398,0.8973810400215142,1
69.39853758058855,119.01799252373496,9.246291708123291,0.3299805885333933,0
94.45229705125529,171.7764062569396,7.00424523844722,0.5731143358886407,1
105.84683761245736,135.90981970941507,21.34674496655896,0.505612018610101,1
90.82242999212107,137.4872929362222,16.886841271574056,0.42479769652230887,1
58.386399126388454,75.2049075596771,14.459202235446487,0.3174960788837078,0
21.397937398031537,85.92227558551696,21.729320246856915,0.34989679502804916,0
83.58555752393416,162.26850505867702,19.3764884311737,0.47170868362710344,1
99.779516385032,42.60744738766001,0.19771592612290068,0.6676013657159139,1
115.54311928224175,90.99656725131153,21.837866965407322,0.5984146040089617,1
18.27339375467274,131.2509838880786,4.757794222179111,0.22933860646042586,0
13.6408746470455,60.756967832114135,17.46188727240646,0.23172622899858825,0
76.34851470450272,84.95594654360337,7.219911072188298,0.5270959567202337,1
99.25266239122715,6.37022116398601,7.112308610481546,0.7947652137896537,1
9.165686809980045,122.80206594744735,10.154879714290775,0.09251077440473286,0
73.68382785146511,30.092170425063898,0.1686455145689898,0.6828490692563728,1
31.965559790245695,46.585349535149334,20.265369011349257,0.2799789032845447,0
119.90517366255065,40.48603849270385,6.397247989807223,0.7634363244827995,1
43.36543291745254,129.26834238151733,15.265324966432877,0.208300212126926,0
9.834953080846374,71.88069708369531,3.4669782285640425,0.3121484809808095,0
93.9222560129598,178.89975418842647,2.3360260877632975,0.6098179534127754,1
36.08576157419779,143.88014024278365,0.44203659688458874,0.20723179231704866,0
50.29317632033645,166.24840604640806,11.674106569167957,0.20223907332092433,0
15.665212499097105,123.68248767477284,10.005097346863796,0.028839039095723995,0
39.705272152371215,41.39919351865471,17.28015879503585,0.1740535990782436,0
15.99629115076083,58.28179264206736,10.370405842611651,0.2793165776612612,0
30.882530131963616,65.45263635812998,12.176293072190607,0.09995791025163943,0
69.44654428202097,36.44746194495313,13.652884113833196,0.36973950613714646,0
35.87570488579752,84.00766532595296,3.488150708461313,0.3583609557127072,0
80.09678570594996,142.39274507095115,9.00749019826577,0.338225286312087,0
108.13561531234689,93.93346234680789,20.006466347013628,0.645750420086703,1
69.16939574859899,29.926390426080793,23.716364055198433,0.5150530991597011,1
3.441547361512982,131.8999188165514,11.69253235209236,0.07168861386040326,0
115.17622943390788,173.7236207481893,7.4775891213459795,0.5372082318565675,1
23.738883389199387,85.41536610204979,20.484592584698188,0.32074591795743457,0
41.538342187555365,25.502420969522703,13.137448399687127,0.3931568332258153,1
63.18147985368848,131.47855786794216,0.9933044152739203,0.49161058020141657,1
74.25743157679504,97.03898365012627,3.8739328539633116,0.41420081279722143,1
41.04969551872572,145.47125001899528,15.374047761461776,0.21931495497732378,0
52.85609784035606,109.02172778491806,2.9543787522303546,0.5147809410011586,1
75.21860852768901,156.94869053390838,12.690125818434474,0.337990033775738,0
54.85514079395296,2.5853011634201906,23.197406767794067,0.6938122224131776,1
34.00388916554248,117.08412056362168,12.439953695081112,0.18450516643144932,0
49.28898522390543,108.30560779880616,10.903473269782209,0.17365218059607648,0
46.17132553899477,140.18408582150127,19.230138462290153,0.29329389382622695,0
35.03457051325502,39.368009073821845,12.582060936230032,0.2715159649273829,0
72.08316096588834,105.3753883877697,20.101547322563157,0.3857646491871147,0
61.47117684469396,48.08790490601913,0.2902297160598648,0.46274244489257843,1
49.3834091440461,135.85257064876706,20.23827641354615,0.30559897975576267,0
85.13135163610936,14.345933378362172,3.980996417469008,0.7236067555996715,1
97.50666286066233,28.369972590800277,5.245699956444991,0.6520241926815953,1
77.86154857152368,170.1447011588348,13.621338371108632,0.36769890101247177,0
40.9422778764054,132.78343355650546,16.403169211459385,0.16972214510578718,0
112.39814279810825,45.376087141301596,3.9000409986394295,0.696724952322032,1
12.50568444779339,56.20518663146433,19.06811265214614,0.1278174238495804,0
96.66481036738095,78.12246903705754,11.543350705173498,0.4199693031817752,1
50.55319675470155,42.020599931908954,18.02160403804537,0.3230110913774684,0
47.60781810748388,25.246960099465035,8.588139067918325,0.4121056153672089,1
101.18274070708021,174.57964062096008,8.582426228175237,0.5066930629775211,1
78.63567592975178,38.120293700445394,12.816652865973271,0.42261031836875584,1
116.86483269684219,134.63934125125468,15.831815095907952,0.3927907094141401,1
105.36263148375112,129.27664627412983,18.465273926400766,0.3998205928036872,1
13.952327546571288,132.41913155073533,8.071510513468784,0.2670933048390661,0
60.37855168034242,54.54073486624842,14.850381604733489,0.2400915392823259,0
92.11306694894395,40.02780667170479,6.158761493774188,0.7137113403445821,1
9.906927098110895,110.98915263419882,16.86108319143805,0.11423056964852796,0
65.0974308431883,179.17499530113886,9.683595315868072,0.313311763417001,0
119.13568542714243,69.96597881214785,22.241008932949217,0.6268564026765014,1
28.680471916450728,39.32734767256904,17.517998904076176,0.37494059282922754,0
14.015110236271958,91.46582594885847,1.820583869429191,0.26050277019240065,0
34.73059396607953,34.1729044526718,15.33480998408765,0.2424474023944291,0
41.32050980491353,62.458236121977855,9.128895850374477,0.18907189486572026,0
34.29295704939461,132.34681384500774,7.782373108101783,0.2523562380249909,0
51.85060575986305,43.64408160774857,5.0369703752160655,0.42643108305843636,1
100.00908128398851,80.69062710305424,16.835389042391448,0.41826684176962897,1
62.085931298397334,115.83788800147164,20.477939157317287,0.2891686807779835,0
70.71080437870113,28.657997255213935,10.674533828052024,0.5045102358086325,1
13.08431772651559,26.00203543701948,11.94759395239043,0.2622185324693369,0
7.776576665490769,173.67404462342347,7.9996591151040715,0.17105072337119803,0
114.11960717227275,156.2053421153671,19.47592809072603,0.49657417316877855,1
41.651466191236416,159.26100145217632,23.666811507331865,0.474181743577578,1
113.67978951962594,103.03132308755444,10.842157835643453,0.60717322084937,1
40.27532389969832,90.79201583996768,10.792687733780827,0.18572196830827473,0
76.74914190043086,19.574725017156847,4.5596888207456585,0.6619096525012385,1
79.38333710532585,43.215728031586316,6.851297510208523,0.5900977446509428,1
10.798919077469833,20.238434743181266,9.42893361723252,0.30620788586947684,0
8.512534744634102,95.80970797959425,9.934016686231285,0.10830557008067061,0
53.00682772617387,78.42459237955433,4.006522948766718,0.4785525181968276,1
15.273967216805172,31.070785217493295,8.622036566555682,0.21507922795236778,0
35.49953542739868,17.79173857969311,1.448454046980979,0.6449443769303463,1
23.50263936851478,103.38250763678151,6.761465380227954,0.18290207970487776,0
37.55292780218699,25.40412371518302,15.740559340874901,0.24251726225955691,0
54.71240084798909,2.317071970778808,21.78038096957562,0.6500781877068189,1
37.35982061327209,40.60074053166622,5.211073737628529,0.5480993072530136,1
40.25289397578629,144.53097993313722,16.795546439402912,0.14136003716320553,0
58.31632050235724,118.37983767131068,5.526291942437506,0.4531019493906738,1
81.92745646460136,93.0908310381635,22.785741224737343,0.4532500428376308,1
5.040042941949787,40.563665158980946,5.965492824810622,0.3495758390888135,0
119.70109891713692,84.15830069690907,1.1920726416327376,0.7200326635680855,1
51.696670993619676,1.7835916837801813,22.796882241586957,0.7750566258488395,1
110.7634984588244,58.55083626384639,8.308001721600668,0.5517761826053964,1
0.8691379902870411,86.29155085945447,4.9810463067545445,0.21939963298380152,0
6.898383690825511,16.499202113605907,10.916905686263632,0.15475605304383935,0
11.897006167818551,104.40601900321131,20.265430042072506,0.20190744728746765,0
109.52878254940228,79.65504583888475,9.449295673398186,0.5457847374012555,1
49.442668787288284,9.743860030957869,11.004855778227453,0.48875381647587457,1
101.56626885192266,26.491017689161364,15.637571737011939,0.5740957045485267,1
83.35541223640723,87.9032419903906,0.5485975085596921,0.5942553036300027,1
10.537446645464952,161.4684073370024,21.774071891028523,0.28225029189304107,0
43.404012313845904,10.240983878014598,17.103758975899993,0.3905241961630256,1
39.77558441754273,101.19479397604117,14.188317219104121,0.1460407679017941,0
54.36814660043309,51.19617863373237,8.5694204472655,0.3857659116004523,0
90.45773992623559,69.90693294043194,23.280944709275865,0.5782203855363026,1
10.033942692607862,166.02747251164166,1.7855492892990155,0.22315013326176944,0
111.1630414314068,113.35602659513614,0.12725796713900817,0.5170627789392667,1
57.19172349282799,51.168983259479354,14.25714365803882,0.28267519908098193,0
43.89428974482613,81.31859427297283,16.23857410525681,0.23678086209090754,0
83.72385882589818,176.63629809572726,3.6224571864977566,0.6700671994876501,1
33.18003449207386,156.12137269186306,20.273455468762332,0.2891421896473866,0
85.4965624808716,76.63748531058997,10.480418992270417,0.3116927750221965,0
49.912409502634326,95.3507454450796,8.056367527936168,0.3426008450215394,0
57.37878612103998,82.50193659732045,17.168866636812588,0.2494859119375117,0
22.692942034430548,27.100664264837356,9.785111100429631,0.2730567583203089,0
24.382157011486363,174.1940892972469,3.911028351473014,0.22862128710346258,0
103.36729632568682,41.24656905981742,10.319058109922366,0.410945437027201,1
69.15872789215084,39.44673906970892,0.931493856976644,0.5606330516053564,1
50.673436642242734,19.873183347190228,7.421919015445277,0.5071595868964116,1
92.99599448389873,169.5234382020528,14.02180739515763,0.35447864073385127,0
109.45261365407569,164.664952369655,1.930162977708668,0.6631225358237335,1
19.062986076923508,114.66570906412217,10.476700497956866,0.13820848206117647,0
119.7599714221519,95.15509327803501,11.551409572383971,0.6072023404559727,1
1.6970905757895283,104.58753613601642,0.8540056243035021,0.2478022631481842,0
73.67573964957673,66.67114821333448,5.056931525270565,0.5843897841431548,1
31.637379984692792,160.1784566267881,1.1048343260830302,0.31287542386159684,0
30.255997633593303,100.32333455100624,12.48700337539833,0.07455099567724341,0
59.35847997670932,154.05947451472608,15.367613950599475,0.19566715762551426,0
72.50688519424723,125.01555044265633,0.06565992748521499,0.3835461197592966,0
52.42266318980643,122.21135980754,13.625469424053898,0.3128566861573115,0
85.67727026876867,120.80024075311245,20.705360933806432,0.48806089787738854,1
114.03475658174543,139.66314681580906,1.0629022738744842,0.7250205941452599,1
20.264724190877857,146.40905419200007,14.237986704556738,0.1968703485100589,0
28.510254077478912,122.96646792355823,7.695041208397226,0.2743547570090808,0
73.14769398860209,57.737040303888875,3.44084360963502,0.6406553644804257,1
49.23114301265078,47.37845365491043,20.865517052479102,0.23899665277137502,0
37.84638251226167,35.26893617426123,7.473512693691143,0.49696212300956993,1
60.539720494868725,154.07936670481263,20.327126472343494,0.38485543018997476,0
83.62028549046505,87.44228664530596,21.646669597541077,0.4538627975723432,1
109.04027220480297,0.05891735745589877,6.000928327797743,0.9722815467847227,1
112.90431601954161,107.83218415664886,20.947006805990263,0.5823212105744897,1
98.34407486768973,155.44647929055046,21.83068227626446,0.5042606400008408,1
41.59312919052677,165.35817854507061,0.052261173850530085,0.2568848236465916,0
106.06448654051927,168.9399847790582,21.207130296421717,0.686010487883968,1
85.19300751466348,156.35997594247988,15.255588130017461,0.1465933389286729,0
20.939201434886165,31.809486728464606,0.09732640489970201,0.46042056642373685,1
114.38859996609932,92.8192683818589,12.665955651795413,0.5481915775928062,1
29.68110551625207,127.51257867388276,20.536778253307926,0.30025799009010945,0
81.85705482480037,115.7866179224768,20.409746258988218,0.40315066176691405,1
83.34348738645765,64.54611192220393,21.346398061765804,0.463294908936772,1
108.96760271639799,6.696528015008898,12.376855223121392,0.6449362286365802,1
79.97526418241421,160.77768309359794,2.48159041760389,0.5673000555224345,1
117.9762275095688,140.05516496585523,8.244963713583473,0.5552400780477839,1
7.167604434821744,155.88228607139717,7.149956685245597,0.09116620739960694,0
4.495129113515777,69.39462653609442,14.971251976455772,0.0,0
23.474302873869664,44.64961719224551,6.41440265378521,0.42033769125859355,1
69.03165836879957,151.95735905199214,13.377437208015028,0.17300118244891824,0
50.869606581874436,117.8225619468072,7.411241855224067,0.2571584335254078,0
9.901403855934436,120.10174392343237,11.164727581299505,0.232229014548898,0
24.241099437078347,6.174448228397078,15.382207129667165,0.3106704413961286,0
69.50972297680134,19.295713080628392,19.59674239158625,0.48490791387814025,1
48.29691708303736,138.48849892975142,0.9840092665949696,0.3596491073166881,0
91.6125159943678,159.04090889317953,10.847105464348044,0.4373928124453955,1
56.035749971477976,63.629054400395546,7.798781000352099,0.2900869367032197,0
105.3284406773382,156.99226201258696,15.110469819443228,0.3907224562517612,1
91.05064765909621,32.25387085828077,17.25951701767973,0.36245325001293655,0
59.332979228696814,104.3752104590657,17.106334429880363,0.21862797784892035,0
42.95838512934026,62.863594821437985,3.75675864794945,0.4004180283899281,1
25.6609756368346,96.09919132049622,3.5536967625857177,0.3392173404513314,0
35.049208913572905,35.40765355334323,20.751521458714365,0.5057176449431311,1
42.60932875390629,68.93963459901805,7.487430569788525,0.33641768723861226,0
43.348356337385674,83.11081292968156,16.72162903984063,0.0,0
21.48184206750218,104.29138123499368,0.40963088840266515,0.20599850109898415,0
56.78537074815351,36.89931311005363,14.328028706070434,0.2663014858620738,0
13.419931606752229,108.98799881725859,5.585730363494437,0.22779757094489983,0
104.22940474431016,38.12789773601794,16.034223753167275,0.520200343156809,1
66.0415840645789,175.711494628429,1.976819859963741,0.5404533906467528,1
11.411256241710653,43.44308952038322,21.198137673164872,0.17055070998261646,0
39.33851929112293,19.732990163099345,16.495036241868345,0.21804398979992207,0
30.62842943044668,48.805017888690415,14.955241832373023,0.22872506147491012,0
18.738604107573885,102.25376734039502,11.359250696731598,0.027731746036223276,0
57.67670803583195,80.31804018197711,19.073719748074463,0.14544607939695656,0
21.99262761763557,118.69173118603055,10.521694603021107,0.06265943069809109,0
18.200786320415535,19.771381818696288,15.341438657523554,0.2443262613990726,0
84.27450519578724,74.25879417223263,9.470622870518717,0.30775425713140125,0
51.54950516296923,100.09010449012733,0.3176282004824289,0.3474667197509047,0
80.64673279889261,175.4395716117126,11.05956173742503,0.4065282976570281,1
56.396789377200896,159.5625402157858,19.25484763162352,0.23310725581453212,0
60.47761729083372,102.89648709287427,15.392910746694241,0.2542898600078583,0
37.2831007946678,54.069227626970516,2.1165176354156205,0.4324228558095757,1
51.15832545685036,20.669554243498133,0.7894146672321032,0.6052081484667986,1
57.70781491478779,113.8345990760592,4.1827945470003405,0.6094418442750285,1
41.088239672207074,101.39200606709363,15.030954796440604,0.06208268520587319,0
99.14549486448648,85.36724828323264,7.34037499965436,0.6967392018459916,1
29.55321688891676,129.6405301670483,5.9020043045063435,0.2321145963013589,0
26.464837112041767,83.7606607224191,20.938983338706347,0.23381330430503097,0
41.310004739065334,140.25395792940552,0.26894496718799754,0.4115047860918808,1
94.2218739340779,51.93800745159535,19.70642935880082,0.58459209330182,1
101.70807546855328,58.93680900029838,8.361894977255929,0.5468746475787888,1
67.80247161696964,164.2206742733293,19.409986589346683,0.3336278024497276,0
43.28234673129264,104.22742792357414,6.957130756430387,0.29471244958966597,0
77.85715504695314,171.89153372115055,12.416712878290873,0.38299885393389477,0
99.17657836251685,11.064398931327792,3.4034410851304306,0.9638120037380675,1
29.14647649873688,166.46276369616962,6.663744823414915,0.2380773408535402,0
80.1055929746338,10.327954389563248,15.504926553574828,0.6423652975341115,1
85.18480533547844,134.60111098620604,16.283695430725857,0.37917763146197725,0
46.82978376504019,104.24086986081814,4.073239973382414,0.4240005385386593,1
17.37760044515882,21.856673690414112,15.349549159822224,0.18507389047632722,0
72.89306953322398,54.52384358518642,23.477319544641233,0.4348531000541565,1
25.220304101001293,86.36215381219863,14.517959617662125,0.1245952546659076,0
44.16161514187013,100.45834219697488,6.716791599164667,0.13618879360782885,0
65.3444005719841,87.78943605871066,16.360885489057388,0.23204197610419733,0
115.52401315178506,4.898643114225807,14.050014172169181,0.7373037792318632,1
17.58277345295436,179.02440359405114,15.81149721338225,0.0,0
8.84321407646889,63.38627684044823,20.08368644967094,0.2737947313908032,0
64.66338047415782,130.0739174252976,22.44206529509524,0.5572233076391429,1
113.17030777747073,167.1909885949489,3.6740803443382015,0.5871544705189438,1
5.544025337361158,175.37401693559173,5.889043587735293,0.20252737842140828,0
77.05413339776078,33.05869104859653,3.1739838958791147,0.6579368087100022,1
3.2740551406933704,160.60079683918332,23.90704049515726,0.2048980279546767,0
66.12580482289948,92.2955060192818,23.598217964818076,0.43887839845563154,1
14.299679432896122,117.92857621346525,18.085193357857523,0.15144809436835188,0
79.09458192487976,44.27645087571078,14.97543133384848,0.49496726814454894,1
43.31829201539015,25.937268227161997,3.7907118285649704,0.5743867715272095,1
78.5483897390809,104.25809773733017,7.304899487346958,0.44885623906086186,1
30.98985118017805,162.56853302443488,3.161137791894089,0.36913472103753747,0
8.989745907476067,75.3549493005568,8.657494614702788,0.08837347458327782,0
21.826013876987528,171.55998700863046,2.318012513097287,0.3745370628586445,0
32.86986485311982,127.03336843943251,0.47125632425505604,0.32815870707829664,0
19.77212507800917,3.376844294995831,1.3926544362400701,0.5362347452315497,1
23.812091508059574,168.10222113042698,10.61881091353742,0.18026097318207965,0
65.30166551101897,20.232641725299068,3.8877992667134107,0.5477056578250008,1
52.51702620496489,39.95237437344027,1.3926449744659433,0.5097215203307172,1
99.03605845448465,101.30967821785097,18.082996728560296,0.40816552417300006,1
59.715598700194086,169.1204441370693,18.324916846913787,0.28597443508277415,0
64.74102938924747,24.267802118453822,22.6508170417449,0.5181833264488575,1
85.21526504829782,53.57081614033858,19.273114278658316,0.3862813451750773,0
102.40967989579096,8.2064031956134,22.762840841852352,0.8400924168054854,1
70.16418524258218,15.820587926192273,15.669806046486713,0.5374631682839879,1
4.418658389861276,77.53662865947811,12.72495418836456,0.01505669407505226,0
55.10557218141872,103.64188494670343,9.943879521997651,0.25582632460178795,0
3.872378939145036,91.99008260161384,8.004942385417305,0.08048130494302833,0
72.58552634733466,8.538953019178173,0.3859520060001964,0.7695547764131132,1
7.805718202674479,77.19407013970728,17.042090453646992,0.0,0
64.75308806813634,79.91265152922882,7.656327052700574,0.4237827298917629,1
17.990537133567322,168.32712610067222,17.584029150583785,0.18568849568992257,0
102.66289398993345,58.937325947971914,22.611165756019496,0.5926544077689502,1
11.31577738159082,114.03658881249132,18.97727539447356,0.06617978150068023,0
79.13048613617491,87.81876279898721,12.175660146988832,0.403532343868528,1
84.45686357549344,140.09318665737334,13.38568569262377,0.270670220731528,0
33.02251123650666,108.74657761993683,21.277337132711615,0.38343607147758346,0
71.13284671679692,178.58440648831396,5.749269806926512,0.44205543237368555,1
39.5902142726605,114.6690973951313,14.11312401787772,0.09510651512140708,0
31.074133825828845,61.50732851300223,14.3184001196853,0.10175255638222762,0
31.158492984551653,75.66121489194958,14.483038703545645,0.06986756179508873,0
1.9015142466149948,154.09113046442414,6.961329474592677,0.15378488834252363,0
80.75231862753469,66.26284250565426,10.972794427737265,0.374505383714577,0
8.620144945761869,166.81118712876594,12.136734538107234,0.028667839264664118,0
23.6412648072047,79.29920151847156,19.015551841834938,0.1496981836680235,0
10.43380677726974,169.77260241346136,23.15707760570065,0.25449287735312554,0
96.51357025021396,27.059619930848648,1.265851356975305,0.8014023350141728,1
63.53795884967674,141.1248511530004,19.13228224121803,0.33513172705537997,0
56.08275185125743,80.03042699040151,11.66537786843693,0.2706076900405984,0
69.99857136694857,40.82715656387558,15.481139561460731,0.4079980230995508,1
96.99263943671988,106.2673790949812,12.995744469909926,0.38801485893225507,0
74.89026539946653,10.721308455499114,19.30803879344479,0.67944162159647,1
61.593214776069736,35.97662898797264,9.78114156729269,0.4208050259454186,1
37.57994969094923,152.50411420964647,9.521201374112866,0.29659296176087324,0
62.00968782639324,94.28192337965055,13.20903114687346,0.26332914615801,0
118.46851975238977,60.88166677025097,23.258329328986495,0.7216017760809817,1
68.38504352577203,25.97846750619506,10.133824035434287,0.47186719339863653,1
57.263267455879515,28.871920331742547,10.185686207504094,0.3292114299434987,0
106.59496753986599,41.38321663888012,12.161699882522509,0.4760629917404956,1
6.544234905985649,82.91641050083702,23.913612726875208,0.2591339146267487,0
7.592870991240468,3.610260838888777,3.8591404758875356,0.5714836610405241,1
94.72545732173285,36.930432312995734,14.389229529188311,0.46883441831380984,1
113.05767078659555,77.06119196374279,14.633974228946215,0.5276588225705584,1
6.106801071993173,158.87303198620398,21.354958583855968,0.10138072613026218,0
2.8864533511009016,155.80956440549673,8.353962848033067,0.001876910304742005,0
1.1706816629673966,168.30713180252567,14.782202131046365,0.0,0
69.23613375567555,40.51381704212322,6.069957749212638,0.495512080788724,1
16.532872964397775,22.361268543786316,9.328516069356018,0.3347684986269731,0
67.36090437896834,152.85064276013983,1.8107401927823608,0.5480350891135882,1
79.65529845323863,125.76197905409536,6.7160534960183815,0.6524041323014069,1
1.8656289072478405,44.373273479126816,9.336773991268625,0.07649170738694976,0
104.41392851380287,77.98597325970731,7.162137141287326,0.4697327954646188,1
30.308711339246845,166.43059856993875,9.932124586498595,0.1742224855601548,0
66.47755603017075,147.04484446727548,6.929635104549938,0.30705438721156053,0
42.44369269203818,168.5337899457075,6.11799804753346,0.2909073963406067,0
41.192039370608676,88.90221840979423,8.228950552819114,0.3606784556086182,0
48.40270514507981,34.66721339045546,16.10651411215096,0.3226526069974324,0
0.445319522999017,97.02356930096227,14.949712194148464,0.0036658248538389733,0
51.454009894026896,20.41075752358044,23.51175344734539,0.6916842124640663,1
31.802020969428703,21.068768408758434,3.288036053882272,0.4389885793093141,1
42.888926089834115,16.375222531590957,19.358327051974733,0.4915202428891508,1
19.547904384802194,45.35051919449247,1.9238086122865132,0.3932354624624837,1
40.18440696510305,29.502522507964322,5.4498996173884615,0.5241039747624229,1
83.932033212457,46.391933916610505,0.4209406792914603,0.5537171513790704,1
118.05357421823143,125.12072848773755,11.989975964448945,0.4299983688159439,1
23.65547261806531,121.0106185435917,0.3027118896092471,0.3195999755753319,0
104.00237566003543,4.636953809647759,1.5743683055996236,0.9666759073415203,1
73.77078864635811,154.61541205548272,15.509924591231936,0.23635433402079575,0
12.12052288313544,147.5960327134552,15.580269535882946,0.09832416655984597,0
1.7633006223279768,169.96504398716186,2.2879243314899433,0.11019447399792864,0
106.08285325868161,39.229667719672655,14.902114130778017,0.5343807007487134,1
28.087324575205397,131.43231336047663,10.25959604942712,0.2139398616554989,0
12.749157026022253,100.25663208996421,20.843130863707163,0.13776238226024579,0
78.66753268409076,127.18300494166392,13.836885814822846,0.2750580598582332,0
84.79245386033091,162.60575846557214,12.613453481001411,0.3259458635259104,0
107.40800707455821,14.614851200594865,23.79507991364889,0.879348377966571,1
60.03817424599323,151.4276429073291,6.631107087209514,0.4763943445998945,1
37.435606999709016,154.584180648579,10.891641896649645,0.19261515648781088,0
38.19039914909289,116.10288184432932,18.56001621181794,0.20674065137834155,0
24.571110009320005,72.28493274055755,17.377629828251173,0.12449103298406552,0
76.22830428483377,97.4140938294677,0.9942211426343563,0.5502192346670727,1
113.07268056102235,25.275456401417973,0.2970145916627187,0.8888741020824036,1
10.161974771994489,134.0803358299451,6.6999705293820595,0.2223939052044328,0
46.39639772503559,99.21816561967809,23.31151502954161,0.3567721612046592,0
42.21847504410861,103.52349932488521,1.5778510175335612,0.3845341542487888,0
9.624164169473994,127.6639726536194,0.5054463964780025,0.22264494426641773,0
71.37850488340906,18.207766953107395,22.10300023295664,0.6075431123769495,1
117.96090616666623,8.530490294051305,3.3811962217796587,0.9083394015192152,1
33.20148335538364,21.42481206783582,7.598177804817957,0.41627475351393345,1
87.25343852646503,14.403337259806435,20.696226526283713,0.755258406805619,1
108.06948659655538,144.29017975810893,9.556652149230882,0.3993663762243898,1
32.47799567612039,23.829475754042054,1.0797846572680374,0.5539242131337215,1
110.27820091156646,67.84915086654958,9.990273828914614,0.3962944051673135,1
89.80466187074823,118.22126348140141,17.50512455247497,0.43992154586269105,1
77.47735479094175,46.41926952754731,3.821611273803568,0.6151956963949369,1
23.296485193525815,164.10685198988114,6.385872884592043,0.3497405720637846,0
33.28812664051498,164.50219925471941,8.031234751732265,0.28605237220956165,0
12.186436025261166,70.33321419354236,0.2751735443210368,0.2134318622705486,0
107.486721026803,105.59204524045171,16.50689852168641,0.4316572688606966,1
97.07438809704612,141.42620337533103,2.2207208964649023,0.571075579098719,1
10.390766779175022,176.70578372598064,5.18795107347214,0.21241651851565974,0
63.721777838574546,124.6998676250039,10.713823026963583,0.21290306744052548,0
25.571914477889134,80.95224065664733,18.20953591837218,0.14353396927345102,0
91.87482866175264,7.8048972867727295,1.9964184598359305,0.8618092606473697,1
68.77677592804294,115.52500555726294,23.214121466173623,0.49058494304705597,1
113.4461079894457,118.66101626311863,12.153333632558489,0.6085292939085549,1
87.2566125619546,124.80900100228928,4.016722430846353,0.5492113248808073,1
12.082444930403241,62.65241147128298,4.275582065064992,0.27973940349093035,0
44.7337029505597,155.08851447671447,12.910664529521025,0.16669233280931064,0
69.15287128957831,106.66176049422255,2.171082389875612,0.49203185364218904,1
109.42060534568769,68.43850027963337,3.9167873664185127,0.6245347416581569,1
44.51370254376205,43.77811763240201,22.923196514399727,0.463477115081774,1
22.547127769947835,5.502479860970273,20.9926778886083,0.5008684213802057,1
33.99741704905948,128.14421786245492,14.779585041090801,0.17990642511733712,0
29.7797659475127,56.86223365298513,17.953509943964793,0.2176256055540709,0
18.538957349457892,153.71321974728576,2.6551690783575115,0.2581179331411682,0
41.268215537898485,57.94501659313968,6.613454211122514,0.33469970589361553,0
29.880288162030478,55.060547833143765,0.3821382370963118,0.3966723116060743,1
61.255845345075315,141.06948574329678,13.950429714541785,0.21131800301938525,0
107.31073347550054,68.41597843925138,0.11507746758259874,0.6220610388666719,1
114.51896110756753,177.45500310592763,2.5313309364958654,0.6719865251380512,1
19.13028440579975,101.80163694771056,23.90594594212498,0.34485644516184144,0
68.33178402344575,168.73359163207195,2.154215020941188,0.5182414522814399,1
80.8621264152707,21.912749790073114,23.633445912114375,0.6841565109336444,1
18.301825248664287,8.377698254743649,12.948545812972696,0.3283958080544698,0
63.815931633387315,2.409801011558217,11.709515401971444,0.6325661906160308,1
24.006424402911847,157.68898746791785,3.0728443790257662,0.2709033508429901,0
43.68863473305386,85.83222211282437,9.460439878402198,0.28657866352719263,0
38.87290224700281,132.04014554254914,8.397846888087038,0.24134012331557442,0
97.79402717495114,94.54538772919791,16.70039710862653,0.6469946912971987,1
28.09336427929854,174.13649662458334,23.5711106903338,0.3734922109289311,0
64.8119102325533,145.79102165230634,7.7763176973285555,0.3791552651185689,0
70.2709905018327,86.29919137729415,0.6155655349126494,0.49829970367809,1
39.584622939063784,32.55408047023791,23.15858728832376,0.40059542740677334,1
111.53190206193207,69.15981363271814,11.614504299832557,0.40759050195128327,1
39.85637311024423,70.30538988947056,9.856402351707573,0.35132313393736303,0
39.14290109420419,64.78142435737351,18.22371194090628,0.24016620863867344,0
83.11293736895024,128.62602999278647,15.39691786580957,0.30083545080763724,0
58.529698039687005,150.6220407413225,12.939372040701235,0.22392509980453934,0
86.97569205614863,149.38950777436008,3.3723380088154107,0.5714472495927524,1
18.34530640318001,35.42997921330757,19.167785847715383,0.22605673300513673,0
17.77020073009428,30.331863267590254,5.872297510333522,0.41350039881989464,1
88.3261874953697,120.69087427687892,14.580662127514959,0.36713694829017773,0
46.62510061083866,131.96956114318212,4.526614765167583,0.29962241046677734,0
102.85597819606011,141.07229730417228,5.56615197808817,0.5693197303736036,1
28.01953314039274,162.66298012584403,15.004259405178136,0.0,0
28.828699066773652,60.49571997760643,17.884488449414498,0.05461333305618504,0
103.59019143419314,12.220990221218921,23.323677569690705,0.904144553416948,1
43.404313199669524,66.59733947090454,16.392668515822756,0.2691352970868802,0
13.176631408060263,58.3270003844633,15.286980130763013,0.1896905283501761,0
26.43601003713441,19.83610329688316,14.399666493755019,0.21437359157021907,0
92.34730869787923,122.30241409677353,6.942160511843502,0.5001101234352578,1
31.854038068072118,92.02998873952627,21.958434933253514,0.2836070485445215,0
66.69400205644912,112.26673971980341,13.956604941026722,0.32179181124721357,0
100.15360172106392,156.46905418307125,1.2932695350490615,0.6454104866475099,1
73.2507347172237,103.65059343712589,11.43802052960628,0.3076154156798471,0
90.32285264388814,159.72500373870918,8.170711807299195,0.49878415013859245,1
117.2326987256718,146.52696718646303,3.7688802289837584,0.6464323634013398,1
35.90532852871641,94.99829847924934,16.581283981901525,0.22760564274584086,0
105.14540587239031,111.47095370481375,19.38289842852735,0.4769185741045432,1
66.12743925056135,84.6573099596035,21.53490578052333,0.4959257356338015,1
24.16984198772178,69.77308329442197,20.960621061834356,0.2595387982278965,0
15.839095390950359,131.63950531172384,23.667968998449304,0.30273693104784716,0
39.347425402764,108.1904232622296,4.589557925746442,0.2943718809496365,0
16.51903406585896,66.55753255745755,13.68868614186939,0.0,0
92.6070926714133,117.51279203186886,9.781498083408087,0.3116924926127704,0
66.89243845779016,96.42279840357668,17.438799021431823,0.3313639930658155,0
5.308055131008573,20.030057071621133,16.560682486883714,0.10377934470357195,0
105.39574678103224,134.09098553252687,1.7869743117142285,0.7366456531837321,1
71.52034794368208,89.39735513731357,6.605204433115126,0.41657592036096774,1
53.144766269565196,167.0989043303152,5.26289455360318,0.317103101638599,0
16.912565441690965,161.8382623343354,1.720448585303628,0.3365974086187131,0
56.38202288456583,20.47093147340268,6.528224331963896,0.49868024724465204,1
110.0791964770172,47.89957162854301,11.527819443265939,0.5015779029383363,1
70.13056767738165,125.38124875707217,7.458205527591225,0.38822443765765446,0
55.1059012531902,36.05802737005711,3.6075623020167127,0.6457503042518453,1
72.97143049663165,148.35546013472145,19.244753752325853,0.434440063106408,1
66.06725104655656,121.23543479067604,1.5629317854645342,0.5598485948858554,1
74.83596338984405,171.09958811769388,5.854881168889484,0.4417783159921529,1
23.876692374960374,63.23752672471296,16.408155658651534,0.1971530443610901,0
17.840466325693214,123.86149846003744,9.724807838779839,0.13299299402944384,0
1.5025190687690682,108.38429802621728,15.490607642005195,0.023166985929716187,0
99.82075058095471,122.70689684616785,1.8832354978286556,0.6540941766023844,1
0.388715073171193,170.6740675723914,22.48491724344803,0.22071038635299733,0
30.73650015862871,63.43353561988404,9.431656119481476,0.1058125429858614,0
70.24063069089361,41.65278826736515,19.836601842083244,0.5181284280320614,1
59.97604398188991,144.84158982884523,10.014936937615065,0.18159237489995228,0
108.17692280747058,27.208130547940904,19.941992549104715,0.7243019278183683,1
25.58458444311832,99.23861858670809,0.7499121324063509,0.3349623566647594,0
13.679126384052855,166.68862022087075,6.650376964967628,0.22486978091068804,0
19.24990055715452,152.43039360475757,23.81727092387332,0.22982834625392012,0
59.74071623480364,124.45111276947034,1.7536522896637416,0.5404588706140095,1
34.94808588072085,2.5327148793552534,20.47065663312181,0.5491083889107995,1
54.647573375299984,176.3905944131095,9.074453933206724,0.35196105853657317,0
82.54413726684967,81.45844584413184,11.574463591366444,0.28549478432729253,0
38.56551627802772,52.383503461887464,6.844756131382931,0.2974990410382359,0
79.8167905740322,12.09191858181031,8.364126008000905,0.6568121595841947,1
2.3575345740442177,25.963231516573057,23.614854397581503,0.4741181548394397,1
65.5410096848924,8.204862944224686,11.212406147729709,0.4490483163031319,1
108.8790300169388,100.78863230399125,3.365349680688582,0.6121147352478702,1
112.098972593256,68.53890444041296,18.25858426013737,0.45709503933959006,1
68.61470276506431,52.98634644937399,5.1082081439002724,0.4854784144649358,1
117.97047369117323,147.2890039930253,12.830732011199055,0.4180356659650024,1
28.24744440493019,14.403298170097925,18.82671211194782,0.49298476950689263,1
35.713795024382534,75.95705672429,10.933267992335157,0.21951749904106632,0
53.77129860160997,144.5684877278727,2.2796201452379945,0.4531139176822106,1
61.068712782915334,149.3830670750395,17.533592852171253,0.3352005692106422,0
98.33642162680255,127.63975418642447,22.226472168186504,0.6313938425294363,1
53.686799630958745,94.32884401553946,16.242453313709127,0.18148090996968522,0
5.76617923865375,28.619675781687608,22.38583299772109,0.32850648303388974,0
83.98506167185393,71.15669976496113,11.207606830115946,0.3932764640084423,1
26.720207133639203,131.23057644503982,4.887485558499377,0.4577855155863598,1
105.87803814046606,140.54358499888522,8.000243910304368,0.36453581923668676,0
25.4389960369068,109.8608683312504,19.112681991062864,0.15051133244203438,0
35.48876671593648,161.768367646688,22.45490993060631,0.3853835254270903,0
16.467725316247027,101.62870012903629,6.429139911976193,0.1834101255685453,0
36.30827058132171,152.56883111067836,19.74614652149573,0.3109876226077875,0
72.11466061063703,162.8430341212689,18.242872957816818,0.3552449408175689,0
32.0772984520235,30.248125316139205,5.409996656724275,0.3893173085098051,1
5.814883785192069,26.237554371839515,19.767862938803297,0.2774625226557872,0
70.35937289732982,177.821831837597,10.107208388430884,0.3484638358582207,0
88.19147419093791,53.284603244310055,3.475650423589502,0.5457491750836784,1
13.070632605091177,80.71730503949347,13.486472639152325,0.08961223203716058,0
50.9093086784094,76.25927819765622,6.078098573460791,0.39722215325816956,1
8.191966601863987,152.6938594953517,12.928915898223618,0.01562346006454014,0
2.031781684553935,2.248768224698874,22.910319906671415,0.5340073656026925,1
44.94455916995797,88.330388821217,4.789201029450077,0.36297868538270384,0
34.38322452342264,83.10351287251194,13.250060841907736,0.14624213525638521,0
105.03327552607917,17.722852074019215,12.3135545323514,0.5511285692325815,1
1.6211670770577102,80.3214396098223,4.067559716836307,0.33270937308968973,0
77.57130892149728,157.3693282675025,14.620117523201568,0.275191117932938,0
88.03697454953438,9.266217464103457,5.9621765713728205,0.8500359285739549,1
50.04065349849726,45.05484299031307,21.76587307239509,0.5862514333974804,1
60.09008961371604,109.40350163918063,20.547308687141765,0.47373700768749016,1
29.653965890037306,97.78979972549274,12.712924149899433,0.11738885928823398,0
30.286350233960363,136.77338991669168,5.881515862958394,0.31518283901230115,0
6.359748124167148,61.596923809425746,3.4398955324658136,0.2625209692127732,0
108.68612588049037,22.164634165804568,5.50320191315283,0.818841676110739,1
3.440801441104555,66.61331096258637,12.645422666018746,0.0,0
16.45319378703317,149.46710896731483,14.04664741611671,0.0,0
86.91204433925253,78.42062923101494,3.270361799305901,0.5908449678100378,1
54.91083841402919,71.39716598888448,17.964935083120867,0.27092026722987234,0
61.438940625645856,140.7325082210136,11.673072435139673,0.355614687474433,0
35.33378227236835,105.37631638207807,23.390641904595668,0.47554227085820083,1
19.337514450058176,24.622305465441354,9.495308003536266,0.23579518175337544,0
95.89395428920196,68.48532746414044,11.098920909260311,0.3323222385630312,0
14.853774742246992,163.65162155587512,18.988184762960287,0.20002696506537723,0
35.498634424279615,5.269220729276542,9.863415819394135,0.552208338284008,1
90.22332243539944,137.20073121154962,18.77105396373225,0.4326182719860097,1
35.7719763127846,55.505880826819215,12.938568199780338,0.165762263029443,0
114.16184832097147,134.72733290978357,2.821233269768941,0.5523865443422186,1
21.03192432197806,29.604727676613784,21.705682311439077,0.5630085438085897,1
63.312790946888896,118.1054214815162,21.582694210899174,0.36647034825594615,0
64.56413344993969,154.7977296299816,3.0361317734510083,0.5256096153301292,1
60.05888029842219,11.899287822333841,7.929128451365402,0.6163377985869777,1
92.92716061038317,172.30666119118615,13.608452308883733,0.28966044259671847,0
5.531025803594645,19.14779935208432,2.5296570992945258,0.5313627838078641,1
65.50815395886448,2.4066890202846225,9.68684010643138,0.703158688917463,1
94.77099748551692,148.07333259190816,1.5870478963386656,0.6018693514544136,1
6.083785109178073,92.28502737914425,12.756934396270557,0.03946292356507473,0
65.55671371825713,6.308797568662512,11.585046408158881,0.582910119237864,1
52.87904074156866,117.95225536841775,22.28074243641805,0.4596044760776544,1
48.55283789473766,91.52815147514575,19.30844633917652,0.3427883780595113,0
64.52624993646178,179.0781490740062,6.475348896982894,0.35657716721106403,0
74.96526226964464,175.70397928463865,16.343358999687048,0.24192499686188218,0
84.43140005859871,158.17556780659652,22.977401972458583,0.4929901563607674,1
107.7896855685756,94.16228222791854,3.0792381518102303,0.46947868223010825,1
78.78950056794469,147.3574934267597,12.767949472196499,0.2139247070099028,0
119.87401029825732,132.56765547852098,3.4649764032550747,0.6778457196525689,1
79.78327731103366,49.05441550659607,6.0849296503647174,0.49481886305740636,1
32.29615056060523,134.58458741954382,11.856509434158783,0.08440792127312657,0
17.664270388302562,53.23657369743822,0.22915744166861973,0.3963212145339349,1
8.507489438250557,75.63662017524823,11.548384057331667,0.07961061165886485,0
32.187431034567645,14.37726233323172,7.1083724402477895,0.5580717654929539,1
14.295519722310846,24.617904359664017,1.5109960953679291,0.46860215563708424,1
82.01055769704783,90.23122300827296,12.756992150107834,0.2866217209137436,0
82.74081979721453,150.8130335780782,4.812984202185593,0.47041234552507066,1
73.44751114827072,142.953711862477,4.812370177445875,0.5098263000825712,1
45.937388271872514,28.231403923730937,22.590667581526798,0.4140262458273581,1
55.6682832723789,97.6580192769786,10.473036026281608,0.20041957862226253,0
31.132843909944068,55.19472202121519,13.121356789370907,0.18364438655924634,0
110.23641059185033,36.87257992209989,2.4608552906507546,0.8352773780126689,1
1.9039490937067027,65.87408820430537,22.83979777474052,0.212784758666344,0
38.47087122665322,122.39262713693176,14.080699510899866,0.06761501535298522,0
68.73620595765155,166.54920379158705,7.071577040544012,0.45127695856783456,1
21.678392536685728,17.52014151108472,15.911937139440193,0.26014224586685053,0
102.51170365791099,52.754684395943634,15.457327588990037,0.42162146014664614,1
57.65206836198793,134.66916776312783,11.653534371934516,0.17463261492702364,0
44.467979418047555,89.60550493720348,10.233180963554638,0.3447179785368406,0
7.538187939748813,69.81504774280313,2.2683087605165255,0.3779764157749737,0
33.74203140563781,144.28983077374448,18.241864086782257,0.139803184206678,0
70.75731652205438,3.2577675139727913,0.9306907907657029,0.7164606248360725,1
33.7463506655788,170.34393117407078,1.534875089310395,0.3723873891778142,0
5.417615272951997,48.980521324788874,14.995490412424921,0.12175822331297569,0
69.54692927167585,152.43223057334336,20.96391356502143,0.50098564845467,1
36.469938032566475,150.26865816393297,21.58391744932911,0.308474298108181,0
101.5669447918149,150.8054676434966,5.295170247810563,0.5045381803376907,1
83.01501215969489,111.4368480912881,19.559796466456266,0.44186952249492445,1
86.57707224391228,116.80182377128247,4.38333603374356,0.569053885134394,1
106.82150005051328,8.66394294773679,4.6054987121224205,0.7731839455815057,1
97.20084363160943,76.8777179964712,11.090826733791605,0.3817942535714822,0
39.51078838932861,112.56768616893321,13.796832696990883,0.1286292115118013,0
68.28057509863758,49.14395840122666,12.7432991716747,0.25174297105875854,0
31.065017144302534,122.61776072981081,21.955255648083075,0.3177831077869458,0
24.184286085932584,99.43989345532647,11.942993997508397,0.1789546229294407,0
24.702987664587205,120.14050725535365,8.685794285957884,0.263057313921719,0
13.323134074497748,154.12158419446675,11.107428825671288,0.024684522715766793,0
28.68638081211632,60.17725944429535,4.4407967378548525,0.29383393766455596,0
26.963869281415377,112.4328855152234,17.305979801535745,0.19145735297639999,0
80.7086392177816,8.82351230299831,4.242281045464303,0.7655468401984938,1
30.17771878554157,143.54394963898557,11.582038676175644,0.11414574726399136,0
5.5991815202555495,146.72895543448098,2.204447545367075,0.41822896862660386,1
50.59242639520856,123.86620266245514,17.314196904097347,0.06267212210646658,0
24.11353470583958,124.43214614822537,8.710879902123288,0.1487275396562523,0
82.72187094836173,100.90451063645695,18.85133569933376,0.34229298121819474,0
26.60535090684231,58.55219837235194,4.023149200815428,0.33649975779777713,0
66.83630361932691,143.4589573057052,11.712034786863804,0.38666406176420426,0
21.123325517478186,23.69566759298315,20.966978930224244,0.40749809645575696,1
57.85558141149095,104.698448454877,17.51183330254012,0.2472550112749376,0
104.0662629106035,19.410566917714533,4.961538173704501,0.8181475661828889,1
36.39449560998768,134.17576481034166,2.3490758249095256,0.365692630654192,0
63.26368399095296,90.34767948411603,14.323534759050908,0.26311487743160733,0
52.634402565583216,114.02044124570406,23.504990287563132,0.5916490285330004,1
8.401822697336204,30.667678725391838,9.719256111764789,0.20285134441882177,0
2.4805814147223604,74.9131744092985,16.866724938195798,0.029244320713615848,0
101.09667146339723,118.84996389200425,16.359398256083495,0.3974096408487682,1
40.84240199598229,79.39021298408642,23.464906297361914,0.23612501917967146,0
82.32824646694264,130.23327280318094,9.766642833449504,0.4184342033323166,1
49.52334680751003,15.266816548593292,2.1555297088855188,0.655162077719483,1
100.59723463960754,64.49053293304638,2.3706910820052913,0.49556803754954304,1
23.402498293624262,19.43375288718009,21.83211056067711,0.45529918887448073,1
58.05937128368097,132.99061143042894,5.153590469754538,0.43854124955891316,1
65.80670348880273,71.04079114645785,14.017138029775833,0.18705115319370305,0
95.22862904852937,134.6536104417431,15.294124729561698,0.4369619454203359,1
3.53353140914328,136.12551724456563,21.616023836136904,0.14985319807147685,0
43.49327257647483,6.798381678822098,10.200006672121905,0.3862742223239743,0
57.02103623575858,111.81150539104954,6.021429347279299,0.45438077736785865,1
70.65960011562338,144.7800138907788,21.772871647245584,0.43682373312037936,1
16.975787442832527,164.79476515645433,14.726003989775911,0.07523808913877467,0
65.23131633967097,15.952850820191308,23.809083641108288,0.5871179687488586,1
83.21446480005228,16.586861198905915,18.681301009006965,0.5194464622475431,1
87.96500021337594,79.87470018035842,15.933435045515903,0.27793571393171634,0
26.921437792460843,135.06761416916976,11.358586102889745,0.11934122939680401,0
52.895684430221046,20.09099102008036,0.028764378614003938,0.6225000259302681,1
35.75576512629441,179.43992786212215,19.727242490056657,0.34235359055510545,0
46.51707850290424,128.19842187704316,8.572936800804627,0.3835791159785678,0
43.5619546287542,2.5932354823059955,1.3749151578411913,0.707511449103843,1
113.41437715584372,133.8995586352447,17.741713053473216,0.47421954650194326,1
1.6070708077092455,77.39345116928257,23.653894371665327,0.36003320722726917,0
113.72708457871173,31.592322623415935,17.66448252565249,0.6256500117191096,1
3.9718412557876537,119.32029177657438,4.179008851225011,0.31267754028825784,0
9.350245117077431,128.71971362869903,8.252673654343564,0.11926036890002817,0
24.72278737488743,111.819711861918,8.195626777507641,0.20446152629640246,0
34.420242093606305,45.56692633724908,7.2978783826125335,0.3305566759516153,0
102.92823064800638,32.75230577628615,16.38828922148563,0.499522805751233,1
100.94052110667732,10.779299028165102,17.333171584221528,0.6942666278698904,1
112.13903415162922,30.164050790488226,6.68857035904747,0.6815482002009994,1
46.766365884141294,64.84684499998764,9.379242819596664,0.24886967388442094,0
1.9002334870143667,60.757468640735745,7.707188552818998,0.16922561372856043,0
75.09849972818486,12.573283518087061,6.192914342794052,0.8416528103264568,1
107.90119883959217,152.01913060718078,15.751838141169348,0.29025303858857,0
12.892763561740574,33.642910047957564,19.22967764787413,0.28508525221120906,0
99.33514607399057,14.4534678534012,17.168743534837837,0.6846771534755065,1
0.21423611998001135,37.5783588873246,23.088866154551127,0.30520367505857504,0
87.8778829864128,79.54775313428209,22.59562602067829,0.5912472641464515,1
59.19427260959432,112.37840786959325,23.11436871803138,0.4733990784890464,1
108.9914821812525,14.651007246333911,18.785089924551556,0.7539681131865613,1
104.99815901321702,27.205582429428794,8.862993749049679,0.6266738816884638,1
5.579837556497362,4.762598519274224,17.905002117343628,0.3425486984044704,0
59.77791911890559,71.67959712451997,23.21916439006578,0.4272935790555521,1
29.048089112186176,179.87716961382839,6.5970293863980904,0.21272684482635945,0
52.72697781262634,140.62421365860146,8.440570644180525,0.3203973114206011,0
7.9561297514660145,153.49970236046087,0.566709941662979,0.20050361510514275,0
43.266692000782136,164.5080031672961,21.765963252608092,0.28075807923053375,0
49.02391232051115,39.786739021293975,19.109441724673967,0.28833280540270173,0
0.46701858819592434,116.50719244587566,2.9364096799932886,0.3215432389286342,0
56.94226506932819,75.01815965331564,10.672826046737118,0.22031541420145814,0
107.35512714179221,65.37063311000954,6.973373301400981,0.5015451139088198,1
7.291787130506577,136.5087062996828,8.34511784052092,0.19401698220287206,0
113.37161916397928,101.16314328538661,10.512548622435975,0.4457417655280993,1
58.71800264458658,112.03269009513768,22.610498917496543,0.44643234972992696,1
25.271242179016717,48.69508325116107,7.495331230311301,0.2807743410956175,0
116.29226460752147,169.19768402468787,13.839848244854132,0.46023735097219254,1
56.821963183807625,118.07941979864407,17.870668364484565,0.28456698932952135,0
52.429765954049614,113.33575943252198,16.98310375808653,0.08830618015140254,0
45.17641204542564,136.7228073828727,0.8953661207161296,0.5122299402012473,1
105.76039236278179,164.44223012811221,8.31767614262377,0.5781309519749096,1
15.591067498871487,31.631147166474033,19.866764377880855,0.22356598350979084,0
25.255765267425186,47.523028405286226,4.193265479647415,0.44644270151779014,1
33.98645605918101,175.03160153277548,10.812193430601614,0.15330832509777864,0
7.491331893166637,121.30941510489555,18.91414318782838,0.12567315221992223,0
101.2888595541127,159.92318339795804,4.935247154270552,0.6802967298948576,1
58.63415479286119,59.66151171243936,11.734678968172576,0.30922942357811434,0
72.1908321492147,177.59407145145678,22.8400362496384,0.5454280227096432,1
106.25740978643064,77.65043044995797,2.3272565740145605,0.7819138473297996,1
59.37019353078645,144.83315799993068,6.861316322041286,0.45697715712440873,1
33.15550797368869,164.0398708896329,0.6207853432540267,0.3260848691316678,0
63.74771864149072,93.06720793857309,1.3919341851164102,0.40207686572456885,1
60.028577651958116,75.01034479217775,19.311902099257544,0.3834847514170293,0
35.85904509906938,89.61938609467268,12.734066787699728,0.02711114465479514,0
27.812108671437784,23.211975969844843,14.77645597162007,0.267355738725844,0
42.93588899814351,12.889639026577939,6.276426266728956,0.5520003543699546,1
88.20552370236062,170.1429580734122,16.924596302145467,0.31869413616266257,0
19.839555279418345,117.3989923811271,3.477058851091954,0.4054416700368102,1
119.5295413115005,15.150462225335858,4.811184030444914,0.9114938575771225,1
28.23164496072203,106.16761215944119,1.4844509048751142,0.33970367586490946,0
32.71809070832606,44.77557541522851,22.707421475577778,0.46485722080478653,1
14.744784043492704,151.18632471004327,7.88968623055706,0.15655309583773022,0
47.02345107068783,64.62356213467356,6.954066302632969,0.41515877838344034,1
44.62260293540868,3.143121992372111,10.134210131258737,0.6466068939552793,1
81.81808708404814,119.78898455632532,5.5842388350343235,0.49700129906771207,1
107.52436371297793,178.99244973933162,21.861597409075383,0.5757527836468239,1
29.744057691568656,132.66839620246785,6.733299589895585,0.35400359493751676,0
97.12703571414644,173.05075416360702,1.091601767554284,0.4800123180479015,1
36.99438832826554,18.383329869410673,20.19277455697975,0.3944823054092652,1
48.807359602836655,52.49434190729847,17.442913866548494,0.19950484145526312,0
15.39297545313441,139.63739637627387,4.3869687923134135,0.1763071008109476,0
107.12737410808917,83.21328905281402,9.015610052675875,0.49353017577463504,1
44.79770701715052,32.083648810866144,3.818686051916197,0.5633177938781264,1
84.10443600424703,61.69721440940878,21.592965044212992,0.48905206897076214,1
3.172362439979999,51.36790343648349,21.909445451114827,0.23799004614238586,0
83.65438788013104,126.63130645231142,1.2871052327665415,0.6224037631773992,1
27.157596597792303,139.0878781738409,5.222570002644405,0.38132316524591214,0
54.17617784680695,132.40178618606072,9.865878725085533,0.3522005642264595,0
80.85461222524971,120.22765803124379,14.869589541250242,0.2968113542621016,0
20.486357878318987,134.59819570359812,19.92460290418792,0.20041580255888383,0
63.26183737528734,166.15218590347965,21.55402220113573,0.5096906757236488,1
100.28610145814515,47.493721149221244,22.386464590897777,0.6639509217821857,1
19.608869891896035,50.114226473736174,13.797357559384992,0.2108928168586457,0
56.113319871472996,176.73017192006972,17.811379381255882,0.23589428489397235,0
22.086576402131925,158.49555408696207,21.45160802415169,0.2510480434233734,0
17.19724173144577,119.62055636436982,17.794761476208897,0.07839751000686776,0
58.799547136787574,142.8339227100087,11.138950152524615,0.25237877161166655,0
54.79976464418945,115.74804083087602,19.864640194148468,0.35429598731334394,0
77.26020803323333,55.499661247656164,15.074619326909287,0.2871406592700768,0
102.93602536504038,101.75640684384113,6.873267833212753,0.6778505864834112,1
84.79084503828143,43.94879181732965,0.7122436852541183,0.5420939404286893,1
40.359683183983954,17.726606955334233,18.329742376847893,0.49226018141084593,1
58.3308447821708,61.00980493470593,0.4858900235528294,0.38643183847641793,0
80.85241213545524,145.53302329734493,18.945983418513514,0.4137218854916847,1
100.64678329460452,25.012856170886558,18.72389855783874,0.5848816575084697,1
81.93014812455364,8.203419072895128,4.614564777226211,0.7926942114043127,1
60.3099881313211,42.39234300679523,20.545956149592925,0.4616175268739662,1
16.016562086343413,141.19272291680514,13.370614173062535,0.00829985179904947,0
104.19506141561209,158.87947356004113,22.867270757170555,0.5195538504214277,1
33.763810404140465,49.26745141731842,22.397922076629413,0.3310162399066162,0
48.61018940765905,172.8889902290451,0.5603531401430448,0.42465410802767484,1
106.15190557854413,85.99986936466311,5.646839682896709,0.6490965624360444,1
24.880488413605338,123.61401079221211,19.544917794755026,0.3102251524777751,0
109.6593285555584,120.20593553899455,12.654056681223413,0.3040282743856466,0
27.491603992811168,80.02226103818415,3.500841373790043,0.37369167022083905,0
10.466258994931735,151.42475084438456,12.2783688267492,0.020186252196731307,0
61.63358363111056,161.51263041646322,8.350834469286628,0.3451392893151703,0
95.4380528496521,84.86254705415905,9.249842847396495,0.46367779971301193,1
48.286746014990406,54.14324736526844,2.646722397584809,0.5110450603054145,1
101.1284821315395,168.62533963624455,14.5671913801988,0.40729528736236387,1
47.5623263144236,125.95151399140299,19.888984638401173,0.29784028858940687,0
97.81110340723146,65.45050821371295,9.25773540287673,0.5549835805651157,1
13.530497110589735,29.496144582696665,7.586996502816324,0.3601105715893322,0
34.004763092603746,71.02885858318692,21.70669734602915,0.30586995401989553,0
14.69791350719361,79.90619168051941,15.143241579933555,0.13607057910580928,0
88.75303392491452,146.4821850174136,23.414954450925883,0.4789115669311225,1
56.353246116851786,126.3295356306242,20.23706029945656,0.28119623632489044,0
78.67300927956629,91.85512407627196,5.081001128764129,0.6028525655303832,1
28.60569843535314,163.43888160025074,16.80983993664698,0.12598467860893378,0
88.16113912059645,105.29207806317729,3.7506036504756057,0.44861130688047396,1
119.13573170962641,155.46399357987374,3.9472443087759492,0.733520515729321,1
9.487086176248166,11.603922825182524,15.306289948366015,0.3644454970951617,0
38.2570489565139,14.358093982507754,0.7112319389801129,0.5626012174625337,1
104.33041731462818,154.72155112329904,5.529848560945864,0.5041636583471939,1
102.19557106991493,132.3399267774471,23.260921668475493,0.5984174336713196,1
104.64404312059592,46.645587285124435,7.081001203005194,0.6371381289108419,1
27.19067240746787,21.685500300415132,17.221549584165963,0.29508330743229966,0
67.57858711905082,12.898551322511349,16.998482407573142,0.46405147936127666,1
10.330034759015607,57.5856976501033,12.978948490946358,0.08935944702925097,0
51.72216181958631,159.41567553101243,20.170251291293887,0.3590988542995337,0
69.13597883477816,34.527809271789174,4.86243612433009,0.4969930144434196,1
31.026186056269758,44.825095480817204,3.338600575848253,0.35968404441533236,0
50.65544302810949,149.67230349718503,19.04208813038142,0.26157570229868876,0
43.94302588796751,33.29588506407448,8.27106621411021,0.37183547280132856,0
10.15653084580249,43.05585549094885,4.813496712387572,0.35366793390425477,0
8.223505524310513,134.36033880198582,12.417355929528327,0.07449395676792106,0
93.73307774994286,154.15497039482983,16.529706663017492,0.5000357391538568,1
0.3513388435718623,169.5920098486476,12.607517438757615,0.03242294227793455,0
118.33683468992581,8.07036676392598,19.41508208731506,0.8694907286909623,1
107.6533683996935,59.33488708994125,8.337553993811824,0.4166159843355073,1
118.47440013170012,109.9290675827573,19.231384532818588,0.4973721955333259,1
94.27537675227138,59.73446001225765,22.0477310719357,0.6127336069527313,1
0.29614272747206183,133.41608209572635,13.991049631980658,0.0,0
13.916500044119736,40.56473954220319,16.16724081126975,0.25661522305670215,0
38.24207117497237,108.8208217004196,13.700637146935868,0.17900393808725962,0
21.76406349118972,29.178151777446534,7.184445801693782,0.39493779830539677,1
7.2582155514398705,27.088375852421226,5.959313471006305,0.37131630183727515,0
110.03688374237319,143.58517124746336,17.31796135203991,0.3785381615322889,0
109.22870909507272,112.96739703978261,3.5071711976631192,0.5771790487080173,1
92.04462653980136,102.1758112710777,9.726203848911508,0.37928624984805837,0
30.366301129231484,67.66971487619104,8.941207871634525,0.1785903621935256,0
102.28160505996999,121.20569651532556,21.382676006580937,0.6330384318125485,1
98.30090414257047,171.44623922795805,12.873602289265438,0.30513522991918707,0
38.835882871210636,67.48732293139395,6.390390154248439,0.27896869726795825,0
15.3188308563902,8.535887925811757,10.495683394484594,0.24709077869022403,0
16.26869602523909,46.38648414496345,1.448103259417982,0.3872172790114657,0
49.07518598037956,140.55790263714053,6.678878632947393,0.34981971517978594,0
99.85519229436868,53.55691525691166,16.38418897206311,0.5013127316308513,1
9.160613414217146,135.79810248769098,5.8890180627735305,0.35067228021497543,0
51.56548560851988,36.68118264804672,7.194605375296411,0.49524042752527353,1
42.55102416809247,107.36079175776307,21.910287199682735,0.2864049423093056,0
107.08548606688593,65.81456847056195,6.509297820533892,0.5876164040695032,1
18.35387511096012,95.9139531866722,13.80655519367747,0.08634361062578796,0
78.66982454287213,67.43210189137776,23.795781524173737,0.5194153951416763,1
38.759819479888094,106.81698633161194,2.1420504178130777,0.3222000462828188,0
77.58217372184058,133.0518226753343,9.818337074269268,0.38000534534301006,0
98.66771728245499,126.14528353505771,19.224235838013833,0.38812472343182547,0
98.95618469052853,77.46137099621559,18.394319346459483,0.437982989534836,1
101.46230708667825,6.657291054870472,14.91336827212573,0.6292053242068354,1
35.11413127230489,148.8865222576148,17.06423390102429,0.0,0
33.106986962471126,19.201172011588124,3.4613679842974028,0.6079169769971481,1
14.719847276244735,68.27094924043396,1.4559867621927225,0.4433908668869263,1
30.640220881212183,141.97940594049774,2.983874453874117,0.3350619476593734,0
14.322267247365485,176.3172381741728,21.584252389029036,0.1865788593982049,0
94.08013027639149,130.7759167367079,4.2814438818353295,0.641199357471803,1
5.678177392720287,20.52642762081126,16.586412782229193,0.1579312881683335,0
23.004981156727236,173.65845106190136,1.8693440281461475,0.3360065674332447,0
94.81936742450299,8.53175003990274,21.327877014920183,0.7949693013643081,1
92.21735463277395,6.604536761004902,18.483475718096127,0.6507616327967976,1
116.81869754591195,132.41942660255762,20.25724593002858,0.565113742850282,1
46.03307730225536,165.3622616656504,23.47330548778602,0.33865321828433603,0
5.41259074873917,115.25908397024327,15.577778169673493,0.0,0
96.98093235402644,157.59440304497247,21.220312017950132,0.5703921499829374,1
34.354383139130825,116.59705469346518,23.927048605664357,0.3015383105537343,0
92.77979659830287,15.232371604430295,2.2038202080527576,0.7821878766087299,1
2.3241666557972662,111.47040071414058,1.1223770503834798,0.20774167738563903,0
4.176996483228046,137.9109593281499,17.834735878754564,0.10570173676377803,0
71.77263181908937,88.91871000234123,14.045808313364775,0.2428457086293811,0
82.09325874006491,127.91182951801868,5.873388891756805,0.44097971445686146,1
67.438553895839,84.24066433882473,16.24363637272385,0.2942437450213381,0
63.864552470259994,18.493290638701872,15.824313425842107,0.3264714976743084,0
71.65381696115377,155.18308144356433,8.193612304192627,0.259932607901902,0
15.712887971105381,37.19367496273304,1.2316110449142714,0.4380246599840395,1
7.634982885282695,36.8492322338627,23.667157555414814,0.49347134924718816,1
41.92817174425676,23.301223600079283,13.014799700348702,0.31086095604936514,0
65.73356006765138,62.342833924698475,2.3161038887580743,0.5169225324964556,1
29.863356893863816,72.37491921694705,19.151241683125207,0.11597998460179172,0
21.48169557446196,35.72848127595803,21.041862472399146,0.36717694248504434,0
53.56607196499141,29.3341803459998,8.962728566276574,0.45949545131039693,1
49.163463295367485,81.2226291805038,19.078668245969162,0.31598146880942274,0
32.24416795774004,2.192890225720072,1.6246569162146862,0.608645699220856,1
111.24440906663807,88.52855801311992,16.817638542917997,0.576192312283941,1
113.15453853345937,19.260829557927327,23.417825494238464,0.7855651861626304,1
5.614440066745372,24.049503922433978,17.97002960382873,0.36152976513453355,0
57.60817873590134,21.582418132152025,6.4476741804213,0.5098727423039708,1
28.530806615583806,152.39756953230446,9.47077716635923,0.23593752083283925,0
40.33235337218648,146.8038825324139,16.094096165661846,0.2569637040133501,0
3.417346751067103,177.2443719629856,10.487683769806733,0.20443210797228406,0
9.609846466583933,145.0261199926575,23.854573721084105,0.2578082567633512,0
4.022601997482913,91.0769510095371,18.797115691072023,0.0,0
15.079611436387825,70.83981819797964,10.386923996066955,0.1630728398066787,0
77.91180406942765,105.2593462667052,16.875695892038785,0.27767435325512774,0
9.400794105343554,113.3982310994517,1.6758713461416619,0.21236739588988304,0
106.31604413914745,177.93895323499567,8.000796246781693,0.4835017299189972,1
96.31271662873232,60.333783315336106,0.9379404229706987,0.5449183084673184,1
32.30859233094962,162.62426205774244,8.180849416340799,0.2896755185842068,0
82.98156553929522,171.15983964983027,4.24247269675295,0.5516103587642907,1
114.23376904969416,171.81772839879534,11.669095224480877,0.495179122848862,1
13.949667743245605,112.63730439688324,7.924241592386167,0.2357325293230337,0
67.20834372741943,110.70703713294952,1.4204568055880902,0.4738891308072471,1
55.86707145262737,179.34525035874873,3.8308436743317156,0.49110779531087567,1
37.238679430364876,74.51585510111089,9.844524271004197,0.2860850016512615,0
34.55351290517642,139.67097474073893,14.430807529864952,0.2525693750508267,0
10.379623802909869,14.411265808703392,6.370688048900766,0.45388578843167143,1
77.6497974356589,42.91727996226685,9.626270286554291,0.4317543277107904,1
23.72670907775291,90.68403287656393,22.70191527797894,0.23263208101487823,0
50.727583289667905,132.5204265258722,9.828192727004664,0.23070665073402657,0
111.37307033541704,32.20589528869341,11.578159107867384,0.5807326080069395,1
41.791744032227534,147.457714520955,11.933336309438278,0.19046465526526676,0
37.94125917020495,103.45497871311085,22.21377427321646,0.2457790718897201,0
111.89727254595309,24.440357799545392,4.012023218127501,0.8029216224613079,1
70.02871194817439,6.9653621291035295,11.208831488773596,0.5456233549720788,1
68.46187569812248,71.66475709951341,19.443499728157743,0.3235551675048847,0
26.685651798670754,147.9423759973442,12.743259012084089,0.06553314371203103,0
76.94604522775332,175.80272125759328,8.01858495372209,0.43526704830811086,1
45.5007052897265,136.7515304692762,9.04393336161166,0.19658522537474965,0
65.25635927585154,40.50502313883102,4.70098616084832,0.5927572641414388,1
47.721267678763596,161.49775972403364,16.084501030888,0.12502870011009004,0
9.72702175949582,28.106596933338793,20.261242496714313,0.3430760574351799,0
105.32222328790216,71.4613244505035,17.469221763203336,0.36868409583492856,0
83.0121549239407,120.35734874165168,1.1928869626269227,0.6360269082307195,1
114.98797849345996,60.845489924698974,18.852615714158794,0.5676271591529145,1
36.776738434065734,59.20954751286974,17.933434719681927,0.2907446908861915,0
33.77300886606245,77.94731713267471,9.08330751829281,0.16039316670897882,0
16.27579609278753,162.7677793316047,6.824384229331613,0.13583749149037477,0
36.684983050723154,84.28368986839769,23.067472064963937,0.26436265605632503,0
39.010758915266315,15.733299967994576,3.3320992733007966,0.5945266259581939,1
22.075163227925948,64.04731923987161,18.964126140987293,0.2441043643818063,0
31.751115622612417,105.48712560845871,6.478616883948569,0.33880912138463437,0
35.28314576480834,97.35760724037122,13.041892058425766,0.18020463304405665,0
102.95589969230349,172.07410711863022,16.858874744781062,0.33712086903680927,0
53.55380920513983,91.54201218797354,21.96442319002953,0.45854046513996494,1
98.37657752565539,142.27039063537788,18.5528812123537,0.49558117254365036,1
5.971463596885109,135.0385643413571,1.9289732796698216,0.23547118090033833,0
22.61538650979531,83.92806275827196,20.796319172534396,0.06596632696083352,0
114.32732776728353,75.43373194356303,23.331657996647472,0.5959798478090472,1
6.036881247020012,82.8065344940678,0.8822754200459899,0.25784587778186746,0
8.335152863113308,21.507776041718017,7.109095562324485,0.48156224182400403,1
62.15767629544901,15.562774348679788,21.191045493866792,0.6322899369330717,1
34.78010135679743,20.554124314952134,12.755001273489828,0.3292560173050682,0
23.302942737510474,23.502897142506814,0.2139188746541727,0.6112896753661818,1
73.0488040522777,14.775122250646477,18.437066299318914,0.677953692406419,1
73.0924470876832,71.31093166669886,23.684955750052865,0.5263104025192533,1
22.567893599783353,26.74464317255316,3.574499211904178,0.5310719741290953,1
64.68825225375551,176.01442181646345,20.80487293958725,0.4762993430632665,1
54.576301918976284,73.15421822445411,14.889048113844854,0.1595487757048412,0
101.58279520600252,0.8233541143594914,14.638429692840802,0.7048623557645118,1
8.21285954566061,118.90061232783945,1.1191382409649586,0.24866598103292803,0
27.973665120890235,128.7540641727959,23.34325694612636,0.26099903429287913,0
67.80617405430435,170.64351427495865,23.95545294673935,0.5193213096999669,1
4.006135128516948,44.02774213266428,3.1072598329923276,0.4126358521578283,1
101.48333948064703,57.227966597768955,19.61985039860688,0.6309469017343994,1
116.18602098300632,134.69650363992076,8.402248941535284,0.5986666962318458,1
39.39488761986365,112.63134821802487,0.7018794776060311,0.46590262088047507,1
92.97237258476041,112.45906731377276,12.516637307477097,0.34567915809208366,0
29.889903152798702,168.22618331562734,20.22548831250959,0.14396839759281838,0
113.7641524967919,179.35658131145456,13.972187063013997,0.38394140861253023,0
25.405241705927413,1.532698012684477,1.3620751578673902,0.6621841658894405,1
0.7087364957284858,69.79625217877872,20.72079778413838,0.1113906070440635,0
8.19361256683961,169.83521142188587,10.309981035008075,0.21214468598558694,0
55.03964452399035,3.2360740645814445,13.428045534440958,0.5726191805524612,1
4.603206810593603,60.998360608891176,9.76212314528236,0.07331644305988752,0
117.64604531369721,137.57861084090936,23.17689594502938,0.7740445712862636,1
75.73923745262529,13.4968709971136,12.970895369412816,0.5642340413579985,1
68.26056247886389,105.7884922036097,19.61710925137371,0.47799478961556835,1
75.1499971745595,165.63209555607972,22.748623824214413,0.47724754681848874,1
50.18378068052053,96.16182996944029,14.252823278321738,0.24085753215343747,0
106.29036708752784,0.7803062354270907,20.39274607507988,0.8172131516048446,1
85.53946038883764,20.42807466594736,5.049896442084614,0.7318412551730776,1
51.64051231021986,73.64434331122384,4.617068464918976,0.49221749867688713,1
34.08847389889195,2.218712592492036,17.768532443670814,0.6006044611534116,1
17.32495050466708,118.95733883612236,16.24188353684054,0.09446126285423195,0
37.82082078705899,48.465782893366374,22.896507300114074,0.43055461541029033,1
42.377749547233016,61.67594618351289,8.610758971554109,0.20539914086814767,0
9.653907951206548,141.05186958689,4.329893632451647,0.24980004373081036,0
110.99428550493948,132.16467417600555,10.035449295639946,0.5111309784350888,1
30.957825039220563,144.04279277009314,21.392941614718097,0.20242443001507954,0
64.80386487702302,34.17240638425733,13.128370379991168,0.34676376934775743,0
7.935929555016998,61.831897350239444,7.528758026493212,0.0958668682163466,0
66.24361729731834,114.54900409384717,12.00815498621845,0.27863032970727997,0
77.52184269010677,90.35869871002198,17.553095379761565,0.4009032572766069,1
9.569475611552907,145.18096593734325,2.5254671901962977,0.30773615429125467,0
117.07409209615052,74.37604402406997,16.836866485922503,0.45361668216917206,1
19.576947449507212,163.89800365296023,10.473660137186647,0.05592532251273559,0
31.548427837895847,39.661112035946296,21.052362617249877,0.27149098123956095,0
88.38051434158032,117.73784390565044,19.296353887068143,0.4351105335253991,1
40.40966379209655,143.99111619277207,18.428435958882687,0.3284811900041049,0
105.20489139352124,177.9616954361063,1.1498543129042726,0.6239612307932029,1
28.58540534185346,68.08754127854496,12.840496826310767,0.10884828385379969,0
37.676331701707,159.14044711648344,1.3006875037825045,0.3598952723085976,0
83.07683365735105,108.4146752509125,8.505964816470458,0.345091333761125,0
103.20207271440616,115.40574033272345,4.11746188492806,0.6899079734526992,1
106.05805275412263,46.22748334904865,11.774601994807739,0.5349999995012976,1
34.57171523300679,158.18784096288567,5.149655022679914,0.2412858387213626,0
63.71671647843798,12.053083436100733,7.588621787286311,0.5346007306482548,1
49.306616271560564,178.3551252973073,18.039947060296534,0.3387663087154572,0
81.12651099782418,102.0268574055022,18.58026971135282,0.32543478397757053,0
27.290135223560313,104.7524162566811,18.11286978111863,0.165435970315779,0
100.68954840355974,31.483778183947077,17.557336926056188,0.5021966448054066,1
85.5950227084133,121.60889645572477,8.525987685655727,0.4507651401858976,1
20.987522963149505,27.966475576158732,0.9320750886572746,0.4319694481835973,1
37.68407853410545,150.3092376173387,1.4670652679005505,0.3502188682147217,0
40.33791144481074,134.52344900015493,13.911874350737712,0.07738562630579882,0
111.6018655137481,30.376416969273627,23.159260868173618,0.9110622655520366,1
54.73177710437993,141.93705891214682,12.27889833865627,0.39201276091467563,1
73.95270167632793,113.96462703595577,11.156957152144258,0.32576377554706215,0
111.68455145600245,53.36802271431212,20.663448677515714,0.643887663756478,1
47.59553423723749,119.3968169072469,8.958361791531392,0.3111383682688326,0
113.5377184298914,125.17386771440142,5.374232212542181,0.6310355355170135,1
35.05372096562372,89.96249735094447,22.818004685211005,0.3351396743295501,0
1.528778432428095,124.8403180151538,0.04963550706770725,0.21622605509464898,0
12.315824583591803,142.40842316786222,12.791576206664645,0.10560223973415689,0
83.07787161647413,160.49879527149724,4.22991392994861,0.4593175042804754,1
45.759611076799615,149.51676359410013,5.957163496262942,0.304927854868649,0
100.0236432704379,19.383690015697724,22.56353629437982,0.8287310659614628,1
63.956289193673626,155.02929897409763,16.147136562624034,0.16560335588535904,0
82.27856240544199,170.96334468615356,13.171893735627854,0.42045983466565856,1
42.30765485879635,86.9361729761216,2.5635032574171968,0.3895551254743547,1
70.47284509526823,163.0200828243951,22.22820912434812,0.4712903615783755,1
83.76831064321397,40.351582158984975,10.46018152304228,0.5519561075622389,1
45.21340674873905,7.253016598766935,2.4136359220955708,0.6800196456359202,1
58.89324594685216,80.35821006180772,13.138803499360524,0.23344645323992128,0
101.23357710432616,21.565349862101,2.017056528251933,0.7829910290931762,1
111.50761119366038,23.566195302883056,20.45371786044735,0.7752911102864163,1
42.03987248481948,79.90459870523016,9.747796258543113,0.27454383591482273,0
8.045104015559312,175.31771990341934,6.984097231065416,0.12960977835901416,0
101.05900581681557,93.60960938430043,6.064845672188528,0.6093262710321112,1
53.67127371355975,177.81026389584085,4.994934807287159,0.48064656743704937,1
116.31517759650872,91.60128163432222,4.63378124282484,0.6898658985531615,1
91.53772850429772,83.36517600122815,14.463458807427482,0.29446990249325633,0
44.16811395087832,3.761522782697031,4.046234848696841,0.7425669877320169,1
102.03586942166152,15.003586450270191,13.108918358130637,0.7034072571143527,1
65.73596226720092,157.34248987223353,21.027968640204758,0.3725920976317098,0
85.60820979559274,123.72534739394813,17.718761300900034,0.2537172481129419,0
106.19331611415505,101.50897944161876,12.958003759110643,0.35618216386002344,0
69.6211905525255,160.389572669709,10.308378128388307,0.3169574707787131,0
113.68463766973251,117.06126368950727,8.305263370240066,0.6293204476172938,1
47.80296368491521,50.781888603182736,6.051701453896273,0.4923331423096776,1
45.45130645573642,155.86515975891848,10.035738979017502,0.2786766298368611,0
76.82554999328197,131.1945291765627,23.699561472015045,0.47364662913525113,1
48.59499141712621,14.458952217284676,13.197212433249494,0.46451330470272867,1
84.8942436206657,149.66936755363307,6.9982121459468996,0.475926618791949,1
63.7488484799044,65.65095780155424,6.519683288400788,0.3431970133255224,0
89.08710680498876,152.15937346591897,10.675379795195672,0.2589508610019918,0
99.0945502813365,148.65853482889855,10.850423173325304,0.4796583856427156,1
68.09405081717574,163.3760629798933,8.324575355603448,0.2610370686654743,0
109.72899163030476,20.441611941413502,13.191005533268394,0.6967906413003022,1
93.73446742082264,132.42744369758327,17.785942234740588,0.5602756607183934,1
102.84693220152329,56.34109617279093,16.820928253399096,0.43953320763875453,1
2.3382043874749003,154.37618809305727,17.4401099866063,0.00013078754943060544,0
1.8525948036846218,20.688179300817595,12.563990700011523,0.16996842121239716,0
76.15407898218886,157.71350060112294,19.94268064917907,0.3637509770262377,0
39.95346695674625,175.10667540071432,1.9913769702504611,0.42618730471016136,1
104.75440236281894,93.00050464661382,13.906961695647203,0.4608814213419723,1
47.01161923954069,98.7766675713106,19.980190273575356,0.25046473621491416,0
89.26614037082703,109.96096877957078,17.61146581309258,0.36487524608842553,0
29.525672962743855,161.53801724817828,22.97009167743054,0.28038837512844833,0
75.53870169438655,15.853156113763315,3.395009301305212,0.8235234243514562,1
108.07407008243683,153.3913340908561,15.821899646338046,0.4857156178016528,1
103.45164073005249,62.79127165855492,18.912387971928823,0.4213514049350838,1
43.97325998930542,73.09769011009527,9.63620395859789,0.217976911742554,0
57.816507022998586,157.14418354651923,6.025917434885159,0.4153744892880374,1
64.24917299645597,21.938805254913444,10.645799187578248,0.356576675904701,0
41.34370561079351,25.843220298873064,19.777928311479364,0.4079677657091119,1
58.073827911725274,122.56777607113105,5.389748187995758,0.43166067665798313,1
115.7464534881734,131.3276728732022,18.853332287856816,0.4284807847659481,1
105.57782013408018,40.58215908136911,17.923543768490678,0.5682496755745782,1
37.744755582096666,124.81597866039307,13.18646292612505,0.14812190727206356,0
82.07099066635139,64.24358822953259,12.399275323414734,0.2817944873534562,0
113.81321819800888,4.958667607363538,22.679824405305922,0.9779349518650735,1
43.454680072683324,47.20432120713302,3.1737936350875984,0.4086133840113597,1
101.81878925448473,28.999741404512072,1.5464884341461023,0.8150406465193624,1
95.68281136281426,81.2429766902399,12.501624640313683,0.35176330559205543,0
106.40961219924583,81.5737804133962,2.02337173857254,0.7233656584253493,1
10.123619813911606,69.26983648172087,6.146927400684724,0.16913968454160505,0
110.75460562763799,163.7248403159534,3.175281516413957,0.700397808012922,1
117.72426935270293,69.30995012310701,22.71123390589952,0.6899785119475268,1
28.96203451337354,34.43189094967652,12.152132495413749,0.32779229588027675,0
75.96810999626565,170.5377322322426,6.21416585865784,0.5752041993923974,1
10.81250475315921,115.27003687699056,7.820477854129012,0.06977162183253838,0
72.28013655827627,171.3300351931901,4.433553284480808,0.49210010039121616,1
85.02539213894704,81.26305649232907,8.849988809914144,0.34410023643492305,0
89.47225864439098,108.92309602214131,4.363649281388697,0.6285555625436645,1
102.82331035594599,59.13934062984623,20.173145906257268,0.6129194076398914,1
35.21170419556218,173.34295511622247,13.431932227184637,0.11381597359336687,0
13.91337617528373,49.68759657775445,2.569105645954873,0.3691752455177593,0
98.03632048364909,167.61816697575625,20.41911513721111,0.5951016509390982,1
3.0847351710842297,61.46562998743173,10.829489646932874,0.06647886737554991,0
27.973905954302033,138.1792419290098,0.791968651909011,0.34042818037360817,0
28.426963000963227,116.48801967461657,18.186630648693555,0.06431037484827473,0
93.01713857751075,140.02827940933483,15.874874594688528,0.3162822487665598,0
53.05082362983791,36.74121621673165,12.04698813481835,0.3989954594629491,1
100.53390104334305,179.82697878964814,9.960573126687212,0.34278473708151475,0
80.14835546356014,89.43017701811901,17.511567969260323,0.36971879077943903,0
101.14741953372454,13.493429762017879,23.393828630718325,0.8490730466197091,1
94.33193735133538,122.86270917723193,12.01084892673078,0.3700009404980237,0
105.60806972794366,14.011087846566802,21.516443786692694,0.853472790341305,1
33.13480220752842,116.65461341795998,13.157818870843649,0.07735597014183163,0
42.655086246545665,129.06682017307836,5.751623086125138,0.4483214424309141,1
75.41077878433875,36.61657333744037,17.139701692198262,0.41065588977062883,1
69.94879682449547,20.840041346129816,18.875545632840698,0.6158035372449745,1
93.33127195822502,24.252851830626764,3.020553308668033,0.7355708841266826,1
97.03166835970812,118.25313509761438,5.157215759904418,0.591692636604916,1
36.59631459043884,134.4539950465722,2.792809150235965,0.36271585397360895,0
14.516941391597582,165.5250173245564,0.8937358834091915,0.41306565871659884,1
88.9578549201701,58.48849781923283,8.085638824004551,0.39370196809644203,1
82.46209337345127,17.620525953162648,11.811351847755049,0.498938981530154,1
33.22781996699173,113.34015571086672,13.911767347018486,0.22366836128512496,0
6.833960106161121,150.5663145894681,11.89190984790849,0.0992807175497689,0
2.7754309069109473,130.67590104011933,19.84259372706194,0.12825269923893426,0
29.789708761091994,88.24408376255106,4.238974069121162,0.3239209069066138,0
32.82243573945951,48.364152574854465,22.94685470751366,0.30725266139795687,0
24.88330746506795,131.25312881730554,18.174603938520505,0.14298854069464745,0
6.067120896384708,154.14623283520993,1.2250541690979215,0.29472118173512196,0
20.445091184884955,39.46974365852002,1.3728412669775771,0.5094139354086746,1
41.99126539261357,127.8684776461875,2.617564137718503,0.46938905364968864,1
11.071525366968448,138.81724812210365,14.73762154381548,0.14229768313948124,0
24.788994591093058,179.4193664366401,13.545646116657656,0.12030839790484016,0
52.5687212705527,67.57022676363844,6.139222050871199,0.33322222682097985,0
101.76944926664967,70.71548983467125,16.19297872811917,0.37874898799416373,0
104.58478454261751,7.98634723036532,8.14809391643821,0.8764037579852862,1
48.60621399668879,28.78921805166058,18.91705187007456,0.4362304874124956,1
15.110139188313969,134.00753226673163,17.563700406275693,0.20311810399202915,0
32.30369292497957,49.03306880116387,5.621131389117176,0.2674437900904345,0
80.97686429688187,164.0774787388911,1.6762311027126167,0.5207603471428632,1
48.87967736730383,57.38013204294255,14.724213547017602,0.1452398111342137,0
68.4388166889019,143.33502862222053,2.0323266091687398,0.5248000469296585,1
88.4185153308397,64.87055580246938,13.648662399716795,0.2794977689746234,0
79.05597432498493,136.12819566767627,16.04581947147787,0.22490802915186167,0
103.13467335474819,78.90728188020779,3.587669704111695,0.6214777802358263,1
10.278553376166784,38.00134259883943,18.46769276567411,0.07049619821222852,0
35.627647465767254,36.993816621846065,9.634907884643082,0.28232308170011755,0
4.090966264438278,51.556002468988495,15.111929284718133,0.092146004153542,0
62.53540910822169,21.42507618010022,12.41670488922425,0.3608138337096549,0
73.76464848814035,156.08070625902292,17.126537286584004,0.313174951479836,0
30.475155324508584,165.95553890508572,11.830349127790885,0.07478928593403761,0
6.659052179896436,143.32928833098222,12.525668611420546,0.011340352157345465,0
55.6617567484095,0.8460026261451881,11.291020317655988,0.5514499760157513,1
20.12409477524453,158.84964094134756,3.7944936440646178,0.34411120004817475,0
23.344579728055454,143.015685003641,15.126698867141254,0.12288326281085257,0
45.759105379639095,151.58638163555935,0.5750278829992501,0.3625086301572952,0
113.40818209119107,113.62012637546054,10.020424185157847,0.5911887375220066,1
43.204211141147375,37.40090153168671,18.673231273091215,0.3802444953224496,0
85.109082448024,53.6100903449595,20.546008622093403,0.45058623145189425,1
44.69618892160341,70.03523605923921,20.262546107430637,0.392710515390171,1
48.63100891642823,33.242058718952606,17.79999941378956,0.3468319946161614,0
16.812868458945452,5.010935434150888,23.257886202554744,0.6908663213082665,1
22.151158609993598,171.61444708207387,23.736419376973046,0.3700556658956077,0
92.47642554450516,70.08444434157502,9.665778176834877,0.4126399407518145,1
51.510434919011956,109.48081684457932,16.19485783214723,0.18153474570805836,0
34.23390207062972,19.32251265329194,3.762181908748892,0.5130258233540395,1
118.44724350038513,154.31515837247065,15.12290923495403,0.39730327999339937,1
105.37893763575335,135.27282969912739,7.904467878051991,0.5055131036770872,1
31.719170651429632,7.264706766544915,20.983490274016745,0.6324523112075896,1
52.11169887145517,36.20433210192191,3.2320656329035504,0.5714413363506492,1
68.03177969465521,133.96286705628185,3.891690626645996,0.48583702640740545,1
19.93831251891187,10.23975133884587,15.482875647377558,0.3630869847116063,0
51.27223524372806,4.238631361414376,13.421150555806268,0.452490168557328,1
34.08344266620842,21.337361829814824,14.912726632742348,0.2405218249633399,0
97.23749587840085,25.583963406244575,14.259406583870167,0.4372352525056172,1
11.346051082220123,139.28117168345523,1.1138944661260881,0.38767266038227144,0
118.97098981406567,140.82086626674885,14.361340831962181,0.4291740588818873,1
28.2668452529088,102.93198305155552,10.531617011299065,0.2650906548641778,0
39.73826064143078,54.94330799120759,4.713883924130306,0.5253239051636248,1
9.073442604999912,141.0815983649023,19.823341512147085,0.17411763832433397,0
109.5422378190951,114.15938795580635,17.625477972998254,0.517365038950766,1
99.37301016619253,11.014952280356082,15.711884584813282,0.6071262860910579,1
8.114689797240553,33.97860948611931,9.937357580850039,0.21781616561750627,0
63.38107321387025,125.19138858668076,3.81594741280112,0.4813357614106183,1
46.868804864019,101.90900605838969,0.004753197700294365,0.410558419309722,1
72.72812990962046,70.96519611768457,20.887037168599864,0.5314013998729463,1
40.30901354536054,95.45754353044305,11.274792242977645,0.17703611918025638,0
114.75155991326264,43.732298100583066,11.621315146271328,0.5986930909088799,1
26.159848977248746,105.5003714783745,7.079596304621995,0.26326760585345665,0
98.42410320576496,24.880098681065125,10.02165132440787,0.6514948166640779,1
32.11895860597326,177.6769451325845,15.021708232917433,0.2528594192422336,0
77.93557059317632,148.2449065025442,10.605159430776297,0.2342239198234212,0
51.335366522479504,89.48469423242838,19.68047337590219,0.38921761652409553,1
63.104951281867386,176.03064802620082,4.616003869611975,0.41772554737093814,1
62.64283104522926,122.01472936027281,2.9447302169981198,0.4968706298110941,1
75.11732017750394,104.12842700742439,20.472397964603744,0.4006844974404674,1
8.159868534068199,116.40351976427554,4.7436656605128,0.21915252574136357,0
7.133493287041648,126.34533545146107,7.392817264475949,0.0802945127070615,0
116.50579846936427,178.21312522459726,17.72808177949475,0.3103528422315381,0
30.366979355134774,141.12049896310924,0.6904854136690428,0.505895645278113,1
42.8129934649735,42.74212684354948,12.461438383108852,0.3187359469079952,0
28.767119226064576,10.621843336210322,7.736727090564043,0.47403053825229496,1
77.47882756446928,165.64162630138938,22.505190971633183,0.3657467677700982,0
118.06916477368796,132.82282325823385,12.641887211660809,0.4990832154675291,1
48.32568031422686,104.88188812012507,12.343995236459909,0.3037918709737172,0
38.5598426492749,88.09130093201178,15.467366312974264,0.18587428001668202,0
41.939295098978505,170.90564367619652,19.20980774692812,0.14048669266967068,0
3.252403670510846,7.589042635364636,7.007465057965175,0.3974884582267946,1
10.782340080302637,27.95027920708906,0.588364611381766,0.46266500726463794,1
5.765757587730453,57.08653517707502,14.14249265949055,0.0333896075533133,0
38.86938400373805,179.55971969206993,10.72854730289646,0.26778887606626,0
118.12472877232283,125.0994015297112,5.07919670665499,0.5896095357574428,1
16.949906657801456,108.1426504747,17.26008476066911,0.0640779472816048,0
65.86821981694536,61.69437777998927,17.625042992176752,0.12896181676610927,0
24.860112652380735,28.408714682289805,23.513114978490073,0.5559908536155113,1
4.413805399173194,2.995233801703454,22.718000797998922,0.5543520523304148,1
100.4407226879734,25.541864480446847,5.641760822830343,0.7179855505623817,1
15.270107874801568,31.295930246385325,9.235848307967789,0.1631485602551306,0
16.215847176276522,91.97345717597605,17.92016058582948,0.18305523970478677,0
98.06542388649164,65.89166306260108,0.44060066378025287,0.5107593773090965,1
29.24901625907772,176.05210390166843,19.747871741185744,0.13932460088179707,0
23.869319557750224,165.81266567977525,15.739444449971113,0.0,0
113.18269531106802,99.95407261754507,7.3893301264650315,0.4716076823179609,1
23.319909442520554,29.899070407633914,21.082573179362747,0.33331830034144116,0
99.79809342634245,57.12786305836423,11.187106339178282,0.3461903839276923,0
36.811616350607046,4.810202783502826,5.702162625018746,0.6872987633427019,1
67.87940024451336,119.13929323361104,19.482466369485923,0.4133434701708379,1
37.32067551210197,69.30966492352246,21.982235093429704,0.33313367624061124,0
40.70565763799237,166.78335269948894,3.4999681266092715,0.3541542158680037,0
111.87409692897221,56.959636455817076,22.69944275578117,0.6384746172182122,1
108.92966431822599,153.24498540846707,4.036263493420963,0.5493631158096537,1
20.980116299583877,70.9219274753126,16.476813282238435,0.13246634448588293,0
86.93165140144676,117.62310118447927,11.796407616136928,0.28136674426411445,0
16.747136312516716,63.94270469587651,20.91118937380334,0.18216089617066336,0
35.92093089338353,145.61235059136442,23.78730504705567,0.3884393326300765,0
8.498678740171876,40.35928982389224,2.4354484898269213,0.3183929427320113,0
77.7462560144192,28.805458830604948,10.927071734433547,0.3888998996949817,0
87.17784941414455,9.30194273668292,20.75525212013491,0.8018623408637774,1
89.55839384055459,68.63762685288205,9.722441282260853,0.2857458704664757,0
92.92543752256006,132.09919106050177,4.1255012395401485,0.49013472336215935,1
47.373639104835476,83.25764045606026,11.604375319090192,0.11960502502584565,0
21.26343100159825,151.75859080919278,1.0540743661518484,0.2752772281450629,0
0.5167745556574621,105.5428284357329,4.258418632214243,0.2210225127040592,0
52.82824699948386,96.08180816750045,20.47136921851171,0.11282203836125604,0
111.99481738760247,89.77410825765128,20.04046167100059,0.5112220506688742,1
53.85032001681826,7.213868986031744,19.33598939597318,0.667918619395271,1
73.89903693807176,106.30776271218951,1.4370272558515254,0.6094954996674964,1
110.008839020954,34.398232919812266,15.654678375827022,0.6140781999125836,1
103.50309221404943,14.864286833120431,10.885454264642643,0.6473339780069399,1
88.77461699976017,18.37364066860469,16.01237563625712,0.5733088620388381,1
71.08058643234213,29.73196039218411,8.168344998767392,0.49835874567648064,1
27.818176912047385,111.67070352911111,7.097182804281899,0.14102081693137736,0
89.84322270334275,51.522410436391574,22.260218792336325,0.5992158152726473,1
50.11528180412078,53.087065915319386,16.562396103112288,0.32537794704203726,0
84.7533113356117,74.36199958690015,15.165714503367855,0.3446252518740341,0
26.807335611574036,172.1868882668193,12.26503890704669,0.11122253037248639,0
112.88325997045182,46.398653916171,7.104374051876905,0.7063903039052603,1
19.685839378274082,54.156076563166756,10.55733926880044,0.17285833658337904,0
94.89135358447852,45.17366032693045,21.38290822551142,0.6783128171649089,1
106.84243827576789,56.65606424690246,20.40089799378165,0.5256115307355633,1
18.24391800454976,53.60670114269383,2.392429622698881,0.2231265772066823,0
103.80510292424776,149.5235641503311,18.879644742995957,0.5125720862175813,1
77.32383836235309,176.26468564767632,16.072568027496125,0.370488880482036,0
72.42649225952991,70.81709978407281,15.698162002422059,0.22885921228623926,0
30.483126826413912,156.1832677654784,7.689945872801821,0.2660832088138,0
39.40521752927847,19.080978330572712,22.555461868981276,0.6058731144391215,1
28.2118381813519,86.76568610379152,13.567387485742376,0.0,0
52.96677720905489,148.02540216064503,20.254645655870668,0.5050899900065366,1
77.74563998062872,16.24672481195815,1.9905170552012272,0.8152690278009516,1
87.44632533374605,179.7516224958713,12.113096937564274,0.3287613131644488,0
84.68808800439591,71.87441864165855,5.769781139824035,0.429525318705774,1
41.61805619345782,89.8683607730399,9.878526913156623,0.11031770092138535,0
40.33695098992168,170.24210279572938,7.9596354789159705,0.5137978223921684,1
91.6170400695396,165.56872221522895,13.376620213692565,0.322055253092613,0
116.86380188460046,37.58237284841323,3.1827834286007697,0.8437947898749397,1
26.59434308808276,82.06407002619068,10.71248323935719,0.09642422851376242,0
49.53644561556282,132.30964600104838,7.744535214648475,0.29605205276885643,0
33.13814153164306,82.81158965644862,16.39986442559426,0.1945668916381038,0
116.95532655034108,169.16608999615505,5.955335988008872,0.5605317878289128,1
1.9731236416157083,36.034064012188985,8.251221854292181,0.23836445059404332,0
107.08546733983037,175.5932107803713,6.225979148035929,0.5680872737390246,1
92.09594761093017,111.8574583779129,22.544551643259453,0.5815467631457923,1
39.822802518098534,110.46278780156122,2.299452073898853,0.459747443358494,1
81.65454489741705,123.00216591710748,4.506710886804321,0.5174324153651237,1
44.357991788458385,47.68121754702845,21.030368460361018,0.48540940479291245,1
76.42058582633527,79.90895772216258,8.989428451462823,0.34560753797607224,0
51.04224528046262,39.36116501606936,18.00039722216805,0.32950413777261733,0
109.8027079017146,145.07051281209016,1.9025954400756575,0.6676525529101109,1
54.91340530367455,59.59249889367287,3.3906671409294384,0.4314241457899874,1
97.47728582119056,25.789807691296648,14.474730027565878,0.5927651510422797,1
69.15157292929933,160.123951888956,3.965242352305194,0.29044467829825005,0
44.69338777367337,61.92843423149895,5.805776788913778,0.23463518452033857,0
116.00833949855843,171.0416264244732,8.755815089548815,0.3808324630852929,0
23.446237203010742,80.16683378662181,14.962578098236907,0.19174318021436232,0
108.98045698893124,117.15744341292488,3.969551846108928,0.7008583916385268,1
117.75559426251827,141.4519727073143,1.563859598592618,0.6412610306786114,1
101.88987916115958,92.85297675942448,9.386809754797932,0.49026730011515113,1
73.24837343523501,169.93965661539448,16.186406817220906,0.16891214921294953,0
74.69251033731791,145.71893969264434,19.379737738613333,0.36296231356659003,0
111.4117738733347,160.51018424460847,13.61147259700777,0.5237028083415582,1
51.973707649329974,95.7115417913552,7.739331718484424,0.3745491162198551,0
98.92406497778725,23.307016368503064,22.215361005176142,0.9000008478088709,1
92.95501237022629,31.12148954357664,7.512713055475046,0.5988475144061834,1
103.04220264628104,26.3154656242872,18.42316802590513,0.7118000932614202,1
52.88454496929401,96.16393832401933,18.274419354172206,0.27650430442798696,0
78.30459942737848,171.1202841421962,15.858780312642244,0.33101828315099724,0
11.071995429941115,99.53381220432,12.713627658196913,0.06708344330973459,0
8.65045094463416,77.3641644103034,5.017330204377258,0.30056548263939387,0
12.896350335870066,20.27277303301643,13.619934531010115,0.34240694286821793,0
88.2440999208841,67.50735228287749,0.21958580105785241,0.5724613819763968,1
42.614126481701206,33.15656648620453,22.807081979135404,0.5302785814053791,1
109.00380088026184,82.16458861743514,12.596109825164163,0.41041706799678396,1
9.506203282672448,82.57081409299255,11.491641314808323,0.08265554319715672,0
20.68846533415814,168.17323454234014,22.78845812502139,0.22896562894047467,0
100.35485330763069,71.25453829825007,20.52472916737098,0.5904145757725576,1
50.214318862379216,159.00438060155625,7.081726331880272,0.3939172115220894,1
26.442938023143512,7.547740020813549,22.428638462967193,0.5846407651169959,1
93.71747500696218,62.28420958509446,21.90415087530185,0.5360732682080358,1
28.132172514738087,129.9488832502714,4.045614529960202,0.2915304568819113,0
116.81450437985113,80.42651260823266,10.325495823055363,0.4251203231134249,1
32.99144192111936,14.22123505459211,9.267695080124795,0.35853803388571037,0
103.02495178277573,64.23062060213245,13.386099789384385,0.33256779289033134,0
57.551701061349306,99.62574582124931,15.653240675421463,0.2937312410605621,0
112.23706301379454,172.03761272079674,9.713130564523812,0.5231849206346474,1
35.551340981382495,42.71207207596082,15.922876770243018,0.13472464972531112,0
111.01380451792036,16.125318811684455,14.92547465323507,0.5713967766726908,1
36.32801322271196,136.37402392651902,12.001628248220417,0.24942700809625712,0
53.78054609195699,110.77644755309458,0.6546834109885307,0.5641692000603038,1
75.91005991308687,62.91721812707983,6.321427436475199,0.5244399916373761,1
66.54001515385346,70.42014781820214,9.074106736000187,0.4918910775290316,1
80.50034261592671,59.03364002881531,17.152483386064866,0.2995822923192713,0
83.51850769345198,119.3731447000404,8.683907176455216,0.44901577346110244,1
32.13701016582689,155.83056101555746,6.094487067631817,0.26189506608698776,0
1.050499340793185,53.95838819433679,0.9934239611292579,0.44013226941993366,1
86.81853806565948,163.75256840365634,17.01253373946859,0.3957093170039484,1
72.03213434165535,75.34998179563961,8.874158438577542,0.39944197994052155,1
67.60669976592956,88.44151963088599,12.610486461846332,0.2909534462279417,0
59.485342601914944,46.156563374245074,21.084158901831216,0.40643735498667005,1
111.41054264483435,15.619048251035533,15.782980117906988,0.6520779421729183,1
35.641222389628815,36.22253250915472,5.8829155260938135,0.28406300731288087,0
109.44202748940627,45.15168613333923,6.705697660424875,0.6228319151506599,1
20.151729845182118,78.78004021110787,14.950897625348587,0.011345368709210227,0
83.34066532480846,88.90353537053294,19.905173666727336,0.49409195506521963,1
112.98150262700753,152.0507185310449,4.343106285946993,0.7498843396203461,1
18.50548443048135,64.71788740613903,10.012720113117098,0.1547781649547514,0
92.41665949269697,137.80429257477206,4.957088215080426,0.49189234316443653,1
32.7662924465689,45.70114442427919,2.8537335621507074,0.36723243950036966,0
7.083874173086024,86.05276640594235,16.635969439614485,0.1121713270187373,0
51.745302336145315,13.780774253202999,9.683083739909682,0.4820840280707477,1
83.87686570519818,160.57098319667136,9.868759232290838,0.3665533171165595,0
34.01359318467168,63.450791618464145,20.22650138598618,0.18759709648385658,0
114.03135447234236,115.31135324385535,0.3370040429098351,0.6879179792274601,1
0.272241150423187,101.14758374304775,5.486634421780788,0.22151133249696406,0
32.13369769490868,87.86268276393703,1.2962175858204077,0.4302580554047481,1
40.9930651945248,43.029574989283006,0.477111703789066,0.41693660530897303,1
44.506087454981994,148.34714869119787,12.733719813755881,0.1762686625065722,0
35.961788128915416,85.04264332674899,7.760137550764672,0.17174587415642556,0
2.564218785077639,23.69669301312221,16.306493711171182,0.2343030932501805,0
25.19456108346382,17.97781239374498,4.610472350276917,0.5320103214948712,1
31.396863756929374,90.6691259466448,3.108595841455992,0.341220303169797,0
80.69875457233712,101.72570856042879,17.62736095562859,0.42392781100146415,1
45.277568472725,49.70367675530597,1.226341068084909,0.38326740685422134,0
86.68577514143043,42.26862661626982,13.22378193040402,0.5323357028636255,1
53.098487330962506,149.43703584685326,1.2548971911800484,0.48117631858857934,1
40.88583263276889,123.10643450429714,22.41706965106348,0.39868622865760467,1
19.07717892337177,25.856710236289224,21.4022612993192,0.43730045500552045,1
27.401038806969773,145.43510581408364,1.350631366462352,0.30648143325782723,0
108.17952923069082,10.334207581897385,22.6277483794146,0.8239650107800701,1
54.61775831945198,151.7469485267002,13.324414401493476,0.2802720374818126,0
37.62269646798969,150.59172616718232,17.748193556695565,0.2010646439648994,0
26.201118770294826,22.271848015310653,20.239216930563998,0.44799676672367783,1
105.19344316026621,178.38011799210463,10.870038005022042,0.41511849359942476,1
84.50322177553149,162.0609612008792,10.995925848982996,0.419397421998281,1
83.33734135096267,32.187223048513374,8.018342096585595,0.6281875924570921,1
96.55301307394035,117.62587868732199,14.731216672426605,0.27800125371755535,0
28.956613614341894,83.6463263245594,0.7529030032526789,0.4970823278992449,1
87.7233193248327,26.03341571140031,16.4127122232036,0.6029983271697079,1
8.571367863333869,37.16990688022056,17.57946565845777,0.2623259219345302,0
79.78821373144784,37.11485726306335,16.594724450949343,0.47068824511917184,1
38.6665801034591,120.94636879723488,14.868511806181854,0.15032403574546538,0
79.42071418887168,102.9668402257077,7.725231564834058,0.4988506911204,1
27.19436913044032,174.72670167874503,16.374280869472646,0.3152076042180709,0
42.4204336247856,55.121363814101564,9.25858615201824,0.26768455253118,0
80.42832159685445,86.53101695134568,15.43505388599727,0.23837984568592602,0
112.73999797842728,66.9365892816116,6.038581020047878,0.6130377199109805,1
40.88459666245305,68.77330486287697,6.358648605175015,0.3416422433890882,0
20.295903980563082,105.05568977668682,15.622197316794892,0.16131141979576494,0
14.952190895200651,141.4442732268197,4.127645670116567,0.20588003646594744,0
80.56219444898227,123.07436889009875,20.017452690755405,0.4023330163992812,1
107.31941493293367,20.75099298861532,19.68567692194715,0.696780147854893,1
2.0359267818855242,49.66925304039869,13.254309897768099,0.13683902120786123,0
41.389177075962714,112.7840766649705,6.228297479697621,0.42077721024907005,1
20.27301224248373,137.11034651468347,8.244320542688229,0.21303383241108917,0
114.55539633221066,156.18635421324913,3.5653168946806675,0.7509228134896285,1
15.874690327984734,64.98953598868898,17.899127110758474,0.13247723732694228,0
8.232669219169466,82.58860621235692,22.948450656613517,0.255843747077459,0
92.16352097636351,8.683218880578272,2.8215192593817218,0.6926092612399258,1
119.87609476798764,93.4165941074217,1.7282539866971982,0.6408244385056618,1
92.85642518248778,54.77077818781906,10.411684412483144,0.3508974029748898,0
13.752728372768676,94.69861580832426,23.32041205780517,0.3090694793142548,0
48.94423494916405,108.09321265177887,4.97651951221083,0.4076825352275928,1
62.40313915764402,30.826012551580146,4.917112448429161,0.5231846841632715,1
107.8483553106623,13.620074635694584,9.616065187395787,0.717412283072342,1
90.40053914365295,128.37065037107968,8.043974694690409,0.45780962249234103,1
7.202768609910604,129.9847702738998,6.379036768281544,0.23506615647960635,0
54.364744117189716,177.77335412738182,13.794520672280985,0.16872996959669584,0
93.43723038834068,90.66722884246069,2.5975649012092186,0.5518136082521533,1
65.17926239395001,12.136841351150618,2.1572365956738615,0.8236886423293798,1
80.01193477478479,13.893391479956641,11.81005317252637,0.5354312601387118,1
116.08888168765294,174.70471502994133,22.745684653000286,0.7181176596925133,1
117.43747684859,132.31096450790827,4.711657298913415,0.6010241180701555,1
100.42694447075601,29.765876969172513,5.485858914989777,0.7165090807366146,1
68.63104314394572,76.17763449903494,5.422651479186046,0.44074597854707526,1
36.90965317747398,35.212811265174224,2.0240897162742133,0.44676573701519745,1
19.162675090349765,139.7874089821733,2.344830921848157,0.3750073207388769,0
20.09807069104471,131.6991698143422,7.651015839617059,0.11960291833538586,0
76.85971442598668,166.87707353389985,6.860025995150172,0.46963828637164606,1
92.7493356546815,118.33001702855675,14.103367191845486,0.19973224655309538,0
103.04334674563614,72.87738134509988,3.9262016804313546,0.6724871231777597,1
109.6851899355233,164.0896526285446,21.838148963038947,0.5998072549822742,1
34.54335733695451,69.00159133823476,13.664030413049723,0.21240935682089712,0
40.13684208082091,132.45772778369584,19.28821549757363,0.397437799613201,1
23.54743413260063,39.51575231674592,3.0496912516191568,0.3904158955521464,1
65.27077034672921,49.816491471397676,19.59834776233682,0.41092777055890284,1
113.59616121299516,108.90091829318345,9.784589703914087,0.4063405702590548,1
90.91120620269771,52.90802995755123,7.941768947598633,0.47341087693075407,1
52.416808951656684,154.80311362022493,21.094066147005417,0.36360108850709466,0
19.084924843818705,92.96455391478415,10.562374229936012,0.12384366017828262,0
101.13559986314836,167.13176482182857,7.042146957853286,0.5930822422622974,1
107.54672612347868,108.27230886568806,9.61022719636514,0.5145943186529418,1
92.16822274684843,103.74416238581358,14.169903166854715,0.41699309273698615,1
35.057224625337724,91.20821781410763,5.814190210376715,0.2783680320941366,0
46.82962957422846,34.965999930550446,12.059252883185735,0.3290015537289013,0
70.02791597278994,63.09116378028393,7.873220068074177,0.3206751567085101,0
110.14544306388211,161.2982055056103,3.0611528231639316,0.6482865691378634,1
29.136108220217736,121.95828802146264,0.6895511210419629,0.16153729776146017,0
50.36569442140121,138.61383983749806,19.764661846721264,0.3006974657475749,0
7.220528426312032,74.8199944637657,21.547653783215555,0.20679148503598715,0
0.3731673091665799,36.41539376623753,6.827130713535178,0.25135230016063914,0
29.203877951694707,143.12169750042472,18.329770427367325,0.1548575953468016,0
97.08128707685297,75.14728349685092,9.779695837579997,0.31456840193251234,0
81.04283491875918,140.1135287142678,8.415290131969854,0.37120314168835744,0
57.210441002885915,12.142605324471216,6.881772386366977,0.5744459487395139,1
49.15145782529343,63.38094012689182,7.91713080303364,0.3290096930501287,0
31.789609367409607,117.02841866139126,8.509654229856693,0.26111334917490536,0
91.92868445143978,167.54704952467745,2.837442191189652,0.5620614042912329,1
58.52703767009918,36.15428805401884,19.752079324360203,0.447010828881036,1
8.403122751178596,176.74944091898422,10.178649932709039,0.11531277984378079,0
75.2616649482153,121.49377108980889,4.627811749701322,0.44247885628229194,1
119.17784107498252,35.97197244071475,9.890667016517321,0.705183836813121,1
8.73732195667326,2.690893399411267,11.438729786865455,0.4907518372379782,1
119.65050790485789,167.14637494474565,17.99530611191417,0.539030348195255,1
11.940220532158964,121.57819720376057,3.8906481485747957,0.2472725474376667,0
36.92513499186548,130.0599948869454,11.989274903497698,0.17206257177216974,0
117.17689711518635,74.40293689374292,18.350987908041233,0.5952683299393674,1
116.6534508528613,15.803620726398893,19.538000327444394,0.8587225729901229,1
22.156377300281,86.13491537002388,3.625103490341429,0.2290577938343421,0
86.43817052986648,115.84144820388944,8.754391919065128,0.44864546473124006,1
73.51790005106056,49.92599133063001,16.855556881258178,0.30967460342397535,0
47.7639707740422,172.7024289953038,8.124673107967986,0.27035309298733984,0
94.04078258387135,139.29469954874065,15.848927074665855,0.3872814468209971,0
76.15411762874537,3.3349889982363057,6.298278893847634,0.7864941198443016,1
27.013390558479934,53.025624187461275,7.769745221650467,0.25032577099524966,0
58.82098456574798,162.09978087543226,1.793252814935057,0.4121232100882448,1
85.1411686711863,134.49766538526842,15.429130018419006,0.31515523731737727,0
74.58395253536861,144.42167597616893,7.0449869707101245,0.36462238942885883,0
65.15647237640317,33.88958103958428,2.0825288644107367,0.7479788256363287,1
88.50519584219767,158.52204346844442,6.295584963365134,0.4029167933372302,1
16.171159453388558,118.51718278576078,4.320581815453459,0.33127556881207093,0
5.150864582816239,72.7845754448912,8.974511087713527,0.12160423159436076,0
3.94087741980667,122.94773149930468,22.90637484883122,0.22764001149995644,0
74.46563446346313,44.01224018541372,22.053686685591376,0.4761208326961921,1
52.13460339958141,161.59215053795486,20.124477303439463,0.29126725704944667,0
100.2972979465383,14.17688179487978,19.213203689334073,0.6819502857067127,1
116.58082088576136,48.18953556935577,21.72911828047158,0.6391038318380549,1
13.439571228816746,129.27716080370908,4.057351325772823,0.26652520610628605,0
45.46492485890754,75.29803393235674,11.96097213122832,0.1963271033452969,0
50.340476083148275,158.98040846318972,18.851683893801805,0.24640162636247545,0
65.57574577250747,148.8778773648473,22.558212121850566,0.4798997701805683,1
109.13925502519979,122.45812923826865,14.659091673243331,0.4627004151421665,1
71.9973582982885,64.82489579363329,3.2400195370999754,0.47646495459047,1
36.57916088374235,79.06371500687348,8.343700570237996,0.3027263442525392,0
79.55878958026052,59.625474234383454,4.517864392003097,0.5285200914814565,1
39.489014990860596,56.1732441353624,18.383627702510545,0.2022239854723443,0
66.62582513944992,2.19181680901523,19.302608663790757,0.6743006262371032,1
11.837870508495897,46.567152638675594,9.504152196233829,0.2666524716645351,0
67.67841747765212,125.25017479505095,0.01689688400636502,0.465331826266298,1
57.4280406168983,97.5848255642719,22.157248357818045,0.2800973069424311,0
77.45413646637917,59.49074446523378,21.115300421058276,0.5084053199951921,1
68.00118120155642,58.67747894300053,22.308986616441924,0.5274230149142459,1
68.73065561781497,32.34116730542504,17.925081838303463,0.37898089125317985,0
88.4715202239575,13.810057653888048,23.746937213293368,0.7823407120940413,1
16.01390139110648,27.894435314776253,6.55151627750192,0.4241234545668783,1
90.19128999159219,111.97044015621366,3.0304759018149126,0.41837145198092274,1
74.85354721347754,167.28701455086048,19.996410126928954,0.4598981971328278,1
82.63304363643365,123.63331702833938,19.541875017257365,0.4702155825818075,1
47.94871454955383,62.100683223935604,6.39376661003654,0.4123050419831426,1
10.21989312152603,101.3131379171027,14.39799344797269,0.14292693315339675,0
110.64683128580961,24.0460297468483,2.225183482197874,0.7707322044286496,1
99.23207154898519,14.832468924484507,3.5410656488777956,0.9036173302248475,1
117.13006478579291,11.278248045951942,23.307930556793284,1.0,1
55.241383230895586,101.98132903765153,20.93462150658895,0.20442937867138952,0
106.17171769846593,105.48390609564461,4.161510752332277,0.6020304402189116,1
104.58236404424028,27.90205505897012,15.669825011567259,0.612770694396889,1
65.98902008514509,169.6358311991968,17.06496656544826,0.2344654693897203,0
108.06173725876171,25.303344299766035,12.724095652930213,0.4569401924152594,1
97.75902666598184,91.7732977168499,12.029054896195982,0.40383714993324105,1
12.321293968797512,116.8241836410556,16.339916112927245,0.07975583232386643,0
16.05504380421308,5.675296540737833,0.6393927465800848,0.5221680796616914,1
48.88649836863959,48.78717570956321,23.145316989287025,0.47194989272306914,1
63.94643267127218,95.87613379277111,14.630625182671054,0.30427128312656476,0
78.31708548847506,121.9271035268875,11.450211446724914,0.38947104724491377,1
67.72154666004637,122.7380619346188,6.738335741348532,0.44757811593232794,1
105.12671063625885,119.05022687637803,6.558585486336607,0.4773645772594714,1
96.08582614132798,13.153970832762719,14.806231890903645,0.5742917753009527,1
12.29904951685917,10.342740095082945,4.625151015238251,0.35510139715853684,0
40.70723578308319,154.84648214217444,16.819103279871822,0.10906857860091813,0
106.54686433150866,26.553867885530337,2.0560191844074707,0.8265036263727589,1
90.61584477776121,65.31524215482666,9.271217903217385,0.46050123389251674,1
1.8868731215064605,151.33160338500184,6.787269420473749,0.16750237612498212,0
75.2106306992758,7.99500876964297,0.04901479372115869,0.7732511650760516,1
15.158811643328288,154.39497386301485,16.706360671416228,0.0,0
60.40517056819585,117.7093015975971,21.32480143163194,0.30214956625967926,0
119.2983701617159,69.6910497436184,9.314636479263328,0.4474303251225219,1
9.025838436041752,43.22594152968112,5.776708820002291,0.26769444198042963,0
98.82783217107131,93.83726508205459,15.758661710388804,0.33951941572799516,0
58.04364752548985,148.38901772926243,2.7194092084198003,0.6158574571704108,1
117.45504470666577,36.38636064192826,20.434249631408093,0.7657780809615888,1
103.14686594053163,44.45837735220829,12.13562994074329,0.4048039556832328,1
7.786800381847074,89.96046763335987,16.34410619506189,0.0026114107991597538,0
77.19743581144782,145.8091071209331,7.351605312424735,0.39457654750528737,1
103.23559069773755,75.04011347872832,12.643623271858761,0.35115961794578643,0
33.508953742124476,74.01969648542203,13.589956060547017,0.08700617728068902,0
84.57086846262705,173.30654313384417,14.906699101798612,0.17472155772442838,0
30.515847138350804,96.25247303120628,18.98241443179418,0.2855512938168673,0
24.633115146452532,141.55147379337328,10.346668214199791,0.1899579114682568,0
39.86584926206931,121.20914618464303,10.357459539507179,0.24402748814730096,0
35.16750263050676,98.66748109591234,10.2760272993134,0.1910720822933099,0
115.48946430310737,78.13901791510591,0.9491769707629061,0.7078270955400507,1
28.20049943350911,117.7962451312047,8.897652329016324,0.17327478014617506,0
50.94587109762297,149.81459856300498,22.253748230810512,0.24396199693492301,0
58.29896198018129,25.9034083082031,16.321724428604515,0.4169353049502028,1
82.94109076242087,48.55766147210629,8.970228837447253,0.4604665763683341,1
116.39675249565506,37.956262241382504,19.66549166533872,0.5651136606543028,1
73.671716393721,145.82989801943472,6.575135143562977,0.2862070058263447,0
103.27335562420848,58.29687121864582,9.987480342828192,0.5351015037852436,1
15.771180909697492,80.72246302503846,6.952615007485124,0.14299804365702207,0
79.3670672208244,92.45387169149613,9.787239892262287,0.34840830000578005,0
20.690933696551582,172.23394909262558,3.348001824480323,0.2675827435557074,0
104.55485910658503,0.6620883179652415,13.755874282812552,0.8036396036432261,1
71.4665243282665,33.298397598334155,3.382092138241136,0.5353079059850315,1
16.343663297235555,156.32026973361783,10.867659341827533,0.17139358400384025,0
102.013135354636,82.30216508295544,18.272353771917427,0.27173995611894386,0
62.99956716390381,66.14377884464189,21.51308635443042,0.4705330489774421,1
58.27207492720711,169.8784776554624,15.854640121397704,0.19452054112785966,0
9.740746913613085,19.27187663018731,9.154844022506634,0.16609210083082637,0
108.83217563901188,2.7901603322808843,4.878047654730821,0.9106511224667816,1
61.6660513223646,163.1943035441726,6.7211005458785875,0.3883969691204143,0
103.74889919248898,147.6164166117286,6.517311237591819,0.4442474538349936,1
9.03006424297008,96.75860108461254,15.956505869590602,0.07097782721360364,0
81.56176255901792,47.833297539523855,18.430457457283467,0.4357685374303622,1
45.056696532621906,140.00734415524084,3.426615092702418,0.44015745535174194,1
64.39064351704805,28.382717148806385,10.904343528966503,0.33613378078899886,0
74.91703755314293,76.79001198946447,18.19179903778207,0.2921765256987565,0
99.09398743295498,30.82275800581428,16.751503627900156,0.47653237863128645,1
110.79177288938222,73.25072778227178,2.6020978025270516,0.6684440162612723,1
20.00766896520643,1.032187641402822,13.772631597258872,0.3288314259266946,0
103.15002009421248,82.6679437430003,22.433305153511505,0.5116014427487954,1
14.017280461518325,81.48455348224594,20.58038574149839,0.28937525314458595,0
1.2971446624819638,176.7994493760876,5.685423458971897,0.15963992394929039,0
36.147699150778024,68.22600973336553,20.179774195575426,0.3393678417007758,0
34.16151460901439,95.73361675311119,23.618153580034438,0.40920006123645847,1
92.53386214909648,27.193585732059866,22.42139382116129,0.6554582599368788,1
67.242234079274,50.77992294542989,20.844137690919933,0.31731709150957044,0
46.58147583985412,41.3269985087432,2.8975810064135556,0.5247598303189042,1
94.8787540519616,175.21774411396865,10.435564121968245,0.4500696833847845,1
112.29624482470035,22.972362068606632,15.802978070322183,0.6984117847956418,1
76.9555271997345,115.60896685326063,20.843397549305955,0.4644279841855105,1
78.36641981519251,149.7661255445333,19.93620168974554,0.443440272651971,1
103.39962119435168,169.6200828418997,9.916797523686316,0.4042437084380247,1
35.131391141885935,126.93291369221737,8.537842699585699,0.18434140764673768,0
119.50540412060917,32.54121704906977,16.799184033352123,0.8399392808016474,1
21.144704683869247,165.60239284337626,6.625801756434962,0.3248300463221079,0
5.435214350395787,92.91145712347664,10.091614820964823,0.0,0
98.77708565730136,94.99029120760315,20.46755678275498,0.5282274364647498,1
20.925092523236305,160.62038365789866,6.733537499386877,0.272688261802668,0
40.25879669249683,2.898829424391749,20.363879814713542,0.44363706342209164,1
61.57048211543315,129.5156475077401,1.3788181793811285,0.45534421370770006,1
13.339085922100091,136.9980079519506,2.0794204833308463,0.33611685057958635,0
50.85335556130482,120.64168759675992,8.732452431814123,0.4053338771249408,1
42.46430054645519,34.91998971857474,16.312847315832933,0.41743986985097165,1
10.28661469414966,164.42935907522394,5.350993019392762,0.21507551597375227,0
72.35815988017373,43.105537393891744,23.07287185023802,0.544947837110368,1
54.12520609423571,58.343291547421686,14.353884158247592,0.17569626215607828,0
19.16517123227765,150.25243756124044,1.8879762372168907,0.33445314277831323,0
94.5632845939517,165.71490228487383,5.640642445300233,0.6091967898851045,1
49.20673040568735,47.44295876830676,20.631627158209987,0.3162773061718441,0
3.089546329520809,86.23084404293671,2.6946924440327678,0.24376098402370494,0
105.52668448133572,152.9943866815155,0.5873466417371818,0.5925682554351686,1
49.101884342007644,96.86639529926,5.936615312403284,0.3156398654869934,0
11.026179580956263,40.98210828756261,0.6697858175294309,0.3395382005704763,0
34.66668468350275,66.83856127801313,4.839252734070862,0.4729109693533651,1
30.60447645033833,113.8056964192829,11.75440050294672,0.25559348959806827,0
5.271228481914614,130.32479267573115,19.918256975937012,0.2425102952246137,0
39.70922775695223,55.486173390830565,10.982109641234842,0.08818790776985919,0
20.240924105852557,34.13013238171632,13.326638773994686,0.22580339793101872,0
25.63199093817747,140.5032857958296,2.758522394337593,0.5099745812710501,1
80.9094925960857,54.64261190756951,8.288396402145539,0.47215330242501885,1
19.001894074460033,44.26478376758383,15.611907715755484,0.10768434976905698,0
2.5770225171245142,51.89740360037586,11.560321121383925,0.11394091307826099,0
21.425322035844157,41.57040924400026,22.544999282916308,0.35355212717244955,0
35.455065684458035,24.068955331893253,10.037644232694614,0.34270303694709503,0
19.803778856195123,69.38477619246947,22.167837897122944,0.2815928097236401,0
71.67144959168749,33.885988393083366,5.042372530889533,0.6424711489813522,1
105.550943185135,116.49681269039638,16.27422303715435,0.40225965348767173,1
99.67133819593951,18.614505788549504,18.46304089481231,0.6524517725774006,1
56.46016081846847,64.18997275951475,23.18118685912171,0.354020221934426,0
94.26745474900802,170.71309985634545,4.1231386579977105,0.5785948331943466,1
94.85854775333358,82.48873149966684,14.846940027272094,0.4063048769100566,1
76.16369285550972,160.5551497888531,22.320761854462475,0.48566459380149246,1
96.32125550353463,41.050764927594265,11.969985104334754,0.4579659174784555,1
45.43638090722947,141.43989729895137,23.59517457067364,0.2915468717467767,0
89.74926280497766,15.536624188627286,21.736793982040094,0.8156189892071788,1
62.724320663479176,171.22180886894645,7.0995803121704135,0.3044106399601292,0
88.6382683391222,173.1459834299694,11.681946053345175,0.3998412508165931,1
88.69711874028718,124.54678323524507,7.787743510596689,0.4361574028459317,1
7.917490247050756,36.48991131972396,19.345053790500277,0.30488878284625925,0
100.03925964283401,136.36325634239392,1.3174521060433841,0.694079688040845,1
4.331209225049948,144.79672645050508,16.516993987958244,0.017370852893270717,0
51.28837452716319,117.7692536889522,0.1064654699448031,0.2099338988812311,0
70.92275536962234,139.74624436588454,1.343742807733011,0.36675852352290594,0
98.81225920272325,45.654162150303215,18.67726826441926,0.45308075314844265,1
6.905676154765024,140.5480122613244,5.11367891872003,0.16857578439696805,0
80.58631042430143,40.55363095594375,13.685499832189086,0.41774738809145345,1
41.3982846729701,91.07711522590812,21.900643182600238,0.47722911549088776,1
4.917601954200537,71.18009667401077,4.248108783177382,0.29173791468515614,0
39.88158939848015,38.390234136533984,9.455569842879669,0.3238039055497851,0
76.87066862755947,46.38004579295076,18.662494011311317,0.5313979335424512,1
9.942777951911514,159.2919720018396,14.770575352234694,0.02380087035868071,0
101.79311713979031,11.088761175195012,15.010237580380037,0.6887701516712798,1
5.15653557748069,88.47999451007786,4.606585089504093,0.26509112302050813,0
28.69164812899484,86.84387617090769,12.599272600548016,0.0,0
39.55411179141663,20.001390327111686,20.146219287652865,0.5441138676545593,1
7.706021963741256,15.058049747848248,12.626357921382231,0.3836914342831541,0
111.0594620129082,78.60325313293637,15.353489681956674,0.397491584661653,1
115.95851386047903,64.48194323231306,16.763365466495646,0.5180748576303666,1
108.59256464190725,46.599887156999465,8.780630060623288,0.6080224009702866,1
23.861576876582212,45.9462984212198,12.386902777339387,0.1495753909317879,0
99.98004691483503,41.20387575251267,8.552734233977406,0.5471507613197759,1
40.53082076207649,114.86127489640612,6.626069342467664,0.3892869983024153,1
34.65268330527246,175.90003551347405,1.804558276671517,0.33227744734871617,0
82.79947025157615,55.1800389576407,21.288700964636426,0.46071791694672654,1
10.242805035246123,71.93235747354669,8.235337945917465,0.2134417273277793,0
0.6504385378800581,125.54008715506836,17.085586992251937,0.10455269307605325,0
111.70860954830373,55.28195763847257,4.946454781287273,0.765423959085861,1
42.471757290175454,22.79418228720268,14.308001514302562,0.30243519985160333,0
95.39427190094472,116.8320132528536,17.812935783830323,0.3187062109764942,0
51.09373094678964,63.84814169649304,16.73898289815677,0.29735063407858886,0
11.127086676420529,0.686945040796676,11.420296839209453,0.2552607226577166,0
56.94177720322809,59.107897098143226,23.70175679255201,0.415036060069371,1
20.513235101872542,158.2968253928904,3.655962467934179,0.29801366300483084,0
9.701686564980871,9.561324567520305,17.83549769824195,0.46599459186400105,1
2.2748865955285558,160.4314309979813,2.9125288611817455,0.2551595254362079,0
48.09749673454756,110.60258303389357,12.042898380780446,0.10925080734718241,0
31.028494858327576,149.90905000298528,0.14683668489682145,0.348227875694303,0
40.320756817716436,100.99825547881963,1.4908504991063616,0.4922148792599806,1
115.40319945268057,127.90887646993328,21.626838104987833,0.48012570999189175,1
99.50151957900754,159.54176594399596,17.7973079460186,0.3352593230467468,0
84.70879719151877,30.935485248411737,0.9123040953025132,0.7786090853274442,1
29.2860219134921,19.815350290383357,2.012829559683002,0.567581322909308,1
89.98637751032253,102.83449142358087,2.5490629350414826,0.5127177182686583,1
83.74479495183989,86.22551168107576,20.21688642765885,0.4298075282952031,1
63.35594217657936,93.67257267281619,11.477309706643025,0.2671718500003676,0
28.666384432142706,64.78863757346409,20.014915045800176,0.1500563535819045,0
24.93944298808975,176.38517817054932,14.444608321872078,0.05227707132632575,0
50.33743203597136,108.7238808630961,18.430495316587454,0.36459251896935263,0
33.18225986234765,109.91914508511276,3.1409982402162004,0.3897040797137806,1
106.17397487798458,5.132065090364206,17.2983502899013,0.7934772457456489,1
55.89432030974164,49.79756364587986,7.104472039897142,0.4104468649010515,1
81.32361873066802,50.84271766361546,15.281062294174387,0.31642932672522195,0
107.65230735949575,178.69005134014196,3.6494881473683076,0.6621620765318084,1
74.52921619040598,24.78490353907158,7.891052410341412,0.5178380609221236,1
19.293719099202036,90.9265821051341,19.226371495263376,0.1963232064894796,0
38.324468091213916,131.63373415163213,1.809990357724164,0.3702169378163208,0
110.71368281880912,111.87682382540571,3.7036430934735067,0.6305065320562983,1
5.520448067523995,137.1003072576222,6.857203453651345,0.1618194908852372,0
26.601174760823767,65.06037652682244,5.048432443628435,0.24331141719104504,0
74.16452850277618,29.335688117480668,19.925752987344552,0.6487126911283292,1
102.50681270146822,41.000173391823296,21.074788661914102,0.5310526733495987,1
98.45116387072447,98.90733535557106,19.904852735655645,0.5049757004145753,1
87.7030529444793,93.58294336244815,10.492784163658218,0.28707631808479145,0
84.26653724431695,73.15547836596956,15.17170268472177,0.3838691724584908,0
44.831310966756796,165.4106034605542,13.70387602725561,0.15115162836978735,0
7.366704738343324,72.13590501505561,15.400696081410356,0.04726613635060675,0
76.29039872772053,38.23615480763998,14.746638415013884,0.4287727081432857,1
8.710455886630726,108.19781102657655,22.148353712705337,0.24793637466374854,0
95.8053296782706,104.74609540173175,15.59568313685019,0.3814194210597612,0
15.736338106632903,141.2844588714275,0.7648483718205741,0.3266748191831008,0
2.9458536372624256,100.76721879417536,18.02609819323466,0.09707162990180251,0
119.90624010009705,1.4222084217289188,13.362890298100393,0.7102540402267629,1
20.083197060387906,87.10868965579823,18.875685308487228,0.14158390685338235,0
69.8307043444346,33.171025890818775,8.084626524274322,0.49961960213334955,1
7.385837376505875,42.27518991345624,4.9853289557257,0.277990290724205,0
117.69591709357886,138.61606687954813,12.155490365831103,0.41593634782879224,1
1.9927771327776034,173.32018533526195,5.450029456547161,0.3010829163586526,0
82.54802305410287,157.02056479757135,14.144835138406993,0.20692474567880886,0
101.2429594225582,42.39135267196111,13.05703731735537,0.588683957320602,1
35.55348887320318,76.70352354289727,16.57327969552643,0.12203840607501906,0
0.9492054846677567,154.91830569882504,0.5971336854080551,0.2873526490147744,0
4.446016459871256,151.44927458925488,18.899939766642046,0.10478258509482062,0
7.312588588981375,10.438515408048756,2.9063291087105556,0.5074121984451895,1
90.53240054090094,50.13553748112599,11.4014019306622,0.4543005041123407,1
63.41708584314384,106.61546764644133,10.028553859987877,0.4174099134946518,1
107.58073145331197,35.21160126779733,23.528000818431927,0.7423170735585899,1
75.8993950897543,3.6607770576559373,19.12937444496771,0.6592232198065834,1
71.28828453229407,39.7694573260916,21.911516417141655,0.5140841566628631,1
24.218803611691136,97.46418903541776,6.424386366466494,0.4068735752810885,1
26.836276403873217,128.62227804728658,12.030179432100143,0.19772354647027096,0
117.42750869656004,132.88633555668514,20.990023001108064,0.6746642903054954,1
114.27863978704552,101.86616500022194,20.561482673729607,0.5726822839420472,1
52.533268900460605,107.75316822975599,14.225561044764461,0.06289338512778186,0
95.40070696750233,93.75718276526752,12.068962732692505,0.4056178899768322,1
86.4157505341525,142.93709677927956,6.052271606106528,0.383472697884058,0
33.32311878482213,117.06116007516235,12.694289355794984,0.0867525185546261,0
23.99272115069309,122.8578902009055,20.770981392907345,0.3064406915814142,0
89.85458846889411,162.5638281471943,17.263729094527775,0.33759479394951764,0
115.51921603801367,21.145477422701987,19.710059073898222,0.6935167630868425,1
118.03582355930608,6.888541561771628,14.503108513403781,0.5585945426005768,1
42.86363598538997,95.73811315363878,2.31679676387807,0.4590781710487548,1
7.86523007562717,80.33605615745863,4.479631303448673,0.281680455028376,0
38.3005822138757,163.48330645969884,10.10268707042006,0.16755957734526844,0
8.391407133346611,55.53749809244799,21.337436665422945,0.24561197928502904,0
118.52341798333987,121.76578516909186,11.451767853337344,0.35676977209552857,0
36.85798710072972,125.1413057571252,22.502874292870718,0.2724744199735258,0
101.7041364708244,42.932127257870405,11.462671650696509,0.5053753523268303,1
29.57247393340691,1.509901710742767,17.579380637946052,0.5144951810245996,1
115.1895975959828,75.33840231046207,16.61883917211457,0.4564403450107826,1
58.69598649356718,36.3311246415525,0.28909558878040986,0.48824200839635845,1
100.05912420055775,34.30682011339424,10.405798080967887,0.5190480348226049,1
71.9157984560369,82.87526332945964,13.744654286363534,0.3464243709013457,0
91.92598329713238,32.24935943115162,23.598204035623382,0.6660738112317894,1
8.744105480252887,100.7969974701895,19.592330170906052,0.1605280234142019,0
10.515790401428955,110.8637037228046,5.715720733290578,0.2634759568165935,0
42.871621680685756,84.65441179065722,7.084245190218588,0.2752979538130421,0
105.31077169395344,101.58258785061642,11.713247732826801,0.4166616415354142,1
109.11797417233825,35.55890840549542,8.646926872320272,0.5080037740515189,1
85.27107354223641,103.59016711362256,8.770535058813387,0.37749771220934464,0
71.84784745240958,153.68635262203307,13.600190299219399,0.2707568328004743,0
5.89405454560922,152.75553519571108,1.1375505369680923,0.3115834424922903,0
111.36718957205112,19.809882004419357,10.286267584529707,0.7624919173572996,1
79.19015179351558,58.413208812771636,1.7344102717064755,0.5193622644749959,1
73.90748848275149,129.1479243604109,0.3792949687197664,0.5473133478230343,1
101.04262641776434,106.36429037327436,20.433554122236302,0.5073935418278481,1
28.36992704430067,69.5956933100695,1.457164808191977,0.2982567228666637,0
74.39120786905835,149.99407474229724,15.768466609442317,0.2357337933792034,0
81.94621391863903,161.121491981419,18.521420716545332,0.37908566898567214,0
90.7430106571994,101.25184905118775,1.9664556872066052,0.5888562844145414,1
11.36946852090949,44.949546729814706,1.8864841017846299,0.31339847965068746,0
87.39662580276841,173.27529282943786,0.7050720320570107,0.7607501021316823,1
108.32915440356629,86.47470579645528,21.005555968002238,0.5598898046822274,1
75.40550724686449,62.28371772188434,11.46265055408302,0.35373653095289287,0
20.387508771446626,22.83004538837478,3.584503415594064,0.48102801869986056,1
110.2440575989301,169.6779803708752,23.49093454436796,0.8306186316617798,1
12.253544384375875,124.28629038115038,14.752129821703585,0.0,0
27.64459287027728,12.818249223296661,21.21661955682901,0.4768856268572774,1
102.5853101900707,32.688364790321124,2.3555303697353223,0.781665824778991,1
70.65220784309479,166.38445484242504,13.997471873704601,0.3462055137929953,0
40.27702672053056,13.60291773444418,18.167659124135827,0.44447169134638975,1
96.4166362581206,121.64416727008863,10.66433127783269,0.3348031104763627,0
77.68352495642876,102.45465670045009,11.886450247216645,0.41761404746842296,1
14.176264069977282,90.00349052191753,1.2441331032742813,0.3448459216033472,0
27.851844932455457,124.469554800641,5.130629514011079,0.29446779336746,0
97.2683790533775,60.560185620729506,6.156810430120958,0.5279293991553834,1
97.33391591439475,112.67931429316894,10.61090459848379,0.3911915569320524,1
8.915891248730507,157.84016115651727,0.3643160274151036,0.2809078552133763,0
62.58450449929882,103.06421940433704,2.095836951551661,0.3627192843014043,0
85.56477452286587,94.47232766570527,14.140265782948891,0.3280334063716673,0
39.05263175771826,110.08919003650175,23.64855986479081,0.32863751527792046,0
7.534701737203382,33.527969302418924,6.1722683148713,0.3747271342526514,0
50.05687380905425,60.03392652802754,12.668802263344173,0.21587325130046317,0
112.18052173264168,128.93612571795003,11.92146939313944,0.3628305548395875,0
87.6326438022646,102.23199929708521,18.53345772499063,0.4985817947047838,1
25.605248924903808,21.238048548584636,12.779932973281287,0.34652298783850033,0
101.36787533867866,156.24208188425715,12.267828212525743,0.3272604215383811,0
80.11022689125492,74.03678120041747,0.9940947397186566,0.47010169526324963,1
34.81939809953494,44.44023349043082,0.3591096638277138,0.39661403342522294,1
32.232496692483174,26.920657331383044,10.6506701792295,0.3528825735347288,0
21.244442467510808,166.48813961485814,2.9592843056001588,0.411310237693542,1
48.56546473076443,131.50551685397446,7.672683043829262,0.2522946129686824,0
43.20995221355786,55.725049436911604,3.582436761711568,0.3660714375907011,0
34.2408432456401,34.643183044151414,19.028349068565912,0.3822439536639846,0
104.85137419701755,153.2740695561124,7.0255083000942555,0.5435353389663433,1
91.30812739546059,26.40768424681982,15.571500795137098,0.5143911330120495,1
59.13323976157591,93.92631231531567,14.212942518582569,0.2108245200228965,0
115.5264271280405,120.27181932508691,16.785776411293796,0.4397712544508612,1
80.84022954651641,168.85227248869538,6.5327464470566134,0.594131259337471,1
114.22978746366158,123.51784465222858,3.867521063063922,0.7290941515017922,1
98.97246467062705,19.377391612684246,20.88563024808806,0.7022269371826052,1
76.12359067308915,93.64124152573768,11.832865028016887,0.38976377916099336,1
83.24564741424626,164.0114446430138,17.194728814716868,0.48223573459669833,1
92.98959693739961,48.633401727396006,10.65118714766669,0.48074449009299125,1
90.86778546034172,15.845297971353977,0.6343421023476576,0.8222594512982357,1
104.83124352379976,10.53939652571692,2.9451892491119596,0.8496917783419627,1
40.79471700704814,150.17476311070865,3.5359336444244613,0.3987870518524705,1
43.608091895451494,168.06828849094896,0.7630687647328891,0.41963664854801036,1
29.632587398373623,83.02169616762694,17.18414839872889,0.24024156982846182,0
110.62703118782213,55.10563792648327,23.044378190877065,0.5850625750605021,1
108.45393239455295,71.55235054641105,9.67695506353777,0.3623741102426168,0
53.044545732334996,32.061461389758705,23.294670869483344,0.5206498173780708,1
48.142769319705316,78.53250000924373,2.6872308350880747,0.45134184497306556,1
15.903251754888469,84.94199424419155,8.371566637700658,0.029903071326740888,0
117.03351349204247,96.03772723809986,14.435519851502875,0.42271680197342293,1
80.62749556907407,18.91552462756397,15.496537753098215,0.4579396227311208,1
115.62852129720413,175.39814961635395,0.688224984928862,0.595118593918508,1
75.86295909300108,112.67934983033352,21.47122345357637,0.46289768005225185,1
61.67224117007959,103.07991622227232,23.874178840668062,0.5403553223197317,1
89.85789010143705,148.79452136466503,7.084903427030996,0.3939103364392386,1
106.4371244829065,8.790560469672023,7.098709682310021,0.8221955237302164,1
101.39083762898582,105.54765212219937,15.156581439591815,0.37111350003240934,0
41.51930010734326,66.49747165764958,10.040747773479307,0.25910686618774353,0
60.816077448831095,115.39919563204732,12.503172810347909,0.23483720550736234,0
113.37476661299586,168.88077518718347,20.731228667119623,0.5268447720104904,1
60.754992882079335,12.544073067837145,15.432650453695226,0.5323927064125535,1
96.24684998119135,31.181661490155047,2.8328839752376114,0.778737516077203,1
62.98213099513108,63.20431318959453,7.918353102493217,0.2891000869632453,0
99.90184579244276,96.08772031683793,20.752562225384484,0.38150437884220934,0
8.192535756919339,149.1054514077541,22.394470442408032,0.176202707333788,0
0.1484568895934224,132.0781910585944,7.379499046982801,0.15628238730873276,0
10.883322932859208,98.831438505834,1.8570268955409324,0.34101301529377215,0
52.31393501885937,34.71293542468046,18.77125431078651,0.36476919354286386,0
44.09645246409128,90.63285508559755,5.228813453873583,0.34282431523442164,0
115.0779384137742,79.21633995737695,5.414989220352222,0.5051545229857425,1
119.63938897488428,20.348176659551257,9.884509934296492,0.6771634761143192,1
16.147744403407543,164.67657406733989,1.9910137464795339,0.3147071409888446,0
100.12089421549403,151.43956202390376,16.26679538126035,0.3521955585315591,0
61.1002163646987,110.40724298351431,20.582576183400484,0.3621475826826568,0
100.9524022770158,44.44614176465746,8.081358664320035,0.5066525303721202,1
44.29805446084771,103.81725960824069,16.152092976259233,0.11869493528448315,0
92.7221261311823,58.19607217114452,3.1900923825823817,0.615834845828915,1
0.5484100423338933,116.68812454704899,8.618868804095989,0.0,0
56.13409312237086,6.701291735727811,3.7264444446128726,0.7114500632171423,1
39.930693727103105,108.56445876817216,2.5059597292838154,0.47720943013333444,1
30.239302712775213,100.74982976524805,6.605421670522069,0.2393034055441871,0
36.058732328013,166.55913413722394,8.832546706103155,0.1945816849625487,0
50.295403410636375,102.79660708759947,0.556222975221103,0.36759144519986714,0
59.5134743300262,140.8735730448155,15.39969568818632,0.13673095100766064,0
62.99703709425366,39.967974623864514,15.449398513929536,0.3004169651020808,0
88.14675085365228,99.45826916135744,6.903988907291866,0.397870190486336,1
99.21652457023947,58.274814483304894,10.414581834564865,0.41146961639563945,1
115.37762400339649,177.37395415119326,6.532752491206421,0.5613625477993547,1
80.29652167282134,172.36321744287156,2.435657979739621,0.46666510766003505,1
30.805731299288844,44.13754650368595,22.88322290837172,0.4024935373922717,1
69.46216424050047,112.22869370229492,22.364596498411068,0.5221121545574522,1
52.62054463885086,12.820363634778722,11.039024721496766,0.5185039470005417,1
28.214255428772756,98.69544750464544,19.674435045043413,0.19529086540207405,0
39.89010513049999,177.30210227850375,12.17650428865727,0.15621099658943416,0
27.499339705948746,25.142007004672823,22.97725280805578,0.4118884347397196,1
64.65736491891978,131.30592575775387,14.70411471179085,0.2216179876986509,0
7.937076428974774,92.79717942035188,20.625584499590314,0.21482572433861777,0
65.18727554508884,178.81165427473806,13.438717659067894,0.29240647536021414,0
49.41894441558161,73.52455134049592,13.432086390608147,0.27401173994702366,0
0.7876233246672548,148.90177661923445,15.039138597534354,0.0,0
33.094650422999784,107.37635866924767,20.155684232035057,0.3563222440419721,0
116.5126586549809,143.98663529558178,2.957897383950323,0.7031128058926546,1
69.54648232153932,153.39460745342723,17.1618966407946,0.4024375429651508,1
7.776056982076733,116.61387599599992,17.149393484771924,0.06323518483280076,0
69.32133327523962,62.99339402720499,23.972820739620794,0.5715400933705064,1
84.47808833055936,107.30198645072174,8.461689363251569,0.4185507319512554,1
16.16964307724728,142.22598609933613,16.51492562648447,0.00676164679324337,0
48.32456937931934,147.67978679616402,8.880961268684276,0.29309335160957023,0
25.66405008889039,113.71421300793403,14.239144567362981,0.054890243554017316,0
65.10774101945351,82.04264171664555,0.1887431892364404,0.471009698004138,1
98.68432128432927,15.105026930766652,19.706249874137402,0.7394648818189431,1
28.76099992212721,20.824080818298246,4.559130816129931,0.5737542035245595,1
16.733532007458727,116.18312201432038,11.717389344517613,0.12279610737051302,0
16.69424163047311,71.21443647296284,3.8995407569372613,0.3576873466526256,0
73.72495964972822,121.8126291516685,22.671070954918243,0.36765370370833506,0
8.322619830066383,93.74257284254745,17.381263115648476,0.15064788676082647,0
63.16776807023659,71.7871802078913,20.682654782758625,0.31967709428041,0
97.20038591989379,36.82659697619017,18.185954616472554,0.5477749152589606,1
91.97498948678114,152.50854436022888,21.548844787296204,0.48411435370977834,1
80.4221321417273,48.900435491110024,15.723383234249107,0.2827134009636782,0
1.3139961951760926,113.6017432491775,2.0013300987919456,0.3094404012913796,0
51.81121150641929,18.315333663056705,1.700505198707643,0.5749922213068931,1
29.2060276213012,173.40838597681386,17.997061380572426,0.12668106569889934,0
61.8223243883203,27.468559086232883,6.919651082009641,0.6486415800795275,1
18.224078719882204,90.69712348906252,17.161616036378504,0.0,0
16.22808998973212,146.14966342522524,10.442221153826907,0.0,0
114.16194579936305,41.909109628824275,20.469059824007754,0.7181709832543495,1
105.6731114960622,116.14127364134951,8.13656269978595,0.4813609086256099,1
11.723747096350525,73.45175010368902,2.1891726464889265,0.34150087818984554,0
99.32857526816531,173.2210579666662,20.10043575532371,0.4931539992077812,1
7.919414241258602,24.079328060727896,7.227573857956335,0.31912712892348655,0
40.67212535584802,34.454129952103116,9.520400868514809,0.3984911542248784,1
119.27321076668487,98.13082134995653,18.6247411367233,0.4727165651330238,1
112.86762295112491,122.64657288761762,6.022979864911733,0.5650957900610712,1
56.098034803827794,103.65376633051036,22.540928990940408,0.42189658382523565,1
84.23710485961193,32.8542510314096,0.6881904223230846,0.6114332033834424,1
45.92139046818647,88.26454508983124,18.264371844313033,0.13585412950117615,0
101.84457167788234,11.6804893312481,20.477254220721505,0.6425005165893042,1
37.937270832314105,121.18341787112143,14.947745173721048,0.20422309654774348,0
24.755449892221726,59.20719597049412,4.671050122126672,0.4444553763520018,1
17.334867715797664,172.99975483080067,2.5159715694580607,0.38926012385705056,1
75.687115721754,72.00371928277517,18.5060647592942,0.31024809221009114,0
66.93597695449901,9.292583033187231,17.520892039107938,0.5114528151054418,1
108.33059061494914,2.17335912214347,18.73339949158335,0.7042292551686647,1
17.61902878894857,59.29451078351632,23.456133226622708,0.2861290401630111,0
96.54445730020507,47.10026591938734,14.516453524572647,0.49322076386502184,1
113.25941600401538,171.10466423026256,22.73698239866978,0.6201870622485006,1
89.62719898132224,140.45768755118038,23.643491634192383,0.5550607511358686,1
13.801185223505325,66.13648352164537,14.124330894382773,0.0,0
18.416033169516183,46.80553705073414,18.5557670267562,0.22866759287214214,0
10.544215616231307,12.198090657032356,3.936227747549303,0.4229726616745709,1
40.06014614034577,22.24582092620654,23.968648190285297,0.547831157236063,1
91.07958471784845,133.6390482035872,11.911077977290315,0.37855009486294566,0
17.387547757206576,10.216001496032739,12.039824481560835,0.33232324877789654,0
53.87797803666358,141.30267787660995,16.452759796806955,0.27232471839429506,0
5.327805431630677,71.04837975757889,20.54236115245901,0.2633292145142679,0
81.38982783347315,122.95305919760862,6.648380612104176,0.30898902817226925,0
11.837058222954786,110.95487724122367,18.05601127651816,0.0,0
95.16841892808321,19.581853756128755,19.97264122296479,0.7923000120727397,1
73.5202805912463,136.02707166727157,9.507086921016972,0.3807213558652373,0
22.866969676798682,157.95314085313277,10.544856885873404,0.07792561012960231,0
83.80694641341732,19.88068442797054,21.172651860827283,0.6537181703859242,1
41.901813390585204,174.74006223655465,8.025576645604868,0.27655158836296273,0
62.84489120100279,145.12521561640898,19.342464674702306,0.4073231836919883,1
66.78758276905461,108.94111851090665,21.363116457072667,0.391377035940139,1
32.594835599931336,125.29158830135573,8.737120768861988,0.21783140488902303,0
50.04859102767005,8.31623621632992,7.582431318437594,0.4864917375286012,1
94.35803210525437,40.90152429413001,4.494201964299541,0.7710322166540853,1
103.73840604977973,163.08109387142724,4.839780120439574,0.6327784400485277,1
101.83751582478769,155.33935045534975,20.672121182029933,0.4911216583993194,1
68.18416206867084,39.18506434790726,6.702857555971421,0.4281922566693968,1
104.69330949831767,98.46553425893615,6.47316147942958,0.5600351764977006,1
16.848048981343283,61.99167500196354,15.625120722315515,0.13109533378693045,0
118.05650623748681,33.670795049282226,6.8020997621595995,0.8943620348524192,1
5.4069745095980215,140.6950148845611,6.781952087487679,0.3138584853968447,0
107.90496883134568,121.64328933588867,22.348491370891246,0.5713121676672891,1
95.00135977818348,12.324671043292334,23.755403956836894,0.790312855880609,1
46.814433605421996,120.33487328810489,18.316355860319316,0.17499187452686177,0
94.84739054977138,2.2624630204919183,18.83756482649874,0.7602023671973661,1
114.91209717364097,17.248172245263557,8.966312780882738,0.6816263726972236,1
19.690872799612478,74.5437874090919,8.389495903635549,0.22268351133171832,0
77.92622430390172,6.333355911352352,19.641267026897104,0.6928329194872874,1
0.5342060280502015,93.59883726141537,12.630525023045337,0.03559131442802327,0
79.72217670071902,122.95333644868325,5.032440280226914,0.4399691228774885,1
7.378515953048339,46.532701484344216,7.814338683387714,0.3032129306725931,0
80.13253521736074,125.49396943281968,17.459962589973173,0.3310994634470269,0
3.2292796973652793,12.84662959071003,9.29764065206559,0.24299003632708216,0
48.4041440870481,15.91047049249074,19.43715164184868,0.5027310176142794,1
104.01362497731952,89.67328184927345,5.349006906498814,0.604161853126495,1
36.77080766372461,5.127389560756528,0.04558840245731677,0.6473486214638469,1
116.30408113205371,136.48694154903154,3.4361123722705074,0.740472304791277,1
56.559886897232346,160.461659678263,2.569969648033246,0.5420004040190098,1
21.83696255003631,1.213166943825117,4.521585691665931,0.7562061768956528,1
112.3478292152531,143.84827260945093,23.462755974348326,0.6353095534387946,1
18.65143561723899,102.53641981826097,15.65389332386778,0.16384700483940537,0
71.28268186071735,175.4315725552641,10.408031221966985,0.13448844357737047,0
113.12903482221407,144.09325525335095,3.4209628156497267,0.7947278199766555,1
112.87822193172468,162.59309764659304,19.43749287093707,0.525787818809293,1
66.67624014594739,153.83489959222217,15.332257970614156,0.3440761267389082,0
25.45817782099427,153.53863242371617,6.29932256978896,0.25538758637881764,0
60.06801733637109,136.33856943213755,11.503726502420005,0.2866006234201973,0
35.04046003273799,163.12434174435674,20.344403097431275,0.3092368678710401,0
37.71991035270704,15.585335644427833,23.071171666983872,0.5334977537667842,1
38.100425141739905,144.76528926551248,22.82596362528873,0.3097410942028883,0
24.214994437228707,122.03990894940824,14.050773123219802,0.0,0
4.652847932428665,65.33177915956662,12.717321931231062,0.06129148314629149,0
90.086872126924,78.71603375179346,10.066877428552466,0.3852462271411906,0
1.5459038642550782,20.26281214143807,0.18940716782783973,0.42269296961817143,1
68.78252520015954,55.96009824094168,7.080237976045702,0.5165690976506945,1
44.061237120866224,128.6126323078865,19.815151717519864,0.3065556640799228,0
78.00319992538272,99.24283019492782,8.64275691448071,0.4108698667318431,1
69.66971017364632,166.8669531465993,15.770198409462939,0.13956797047390163,0
57.484614060359775,45.92955203391161,23.548842047771686,0.5199489252181638,1
93.28648782824492,41.230885331051034,19.030541658753343,0.5146912722847072,1
68.64127095634691,132.7254067565876,7.607849444027691,0.4620809954213487,1
107.81508618096314,172.20548428875338,5.6898191237074585,0.5634714312914509,1
70.22595225361431,66.08496622725055,22.211527405076502,0.36876648108910165,0
105.16626445640377,70.83973434684516,5.071875436947632,0.5878524873515093,1
103.69056933427889,9.83189882764561,17.13772794055546,0.8071824798091416,1
84.80913823069048,42.20328879960081,15.31601149896489,0.35121141306569087,0
39.51351191959625,163.69213366569014,13.517265334351656,0.23742901806517863,0
58.39335716308075,175.84164379208895,7.46790824619923,0.3474205196684557,0
9.480557019598734,88.35895432576295,23.38091722338612,0.11288444139719528,0
87.02566104730406,153.7322216673418,18.48539954085281,0.44471874858709587,1
77.54004907965039,38.95558694921096,9.889229531890194,0.6252439706577162,1
98.20385834019237,116.63705391170532,3.959421343738616,0.6321619922674595,1
10.128784163874105,164.4140165528641,9.798104824008748,0.029305697067655984,0
15.421712152138207,62.97320893855857,1.0762293883952827,0.2869538336648318,0
77.53579384396294,114.8252595304748,4.458412931088527,0.45175683867587635,1
87.86002275987113,133.9331479783529,5.707216322810003,0.7248354146292687,1
8.84718606745309,25.332570566309066,3.7508793890107626,0.4807424396305801,1
3.687476572364665,46.64463937064293,12.869616682187935,0.0,0
38.97040413948554,106.7602861923584,3.4805085842858405,0.4429940438691819,1
40.73521265393106,46.627301545870424,2.16377976998118,0.49932996725176015,1
6.248615366306662,28.905318710424087,1.6683618608035244,0.354537564051045,0
11.70796522391952,28.993985977612926,21.22647126610666,0.3185150103309432,0
24.473236116223337,140.90232262987726,1.9055712119007788,0.33478613580681277,0
1.6954808831133361,82.80662080601151,23.028435809857662,0.33982968818431486,0
17.73749019978836,100.02274223921302,22.30533692997709,0.22347445774361374,0
3.0741741301191983,114.41369544568097,12.258379535662046,0.0,0
44.39034344001109,58.51288553617244,21.25818229267984,0.4048853180406282,1
89.83806163485038,118.33203813658346,0.5461572321542922,0.5313274229463884,1
79.37049010496955,81.33033700295444,18.093532203145564,0.2875333716143338,0
72.53403335558109,16.64676894601472,12.734122835537525,0.48400190175017294,1
56.13737624848336,94.24862601957284,14.68300044936376,0.2685701511998751,0
22.4987241245633,89.82566991983644,23.997685801932334,0.32607283362614775,0
5.790514525898622,123.98300605602243,3.849307827811261,0.22916440315315126,0
22.262964200437693,172.75917468400098,7.406832856053019,0.3270973260642453,0
113.65920958368517,8.653933102629756,16.485933540420596,0.8045504170452585,1
97.67382382995106,110.97082991487673,4.326264819527907,0.4791769560308429,1
68.39299965873371,126.63013696712626,22.09021972813479,0.3631343405265533,0
73.59536586316831,86.35274213488361,3.904084664063583,0.44396500224605473,1
89.42345117998272,77.7300450693732,9.435159911686148,0.397231374104979,1
98.63071225618529,128.065839940796,17.965519779441948,0.44133147796032124,1
28.980679090426005,97.41185946565147,20.823787625731818,0.2530191614386795,0
96.27466086412446,74.95050552717458,18.91557926146206,0.4542545884994533,1
77.79622146880128,117.960036847281,19.65138998822585,0.4351172092525874,1
33.36031751174952,109.22487733366385,9.775881824893675,0.10178032256945273,0
34.51917555687978,15.850510712359942,9.027791768188939,0.28647420436457693,0
20.564298275431796,64.58328148388934,13.11019489843563,0.09941477081161551,0
65.68458319935485,160.89347614227918,4.192766394476457,0.562079881847381,1
116.2357242274909,28.628873558046756,12.86950301067108,0.610020780878144,1
94.77020257687559,93.90640809009622,13.286493307924204,0.3267140493576271,0
19.97595450462697,114.66789988011949,7.681792584792544,0.2479558009029766,0
14.377144563087416,21.605179466848416,3.485367529273174,0.46206529121913265,1
33.80668847588642,36.02775414522372,2.160751232432764,0.4032942951924711,1
19.725192213154518,58.10249475614479,8.59287465324298,0.1606697170354242,0
17.089591012690445,107.8953161816738,12.97334458586436,0.12066739553420891,0
87.81809644525026,22.727368512443647,23.62582851527492,0.7635564786560761,1
37.755899629737605,138.04197996325743,4.711296261794355,0.40789261524783854,1
67.86297075207756,122.77804868451867,0.4833522266004797,0.4582378452378003,1
37.82889381341895,144.57446718526126,7.193923394948257,0.33066411720156547,0
118.15045670781886,43.39972019946097,11.256259202705678,0.65586191874063,1
71.05619818066751,97.48008160379376,13.897808026080355,0.2420618365160824,0
16.752518230071196,154.60925666030977,8.10706370205348,0.14833310187955198,0
93.27952438307537,78.58341724383355,21.93191754104518,0.620557640643383,1
34.76652175373395,102.66308687551039,5.159233897687219,0.34589053721017016,0
54.60840508402325,73.83164411788329,6.313938702667875,0.2998942570708041,0
34.47457372970348,133.19790111806506,6.177758688885301,0.2813271230153861,0
58.75833640284993,113.01431293322631,23.221578793046525,0.5297654325643434,1
36.886181238949845,135.25469316844135,11.47623300523867,0.18908099240980022,0
38.47807649621426,174.4972254841239,8.446082475375093,0.3845936464928572,0
18.91268487002153,140.15947406692408,1.2156432764431324,0.3620899599143694,0
115.21163193361252,103.05576133620549,9.260193796777799,0.5338271457284322,1
24.886193165791553,45.79792786313279,19.299483781396688,0.339729407300172,0
33.92698213278159,92.36578450500764,20.131900983807952,0.21299478234954353,0
49.23396166939107,170.34413600271503,22.830514968589082,0.4682060738702786,1
14.143136474821333,177.30003094200822,4.771739026886075,0.2648297431986273,0
27.489312319652743,22.092222019322353,0.9311274963213432,0.5195712372591317,1
48.88167078280225,121.05522989119999,4.272276268234051,0.4390487141020524,1
70.06299448203083,4.068620254585884,1.667873894835556,0.7587321331197979,1
64.3608506213704,19.402232172724073,20.746347832195013,0.5141887513788007,1
44.23769699595756,66.85269855684737,6.892082362669048,0.26331044736735654,0
81.18870236884425,17.37719969363312,20.06688432321875,0.6806901828451907,1
89.47358238907795,117.12897514017818,6.942761177406708,0.5152147156446829,1
31.827320450557373,89.74806468582153,2.48983754463071,0.37374264444270683,0
28.754463841263814,69.37259294469737,6.516242300838651,0.3303176612006106,0
75.0465477302429,153.20904421798178,14.692806074139332,0.22078030770465645,0
49.36733856292485,64.07387912916226,23.336125577253004,0.37698202532873915,0
99.62993457557008,44.478005729496694,15.284980409876251,0.5719788023432231,1
1.1689630163562637,51.12793749868142,19.27906104928617,0.08352334996195698,0
64.99035587323688,4.030900598965905,12.302423685343939,0.6250625968603037,1
41.83613309050457,130.02579349132424,22.164110992052628,0.3301022276057926,0
25.48529791298648,116.13697957773718,20.591312117925206,0.2765134788054864,0
104.15280340102913,74.82408427909894,23.720515276178514,0.6354630297265063,1
26.037105228115717,147.1097218761886,20.259762808174628,0.2132843508922544,0
94.63036443169479,59.60632557588659,16.751624332544996,0.3957064891961949,1
102.48895095008213,38.558181681076285,19.962620927465277,0.6823028256597395,1
116.09269549605904,5.987072796959154,21.45339248942243,0.8280581175130821,1
13.962504694023274,31.98232279584652,16.263243240320786,0.14740761875220842,0
18.726708327792636,80.88250454523795,1.889344234668683,0.38039397620714926,0
10.08218426938653,59.48454073342985,10.512301527174472,0.06133505268652535,0
38.456365866943585,79.9645709908262,23.224742472422164,0.3508198127520274,0
108.80849009924655,9.695484405049617,16.6071049557389,0.6746222214228484,1
77.24218758354813,4.729579936907182,9.579378187280158,0.6112337993962291,1
18.58187226009686,121.6936128683595,21.29057872285371,0.11034695069132755,0
12.669256338063306,74.75884986804927,8.626045446861813,0.14547189675101338,0
89.94925780480962,141.42639000485002,9.418180235360207,0.38475468943358426,0
74.7925337894088,152.2446450976937,12.885022187768921,0.19167679226681938,0
0.2901056525664769,65.06031809482113,16.240392478664738,0.0,0
70.48436414033895,82.44129519919673,13.697139005418409,0.2812914684342361,0
22.79918888977958,137.69943104321828,8.000571465142203,0.33131028092183507,0
35.23388463034118,24.04593239101249,13.500771542224669,0.2752654912842691,0
12.107777610583344,145.04297375803313,8.45534763292426,0.24910191408283788,0
118.96617585491626,66.0397421809894,16.076287808952138,0.4325584002455247,1
54.822177415969804,44.821679686219916,13.384661719011934,0.3156051068752463,0
74.02833207040862,84.32662183562371,2.5796340370582396,0.508575130324316,1
24.50042192038309,116.54508879135555,15.136680681291129,0.14970930028999224,0
45.003756720249484,150.87815357550127,22.55739806019524,0.3812681244952645,0
77.63728296628041,148.01910552973524,14.946797011957855,0.26794532274897676,0
89.60721678897735,6.371355573889083,1.7656976855948399,0.746659187112972,1
108.83079914360829,29.50774015125001,13.258046222968128,0.6320682986784303,1
29.71595254185415,60.8272163332858,3.9178787283034646,0.2416009597891205,0
28.779468984902575,10.783068799917121,10.025416771604554,0.37373109171961516,0
48.37505201264477,80.56233279175044,3.9612836670816076,0.5388233510928284,1
37.00123328338186,81.44008758196999,22.02753722466919,0.34408805258644587,0
98.3411722403579,94.22803244204854,18.562834582901132,0.45410340396449517,1
44.55797751793683,62.96271638084479,13.701254769724278,0.17666301478400653,0
44.82166720811446,43.02325747785002,7.141561043940824,0.423315390579656,1
60.30644013952288,105.99894346020137,2.4786878157363335,0.45177330289089984,1
67.67070836063662,10.153589424417762,17.039721136617327,0.564760706064968,1
42.39306886362944,7.189579160502091,5.798861729885761,0.6052972986807094,1
1.0493540975236604,134.0211712390495,21.809279101346895,0.163290911948378,0
88.24530825138085,34.354366556962006,21.06660120745545,0.6517847131226079,1
13.766060420300658,28.6439596161999,3.896330931276827,0.48791045066118105,1
102.51357397482514,44.37288649361702,23.926628393857833,0.7196543359263624,1
29.62823909677074,103.44417081850207,23.251657436624562,0.39681823171278713,1
30.675512875269867,43.03816134477042,1.8939207745353333,0.5804472004605021,1
64.23815631913914,119.34292218193063,12.259306005482326,0.3739411821329412,0
108.88792706226276,115.19668407747109,6.990646071429063,0.5738482928734836,1
45.668665907159685,72.71876048697372,15.099210570746758,0.10115838089455816,0
57.657203099352536,166.86998881511678,20.169636432069638,0.42728762055340375,1
49.76950131094176,136.0270620696179,6.353145162337609,0.37281569995699226,0
13.453202843985546,24.962915355977955,1.6899408332703088,0.52998862060858,1
34.59182190638016,41.26715428103459,8.796604915251752,0.2989576018651386,0
110.01037770693128,19.681137974821567,4.764586332955457,0.8934270319010017,1
112.72947364273605,128.11980668838402,17.025426734157886,0.38390351942817347,0
30.59992853070039,34.50653741640759,7.082127214657478,0.41013174784753237,1
110.41266462165044,81.38809634416846,14.368184517009245,0.3225519614690689,0
1.8968272658975227,16.677936889988732,2.6500585131778243,0.6135811117206491,1
86.23695284082447,157.81247659289022,6.470324019451738,0.48091037433378586,1
3.078066726737969,134.28653945485348,18.425991677327854,0.0,0
51.1258901441615,119.65187303700698,19.95130091466421,0.405436886153328,1
49.52951647668742,125.7492274008434,13.253641979211409,0.257438570830082,0
52.19365813761634,65.20189681485849,13.832614478251498,0.2929918095245341,0
112.9407993696816,34.13382710101055,1.3503535401282294,0.7250065710333496,1
42.27055278868229,3.254582185788053,14.196058954686842,0.47070133727180724,1
2.1688234509510673,73.77631158553746,14.030385937729745,0.10166640373045181,0
13.240612661031541,163.4371398542888,5.295601393339796,0.24566365026364836,0
89.91199726391925,4.951707148114406,17.38932795464494,0.6878317267265746,1
15.420517460791983,34.924913402611665,3.019959950783244,0.41635127494497887,1
7.045011324974548,94.77339914686094,12.775264501024996,0.014020238012894638,0
23.443288368942095,13.267552604289412,2.222050674324513,0.6692343109195552,1
117.33150380982943,53.457041423331454,20.31096023303502,0.5569485443557747,1
53.35525792190155,135.2884940564248,9.659858860423752,0.27768311523315675,0
17.77195425598056,38.61644355335131,23.11291145724187,0.43219563135162664,1
79.01772954602798,54.84910966398355,10.794634917856735,0.36932152794176065,0
45.31890614073825,50.76172487458901,18.595887461523105,0.35729436149613786,0
66.33648804694847,36.98016207347168,12.06508838039623,0.24541096966468048,0
119.51892436848202,145.14253656043854,1.1850667130495607,0.7771625408433402,1
83.89416875274507,170.87448402289823,7.632897080782326,0.37269582959673314,0
64.18706230849271,106.27343843502258,14.092475631736091,0.22885660638738234,0
119.79813394061726,45.833131961080426,19.033881997417144,0.5930244152323355,1
60.677301876935424,43.771846210328754,1.535245097084604,0.5932161119028709,1
54.342755967332195,124.15964913876236,12.21051483137273,0.20741507612664242,0
102.07326055278608,129.4741258241311,18.57722986297819,0.4358644231140971,1
114.96843940333432,146.9892514152291,5.214382150293126,0.6899621029637177,1
86.33743666475621,24.532211752152755,8.292096586215083,0.7618973941482942,1
43.826698522760736,35.81659459694147,6.8945974397186465,0.4069083202278153,1
48.31796013704467,61.36296235296857,17.779495335663803,0.19483195682175794,0
1.0658202484246182,77.12138118749051,6.888549598893199,0.127501701654508,0
28.77189822169482,146.47437554054554,21.795158670508908,0.20813383741540176,0
93.23036368005573,15.722329273548928,19.955444152996243,0.613388133681425,1
58.66978007630586,53.76751697443702,13.165287802441906,0.22423218719595067,0
102.78025569382902,20.74016237275838,23.4662374663515,0.857087238959843,1
80.41244780939307,144.87422014931536,7.650751048451792,0.4055830842867655,1
67.93350876508632,127.90790030617902,0.30038152890225156,0.4383645464563563,1
96.70013655420486,145.39435956455765,16.336573181973733,0.3803795795735108,0
59.740343938675345,57.14247758342574,19.51585699998867,0.29523255551224936,0
80.06779636369346,94.51563999568609,22.594488219027653,0.6928242517915075,1
58.77118615919021,159.5872891803608,4.055876116999125,0.5612793030518736,1
42.3044570319246,3.656924744667611,0.8321536344003659,0.6890712442602966,1
91.8014526226866,144.03672561085529,14.1763906923548,0.23030297763544272,0
8.537230282227686,138.17341560980358,9.552242330410014,0.07123024404563547,0
117.26144333983679,78.24177364906122,5.536121550092338,0.5792838368161983,1
115.29704089478838,139.4032640906766,16.0449715072738,0.391292521735354,1
99.64752782174486,136.401599491429,12.566555366582444,0.23467558408901004,0
56.099686475979844,32.336840331497335,14.710774896175678,0.3168702042030455,0
53.99799784550305,174.21954904976275,22.138382590189153,0.35482586842116165,0
48.29261736652064,169.2234842508586,20.633277915012094,0.2822044435843613,0
55.112208781503064,46.13349417535581,4.246846805057695,0.4181246500121706,1
26.60730106046847,171.81975371853525,1.535503619775997,0.3756138102591603,0
95.89275763887674,98.18879751208779,15.519375559893827,0.3119696965666927,0
105.72766177379715,91.82863711313193,0.243049969880901,0.47972375590200866,1
60.08617769085258,139.40417065590728,5.02111963690927,0.3688190134472197,0
102.357562144395,164.74120993208976,22.016576548003204,0.6283461154586721,1
34.997062868960256,46.135505945015225,9.372415196284821,0.3652297019598254,0
103.14538292478598,21.93997157961898,17.566107196561624,0.5509288655684208,1
116.79140924456743,150.98071738095194,15.804382701422181,0.4412596355432169,1
80.45138752571663,79.58913485425602,2.68508099777896,0.5889218373668457,1
115.5407737230871,99.21084556684825,17.865110063641094,0.5560304568252208,1
87.1283070895776,86.24451152887943,18.06067481305296,0.359892448641356,0
83.21321721565997,158.0645304021272,0.34469308546482225,0.5713226122030438,1
56.767985244299844,102.25657365618983,22.971817803375664,0.39659061398149914,1
7.18110032356591,126.78230763906211,2.473183249925917,0.15253405631695313,0
15.033109389127572,138.24610473457741,11.4015441279642,0.14786100759615928,0
99.33483265791429,0.5127426959918036,11.554507328398229,0.6906459525000368,1
21.79287128796789,100.89857165124387,11.291121681347587,0.14122341380810083,0
82.36408397458813,108.73632683026196,23.836321995721253,0.5255654745079923,1
19.212470346627782,18.689579533292967,4.168486317252627,0.44922631651675266,1
90.62226297977006,30.08158065303222,19.387000614965714,0.5612536361159389,1
114.68476315735941,12.16732113026673,21.093845701028663,0.8531013237640295,1
74.18827181976665,74.57843619313735,3.4670874578257607,0.4322395018937449,1
4.666692442486715,139.62249624520192,0.06198058134695561,0.35799545846996855,0
88.4428869780274,44.17869198963754,6.203854035511271,0.749322677134878,1
57.10179546163068,156.9609986943048,1.0603316291681377,0.30452055068538497,0
103.89387167583294,12.156268967050972,1.6241716286619274,0.9417013546074741,1
17.873896207350395,62.05891509334704,19.876935074057315,0.15849950302399057,0
33.67986575017922,41.77721632479988,0.6219373781721522,0.501753964344877,1
110.30547285488521,172.34441286522755,6.371488744061044,0.6036681654871779,1
100.46757000656186,30.05291035003217,1.8516141115434017,0.7642260222873152,1
109.0941835286745,153.3742855467226,3.3964962765955855,0.7132195695520553,1
62.47637087662651,93.30337261726372,13.001873671866313,0.24558993194834722,0
80.92427510159183,48.62435861492356,21.8015586682492,0.6446558995569348,1
111.94346888763384,75.2268011461106,20.90939456484279,0.5973561170370274,1
79.19264536650971,23.590758529705994,2.7210956131381456,0.6286983999001687,1
10.48908972308701,109.4680687159104,19.975223010157734,0.15310314584134274,0
18.58008169337431,120.03276721613986,20.8412028420546,0.2230968485037845,0
0.31604678696498745,79.61562196854781,5.974649660517401,0.15110657567975366,0
13.363536470994015,142.56723870777913,4.979982868388676,0.18090272293403753,0
3.2659034128533992,137.9729411482044,8.766056079879744,0.24797318298916438,0
46.17589246952874,121.45032351796624,18.697602057821435,0.2525136576506636,0
73.99768153251497,135.39852494877204,23.795046915135522,0.5061922044345556,1
103.33751596366072,77.17321039817152,12.953990688004525,0.28184950026528766,0
49.041304184269265,28.019982908521218,9.724097709840759,0.45371506058622896,1
19.302271452724465,95.10551995349016,8.682884819388542,0.16839133918562313,0
109.07132171389186,83.12482828724227,10.775142009093507,0.5273495423163439,1
110.03178162421851,26.736583482294375,5.855647782197447,0.887876330231635,1
117.29248950117506,125.25628493176515,16.923438603287778,0.43185314426701776,1
2.824415060008665,79.93210292219186,13.973887538132615,0.0,0
70.8989394578052,121.59432842748254,8.360308001786477,0.4600645441940807,1
75.66384296614335,34.41283840432752,16.920439514816746,0.5218975128708542,1
64.11304540404011,42.01355785980754,18.741345060066287,0.4379627508208616,1
22.543688179088768,16.966797993902873,4.480523934235026,0.5756916679126693,1
110.48612607449145,163.40837338223332,9.355111780079916,0.47602778184664374,1
64.39735365443404,124.2210118746636,14.972180177001665,0.2454931531074659,0
4.456681583442341,55.60405189114055,17.9052797240431,0.1000213224185245,0
41.54726696695778,9.360577974971271,1.5839142899146257,0.5136835375517097,1
87.27932633582736,60.610277691818226,2.5466524983719063,0.6282833729807856,1
24.339193759940603,140.40986412403174,18.670504138474257,0.22875533280733382,0
93.17614424108397,161.8361384980104,18.21954397344082,0.35671709923910583,0
25.199677788931396,29.983512753142247,5.055916801594065,0.4209802009593342,1
51.92327120025669,166.39850807249937,9.337700237508365,0.29901454630768887,0
35.08887364456483,36.34754545050006,16.35855530827569,0.32397357372287827,0
15.321702290844105,6.317384260467702,12.207223604442827,0.3420396836103614,0
106.06232003398246,23.844367731722823,18.752375284499518,0.6337317931836624,1
40.86449709371562,3.3349128447868193,4.950753781110603,0.681582027830543,1
90.17552740403464,43.38425423426533,10.089858278181445,0.49137923686399854,1
106.94906561028768,138.58749687680992,7.891966261325889,0.46322684161752786,1
33.937307311430985,86.16522300835221,20.09268025239018,0.23495036692013455,0
0.6677325987763094,142.61410278060893,7.926274239099489,0.10628806046675696,0
63.024496560969396,16.699356789172032,17.44573363841861,0.5475143478258624,1
28.255455185049385,134.7266330095936,10.465076436864422,0.06769375175723795,0
104.86814494380931,24.551427463844668,4.338442738187663,0.7442946219029062,1
19.773852753892818,58.09077899603484,15.062580584828904,0.06351576726324978,0
86.56321435947163,168.18991953707504,3.8333066430568747,0.5639516804478338,1
3.0811659093475408,131.48040146064102,2.827888477443861,0.42243227143177065,1
32.52745596678222,131.47303776334536,20.61259832997447,0.25656938944332686,0
23.615608167094194,116.22856263208661,21.512118901262067,0.3354118956212084,0
102.25354033418182,66.21440986139244,8.353426607386822,0.5516589331186782,1
71.89532457035133,112.97663205198982,8.757754943042965,0.4598239331343169,1
79.15846659002614,77.43823321853037,14.488780660348336,0.4177800304473453,1
9.877525368455803,142.2952458684309,14.834608262939625,0.0809421864818624,0
37.03482802042288,121.36766747975355,14.046434002639437,0.07451756534603865,0
107.09543853179359,160.07774640186943,6.39723496289457,0.5549587395491578,1
73.58558166901848,150.63494035321364,18.9500485199243,0.47115173196127635,1
90.91614222775446,151.035022788188,7.243277514307377,0.6392645979303364,1
60.211723140228706,17.05879059870798,20.924920374721033,0.6845486653614667,1
24.635274061722647,3.7603912597632405,22.63519682117397,0.7439168755087786,1
109.67536403894161,68.78954988073616,6.523228693499543,0.6322529087712017,1
31.66581945899383,170.0932922503087,14.524303524070175,0.06469802240685796,0
20.400692879457388,109.12058918907762,16.92416305410468,0.1199315719281776,0
77.86831179675936,104.08256453796372,5.480974492236179,0.5155100002194469,1
10.353502582086387,148.56011795852464,23.157832790343697,0.32079868806483913,0
91.75243659753355,114.0902497148028,10.712744064668383,0.4481025837275427,1
85.44826040469671,20.238424755708174,12.283223978919315,0.4733597172955453,1
45.985211293657336,85.28162273029609,8.415569325321355,0.3663554899762884,0
61.81236093996947,156.10424883834494,9.529923415357652,0.27135313387413706,0
58.43341602273315,145.14299147289927,2.116181393250523,0.48991663062048935,1
8.961484771638716,11.093128620707336,22.509826492813453,0.525963012885555,1
9.554481591107752,179.77454729663398,21.062326654503828,0.2449089465326427,0
42.28765917034624,93.78924382512419,18.459716921730433,0.2718153547986205,0
0.7838096432480057,52.097318127866345,23.958641879585485,0.23960750870911263,0
22.26540990475561,77.50417007298162,20.820389717736894,0.2278245556655788,0
43.86911037931438,169.74330462805614,14.795246102335238,0.2330082808986011,0
75.26416806768226,161.31768176391296,0.5850687655127595,0.4940388583874577,1
61.877558122530644,63.97745082771754,23.025130091210553,0.36733708713843755,0
20.837862728367696,114.75189530215951,18.707514840119483,0.0,0
91.12729248371795,12.93517601356793,12.733248155326315,0.5865899431078431,1
95.32925081721795,142.6084598790975,12.044427148358045,0.3132835643525026,0
79.53437930513024,13.553042937404552,15.114736905198853,0.5373949536444879,1
82.55210721642828,128.9549696472526,17.443236994528387,0.2852458038603014,0
30.414274707258564,57.058774527777715,13.168845170913425,0.10296113406179458,0
100.59750480590141,27.376700419579084,8.477906436281536,0.625617335279273,1
70.2112465512244,25.915065259821898,1.877462175626719,0.7499763328785946,1
21.29611127031644,175.04387813949913,9.553686422109637,0.09635789370543961,0
82.1219907371502,39.9911027645126,2.2757963075549688,0.5771454961194041,1
75.2878378849337,84.56167658844485,9.137200032573375,0.3794060608389205,0
68.24096513699358,28.088627995400778,20.96718478677969,0.6294026809380993,1
56.51782911221224,88.25610781556806,19.206750571974194,0.24964240499922682,0
92.0227683540185,147.63383569586514,12.20365270437388,0.39466610014686,1
87.60061637473642,44.84216257028028,16.60069125810689,0.4340197748926909,1
70.6867716829164,128.5496180499956,10.278036798847063,0.35514277627308455,0
8.04817663757376,63.99689045409233,13.458571466094634,0.0,0
27.835010109970824,22.42906471889554,21.29992629271851,0.466298707678248,1
117.46617059108165,146.22881222181857,22.943417179189247,0.6359051489354903,1
48.29779518388349,61.8979104185959,6.71739408746056,0.36237361041295396,0
75.95210372035004,115.00297996517826,18.41605418450938,0.3135219473027674,0
15.791731796142257,171.40217311165517,9.158240655024539,0.13951057175251685,0
68.56375181676327,130.0961816224414,10.864178605918644,0.14758356736412181,0
73.0507262248491,59.522052472780196,9.620699212568198,0.3492347050126789,0
91.45107583935854,110.72929227883816,3.8932432580875576,0.6721842218602821,1
116.27051816011401,134.82637158078768,5.446299459605398,0.6525232014715572,1
54.72204622358637,38.82694375678956,21.04466105574695,0.47528406816289237,1
37.521760806761286,171.88617154514958,13.791313481018008,0.16513597328187843,0
19.17068965999014,40.848296178121245,3.7762353264842003,0.5020611354126708,1
40.113583762909506,6.709263494409758,23.649122091741113,0.5978450979494104,1
53.211802690079026,95.81613975141002,18.67171801290389,0.1812884020858772,0
115.70734867486084,85.3493359240307,18.32066659930007,0.4297862041969952,1
61.34897977848717,27.906104524284252,13.033934296982732,0.3486427263482163,0
81.00473618817924,86.98492974283224,14.406087290198535,0.31136293331722975,0
88.02701098181302,48.94572413514639,3.486971040236342,0.6830919608271279,1
1.6395826829838756,146.39776600834603,4.3325807472246645,0.1833002447685133,0
27.95333543849861,88.47069650520346,15.945169549470323,0.05112058320526672,0
64.8362985103196,94.41290693412805,16.030490555910212,0.32213145456191794,0
6.878291578355076,25.920819343446972,9.511868011689774,0.34716146432061956,0
18.079325750362273,170.39405578724262,19.569994496937447,0.12587968632438848,0
90.30821268700207,45.60035380637761,5.414107153668336,0.6665621901627518,1
80.89017516708697,105.05899695894965,3.7919924793028876,0.5273890875669728,1
16.627078550480306,139.77111600467018,1.446633305329267,0.2774922262460489,0
14.155718528252663,93.64386786247208,22.40176000013568,0.24282571281020982,0
101.19322657215893,57.60168207935224,12.696061831551173,0.3395622112898213,0
56.689163095498955,115.79089749571791,13.848575116823795,0.0951720384821287,0
37.93335409054605,129.13551374038616,15.677225003561087,0.056229953256984044,0
86.3059374726088,24.95903205569516,2.8608808634693705,0.6933247022829108,1
80.27920417128078,45.965570410686695,21.123823423515272,0.5528084868823544,1
119.31343596053557,32.95909321902879,23.4513884388988,0.8327718493648093,1
12.419258883660774,4.0918842203383505,5.721023048521787,0.58032161257424,1
92.22213167699294,111.80795131646286,5.638774693164229,0.48828591249619036,1
55.21708784070516,179.81010367707137,20.43919643455249,0.34394861255069653,0
29.77186162792837,49.06708873965087,12.202969848963598,0.07965227568098802,0
59.805651106354674,168.79043326963972,4.648629066810506,0.37684915049397005,0
2.4557037693230077,69.35065168604044,23.31945307622451,0.30012014169913903,0
14.948239148525069,164.3762602487246,20.104422087331468,0.1745241929619973,0
13.056575345109929,16.95239044684556,8.9390471967236,0.4884766249131534,1
83.07218412647526,57.155678344073664,15.104190884375718,0.37744282136255214,0
85.0032067334008,152.39253742007136,17.484191538158385,0.33391990779968467,0
29.251122521922575,163.5542192997038,8.592594675192457,0.16648178050741538,0
36.86468453361357,144.4145457864769,14.053038886872613,0.0,0
92.71454664143762,122.79148992430072,9.088740378264713,0.5276407838835515,1
46.517139398134205,55.87785920486335,20.259780810969648,0.39664086323998826,1
41.826333611125314,177.2850766659775,5.469168402915459,0.6071840186394037,1
113.46531609437228,103.2586807141571,10.810583428115404,0.6096305626109411,1
65.31823972551994,147.45046078346513,1.3563504354850995,0.5156359539660381,1
64.58320842525198,71.74522849799502,14.360931827023245,0.16977750848509393,0
73.26726491654945,168.77665222893935,1.4284523767712,0.4001581370365903,1
4.9466134072685275,112.08319036048525,8.191824915768962,0.1100093247511858,0
47.882766328821255,128.05596836362673,18.22804607202635,0.24598809395950755,0
94.63790438002404,25.6891153789024,13.05345335397518,0.42756881264047886,1
78.14776467228207,74.52349046205514,8.235761502733293,0.458075904232485,1
106.80776377816696,17.42782017818261,11.725070472354528,0.7018035297325584,1
37.257606557707746,63.76025647327939,2.803854968345722,0.31813069808255606,0
57.068848279452375,102.20731975088728,6.059705782570427,0.381558129140239,0
28.167500555436096,52.28537378359278,22.050296700281997,0.23462583728973307,0
22.253334158366,1.1580134121198271,3.392946083018071,0.6891737462959072,1
10.926529457084651,77.5522544727337,18.852044625121394,0.06610908691876202,0
23.863933481792387,136.50527656776717,17.750718793209135,0.06536977842633461,0
19.665517276200966,68.28529907192298,15.25970045524242,0.0,0
52.68255523307853,139.91291326637074,18.67938690894237,0.20803908764130075,0
49.32222642860783,69.86517173212005,3.209991046273209,0.3071491127345278,0
91.6909732073965,98.93807999567095,8.621096044550967,0.5215938338552759,1
93.38432529403593,54.45689174884199,8.23461347598117,0.5384667595166654,1
64.89317946910754,15.597153202303684,5.345219918755155,0.5837827458510021,1
78.79841920001229,140.6753679667547,5.624878519886882,0.43018821831288434,1
56.207022989976785,92.38248267277558,7.335513732600293,0.3510893852626839,0
37.23853583017237,142.95899726861256,23.111892551929234,0.36221200742859183,0
60.425415389307034,141.25102858949722,9.177579912492009,0.23860742774384655,0
75.71905109359287,140.16182855178525,18.999061086393382,0.4696604282487849,1
114.58720445628248,68.53009512010775,17.977577099604833,0.5348721711570199,1
97.98988629656708,52.83758716471146,17.800745774207787,0.6001565535824784,1
7.989944660256132,40.623235828759206,11.773210871011676,0.0,0
76.80613047176126,84.28371551979019,12.19634460393058,0.1899943957271365,0
10.908767347059584,108.59301125121569,4.359114948287004,0.3170853865596756,0
74.65505157652905,155.1198310355591,21.229010768299013,0.4589541819065686,1
101.91595342419598,179.61530405699352,8.995993994838056,0.45408916375163355,1
83.90196405972793,131.32938762205654,17.10819158064511,0.2719151777020837,0
14.334543195835145,102.14920489977874,20.8602895865774,0.24092134159216996,0
50.84809328165622,51.92742573095197,13.71626697164214,0.19425099432369541,0
23.41523767735369,104.99925230435035,8.74086700829938,0.2828790558274789,0
79.28146144880355,51.110691882596036,20.98541466502776,0.5751645048673502,1
85.26829019340772,156.65463184463496,2.347073895557549,0.6326104126829293,1
88.42648195303939,40.955824447312956,18.13522475123514,0.3629717462353153,0
42.764057490509984,73.75474070296393,6.9509943803749925,0.3408755814242573,0
71.75395743695604,40.404441231063956,16.824307646070615,0.5221187012394535,1
24.97511611501054,39.21751706848244,5.249330785205287,0.5332896039899576,1
111.5836398596293,137.586804738907,21.315962448148316,0.6723485127283069,1
112.59541434343436,36.46377618614774,11.364206002742797,0.6478444339309848,1
3.642880825922079,57.86459281037153,2.749569584721332,0.21749708262350087,0
67.64885690052377,7.860767891120284,19.284111127178058,0.718501019398156,1
86.16163085094077,163.94852607456932,8.272335371617505,0.5706640802214091,1
27.713424503818395,161.74614218695245,2.3133614914229126,0.3829049735994788,0
3.970071966107329,67.64822505269402,20.25075327609595,0.18376339629407212,0
0.2525751940429144,165.61090772308796,2.0277343190759796,0.24028199863589092,0
84.82264421633018,41.17205000775286,4.959282776117121,0.6394183239599718,1
1.4700205316759973,45.518964882713206,4.617980505355947,0.277743373435813,0
46.365485960644676,100.09775336733993,9.745583130378286,0.2768206618608292,0
95.81351247636124,39.05987785214224,23.378066308698823,0.6731184199023793,1
6.309212875486776,163.1728141037878,1.7394448559959086,0.16605872819995848,0
84.80791921998178,174.694801201396,23.68094042529725,0.501733931759865,1
51.73872521093921,22.047433397727715,6.636785604585152,0.5807794364518193,1
46.74854603950084,80.5844075261145,10.03352459349641,0.25110156002450845,0
58.07776068128729,76.36502277362769,18.96283616421398,0.41125659263736014,1
42.23468626905434,177.97913745980884,20.462954484689476,0.3657584911956897,0
103.41265958402697,177.49465612674396,3.10975601328538,0.7232367260688832,1
80.39780780125608,11.104691089993695,16.58890096342786,0.5697393174393665,1
46.521610059186486,171.90847308693867,10.831612624440035,0.2899753039066612,0
14.43503120913312,116.40442574104551,2.009557889001549,0.25395961955292035,0
60.51323354641936,84.88473899587767,23.953559148690044,0.41169799530097917,1
119.8820833192841,78.55161612012132,9.871591885893203,0.5781814179562743,1
106.99224556569467,153.9934159992822,16.69140139747581,0.4475568374866206,1
8.151253409882745,23.133622524041048,17.92877945253805,0.21928412041762707,0
42.73526407444855,71.65460790918952,5.802556149842411,0.4199422395829988,1
56.353781063772004,18.014042662765327,6.823317156227647,0.6862541766212826,1
48.6604072864136,71.49407835596726,9.393842564381064,0.3165432518663429,0
13.432914318862661,144.0448422831846,21.200716356269595,0.3060600213016971,0
22.354090153973807,149.82909773725405,20.0877245195206,0.2766277865964557,0
64.18825617570032,25.44280280627367,15.694639805878488,0.49021880438592264,1
86.52043420433006,44.78920040842907,8.291622841217233,0.45900527567968924,1
85.96027431430866,126.12113883987213,7.516172577870203,0.3313880850374438,0
80.6411339774124,31.046804584292143,8.554185465548798,0.529596461538209,1
80.85017937803269,8.909303236260852,9.281599354328394,0.41385252910923376,1
1.029082842790281,156.17940625818886,11.138746721048447,0.0,0
26.172840260696603,4.265036686629178,9.71665537153142,0.3682801569285285,0
40.393947213533906,160.37346170543765,8.164204778031507,0.27850088914632204,0
30.748961264879505,107.82143269169963,18.066056274119273,0.12873904337641703,0
46.58537611265548,71.17932970601285,21.08023440651535,0.33378631832845523,0
47.92607987965642,54.031838574108946,20.98605989484703,0.30264242652655243,0
40.77056497303747,70.65550286686563,3.6834513279487426,0.37208961957006337,0
1.2478672685404923,161.44124713513006,13.926582384310915,0.10898262873603703,0
103.8110305267731,104.28985533978427,4.169214849958598,0.5461705113804998,1
114.82122970532141,26.088241792993173,21.083059355641254,0.6364260529825485,1
73.88251861750963,101.21174309341579,12.233776841882928,0.38864925885117485,0
32.73382499428459,56.181901759003274,0.3301964919267357,0.4335128304557179,1
54.03914157826336,162.38165728744505,19.503480424625625,0.3079530181256499,0
109.46106375318851,28.72556407996577,16.12956507305313,0.5562658489259557,1
71.96060780735971,89.13976942869219,2.8090420251828547,0.5376460597186389,1
83.61844686432852,4.2399020467008475,20.62340348320511,0.7108133306835953,1
84.00277196579012,47.47176062372434,1.466064511204963,0.6934878726322273,1
117.70081855378822,127.57581766800618,21.477827753269562,0.5913121008818776,1
78.6053396368402,110.51227089751144,23.963763436746902,0.48209597791488296,1
12.980923329751374,165.41389421348308,10.645686095174778,0.13169298632075654,0
60.659270792470515,27.991474648362097,14.401338360761605,0.3305479813284386,0
110.66432779912552,83.68206718495045,9.391852669240091,0.5333646586034145,1
15.540262353299813,18.463718475809298,11.499401688356215,0.20757201009944987,0
6.13122404825023,125.27761079054964,19.88909248603433,0.10506871296927787,0
6.045821028061917,18.848975546618824,18.974529102627685,0.33197010097991475,0
8.39244156700417,166.327891883044,9.916746433807944,0.04586076100399045,0
19.63900485437769,87.66702783178178,20.020802666490127,0.2675182591699703,0
92.51503248933179,97.0872651090608,7.710945493258767,0.47393177006454085,1
71.93864454835717,66.3038528413121,18.869491209841772,0.37197964909008513,0
87.8057659673646,71.75288673870618,7.56901890532434,0.3288114070672779,0
66.78617696555537,157.2449722121784,19.988319210337618,0.4134949007489934,1
42.469365652182724,136.6631988697395,6.364723763643599,0.3410453038105839,0
94.38425471577084,69.79229534898282,12.370675561928328,0.2243982478810861,0
20.372912386056633,146.97567526645796,4.342722490818105,0.3200154841545801,0
43.182985885442335,68.15709700786824,1.6742614471371873,0.4337208770444911,1
49.84030007575936,14.486219300351815,9.895605137214773,0.42860798414767576,1
81.63577387436071,41.157466920901825,1.9199206368726598,0.5721831204518257,1
91.31931851059693,76.38336114640512,3.376927480681063,0.4839137049098699,1
68.01034438688093,79.63072133502946,9.067344112150995,0.34605889300790604,0
72.96427156005852,31.572591520956458,18.32594344036105,0.48864304925279534,1
33.72184778969438,126.69321771442233,8.812444246876755,0.20875100313723988,0
71.18322781767746,42.92843198455139,0.94600078717695,0.7383852251949872,1
101.2042535243026,117.00197974089807,10.201506094931437,0.4334059958771992,1
52.714906384632286,94.86583972334014,10.137976356922668,0.2660419958361296,0
90.19806548869916,116.59865357882418,5.981281903651498,0.41322715170271684,1
60.96716497212497,160.70085219243018,8.115338052086738,0.3699472150743429,0
61.54098589592541,128.0416130527788,11.410469738115896,0.32234659571952834,0
72.96420226608363,110.68996470543156,12.362553295018266,0.2207839433678478,0
16.796601945874976,122.87525122371292,14.583139758932392,0.2103409460788599,0
25.83446100164569,93.02578298717813,22.66646161670541,0.2611252547058163,0
21.05580509655074,178.74787290095207,22.727625056475247,0.29450771430815326,0
64.21180890351341,146.9761160789274,16.419271620891678,0.23739302110155014,0
80.29915142587873,28.342797050003522,8.843328374628193,0.528101458913294,1
84.90246861308557,27.84490160447124,0.3678959978163423,0.5142302010601266,1
25.010925676368426,78.48069871888376,10.532791685946092,0.2007184441319969,0
