avgUsageThisHourMin,cumulativeUsageTodayMin,usagePrevHourMin,isWeekend,excessiveScore,isExcessiveLabel
7.714212166151977,684.6695329757371,37.8703037142768,1.0,0.4647576970188902,0
29.956671746406897,507.8959199487957,24.58541200799392,1.0,0.4360053864901305,0
36.089901457401446,41.83305452646972,54.38749928933849,0.0,0.5767351484280744,1
1.7213405023166728,336.8380351901396,52.543051269597235,1.0,0.4283021433857847,0
8.875565074647355,534.2613860080837,10.957547728987539,1.0,0.3808219520652076,0
55.69266137762217,778.228853914305,33.92072942992331,1.0,0.7720200712375362,1
4.2252345692518105,594.8757400652504,3.198620965427752,1.0,0.15553554928391036,0
7.786436963957879,573.5262417249901,0.46204805193737153,1.0,0.2846710550418602,0
56.8997071975065,671.2384254865351,7.421027685573629,1.0,0.6417707929336206,1
37.31301556778297,378.9090745824567,51.30007866505928,0.0,0.6359975277525863,1
22.13958742378746,730.6284716003446,10.961806519548817,0.0,0.3606425454082873,0
30.68340130819576,652.0542522763935,4.0525043684078454,1.0,0.5696843877220662,1
39.770577151007956,85.69463223364478,54.78158286700865,0.0,0.514667665526977,1
16.518528945667757,652.3771111359661,5.6834154196441045,1.0,0.5178540172279146,1
8.27808437201732,803.9109798052358,29.28851467105336,1.0,0.5095542816455172,1
47.28237567023951,849.1076023776809,25.231994618969576,1.0,0.8062562199733632,1
40.221635046149025,397.3755099001664,31.314207193430303,0.0,0.41273555833185294,0
30.742938808989628,109.39814356820578,6.452441429753453,0.0,0.314603837071584,0
49.004186158179486,511.29382510945663,28.578337833365953,1.0,0.6913235928610403,1
32.94451613220158,89.06151794233355,7.11694568515211,1.0,0.4653749602111167,0
58.854818357838326,516.0911401047712,22.489896389617474,1.0,0.6731149362469034,1
12.270567679802692,672.8798937861922,42.6991146291368,0.0,0.4500625758690649,0
33.22382177191367,534.1934811694226,8.854223793233189,1.0,0.3660852818659206,0
29.017481815403265,624.3173097149056,0.01398221209478967,0.0,0.3816130067403589,0
21.196491303626885,674.2449480913039,38.888166147708084,1.0,0.6601379015156927,1
35.49571823694261,430.9847622658696,51.486830994321515,0.0,0.6549224850437676,1
14.118073900054833,232.10553946451483,9.293832017726997,1.0,0.28578924368070396,0
48.13216102670901,709.1045632806254,4.263011206602836,0.0,0.5620191206729505,1
52.04001311054488,457.8736199330197,10.646951114357432,0.0,0.5302392432780092,1
7.725580273671062,629.191972399816,6.238585236189063,0.0,0.15664687699188345,0
28.024392404296268,349.36665062167066,31.260620637794798,1.0,0.5287382969764071,1
16.62869355202226,814.0482313554598,59.638879324339975,1.0,0.6862212894884492,1
4.987019864114544,355.4119851921396,33.447140812743456,0.0,0.3305408896792614,0
53.75665849502205,540.171422796781,6.749179013486437,1.0,0.6631252991322987,1
25.79692152287012,570.7321519349434,13.419245476370572,1.0,0.5168263440667832,1
8.861477997725643,476.2783378792611,47.26842005653778,0.0,0.49425817757037105,0
40.401741436554644,715.038046680342,31.601075714249212,1.0,0.5712814609058275,1
12.13296166728229,241.61566498873842,29.960135525331953,1.0,0.5039217506113595,1
54.08586472129062,56.0260628162918,46.90923271506463,0.0,0.7384267771254867,1
13.02889544511169,139.7755540121327,23.10922908453875,1.0,0.389405234220992,0
1.9844812426457215,384.2702316123161,9.634641816559936,1.0,0.32072449188582364,0
12.046137249673158,631.4156775458342,8.201169870882763,0.0,0.350809171671485,0
20.74487242533837,138.25629041081527,30.64368152107051,1.0,0.4141094708542797,0
28.13448980534908,378.08349015889763,59.55579247691595,0.0,0.5679216292283398,1
54.36806033373364,566.8938302363542,38.56438239010352,1.0,0.8311531296594157,1
41.84166532417787,186.1833478023696,46.94493535123374,0.0,0.6476547107849899,1
20.359239644546715,579.868422885316,42.04424108226312,1.0,0.5410730670845544,1
1.0126329058498706,585.458964918407,41.875264106953054,0.0,0.31740379163312366,0
9.58942164629886,206.71108718848572,3.0576945275930534,0.0,0.10711045834057806,0
59.78615253238023,803.042668811384,24.97485741441026,0.0,0.8033411937107684,1
27.582958793591075,855.3139019686782,43.079231048638036,0.0,0.5792915347494638,1
41.462394979125555,837.1105603600637,1.8363468199122002,1.0,0.5412813917639003,1
3.28008368411028,204.52202490708953,0.3004049709620249,0.0,0.07788568431731974,0
2.0430167368222563,292.32235264535893,35.24740960051286,1.0,0.3132683093026416,0
50.753406386703446,489.30876454045415,10.644651657951654,0.0,0.44690806047996795,0
35.27291644001163,733.0721127028771,33.71221401112566,1.0,0.7165434073282906,1
18.52258459227372,20.91376772631064,0.30039125810105816,1.0,0.2796558376274531,0
19.042598296880247,226.97463097651007,2.3259543922978687,0.0,0.1400824154929044,0
5.354235265064926,586.4531780254949,1.041044920793257,1.0,0.28308448758604693,0
10.360176066514526,204.03047681107114,35.643429371554994,1.0,0.4416042174708438,0
1.4751664479111781,198.2302560336203,36.940668495824326,0.0,0.1267947403756023,0
50.3474909023669,897.0925573875687,32.98847052790374,0.0,0.5706066209503429,1
27.97819183218991,547.3003094849017,53.7535273697829,0.0,0.6055818628127149,1
7.632174963511824,620.7723613333688,16.353876856461685,1.0,0.2704669897919514,0
44.354812442021526,80.10850768924237,17.64377103964015,0.0,0.4238845401758959,0
11.739169796719258,267.9108028116785,49.53782905909544,0.0,0.4239070957255355,0
3.7152141089071544,109.80501268262688,33.97821082121936,1.0,0.30943263230075035,0
35.90352643944229,223.47213278035488,19.90717921698031,1.0,0.4443825702591437,0
53.74546510447689,120.59361093938755,21.405234254016797,1.0,0.657363382230709,1
1.6166046830821679,101.63832307752631,18.056457646074385,0.0,0.22259941614018033,0
48.308159393500155,691.1701711092544,30.563158866805814,1.0,0.6424727005388233,1
11.410201003700447,248.91813171487902,19.152787544891222,0.0,0.25322962536975263,0
5.574085298192828,805.6675654397854,22.64210204781289,1.0,0.505533753955348,1
1.0777221391533698,9.346754073294683,38.3592344173524,1.0,0.34300965269737876,0
17.57850402072516,288.4453383755521,33.83174145767346,0.0,0.30664053015616805,0
43.626704638915086,271.64964494765,30.39469187959323,0.0,0.4574333354765094,0
29.590737060487015,362.75865169384906,1.4472783133733946,1.0,0.258379544633381,0
51.17519966727166,521.4875675308741,33.4597731627504,0.0,0.6310386119791056,1
13.032678211289419,453.68755254584397,23.90789345034264,1.0,0.33630894801554356,0
18.9109648286059,312.74218667061507,15.610461106148604,1.0,0.40793489118079307,0
15.488451111275301,305.88982884461007,47.34729765984463,0.0,0.44257231417963305,0
58.69806823885302,638.7141506900413,41.82001825634622,0.0,0.7374749566937865,1
56.46035967908609,284.6708682839033,55.02882059969532,1.0,0.8318471183374667,1
20.441170551390545,626.0498040802779,5.077949073563506,1.0,0.4859463962952566,0
26.16009021553986,452.46542269637024,22.946208977466288,0.0,0.3727207701811815,0
18.859177722231173,214.88658193618244,45.01962204868411,0.0,0.5362166371892036,1
44.790535038324634,678.8791624259225,10.438999379480913,0.0,0.5446465715506167,1
2.4007861531914143,485.3647088344792,12.121410455836283,0.0,0.11494157511394207,0
4.046335985521566,572.6309259367309,18.77114967786219,0.0,0.170893746904415,0
24.242255248104374,68.80000342259059,2.2085481770300386,1.0,0.3522068949946,0
14.705643066843841,413.3414237562783,41.13273025127327,0.0,0.42339654244381825,0
50.71349890207361,461.87685507089,47.376075209915854,0.0,0.5457846657113186,1
44.50842578851741,370.8737767917464,9.336769140481442,0.0,0.4483065748075463,0
32.747638951377404,335.20514322919183,6.698592923394098,1.0,0.5537639063125742,1
39.68853085881003,119.67156180088143,38.98555124808472,1.0,0.6090427266851904,1
41.536746401095435,447.1112994744488,54.95938382705343,0.0,0.5776431902513444,1
46.863289403900524,699.2758618602676,58.11372769637664,1.0,0.9168775868349776,1
55.65015582694096,524.840659908343,34.06101463072834,1.0,0.8265118339167749,1
8.984110427263976,278.2227747332368,32.978680826334916,1.0,0.33337180133312316,0
37.56780946472289,173.56787053243661,59.830530967738355,0.0,0.6240820314081857,1
8.617286586801306,335.76365544328183,3.8590332928490323,1.0,0.1416806203937856,0
26.587856477081814,283.2587322402818,23.292441367413616,0.0,0.4890498090324607,0
47.17708731742392,171.11284089587463,41.63911689041464,0.0,0.5811586820629804,1
53.68186762116873,369.3510548095857,52.2868555631222,0.0,0.5752836789663964,1
45.55368924747178,321.4501506495572,42.12493526591066,0.0,0.5463231801992889,1
2.124492244895624,479.22088331934856,29.56137332732363,1.0,0.32331930836077605,0
21.564724586026603,747.4243048919392,28.689584444467293,1.0,0.4674549462549651,0
9.783409945291734,321.71538559819567,54.59729784902707,1.0,0.5946418756090841,1
59.928149257944106,606.5818253051445,44.90198821063832,1.0,0.9074982792019074,1
8.640921457802243,153.37821381849022,12.29657062827609,1.0,0.2789125903373255,0
14.658866570788977,214.110909024482,55.63633795827882,1.0,0.59290834103152,1
21.433182766771623,774.2224656486485,48.86761687066742,1.0,0.6007921362580176,1
3.6532021745512777,670.7955830495941,37.450116616804344,0.0,0.3215581069534136,0
52.22309502260003,642.6239778953611,48.28615985846385,1.0,0.899517782034168,1
38.181685311787454,738.4150695831198,43.76843514352548,1.0,0.784522590961456,1
9.584894397505195,803.706584007813,20.602979002758538,1.0,0.4628421146707741,0
29.89611346275301,843.8038174261128,42.31156094563954,1.0,0.6815974656906864,1
4.720185518097457,654.0033787558785,22.948651739887328,1.0,0.40936488931004045,0
36.65878724159374,836.291589592735,1.8698355785759913,1.0,0.4866475949285632,0
13.89979368584746,241.764565620591,23.155694053534667,0.0,0.17365998434233293,0
2.31833597188551,429.6440648940754,32.54042000435795,1.0,0.25111674136448503,0
6.91425022163415,170.69364103591698,45.968539329944434,1.0,0.4514056933378633,0
33.315757357213265,95.01905671156283,31.786446771446336,0.0,0.49655772918575997,1
38.218836657490925,356.56307134143344,7.077222192081973,0.0,0.3410720875424563,0
19.488038828051828,305.4490115705391,22.744544160432515,0.0,0.3781036928992594,0
38.60714577366521,568.1378791092362,47.10840545881972,1.0,0.7244931470795924,1
21.123965994516762,366.24052694761485,20.860667290563793,0.0,0.2711020290240853,0
7.839540407413967,140.16062493315957,41.17029238741005,1.0,0.45500993351617014,0
18.912616915402033,446.11211279239484,18.98594325157007,0.0,0.29609841089019573,0
23.71609357522917,296.8607341859181,11.226784464266462,0.0,0.25182492811027385,0
54.75833008218569,690.6691858436143,54.33102416493679,1.0,0.8886788736754734,1
6.939622423185381,619.7604838257296,6.013284610435836,0.0,0.18607922479700553,0
5.169833434035209,860.0749608416389,46.33968920474325,0.0,0.35537331013089346,0
33.69012162430277,869.0197081661476,38.820345034111845,1.0,0.6556174280230946,1
57.80356730818956,517.5908157702527,3.322461739969773,1.0,0.5533011033857996,1
54.43530757540757,234.88569638768763,0.8927342832670582,1.0,0.5333962393527368,1
42.01464346707449,507.1555066516056,14.951113315893547,0.0,0.5138910138674732,1
4.005044798739316,268.4619135802705,41.2182980955966,1.0,0.49519316856438356,0
48.384085456853356,468.24664173189484,46.52377028242118,0.0,0.6880612159487641,1
41.002484242929455,683.787640286323,22.040148694517217,0.0,0.43507922332033866,0
8.635814355055704,651.4609429146491,52.718479301322375,1.0,0.4770320028462247,0
27.89662356164228,412.7856848376647,6.706098335284176,0.0,0.3031156491181766,0
2.959359322772044,274.5769589471792,46.76914444101633,0.0,0.40898231628328896,0
48.11255791707897,26.59001341947227,42.41717458404325,0.0,0.49199975266821816,0
43.118053031296974,772.8470968209319,20.51369829609813,0.0,0.5713403698017586,1
48.27768599508317,748.9865205449184,59.18106698653056,1.0,0.8421942678395576,1
45.62493843721063,545.2129560002378,21.181510036418846,1.0,0.655127651290545,1
16.035454617761843,727.6616084518515,15.240652116610885,0.0,0.31732286481041105,0
47.38443086961067,174.3782603081749,38.532446843540484,0.0,0.5950908782289857,1
14.950238755224383,593.4722932389141,32.73259006003145,1.0,0.4910190834191305,0
8.27372867618358,262.92942332575,10.232630162354823,1.0,0.321294605876088,0
23.42340201654887,739.3447385028963,21.046341074181626,0.0,0.37010963714608547,0
29.870421173461686,360.3136597483497,48.86754199335468,0.0,0.564714871510548,1
17.14932885821824,432.15794903192506,20.371810547958418,0.0,0.32896382787496486,0
36.346974273235055,328.3091791709391,46.07661579000694,1.0,0.67934506301709,1
36.15022375256367,384.6204903444181,35.077748291170124,1.0,0.5844071586799913,1
14.389059492858987,784.4006213840203,46.06265636165417,0.0,0.5483040867372273,1
37.35404926995893,875.7016135018243,13.795337297713006,1.0,0.6417495195597916,1
21.435175053250585,241.11980258762335,52.5630761097294,0.0,0.45483531104767144,0
44.08137591922502,721.9659112087444,6.8791405443880365,0.0,0.5515797485830771,1
17.42507709713542,861.6290608521841,35.008549435354844,1.0,0.5427047598735184,1
47.927605730422236,466.6613157316149,57.91711401717528,0.0,0.8301517957092123,1
24.90662885312457,538.9606407210941,8.127164318687374,1.0,0.31561183385361713,0
33.19441406558236,740.5708783675409,6.706230744933355,1.0,0.530362118105543,1
40.4007793012821,595.8633391058069,12.126086092756815,0.0,0.519178088127457,1
31.102642530086776,482.9811787286344,1.8461172603367704,1.0,0.4114551556076931,0
15.457089926282324,806.3583315005627,41.014135111275316,1.0,0.6305660248604859,1
58.762895189724965,504.03951785315087,31.41803662784405,1.0,0.7343545713567677,1
5.76332441324065,708.0595331356384,15.862685347470027,1.0,0.4321616563724092,0
19.495420566993197,824.3696063600562,42.61373270083081,1.0,0.6910700514383075,1
32.946737884946245,286.14400618260464,30.631591352334965,0.0,0.3438118991940473,0
1.7220283357782007,750.1896076073908,17.235573365639002,1.0,0.24634315234329093,0
9.294785165521542,169.43133797612296,12.550974311884403,0.0,0.16465518441244817,0
47.95586511363587,487.23904511625767,18.308201876296813,1.0,0.535393783575275,1
47.02886291970393,589.5610760834236,51.1849936653056,1.0,0.8144050777633204,1
38.2179838273864,772.0664699329866,59.87465205336059,0.0,0.7650880629223337,1
54.10797960566327,284.30661643071403,22.004732600993336,0.0,0.4254405728903394,0
45.33140420022334,872.5514815979027,36.57722816297086,1.0,0.7920765215384442,1
17.927068016935273,675.9406944964413,45.271290254010985,1.0,0.5703441954174675,1
38.69199157275857,830.591717970868,15.486069530565205,0.0,0.549586100423786,1
20.404941861552327,229.8275946363498,40.81453797051162,1.0,0.4267436761677442,0
44.99066597545059,492.2999929251668,26.886372686997465,0.0,0.5669027820105859,1
23.087622530667943,407.19070846457504,55.030400165710965,1.0,0.6065173636200583,1
9.194601525485595,865.2169584735835,9.430875651826616,1.0,0.26718777139003136,0
52.58739649354263,731.5005075677078,5.443501604450023,0.0,0.48099155625680623,0
41.424326838216054,148.07693406159862,2.693786165616243,0.0,0.39477182536812144,0
44.68072434925874,819.7008359774298,25.744505368029326,0.0,0.6262219896189839,1
33.57587487020959,325.82068778355045,25.85038351414288,1.0,0.5580509489197906,1
46.97649706781915,425.92675593261947,11.398632079424791,0.0,0.5039359911911163,1
26.872403782721822,49.221494476335295,48.322511703826535,1.0,0.5151613659993128,1
33.947582439794594,459.5257680366788,45.396258829756604,1.0,0.5633733830801017,1
3.7538269435500893,815.0583700357591,41.05967901755547,0.0,0.446588981170313,0
33.3041228483057,417.1108248791513,39.485274078619575,0.0,0.44038627965926025,0
48.87621599506836,29.262171936957827,41.75498260146882,0.0,0.4132910874941417,0
42.33273142313817,759.228711268752,46.78520121875223,1.0,0.7953232379304821,1
48.18913171975228,423.11869708173657,28.05833613147909,0.0,0.619283206830138,1
29.76594717936988,91.40721174348855,14.099839888351793,1.0,0.38652690239334486,0
52.880108166764295,627.4996101976984,8.503585957766443,0.0,0.4675767998404714,0
6.4981402902565755,166.3694869640214,19.442128547114816,1.0,0.13618538890294477,0
52.5420317869297,549.1398097735527,32.41715919172441,1.0,0.7623499200587565,1
22.27628968427139,377.1482786960032,58.22449539910941,1.0,0.70416289317908,1
5.4577519029567085,223.27867732604676,51.3475427855861,0.0,0.2954278040534254,0
37.15998110941207,390.6905533745591,32.06010850618055,1.0,0.6144625211141563,1
27.29355630476505,268.823934269011,4.257009513668237,1.0,0.2670867930099537,0
25.702356151963986,423.2049103779058,8.699805348815737,0.0,0.24492731540648555,0
51.12174247287333,526.3329057481981,13.667299031174815,0.0,0.5554539195762875,1
8.267482046401131,454.210862332857,7.825060213369468,1.0,0.30886894145920246,0
37.016088558778094,49.94835565926752,23.022492122862104,1.0,0.4144289006837353,0
24.825008905287838,513.563958962862,41.22003181263553,1.0,0.519964715875167,1
31.695525296214374,850.8220671902912,1.5689736478433036,0.0,0.4099484900860045,0
29.96456283792863,767.7755809329301,13.079287107154542,1.0,0.5367061257055376,1
8.047744507675203,380.25230251900325,54.604210352734206,1.0,0.48512918826643026,0
30.72092292156467,694.7530331884824,29.428311481032004,1.0,0.6006998266208811,1
51.72632942844649,152.90470886297322,31.468921685255935,0.0,0.6077675006297044,1
10.27405471544235,639.1243290304232,34.83449360871898,1.0,0.44956559114387495,0
0.6881335037715286,159.5752227189645,39.812594191191685,1.0,0.4284389513999043,0
4.053917805796264,72.17282590161109,13.63578866076665,1.0,0.2282168766278098,0
27.587742188106052,596.4489521633849,40.71667453778174,1.0,0.6549303635851226,1
58.46712322149584,320.27780679216846,5.707276424912225,1.0,0.4836306585006098,0
2.6542139392513686,464.53354475504085,47.61522177290045,1.0,0.4024668764598072,0
59.4557708043687,44.94288853801892,47.01197955930797,0.0,0.6259003941589186,1
32.16318493460479,204.43607390969734,19.349828939919526,1.0,0.3876074572045792,0
7.208416316605614,68.36111970382126,45.76141551956586,1.0,0.45501966853671677,0
25.112362501063863,834.9823127330519,8.196384724686684,0.0,0.4576139111871566,0
12.441604226656631,104.02951737781085,51.85469973955079,0.0,0.431954314564604,0
42.84908808568759,828.524015418425,28.9880395886115,1.0,0.6887664512895593,1
32.49082142793552,62.41097835104866,28.247339530837184,1.0,0.3709388457575047,0
17.27759713026177,181.8871095330012,11.173704534421178,0.0,0.039617190645696215,0
15.325358202206466,639.2471322972261,47.6544119433282,1.0,0.6192079197807487,1
52.01861238219974,568.9710665536517,29.203754633300804,0.0,0.5678101969198444,1
45.974521442695924,45.540732675834285,16.718895590657286,0.0,0.2692030484556466,0
26.171102524490447,299.4943211032533,12.52141252971307,0.0,0.266138059844302,0
24.3306740041691,115.85320624559668,34.919339551642366,1.0,0.5663543054167388,1
44.24837438193826,303.5664237160263,2.9952713907524475,1.0,0.4614250649776729,0
58.24407773734745,322.0242172477979,22.39491725142625,0.0,0.5432104019351011,1
4.775557897604628,484.3967627148397,3.6627530135731723,0.0,0.20676044921580372,0
9.545016985906802,675.0871688270603,52.532287092647806,1.0,0.5803960462562404,1
21.739601989423395,28.710924386496885,23.15657762425678,0.0,0.2350289939018344,0
30.462887624510383,609.1132979406149,4.293823845976865,0.0,0.3960079237042067,0
4.284524816411837,837.0196901206729,30.66434835007015,1.0,0.3598033077613085,0
3.2093767414317242,301.59173755098413,13.90028678680759,1.0,0.09072927539402445,0
13.167735094858905,595.7749510082714,35.898978753082204,0.0,0.3211988723253536,0
23.157571449427067,402.68849131942574,48.55164541367335,1.0,0.6866253533995106,1
44.356915267701886,265.64199892516814,34.29402559164879,0.0,0.5878205759272888,1
36.59485886376452,478.9155602099478,50.31240564526389,0.0,0.4632660484047566,0
1.7522457269940461,52.73172451459145,36.030064716390896,1.0,0.35762241226587965,0
2.700771209766677,611.1370734069612,47.94297206197431,0.0,0.2719905842474558,0
27.121783568905805,484.50374605470364,23.76217801503096,1.0,0.5098706365311464,1
52.49103920030634,238.6736259568185,41.472614210707825,0.0,0.6500978899410407,1
54.89982705645546,28.38170447329378,19.50481128106551,1.0,0.5038087006788609,1
21.90632569857614,837.4520721712529,43.7838254503796,0.0,0.5678798803272687,1
53.24235955067979,589.1455022889535,52.279249423316166,0.0,0.6273405916850995,1
55.747458501877745,40.75975722709466,17.613332329284344,0.0,0.5730242899256999,1
24.396840827037213,710.1893440971113,29.14420581039163,1.0,0.7050265580946651,1
44.76438970206146,98.5459702368028,25.891396609171093,1.0,0.6014160395030097,1
21.920540784664713,411.38668405813377,8.414161325928475,1.0,0.29527510856181605,0
9.214620734683944,108.108124135862,20.51712235211242,0.0,0.1529131681636859,0
34.511877312047645,827.9196723832104,21.366766939344178,0.0,0.47327742818854934,0
5.185338736578848,577.116567299069,51.1618049776787,0.0,0.4090222126516067,0
39.80118947650195,617.5821637218759,41.931380276693744,0.0,0.6397090652924455,1
48.55199437458374,310.6367556741485,8.021881839611275,0.0,0.40804698657318755,0
54.92435657764723,293.8202349509573,8.921842520525743,1.0,0.6344642128170122,1
26.88149910118603,56.8867129820122,16.518685501204025,1.0,0.5658383338667252,1
7.043087954349647,792.368466980595,36.08991901129942,1.0,0.6258511812522622,1
54.14949083534444,118.69820677537076,13.97408763372551,1.0,0.6165207335039825,1
52.22219521842713,548.6133193693151,8.90351770866419,1.0,0.5531654369056853,1
58.05661308157915,186.92746837838845,39.33541277114703,0.0,0.6626514665116449,1
35.63873095816579,84.02089696800125,21.481435648011065,0.0,0.24542587704963525,0
40.40421324840652,42.14341554516808,28.69067120929506,1.0,0.4795137634581988,0
22.39676867686689,294.52165125124776,48.3750824616854,0.0,0.6334181331272888,1
10.988158653384218,104.80505149373373,56.47516449445413,1.0,0.5633417881899784,1
17.502900765393903,756.6452867406982,41.66877585326618,0.0,0.5953963854651865,1
43.23939236004706,549.270645702378,42.53059886700729,1.0,0.6445205519153804,1
19.499018059868053,164.3311605900475,36.7000022145148,0.0,0.3103083343036481,0
41.495188777133166,23.850042416176144,32.529608907962455,1.0,0.503548181690658,1
30.12955254954563,422.76117780511964,6.950870968931704,0.0,0.3707075791600447,0
26.93976550474033,758.9094464756072,32.61413908859641,1.0,0.6101752397572009,1
58.05767414680107,222.99538697852057,12.48863732297308,1.0,0.5810992272610476,1
9.96543099580993,521.7192670214885,11.770041368568753,1.0,0.28777801735122116,0
29.22964762777597,218.22149016178392,18.482118722884007,0.0,0.26298132061226437,0
9.58287843861629,872.81926304788,30.082559622095147,1.0,0.5587257157004697,1
56.24741827912712,223.06026088388998,53.83073244024277,1.0,0.7073899871822544,1
29.317164719659623,186.8330670511147,8.390113319119376,0.0,0.23327854911083792,0
19.91796093838959,552.703135470518,22.872302592830266,0.0,0.4344927965791516,0
10.099217592027369,258.89064377220365,11.509122243747637,0.0,0.2288990387397987,0
35.646041958512086,776.7719034696,47.93981076499257,1.0,0.753467355539875,1
23.937535531242688,688.2251521139109,14.30222832092291,0.0,0.4574181445251641,0
7.630808126986269,623.3300262630465,27.834268473278687,0.0,0.22267120018242964,0
1.9424251305988571,858.6734422793617,23.530043973312257,0.0,0.36577421449139014,0
23.47815599494642,386.88155035141773,35.81255639777926,0.0,0.4467527386128729,0
34.990105588635494,37.27861393830231,5.879484141398883,0.0,0.3778223076186675,0
31.129506395959,283.541528288339,38.86721934419327,0.0,0.4569627623943244,0
54.001664844338464,226.01818402997714,42.454894072983045,1.0,0.635639214796824,1
54.697110147965574,159.45258060000282,16.309333065586493,0.0,0.5013521761719416,1
56.177846165469084,359.1508786927717,58.47738441525757,0.0,0.6409897901172811,1
47.98155897684496,54.97475220461803,41.346971132890374,0.0,0.4941078295932263,0
28.656946809768662,1.9590988168515455,10.229968334887447,1.0,0.271297375636685,0
31.427707084525892,473.42018028679075,19.628454431505922,1.0,0.58469752161225,1
23.838903595573683,134.5526952501778,7.1221858855336,1.0,0.37326302235517805,0
23.972627542649697,742.547542368469,23.310199330844387,0.0,0.3645203833887739,0
2.4947804618000258,100.42825741115284,1.5148174635259903,1.0,0.1533268572742465,0
47.92934825734637,84.91178559699787,42.0660627285375,0.0,0.5242367683133765,1
14.76121844991136,527.7419594587479,58.45941889110204,0.0,0.4273100698818646,0
1.7603426336233463,724.3696488054084,55.61553313291387,0.0,0.5107955351067098,1
27.98876117141899,703.0117540904884,10.874806279087997,1.0,0.49811205310120127,1
43.07137201449147,775.5580053625355,28.756379637238282,1.0,0.8137569628283576,1
26.161907406333523,416.42698942904445,36.27463961774305,0.0,0.4647855338420171,0
21.847997234558235,223.807848882587,30.32681464421036,1.0,0.43269416165466135,0
39.51162535376788,22.00986305844851,33.08684975782287,0.0,0.40064442060889927,0
9.771285324413705,848.7027848180953,4.581644312307969,0.0,0.19499253079117396,0
0.6799127110856018,529.7640806868012,29.889182634958303,1.0,0.3138565457309232,0
35.545380888276746,847.5392807991235,34.93401000703457,0.0,0.5513749845204284,1
31.82703216627588,755.2837699407065,32.1331534268357,0.0,0.5490788433530869,1
51.94923028835605,595.3620301853177,58.604090383890174,1.0,0.9117156954466082,1
24.952212078790904,688.6036566434877,34.370821845843395,1.0,0.6265779571085942,1
47.16691797691706,153.8025141273228,31.996406080855124,1.0,0.5463347137674502,1
1.0755511082076175,811.4448830210144,37.01611203782177,0.0,0.39747366009225965,0
1.6366710045214328,768.1660214563617,4.056385686591897,1.0,0.344460771501463,0
35.9139268399165,428.9997726093383,35.00295309724946,0.0,0.6956882268103803,1
13.574379505618335,394.06852486334935,35.35296699887278,0.0,0.40562271764101265,0
4.035928610463639,444.6042379425247,47.24783687346414,1.0,0.38280099338281925,0
7.664974051417365,512.7033017700204,24.411394926018158,0.0,0.23686950145013944,0
22.484584385538177,149.27740627127764,45.00872726288361,1.0,0.45138899883481853,0
20.22821591748419,854.4909525780048,24.676166070201777,0.0,0.5238892802662062,1
33.827549362711295,316.9031204961608,7.3377609855157,1.0,0.3869222878311537,0
53.25571790165188,33.11833344922547,21.34691603149953,0.0,0.5637140479653324,1
21.940654160483223,538.7744129190384,57.93173356363998,1.0,0.5813915986391668,1
11.049399678715567,129.17474175109396,31.540556114755947,1.0,0.3673172351496751,0
34.68181486669965,899.6272711404657,38.86535125231306,1.0,0.7770221011142399,1
0.12946669076900896,836.4070474115117,2.0581610683488982,1.0,0.31000349430288476,0
23.089101981246674,679.2791599079263,51.50490764245503,0.0,0.6601097063901427,1
19.034213255894038,60.072000111468995,34.070589676607824,1.0,0.41411118046661466,0
23.243476010506438,759.0335661736451,19.659360439552778,1.0,0.5649312175825801,1
3.0480618579578533,164.47203854427923,51.192899870365025,0.0,0.3651965107002585,0
33.25301316706398,569.2401536203442,41.922297057406205,1.0,0.7696143368603876,1
37.45006287522496,154.9091294973479,0.19166187344461072,0.0,0.23113102576555272,0
44.96792806908787,644.9490650912517,21.738731044096497,1.0,0.549826770250885,1
57.44722071370687,635.5451896450809,35.852733207644135,0.0,0.7226873181316986,1
21.284557330821382,312.58024255533184,12.068309454662705,1.0,0.34914786356408917,0
39.37741059009218,215.46565594017986,42.71894976668703,0.0,0.5130727670236567,1
26.522533101861537,758.8376940871079,6.786549946160916,1.0,0.49309595693841846,0
12.902862844180543,849.0908130513299,43.29227940902346,0.0,0.4956791316733892,0
53.3577129170384,151.99942227410017,48.86459165394044,0.0,0.5723290785597902,1
44.754382938939706,895.9826481929939,26.600471223737838,1.0,0.7437192481169543,1
56.56733385675116,511.2485076227999,7.898639022736402,0.0,0.5612874534995195,1
49.29252157785551,291.9924015361129,33.9942770699237,1.0,0.6908201283000408,1
55.048080875046615,437.69764697224514,40.00599143885705,0.0,0.531770753799774,1
7.682874767140204,58.3739633877497,28.360389273519488,1.0,0.3237320136844339,0
0.9428721435153031,459.58559153772075,46.24593723777797,0.0,0.23153614266743583,0
11.915233768159563,541.0952342538776,59.20739544004993,0.0,0.528463031019348,1
24.72750565749553,465.0584926491899,30.575596442917487,1.0,0.4465684157123372,0
41.25858094344401,28.81996043590146,47.40853641563187,0.0,0.47303191459637356,0
26.307671001164053,666.6111962712952,58.763043080355835,1.0,0.8221556778410396,1
30.800776807608482,442.0165355837599,57.0539769112694,0.0,0.6222326600026709,1
45.65952675621004,152.06313045955915,5.6389770584530226,0.0,0.39845692221462436,0
4.236206175219137,751.1145966269988,40.61375448771865,0.0,0.4261643651325211,0
40.698013080196645,558.7078493798541,34.42215822423157,1.0,0.6519410169257598,1
2.92371950284648,18.372494386710827,13.27574296105139,1.0,0.2761248333633257,0
14.918911895252165,390.8310290927304,42.69460967456296,1.0,0.48169816591848946,0
43.336426415843135,687.0186748177553,17.4442120898836,1.0,0.6106894795771728,1
40.98409559430537,584.2020882900022,2.265855320402854,1.0,0.5846721561053527,1
24.317189379416007,343.198213778796,46.43910339455851,1.0,0.5355435629926103,1
17.67346047488788,717.7834915336964,40.461916258104715,1.0,0.6009164333870035,1
49.686465720275464,424.4235229066924,4.837010422521493,0.0,0.5066352473208933,1
16.485203336935324,144.19831862542438,17.117617678943773,1.0,0.28319368074922413,0
1.8726808914945936,123.9078014914446,17.822388500281647,1.0,0.3477293661917038,0
14.836037437114154,807.5516221527027,23.481329959236312,0.0,0.4665197183341552,0
1.2716029044281885,235.00753829366906,1.9522768474751362,1.0,0.18246894747606018,0
48.64145087880379,529.9924937389424,10.924925274562352,1.0,0.6664951626991166,1
7.336190258535651,222.7793656227872,58.8518565655777,0.0,0.3742898178074163,0
58.438202467173284,288.50785443388065,44.06287931746231,0.0,0.5223782038572462,1
12.779021183706021,292.33325655971083,48.97978158697237,0.0,0.41956574615930037,0
18.364284899859427,13.023535819981468,56.31578308697525,1.0,0.5472269861931902,1
35.11153717532069,9.17698423141603,26.289354897685776,1.0,0.5331985656967246,1
18.492486423049506,79.57789695662082,23.280965704350315,0.0,0.2750680571905539,0
22.75763311808546,653.5291439662245,39.09049045424516,1.0,0.5987809345193075,1
6.252611632893343,249.0490953639808,8.662523555861437,1.0,0.27796407079103314,0
23.344259244215493,397.75540258257644,27.8502308859199,0.0,0.3784073797810663,0
1.5139763932731531,557.3427238635704,52.52094441864646,0.0,0.36108211589537265,0
13.438015345259455,459.52290096847923,26.189318106959075,0.0,0.3834982101573555,0
54.5682197734027,804.5069338531563,2.405003272529036,1.0,0.6971535428840305,1
16.846588442653186,702.3708235430292,10.431354390929526,0.0,0.38666114132147966,0
16.253900699011744,792.4003766141644,43.89834167391956,0.0,0.5170593336610568,1
40.755746386610085,273.8169012092179,59.14212790879647,0.0,0.6855561193554699,1
52.9741962749283,887.6184300223406,19.735096778507618,1.0,0.7362756614158522,1
17.750660648906837,856.6102952984244,37.94583633470995,1.0,0.4379896611683981,0
22.57972879321327,593.6563338736458,59.800035907440645,1.0,0.6358764081018641,1
42.880341282571074,722.4481715998297,44.17206234056988,1.0,0.8139906009511695,1
47.528758530220536,163.97661694190197,0.9235932261627777,1.0,0.5265507579228492,1
36.827634735364896,875.5621713108214,5.132219633891855,0.0,0.39586302436469173,0
10.73984440041107,173.3753779912834,38.39369294139542,0.0,0.34182021150218633,0
10.844119214301449,715.2972212995941,31.930502317934042,1.0,0.4157585288611754,0
45.4771611992959,30.516169735128727,34.918650556506236,1.0,0.6109207986166875,1
42.40978437064284,692.1818165325287,2.5210763520313795,1.0,0.6883310977602296,1
53.77673546150934,515.4906193369017,25.246057988459658,0.0,0.6376725036766389,1
46.788004995826775,363.2607202780496,32.49473717483083,0.0,0.5921704504248888,1
25.272999358118266,242.5400985897179,16.33920629485248,1.0,0.4833815739869915,0
7.996468338811278,426.26869968566933,28.064340451997314,1.0,0.4215855173438321,0
53.428324119120354,261.5223728811938,29.6942559875561,1.0,0.6590885836509753,1
41.73258775698392,325.5711448292166,25.034701610227504,0.0,0.4513703736070655,0
34.582523280938595,892.8895003547234,11.302444571978391,0.0,0.43760002278660814,0
40.91215339543734,331.42140086220877,56.210271340769324,1.0,0.6588030135284924,1
23.10869943932721,783.9771499945372,54.955239621078455,1.0,0.6855314702629748,1
20.596807863594442,402.95210287817594,25.875369067233823,0.0,0.33387239847502087,0
34.526319312751916,779.2237103920583,21.022344392793425,0.0,0.6381666415528793,1
28.964834194739066,638.6009516968716,43.025279200635005,1.0,0.6546458864434347,1
42.53818539968518,773.6530313373951,41.951138138049814,1.0,0.7473489209091092,1
56.165588700212496,651.2875821013083,50.04490427809625,0.0,0.9162287091824459,1
50.8376900371365,557.4046384795406,9.038815812750912,1.0,0.5984285631290578,1
23.24822621344708,799.3994597941467,20.701689890818212,1.0,0.5229445832359579,1
22.34859908537172,599.9190963394738,50.06174954041757,0.0,0.5512377956725433,1
55.60993614305935,748.8441442603672,27.075840970006922,0.0,0.6948046490738993,1
23.67731455703824,607.3484969207827,20.32836575109706,1.0,0.465359026202378,0
48.01433913120168,413.9662453291899,39.98572681937435,0.0,0.573858151193448,1
5.564514582259936,256.79384804687066,42.2587112017775,1.0,0.4723940632889147,0
27.06647500541759,290.9216646040537,12.328345921180535,1.0,0.3632113972035066,0
30.974320150633115,751.5709986360096,10.352549255804584,1.0,0.4665781251006506,0
48.53029181618833,232.92891136057318,6.765188758176417,0.0,0.4031355082759581,0
52.65660909355714,260.9558847462462,5.717975771536807,0.0,0.4163257195245083,0
9.159553620707081,879.0297175718646,9.27645684528059,0.0,0.29234266221588057,0
37.02934916213806,607.7635235607107,30.160044920115578,0.0,0.5138281286677692,1
37.74837468492604,302.6342572440248,8.976399772419231,1.0,0.46369689668537106,0
9.092413553303,624.7223485802758,5.016067388560859,1.0,0.3319379555247506,0
50.01431747800291,399.543949065481,56.4460802946673,0.0,0.7470649657005967,1
33.207817694416995,58.65186493418362,17.593531775381372,1.0,0.295330514064437,0
57.702984883486664,814.7071723306763,19.14816616622068,0.0,0.7627669399290806,1
11.178677030470993,47.347760906599255,2.9756490171573624,1.0,0.3146283682913432,0
31.49820615100225,849.2278362603031,28.263502197806677,1.0,0.5945171033139321,1
19.40710373966106,373.2317160388534,36.3132711143053,1.0,0.5227864067648682,1
38.548504037105666,489.84063943715176,44.51794515576849,0.0,0.5253641994279202,1
36.484478236867275,438.4416115238525,51.74577337760399,1.0,0.6907520684661206,1
30.745610649632702,415.49198866271576,48.044505341498564,0.0,0.6451926714316116,1
19.49137728074695,759.3996383417784,2.351032771166255,0.0,0.4072803571693019,0
30.236598177284865,301.92954363918557,7.7498611948019835,0.0,0.3070291626228126,0
22.335352997255423,889.6847565654223,25.01636493051492,1.0,0.7434622557147719,1
53.44680589620169,522.1036856661373,40.11098424140215,1.0,0.8197425657409934,1
27.69140104910015,747.5403932067298,58.3155073765594,1.0,0.5587564724680865,1
28.5140135787512,151.2160812865903,56.89348973529387,1.0,0.6027221140151786,1
15.513540738803338,169.22279339990817,55.88965490599677,1.0,0.6662632264834057,1
15.230112382146864,280.0682455570107,47.38978807337837,0.0,0.432854580479507,0
57.233255536506256,784.7520957012698,33.096845726393994,1.0,0.9358078907971391,1
18.840253026087165,366.90554654314326,6.540550316973377,0.0,0.2602672377341064,0
52.10049871493683,719.7053497957203,51.07285887030999,0.0,0.8191682022804347,1
35.68660566348132,612.2833045539026,3.691734291932931,1.0,0.6487291858264441,1
58.831181032548784,162.10914151129535,38.53031183605631,1.0,0.7264957121510531,1
9.844475001736207,446.93268065289544,45.36655717358073,1.0,0.49440947955960135,0
56.49443523633039,115.94287426092812,31.86290362927428,0.0,0.6388570293012265,1
46.34818340977859,455.1005889674217,32.725127355694134,0.0,0.6889468239235984,1
34.080731985880064,149.8570701943024,46.5418685500373,0.0,0.6480807966964888,1
42.53139477419307,602.9777200135479,13.911250431884364,1.0,0.6484154787218835,1
43.346170738977115,411.8094679004757,52.66546961841308,1.0,0.850265529220664,1
26.903057413517015,533.1212558379699,43.8045691709192,1.0,0.4447924879877486,0
38.06868957727187,403.59112461161783,39.38484064172036,1.0,0.6147239665715254,1
13.713603463825578,513.65466359396,57.23784484386701,0.0,0.479725532879395,0
1.2816093085487412,377.60954157924095,43.87541618067963,1.0,0.4984837884336013,1
40.59034411025065,269.132301875311,49.460963932810955,1.0,0.5858383019387841,1
28.467421352797043,858.1296518024719,20.79668702297944,1.0,0.5924447147610267,1
54.33393539108471,475.916472457559,12.716766015164659,0.0,0.3673707622532691,0
15.842256599461512,134.06984405458243,2.7349485952533126,0.0,0.1675264377569121,0
49.077668464565235,316.46351565169533,51.27725146616627,1.0,0.8724697285332108,1
59.179643282423896,697.0709995808855,52.62239426241078,1.0,0.8401261586943272,1
53.884971529321604,490.76617035868526,29.8394299270402,0.0,0.6081429246923481,1
57.864332987039894,432.3935354842486,55.370794462468744,0.0,0.7016498208853021,1
9.543958553055678,516.2108302649202,19.33845427542759,0.0,0.3003646188286723,0
9.904791860118392,650.3724548017752,57.86933904206101,0.0,0.38961829517568397,0
13.6983819544728,881.2445900141483,26.86062330922462,0.0,0.45593371925905035,0
21.688975492151933,127.60518003765831,29.19926511487183,0.0,0.33510301006546006,0
6.924058255050194,842.897869809135,5.184409249816704,1.0,0.26140485043198813,0
9.041455855383745,416.3712018241693,5.876250852307945,0.0,0.24951716330992324,0
1.1086216349843525,557.351823689766,49.98799501574515,0.0,0.46413525412882917,0
55.99733753585234,382.4351032867474,12.756426770206556,1.0,0.6346450255874523,1
21.66488386269174,413.80883084821744,3.421495583759566,1.0,0.4151404886270484,0
37.561882022858676,355.74416028992033,8.967657751916438,0.0,0.35358347262660744,0
27.272127288078686,688.4702162436934,56.73785466855585,0.0,0.6075469861290808,1
44.5830734841442,436.2226952214332,42.61966655883105,1.0,0.8266793920426829,1
48.36797157883575,693.8124927609126,16.796230502092882,0.0,0.5594390913281128,1
22.979380885561906,93.18976967431128,24.91837520710358,1.0,0.3908359037471738,0
32.11951551488567,23.37295638780239,22.7376315879769,0.0,0.23185861155434057,0
5.849505748735786,216.50563869967684,48.08247496465723,0.0,0.19924461457899723,0
17.12858424622383,209.64566605337947,56.9914127674386,1.0,0.4716618502841753,0
13.365541377529766,229.56055062790938,10.402711308727692,0.0,0.3419442577345279,0
18.513550058168175,398.5189857807417,6.869435902265839,1.0,0.3098076275164864,0
19.4671301895035,600.0104669139653,16.90827065931355,1.0,0.521425317429542,1
34.5002681842253,813.2942937260639,53.633403363951686,1.0,0.8274019800460698,1
19.96620043707535,891.6730000717653,16.156831470356533,0.0,0.34822829283233986,0
19.611669518409684,580.4045723868261,21.738868914904693,0.0,0.35472898665194813,0
49.87705652308419,808.5452254824753,40.62668147361941,1.0,0.797921898226646,1
0.7285819578558783,465.4112947174888,53.959454789857176,0.0,0.40206482198201265,0
0.3155809939914689,671.5131258023594,11.868333545561642,1.0,0.3547546202136435,0
3.426998032633286,799.5242064159784,15.239396331736723,1.0,0.39515666367187247,0
51.93271225146296,622.9503527886508,41.11408907899854,1.0,0.8976453688452908,1
38.024403148116946,365.7634104244448,55.69696251451115,0.0,0.62472749839342,1
43.67779255195638,734.3788720789477,36.97465006024106,0.0,0.7364462370444853,1
57.46132563099286,694.6268416948926,21.64270273027645,1.0,0.8329418327473883,1
13.080012273223963,879.2836389822796,50.52760389066877,1.0,0.49548019696327467,0
55.2000097452745,736.4683370320362,47.00205643319038,0.0,0.7975479925636464,1
14.556021376629655,525.2771256578187,11.546313333161597,1.0,0.2813497901118854,0
31.131943557066847,206.89736682531264,25.79750968100936,0.0,0.4205931337747688,0
40.864213221163794,8.137872069479679,5.983894858903618,0.0,0.3167138857173347,0
47.83552798803066,208.40340305613216,32.78904505219449,1.0,0.6505687584330853,1
14.886665118349736,635.837829169777,31.022460862533496,1.0,0.5431570170579342,1
28.621446604194553,134.75283141464223,35.9597867790817,1.0,0.4767412360163077,0
2.7354441725881418,635.2236434041955,56.835942322963845,1.0,0.5287637038722909,1
17.27271204763349,236.88440084281515,20.717027470649526,1.0,0.4255686796269511,0
58.85805935814317,149.11837497949054,47.8702004361143,1.0,0.8122820430516552,1
54.30620007182447,776.2534345977891,8.905272586410135,1.0,0.7408950792986914,1
34.925433786222555,114.19474955899169,5.671551574562146,1.0,0.421558627027699,0
47.18960719915875,766.9061390228146,55.97649886387646,1.0,0.9520416908870668,1
54.132631012722044,545.5150064660667,1.3304461498960607,1.0,0.5071546257481947,1
19.911303969899144,240.39684759091,37.854194782551225,1.0,0.498793668452252,1
58.83002848626214,212.59005007625817,59.17937595965833,0.0,0.7707952363043754,1
26.911734576956423,529.4419508729684,24.847575357200025,1.0,0.45530003670243985,0
9.533785305586182,233.9285556843084,11.138333202081192,0.0,0.18325247744044706,0
31.80445599595004,540.9008494846929,3.7246807277079252,0.0,0.27524086152969474,0
35.61855948555149,554.0432922671149,11.660778546173752,0.0,0.22620035313242023,0
41.570074783319214,23.17524087141436,20.498332825716048,0.0,0.25111628698780264,0
40.25717569286057,236.85731597464908,37.56873375677373,1.0,0.671802443531239,1
2.4867089734913206,659.3795090945645,28.74423444298645,1.0,0.47498769815220154,0
38.34266848632476,124.49340033159511,0.48514532747989003,1.0,0.4410323298170904,0
55.2974981947744,674.9825811738417,14.872586139119775,1.0,0.6625683271308851,1
40.20637303029826,700.3773765548464,48.86826899578556,0.0,0.7085830178450729,1
58.51294565339397,737.4569854209376,46.2870539443268,0.0,0.6531739014690391,1
30.69046145547552,796.0964317727628,28.770441240128957,0.0,0.469504031979627,0
48.612510383001734,326.5600426848875,10.845363253468822,1.0,0.5972969296864598,1
8.416347113373376,852.4245506581922,0.27366147697942766,0.0,0.2755053403676842,0
53.732477589450355,40.259764523957095,12.574910535502537,1.0,0.4600502250780802,0
26.186282340872534,53.06468625300303,32.30074639715067,0.0,0.38332596490753656,0
52.60016001533842,532.5526678061286,24.430052241532213,0.0,0.6834687622347937,1
19.249708258667507,56.74928633091215,5.543944058927874,1.0,0.2626198202326328,0
37.45921797707356,469.25758627003256,36.837258635317156,1.0,0.7941422462920339,1
50.79561178729526,278.8193228977388,42.585385129856036,0.0,0.6032843904857231,1
42.681415881318394,616.6813498598408,33.259882070323115,0.0,0.5985452083401763,1
37.19573639981285,388.4808786943784,43.386255946318535,1.0,0.6259287690222393,1
58.23881710702716,296.10632349282923,14.843937617995602,1.0,0.6642252834723181,1
5.279801268850221,592.9262687909297,35.84125357693622,0.0,0.37932605417199394,0
6.119716747798445,871.9494269064567,52.24819246458941,1.0,0.5152404270963078,1
33.094818405124094,210.82207240787275,6.2749621071802135,0.0,0.19697805620207798,0
57.281407357080056,61.56038172030438,49.191637783544216,0.0,0.6973891268859402,1
41.18864984968722,143.61870022934744,1.5029231676651134,0.0,0.427749514347999,0
18.578665628479285,822.6608037064943,2.734706301666252,0.0,0.3206556039921484,0
6.463054090843232,658.0804163253608,31.44697726905434,0.0,0.2924562285604365,0
26.897173021288687,2.507285630747791,33.143310145497054,1.0,0.4450313962443442,0
28.817420886796018,190.20627080169103,23.57790306880619,1.0,0.46106776584903364,0
28.096495267797497,691.8931639688138,45.999822913522394,1.0,0.6366201209928721,1
37.16012154053152,129.0742886488605,21.758095094258834,0.0,0.4759558567640729,0
16.36818226175082,438.60525033559935,17.589864006045783,1.0,0.37953217905851194,0
52.823587435548895,170.0648461277381,15.413140004098242,0.0,0.4247107479662798,0
17.299725964908387,255.2610454268196,3.0892602702518035,0.0,0.15377257188579305,0
6.424429165354892,402.6938680511336,33.75385165361704,1.0,0.3454710483128294,0
20.937509770942963,433.75560655080267,42.50550452042541,0.0,0.5707400041577066,1
56.14300069168398,776.3816066923151,33.83468845233479,0.0,0.7819500046492924,1
9.565417596413335,434.42069093889035,25.240740104590436,0.0,0.3646426890884563,0
16.661322917876095,856.204184531311,44.14350825841153,0.0,0.5109384402509342,1
55.59450411255972,466.5923692279742,21.005353089210686,0.0,0.6228521969520339,1
20.88489879416147,417.7933731407235,58.757311376870675,1.0,0.6531573273266436,1
50.5856782736001,260.8723797261541,24.027161641382712,0.0,0.5780506440949403,1
2.725913464456502,348.80899572303366,8.737219032592854,1.0,0.31522596980138773,0
53.30907896759163,876.0325573323224,53.91792929391179,0.0,0.9002967895415023,1
14.236692825024901,485.6445790364822,44.32294115665655,0.0,0.416803744147826,0
10.833991881660712,165.33220000809706,34.41734255985704,1.0,0.42742361191520933,0
44.53460864411623,117.98938970173727,8.162591629611395,1.0,0.38759096992829184,0
59.3676787671857,574.4552602623073,51.00952398615259,1.0,0.9263078779321016,1
57.55694421269028,491.5740358662276,19.727729808183053,1.0,0.6677659225287135,1
45.1388080423074,455.10876417803814,15.924351350251552,1.0,0.4745278945299724,0
54.856941357131696,553.8396605883478,45.30460226271822,1.0,0.8238850246884841,1
59.22368227859784,67.01758554350947,55.32122500621232,0.0,0.739079864944874,1
33.16652456695628,57.229947074326184,54.047591188195696,1.0,0.6852283615633847,1
8.67671929553845,252.39447376096567,18.236617240905797,0.0,0.1894016169193715,0
50.963169708255734,252.36185858512118,58.682900055482705,1.0,0.7581796323095729,1
23.752942430447032,642.9696610726494,51.38162371494027,1.0,0.5920803855098167,1
18.759190067202816,783.2694702521112,13.695900506598399,1.0,0.5222025325529815,1
30.054619694501795,515.0265763633882,57.90047411364712,1.0,0.81977650829731,1
2.092153317373746,709.968144565327,13.77570033925948,0.0,0.2252072092072457,0
1.1220292783890229,715.107313999852,48.625784191397884,1.0,0.5474627605423652,1
15.858910219593064,358.3802219202132,29.10025971515048,0.0,0.40563861343433427,0
35.752530449494145,511.3435927495344,17.184052206303047,0.0,0.39243353455885716,0
44.96489766311664,723.6868261698428,24.66087562605321,1.0,0.7266870157465899,1
57.43154387290851,855.615171405613,0.18055378606642414,0.0,0.6314613822884225,1
49.08844262572774,726.8867408797772,55.33155806760521,1.0,0.8801252253193234,1
56.46676923244444,374.2913680563928,10.919851542727201,0.0,0.5123376727413183,1
38.18037809446519,85.10816322691758,15.095718944676095,1.0,0.3946492870711458,0
44.03404951546055,222.5685340196982,40.7783358939832,1.0,0.6755639619402363,1
35.24212438240136,476.4681299172056,38.83350957142081,0.0,0.5231371374713039,1
4.885968229980666,188.11715346326608,53.55667562768005,1.0,0.4793283011760792,0
3.7142291894532065,663.3792722640569,37.193556678207486,0.0,0.4064069881961471,0
45.608369226445795,238.87428291854866,48.14808277359924,0.0,0.5909770184745068,1
12.140777877159987,391.86652081219484,30.550186231340263,1.0,0.5221763224648149,1
47.38916713151381,360.33045552493235,8.49044376208279,0.0,0.35778694272025313,0
27.843396869263664,884.9879255092713,48.63762866429574,0.0,0.5887108461938425,1
0.41682204151568536,375.76416704272384,13.444620594402325,1.0,0.22819196220607496,0
33.69181745571609,607.091839437134,45.52389907034884,1.0,0.7005376396634941,1
26.582276621508615,860.8172476262944,25.230054267052417,1.0,0.5278256445026793,1
4.433051885901847,668.7576150642537,6.452329136380433,1.0,0.37191176920557917,0
15.66447525061664,645.4951054886419,35.22490417936992,0.0,0.43333724480086233,0
18.398613994349667,746.9485529015461,22.374417190568945,0.0,0.43253675935324554,0
20.740819372907296,363.129701833207,19.077818599410023,0.0,0.23257868390796954,0
42.40975193621909,214.1731542351077,25.792088216188876,0.0,0.4338771690968035,0
10.036412470308562,204.54044424458988,44.92004418326727,0.0,0.3578621214813122,0
26.5975375403612,91.37306503179543,39.451954774361155,1.0,0.5226074281589657,1
36.40989274925068,68.24300895867293,44.338877571929174,1.0,0.6345080915338472,1
56.78026901569327,778.572788521957,28.182823512567627,0.0,0.7036936377149622,1
6.89925636954372,830.3582001253628,29.36852279889227,0.0,0.3587629105218773,0
4.759180725681262,742.4652707496681,41.53043624116955,1.0,0.27632589595777807,0
11.502795251259704,201.3624093631273,51.39886297941661,0.0,0.410093297742085,0
13.23471553121478,35.67760341681313,26.716369199723403,0.0,0.227467849632775,0
9.766086459196412,663.5469602692912,57.81409440430837,1.0,0.5895360390276958,1
4.559771278245515,493.3676541303695,8.063429384435825,1.0,0.30595359731358857,0
12.572728691701807,525.6621929459941,41.19771862771025,0.0,0.3720230068536148,0
13.40188264880357,360.29464844902543,42.70405251253533,1.0,0.5165645526558061,1
28.772941879283362,537.440254640779,20.594250384706573,0.0,0.4526742326774455,0
38.86413164327656,668.3552881588107,0.6905689848990004,0.0,0.43761291025391946,0
21.83212010044912,435.65102446212455,32.472553956880496,0.0,0.3089029083166287,0
10.090676457360853,389.8275315315026,22.560633803146494,0.0,0.2637767149582939,0
5.680324743559291,394.7600624704785,47.59157007606626,1.0,0.47568996736228986,0
15.78459414354926,34.900487454307935,37.682363614357314,1.0,0.4018654384513578,0
10.248951324651724,333.2126596321707,35.39316679030397,1.0,0.4397836275943253,0
28.86212928569804,347.7213292493318,9.327445805921531,1.0,0.4250893649594996,0
52.26543021086718,227.04230323141906,40.57471620423814,0.0,0.5613934916525234,1
42.987041115956984,625.361884164313,11.345198348244331,1.0,0.7580001704706816,1
12.19405480340158,722.0330379219419,39.95672333853854,0.0,0.3888418667601354,0
2.1496321437382515,355.6605432765313,31.894124302401917,1.0,0.28508079898844885,0
4.057014933250862,661.3006235282601,4.229521709754032,0.0,0.24765495514042926,0
26.14742134241337,461.2522578931328,56.36035290168933,0.0,0.6217476453715012,1
21.815673803771276,275.8497743860714,47.08391086278325,1.0,0.621751955845585,1
40.94619513920315,26.90528064336085,29.760494629702777,1.0,0.590065962832718,1
5.033354410872648,279.11394984322936,24.809682572935753,1.0,0.2077181579736413,0
15.273061538472408,795.5583758903415,23.084764656647437,0.0,0.3240962158513202,0
41.14678497713926,752.5798220770786,5.513961603284452,1.0,0.6742754753567389,1
34.08406221492428,849.2798857117828,14.484839051146999,0.0,0.5580422260153357,1
31.00182043579804,709.0545059065445,16.215097300479886,1.0,0.5205699657650734,1
54.09983020293432,575.1070793034661,58.6168030200826,0.0,0.8113918497863108,1
6.799849253842227,50.11395042551815,22.84539669898287,0.0,0.11447149956736605,0
11.728661590416925,65.77743035940807,19.159208016492578,0.0,0.14913605567522192,0
33.93423957263239,755.250953799311,42.04774275256972,1.0,0.7171240499424967,1
33.918696790508335,123.49059823709372,2.637478039969645,0.0,0.32581092711370274,0
58.80613246492014,113.71425660071753,32.98828484463505,0.0,0.6669325434379996,1
58.645522030275956,822.260877051969,39.04931517210846,1.0,0.7253507098272198,1
35.23622192017174,373.37502138246754,44.03445896043883,1.0,0.6913157397914108,1
45.53197545982512,80.14421608200504,15.54886747478074,1.0,0.5659608499601188,1
41.84492083024926,203.66063766466115,19.934336243763603,1.0,0.530245367621693,1
7.9760163586595745,214.24250527577757,39.071365108735286,0.0,0.36398332518935705,0
36.13751872886736,443.1969202522742,38.205561933866235,1.0,0.6658729661117609,1
18.34586586081224,70.3206195103233,40.35842935254245,0.0,0.36809217052573273,0
21.537748981977124,461.25593219807,35.78507708260648,1.0,0.40362182143019454,0
9.377050637290473,287.5027180334381,4.803501296006503,0.0,0.20697725260718386,0
0.5000203387101476,74.60921335861444,30.555591167939767,1.0,0.21605919175049032,0
51.21878514946502,395.7369985922717,4.157913004759357,1.0,0.45811576852706726,0
43.023425074959846,530.5010704226215,10.643324857366693,0.0,0.4046846619904213,0
45.13199130022691,276.2052658970471,53.06921183566502,0.0,0.669935696637537,1
17.28166656698924,298.07082448279704,23.250242506901092,1.0,0.4186052286236141,0
25.043552303711785,301.91222352861666,19.99667456949953,0.0,0.3427603781207683,0
10.56615513591862,859.6212436388004,58.72785743481445,0.0,0.5657639463458238,1
36.13055608592801,780.0329951647343,39.86663063372517,0.0,0.6851464419372096,1
50.35208259608358,292.4688879481109,15.254521253126248,1.0,0.7458830631714101,1
46.72947080475615,664.7708829674893,21.237758711589034,0.0,0.6176690801536154,1
56.0279501442753,762.3512152272816,39.343251120172624,0.0,0.7117670864575313,1
15.628008665669526,607.0203719381527,8.113850382174224,1.0,0.3804095453314033,0
42.07989807837844,629.7135674037283,58.41431278744891,0.0,0.7669165500742208,1
7.602966054930014,72.57102332151743,50.57079463658025,0.0,0.268770429645161,0
32.17806845155041,726.8978512413349,16.188372476644716,1.0,0.5347677342362884,1
6.614980533695549,51.37463077889854,5.987395907044355,1.0,0.19342965295724035,0
32.420969718571875,887.5585569977438,59.797154881775356,0.0,0.8432430713510711,1
32.527435087967305,183.89301844827858,41.8379180996079,1.0,0.6017626219858536,1
20.8169602381308,200.88843769916363,49.384333249235866,1.0,0.4348455168268913,0
20.96966650510834,419.26298678537836,9.663965772169245,1.0,0.32009170055084213,0
42.666955636769885,346.7675195075812,52.17181734105325,0.0,0.7094524298744503,1
28.862842369389934,109.74116447737923,11.406804148663381,0.0,0.17006401518411876,0
24.45825836567851,148.497272014434,41.240289645762,0.0,0.2705599069560517,0
6.762850899832175,870.7256536705603,52.30522695837293,0.0,0.40316515983991935,0
16.93739907750065,184.81524492057795,19.712742806978614,0.0,0.262943382158366,0
50.82398093689328,29.992932448689004,57.16866679435363,0.0,0.6621598741476796,1
58.31915787769598,286.1110266682047,24.17853489998047,0.0,0.4825442385197765,0
22.39064314121232,427.2931909087516,17.33890242849001,1.0,0.4058148337631324,0
52.24845913447144,62.98106812076796,46.78136910335976,1.0,0.7200469950238051,1
52.421863250175754,614.2182554184839,35.24172993294514,0.0,0.6893125986455791,1
13.085970225956054,425.14546935870516,28.766573724669282,0.0,0.2759609572009701,0
16.428667536076052,746.0402961842015,8.534498666325005,0.0,0.3654689992188131,0
41.76240385900697,219.47390278909273,55.811956947084646,0.0,0.611328570801475,1
18.360587947666016,42.943984022029916,45.15186969596571,0.0,0.4623396804221052,0
57.31777959469104,497.04452079552686,0.9342524820570319,0.0,0.49318579817074104,0
21.904935880515485,898.0684995059993,30.12865202173094,0.0,0.5329359538038747,1
43.81214808442306,33.51634014408964,23.402684692203422,1.0,0.6152942950584372,1
42.43755170942585,669.8539840615166,34.94474987269057,1.0,0.7200318844461214,1
12.818772970423321,397.01324871275676,13.925050391917837,0.0,0.2444137000798965,0
51.95883154870913,637.6356323903517,24.527706740779056,0.0,0.5861277749570756,1
19.723367284081974,320.15264142241256,35.08405133760982,0.0,0.41726057211480294,0
6.6044591377289885,750.1083338889208,55.941851298170874,1.0,0.4621047806711338,0
3.0095618625260068,502.38067382053777,33.317025103707856,0.0,0.2334526405824753,0
27.109871266295443,289.71518588245993,17.017692855518977,1.0,0.44379551985313753,0
37.97957248453987,299.9500510400124,57.84216286893533,0.0,0.6572172187388897,1
16.282901703358228,586.7092178528884,6.481425316451917,0.0,0.40919924605973446,0
50.514759271442465,255.16667290353337,0.9242388659790213,1.0,0.5958062087457616,1
16.050948159353975,283.7048304989938,25.964247453880716,1.0,0.4351205493928494,0
50.84955885578141,844.6165675680344,29.449882447098908,1.0,0.7296629342410292,1
1.9846982581961048,199.77249967888048,45.17529575129684,0.0,0.1652010993217523,0
15.75973923724225,619.8445763946281,11.28405360349446,0.0,0.384932828315441,0
9.568836261097136,143.20277344724926,28.393867839070857,0.0,0.05951294246689076,0
26.861988558175703,177.62095166038546,47.45258927665312,0.0,0.5826376052768963,1
21.050209498427314,622.2465309134674,15.087848261892185,1.0,0.3907183905931362,0
23.68544574333753,342.05017251796795,47.4777992887834,1.0,0.6342412293931942,1
51.09256178688614,407.82737327919915,57.501368975566955,1.0,0.8721885386139514,1
34.773608918896976,207.4439379903182,52.71880192366271,0.0,0.6137444229452883,1
36.326816966170774,824.2246485317239,35.597292189227126,0.0,0.6344842898235075,1
23.401273605365265,645.8186621208432,50.75875490008173,1.0,0.6470732302849361,1
48.481555964737524,222.97202440795257,21.67464447618334,1.0,0.5859976585969185,1
30.106960800027313,323.25565604818297,56.737761178095084,0.0,0.43268040127737667,0
44.7602339006603,241.13323300596718,57.365205931812234,0.0,0.5575276204980772,1
54.851640544328596,711.2590815167954,3.3343598846583533,0.0,0.48304047551013757,0
36.720634694561504,557.9222376935397,17.083185762039342,0.0,0.4798822232662209,0
26.109521464150223,290.6559793632273,19.171978765607243,1.0,0.4771521123999846,0
15.817371404698665,484.2913771055862,37.64108149686809,1.0,0.39990931913583655,0
54.720152406852755,696.2372217665406,57.07606710361614,1.0,0.9791102918170647,1
45.89379206131015,220.4908500499142,59.0768397115439,0.0,0.6846978906053887,1
47.97160531149899,354.02894035509416,9.917297339369966,1.0,0.5331444976057443,1
13.283967129216661,365.496325673337,44.75288381643566,1.0,0.48582332175732734,0
26.201823305593738,501.0206164848416,10.449795281281771,1.0,0.5397200486764991,1
53.0156218629606,39.79313871654355,42.24289414086506,1.0,0.7111242563771651,1
14.759456489510072,298.10643575655695,41.73475982268414,1.0,0.48749052720750685,0
48.83498699319196,187.04791598592269,12.367858289466335,1.0,0.4878975022543155,0
32.31889813226695,123.47342103760063,30.03116995815735,0.0,0.40802949736044286,0
13.125487799056721,310.57721192196965,42.952696473355275,0.0,0.4921746821786426,0
22.52753724309826,208.04953144188107,48.56065013603821,0.0,0.3579321282719871,0
4.57390163945516,593.7806492241715,56.18014819649949,1.0,0.5073605390386946,1
40.38450834517061,93.13636835396278,25.84482330529378,0.0,0.4647766195890779,0
43.61548820331069,746.3336650333611,59.45531996336802,0.0,0.8090413941277915,1
1.738472476968711,781.192153608856,58.84815811358947,0.0,0.5590583615910122,1
18.084869985989496,854.9325536449137,27.96677487332589,1.0,0.5270389279463457,1
46.125889770358775,100.23066702528325,31.834304029279163,0.0,0.508328354902929,1
12.021745239331594,62.888522830436365,27.125656300386414,1.0,0.3312949892763365,0
32.219191910273295,859.6539519826938,7.209773310451233,0.0,0.3509087395845034,0
48.35273871559491,83.7653449748302,25.153080958496762,0.0,0.5967455211303795,1
34.19813751221974,112.99849801386561,20.693152536508556,0.0,0.44483808211396714,0
7.333327046759499,179.44681780787286,2.0775058155522474,0.0,0.09615664762459986,0
54.5501025668967,548.8466098491039,4.355694741955645,0.0,0.5333768271980762,1
44.802859714177416,715.8938913020481,29.273543175917073,0.0,0.5425671020895927,1
33.89627807530905,60.20452824181661,54.34595462328919,1.0,0.6592183084863553,1
19.970524567611893,320.44535429272037,37.122831273936036,0.0,0.39310614503428476,0
34.938607254833784,341.37085744667036,32.66447849512505,1.0,0.5830701649718446,1
23.492253215762663,850.0499288423185,6.884495280486211,0.0,0.3018918903197923,0
7.12148536528336,554.3485597562598,56.310217195294484,0.0,0.36806343089746474,0
7.3282018036545455,414.51350116396173,6.032782211965775,1.0,0.2357147920045444,0
2.718660638132173,339.521860006062,56.08557652945583,1.0,0.5037807818123858,1
10.221158611337032,320.1110417747163,47.6213042143126,1.0,0.41964280604177795,0
14.734971628931994,228.83111043822797,41.73992800409722,1.0,0.4932203873638903,0
38.11745636883878,636.9222496288004,17.10026554202747,0.0,0.43533735466811513,0
34.81007081351758,143.350876313422,56.587416963342974,0.0,0.4891450375612735,0
35.43234075591734,492.1992749084156,31.800578772423297,0.0,0.6125425321124863,1
49.3205533841227,698.7766741684313,41.25838170593213,1.0,0.7706369976472262,1
5.70827052086382,457.86465021982127,17.171894378767135,0.0,0.19637417581374486,0
23.33412505489211,396.0901404200946,30.60051215981765,0.0,0.3422316025917733,0
4.757589611851665,569.7345960628755,13.115116866977356,0.0,0.19451615043698187,0
25.126087467993973,58.68816481810934,13.104739237752893,1.0,0.331194340363042,0
4.727649081870751,74.87266181332454,32.621753773954374,0.0,0.13517281882376958,0
3.980675752640146,85.21218708429585,26.47784956682475,0.0,0.15718537974565563,0
6.2551615626813835,261.3710472410851,17.334196700796408,1.0,0.26782433926593907,0
23.39334295280779,364.6982135588843,0.9904362659450605,1.0,0.4424316179880463,0
45.78620498185467,282.8351069203463,20.346655702441247,0.0,0.43432565207953744,0
16.914751405919514,310.7372020579426,41.887037793765586,0.0,0.39653080077159836,0
44.50838071564394,623.6395786380763,5.998224357728567,0.0,0.473027984637142,0
13.997166393206964,717.8704995255658,25.834722556885296,0.0,0.40571116667569895,0
17.23291708452391,655.5547981432943,35.82459011555313,1.0,0.5562301502470499,1
28.285699819374027,633.9425478299272,27.238134364157332,0.0,0.611443179982986,1
4.498819679417105,41.44439196346571,1.7510555239878145,1.0,0.06627140430005767,0
26.93249010851425,300.8355252414664,46.62944906171891,1.0,0.6696582446751661,1
35.01425838986249,360.6911843937388,33.79662641739703,1.0,0.5640995685241635,1
49.474499131370315,560.4447855248152,53.90404724871153,1.0,0.683581144409082,1
3.36963553996513,389.3092406820302,53.143970120457546,0.0,0.4631293618506337,0
47.99495488820371,534.1673927082358,57.77340167240298,1.0,0.802984341262697,1
34.179513918018586,709.7784762741961,2.5338032761303197,0.0,0.5045202865638987,1
34.7000557632491,517.2625332341137,37.08734945345517,0.0,0.46537193953212264,0
3.0650696272268663,210.10599021890093,58.095591428751575,1.0,0.42708808081165106,0
52.792879000260704,817.7678444489563,18.16812909806319,0.0,0.6566407971126202,1
16.63997360452991,767.4444055924363,55.70320302541642,1.0,0.7182404270264185,1
32.78854013413487,429.58146000883255,17.498939412615,1.0,0.3059644422972674,0
32.317525247461234,670.2837279122912,27.96369120558013,1.0,0.48529287247405656,0
54.60467004265429,61.20410005484979,41.44556643355879,1.0,0.772791172498545,1
36.08495791149886,541.0047412807112,49.70359226695942,1.0,0.8087843348455054,1
59.48145830976879,535.2331603912937,45.1394014733565,0.0,0.7332501010957385,1
13.928706404360817,841.571022401782,2.6069503640848946,0.0,0.3161938628487897,0
39.730241167480195,647.9936030255367,38.57303264085413,0.0,0.48979880785392915,0
34.60973903415795,15.929658740046849,47.20798634853375,0.0,0.5071449709351916,1
30.81215447045462,443.5067606824927,16.68399486637513,0.0,0.3779762667820505,0
37.65724403948189,856.6754759580582,16.027536594650794,1.0,0.6203074022859357,1
33.03559120573588,121.64908562364926,58.66116177643874,1.0,0.6868166085236914,1
20.209976216666917,593.4368043646133,55.98216851868313,0.0,0.5227336646102715,1
38.494750477750806,324.2988078008817,40.972969929430725,1.0,0.7082863983073648,1
5.003491482234339,371.0382584713807,46.396897314035805,1.0,0.4018669189531449,0
28.741165587792345,821.8483979082134,57.312164975492756,1.0,0.764197686235302,1
27.169308109935177,747.3454383345652,0.2347427344884867,1.0,0.3613242138606554,0
12.793822213837306,316.8155746216906,55.32164185766037,1.0,0.5769658702087245,1
34.0852963996265,605.1182183215496,46.583846780039934,1.0,0.5703911505344071,1
40.19515923339635,245.12125772342222,21.656688214314944,1.0,0.4793883940374526,0
7.500793021581076,497.68795937805925,3.4134968307411784,0.0,0.23491809087979243,0
17.81895294444835,165.44618495051273,35.684936559499775,1.0,0.38354751137682935,0
3.721508535897289,704.0738911073959,31.5902715277256,0.0,0.20689955164497686,0
35.82973884142381,124.48838882777548,44.47754552933453,1.0,0.6480059688034322,1
4.901046668567391,62.64090665344412,46.34555076966255,0.0,0.3944587636112338,0
13.764108356859648,16.854855556640437,57.55936203791554,0.0,0.44293094120969057,0
26.871915083017534,744.2576744181068,14.554334976571997,0.0,0.37965917616053385,0
27.10448532080378,619.1744006760323,7.926669981255574,0.0,0.333025460743886,0
1.9792100635023746,595.8767696980439,8.416544101417234,1.0,0.3211227169975935,0
56.83954037124364,821.7149923852736,42.04389298718581,1.0,0.9474085519754214,1
13.802079042595508,633.1265845353145,55.835483031660814,1.0,0.6275176315188977,1
36.59827445412727,36.23269067097446,37.57929270074844,1.0,0.5299237625855135,1
13.332405333878025,63.62952446090638,6.40935108695686,0.0,0.19553385331359893,0
35.74654238106725,47.332628904553964,30.74084665470285,0.0,0.4264465719169156,0
21.164822600187993,96.03880126870965,39.09862635528947,1.0,0.5626041213325614,1
19.11518727295856,98.68751285518846,18.730465396519612,1.0,0.3281023872193735,0
28.463891710823564,231.03728009903185,25.242183495747955,0.0,0.46422943048847765,0
35.17916633327638,286.24542791724906,48.403814058349134,1.0,0.6545688321195119,1
35.89113082871936,499.5628103026813,13.22284915295919,0.0,0.5061892896047226,1
41.30992098978075,418.2724406551039,14.37617475878434,1.0,0.5201426240837375,1
16.115161206295056,663.0684507781721,2.0546043834844596,1.0,0.3221611620774988,0
5.496153023324199,371.9474170512864,3.1176240058571425,1.0,0.1711009447232795,0
15.201071343365452,892.7903725926839,29.46250199648729,0.0,0.46890788498045644,0
19.602021975565428,647.9279403528592,2.57698998169126,0.0,0.1885989569781186,0
36.442421743026706,0.8378903852369279,16.971722672352808,1.0,0.46740355853197324,0
24.86307985249931,376.13680522481616,48.05197314479576,0.0,0.5215861160607954,1
18.67570591662559,268.20338289483936,59.28178658758057,1.0,0.5149008350864896,1
5.900578280044392,699.4150023435942,43.58451642130521,0.0,0.310821189949696,0
35.798293593979814,53.519659314056746,1.6120590930005685,1.0,0.4661684338894039,0
6.598483499500743,786.235425643369,50.869593478081796,0.0,0.4343121314772668,0
31.013699355622908,556.2202859327499,51.03892939400556,1.0,0.6335527614449417,1
41.30159135793957,787.43772014718,19.65680270573774,1.0,0.5956318718451085,1
37.38589646225036,298.26694718164975,38.29675062521883,1.0,0.6687186588133971,1
9.583290187442673,828.262065235924,33.346791271179896,1.0,0.5607172184148969,1
21.357691318155293,55.4887211598994,12.500667808794006,0.0,0.27282622931618766,0
56.45605026946174,647.3292948356749,16.8670437192031,0.0,0.5440075371398914,1
5.446400111943744,99.29502642998472,17.811255165552904,1.0,0.3093931726402741,0
40.72559755003435,813.8825325269946,57.53516924716403,0.0,0.6954786644899126,1
26.18441994931459,277.79415201346205,27.631509181501862,0.0,0.3552605549014889,0
36.81016067221706,553.0608845209853,53.75557552591939,1.0,0.7277100203227815,1
23.62318816763616,273.35858541773746,59.59543487781359,0.0,0.42041378385521616,0
7.427125164633173,578.9256913622322,8.922080916935283,1.0,0.3358777392675713,0
33.7437093910151,410.9139662710575,33.1380020053965,0.0,0.4899407966639685,0
0.3663357990356042,228.9006592503164,46.608871649501964,0.0,0.23024154036566125,0
51.842770137905866,66.06283737873,36.58739004511451,0.0,0.5760873826612105,1
47.924564491519,826.0477360593321,12.865345381370792,0.0,0.6023349679217328,1
22.425572725222228,423.33128579410675,44.79055747834896,0.0,0.457846690418217,0
32.24103631643874,318.2908713390204,43.32942902592354,1.0,0.7034936839113133,1
31.650125529906582,691.4135345273988,24.84901737272741,0.0,0.4616943114171722,0
58.78036339007912,634.1576934418264,5.260527635705447,1.0,0.6012365382924312,1
2.6233231815437175,740.2253392072957,4.681221180952583,0.0,0.1101505021570921,0
17.86101694870475,687.4412178200555,9.345997686744589,1.0,0.46953386193205093,0
24.42135041053705,796.0074539065188,13.510034676385734,0.0,0.37961390190285504,0
47.24490618944313,708.3924052662134,49.25988555262888,0.0,0.6872816687434498,1
43.800735773284465,574.1155143117828,47.85678165210405,1.0,0.8385815108935158,1
25.401674959989208,701.2741941566825,13.62484973193548,0.0,0.31306120754297206,0
0.7015573108448625,819.684333987251,49.07657384880639,0.0,0.411278735567697,0
38.876636171246524,154.7507332632867,36.403761687793995,1.0,0.5296701966086235,1
24.40506718587294,354.5023275337663,41.845432821014754,0.0,0.350423395859939,0
7.008663847362342,419.42943055316607,33.11770601276005,1.0,0.3283818014031522,0
37.86027171583087,615.2237489176749,39.53861530311722,0.0,0.5745290450775038,1
26.694138049366124,197.95400863813748,25.085458962414776,1.0,0.44097615150050345,0
18.38427152577494,500.6178614050107,26.534456974593333,0.0,0.35723479526040064,0
16.148936483939163,346.2717359548043,54.87776312669665,0.0,0.4036074004958044,0
31.24919573290889,147.784542445443,51.162339321398015,1.0,0.492221849121354,0
14.860107748779068,199.57814040075775,28.24249934286373,0.0,0.2082701324940438,0
23.597194971381587,861.6639161911141,56.31595643806224,0.0,0.6942817858939654,1
56.51790093903162,202.57892612971003,33.838675872038536,1.0,0.5704881340607115,1
28.665200468535247,197.98108095953611,49.42225965687857,0.0,0.35778572214922827,0
15.209147868930323,330.5555277257101,1.2761882854374207,0.0,0.1995501230421322,0
31.275266456054034,75.80495405020365,13.541805980346211,1.0,0.4049359201931081,0
55.03941380965787,267.34029844750853,19.57633338910745,0.0,0.47373859235496996,0
51.9749558493536,814.906175642514,31.656815724614233,0.0,0.6916278742912232,1
40.63499619669711,352.47400847355135,47.310793655692606,0.0,0.46381885004677303,0
53.94334054811415,502.05617756656665,5.44634799445755,1.0,0.6128921274233361,1
45.39844490554231,457.46254833646583,24.84601803758913,0.0,0.5210990738475748,1
40.80883096544796,750.8023133304015,7.086186520749484,1.0,0.5106291943426907,1
25.683493524577635,642.2963448810318,36.20310895832532,0.0,0.43765819224933744,0
8.963945684773222,612.8699446264609,1.0790514016319186,0.0,0.21975030089341682,0
43.92207166023084,318.86139944951464,31.82407838395514,0.0,0.5727354574400362,1
38.05576379444711,452.68292608327556,19.218352299238518,1.0,0.5436967524245155,1
58.07272265473557,42.82647984520376,21.44639301664659,0.0,0.6507733687256988,1
19.25975554315477,119.01470656633815,41.95149639470028,1.0,0.38588376511907113,0
52.60437286350918,480.0177095893596,26.186195630628685,0.0,0.5777033162315924,1
13.11353484580448,742.4923878353494,11.598508918274037,1.0,0.3915585011390125,0
56.77542892951925,360.8195001653978,18.401651890749925,1.0,0.6320702303556405,1
59.74798549481819,63.34093080579733,18.70954386348688,0.0,0.5155734866436837,1
2.8301483717193587,651.1362164270428,45.04694293569506,0.0,0.33284520416169405,0
19.478040171564935,312.5245595670729,13.943647184212125,0.0,0.3296162298471822,0
59.89598155156248,301.57105818171897,58.42705439487021,1.0,0.8312887590527965,1
58.09869825500939,816.4996300252935,35.37866449046091,0.0,0.7577622516748477,1
40.23754781802843,474.5085437264667,52.78325245675585,0.0,0.6203379565488931,1
8.068964896639025,850.3569191203785,26.75694682028403,0.0,0.3599533720598895,0
0.39705428959918576,891.7359561864674,26.20787109138315,0.0,0.4024469897474863,0
14.953839598052614,26.23566794662352,38.549718423280865,1.0,0.28767659460551465,0
56.666074885506546,668.2698585682532,55.23804987504794,1.0,0.9040358567484829,1
48.2945973841382,479.3960294279377,50.23964662623718,0.0,0.4976984802015941,1
25.709941280414792,42.18337821576977,18.922262270358026,0.0,0.2805727153360324,0
45.67378533477212,609.1316132612094,5.738897670826413,0.0,0.40246507159406225,0
54.136750801443206,360.12957960680023,15.137281506098656,1.0,0.6354527981934324,1
17.994749246877642,569.3963625892297,0.17438980235403578,0.0,0.25062247314086666,0
52.46366890733799,99.52745198936049,52.55535043766225,0.0,0.7139821129818501,1
16.172250781965612,117.39383228044164,59.35135245396704,0.0,0.4647959607136832,0
19.722141639975327,618.3733638298085,52.5531892155461,0.0,0.5829208400928922,1
2.6832083949867447,501.74965799541735,58.553109577596565,0.0,0.5010486314429626,1
9.610986868759072,126.9074344265334,29.807019467312642,1.0,0.2998683210212956,0
33.05182449532556,557.2066106877395,37.47048818040595,1.0,0.7138292113772052,1
1.436384254834946,599.8571088682295,57.91594320034834,1.0,0.5685663873641275,1
32.74782586410089,488.4225006029862,29.454463843225078,0.0,0.596171498955378,1
10.198799973619197,629.6207822975622,58.738695022172905,0.0,0.42043382436199406,0
44.92523318506377,109.59336852324026,23.952458498045363,1.0,0.587118962084167,1
7.679130721729262,854.1210721093113,25.4810647057212,1.0,0.45521764349551125,0
12.420797570954479,132.45512988105773,4.100022307887965,0.0,0.1049215453024315,0
16.134028093589038,76.33282243653474,19.625504008402185,0.0,0.17368160454826695,0
34.96319363395755,520.9538177636244,6.769261505923976,1.0,0.6333376581013195,1
48.50919879493109,740.348018055128,55.156431361144676,1.0,0.8250983747976919,1
45.192658189485634,762.116931864783,13.325579617951387,1.0,0.6335326501814371,1
44.47426364347733,397.08684098137184,32.76252985149597,0.0,0.4450467682712751,0
40.90280408898427,342.6149132675858,24.59511710415483,0.0,0.26415815553163835,0
32.60122161029309,624.7151474932656,40.70225192208705,0.0,0.5827452204658585,1
20.55739602072572,97.6072013140353,36.822543038504975,1.0,0.5480520678145961,1
10.7918449743432,597.514205963849,19.79389707639036,0.0,0.2786724861342397,0
51.82452117133115,27.42334736486577,2.342055485418675,1.0,0.34867835891552634,0
24.551363720064867,21.30385582616401,7.830123633261612,1.0,0.23428997235136229,0
39.01246035789321,523.8601459601148,2.900233107560908,1.0,0.5541027444049916,1
4.096760844621814,509.1588990644945,8.105204059285722,0.0,0.1569948471692277,0
21.65278004758428,345.88185542179986,13.467522434432105,1.0,0.5005496584263349,1
6.02493987523461,225.25900319810097,15.09998329748669,0.0,0.09514354756500677,0
21.271999485751266,749.3411717408098,47.960848824802255,1.0,0.7351532730390815,1
43.9941780162054,568.3148929469689,43.70964962839958,0.0,0.4947992677973313,0
20.4685466643333,242.34576975806192,19.154366322470686,0.0,0.2502978972513103,0
40.93124065837263,129.38652815563555,34.37970941296777,0.0,0.32649037468886966,0
7.39016002763335,622.4884029686132,2.3109339770254977,0.0,0.27055926207346814,0
23.098284457636893,857.0700748813587,43.14465447096312,0.0,0.6209231291188665,1
24.60477492253714,701.7844644272575,52.164311379522346,0.0,0.6168458774528482,1
30.54281394488719,195.62471663470856,11.02027586342237,0.0,0.2950762775717548,0
13.703435949785622,103.49508354906263,38.40370723930607,0.0,0.27945264364123573,0
41.92065046870268,548.6674457875407,20.71020497151696,1.0,0.5304657968029001,1
52.93854483711198,79.01192621793408,42.62128509297055,0.0,0.5682711606972417,1
48.75779868035482,709.545503270649,8.88258553910118,1.0,0.6003416753166179,1
1.8525911628649228,78.95888401032423,49.64056429052889,1.0,0.43885375466841975,0
29.28681594768023,277.38963990486656,42.68874512922831,1.0,0.5056010825665672,1
20.640358110878477,89.37483770662524,57.149981312829475,0.0,0.290684156819473,0
34.37060466013054,28.301910123941767,27.799496938210815,1.0,0.5238595058003679,1
4.997409391891157,210.93904135208297,24.52283566854215,0.0,0.21347044780397,0
43.77832550827548,250.2880443394611,15.942406421896253,1.0,0.627163353976236,1
25.00660492839099,644.7997142039034,28.127815120796047,1.0,0.5836718767296964,1
56.63455240492419,447.4745521944464,11.420847820626012,1.0,0.6918484143651481,1
1.1445221705238273,797.8812060348786,45.03989320608931,0.0,0.30912146107326255,0
25.06461455137398,350.0759153200902,56.57100672983249,1.0,0.6927674493429945,1
29.2020058401916,450.9530986604185,46.303115531329745,1.0,0.6547793423454913,1
49.86499437751307,588.3928228704831,26.526853102848648,0.0,0.7353163663196792,1
45.38323195696368,440.0301453860671,32.94650829499191,0.0,0.6009020588364472,1
10.921314745722988,339.61768163546964,37.94839147948242,0.0,0.33980034190217945,0
18.46407397528251,670.8991872534317,21.15081685829473,1.0,0.3747256327268182,0
44.146380549864624,722.5857930651445,29.43482598874148,0.0,0.6404666693071658,1
25.18241120626519,780.9114041139824,50.02653305881532,1.0,0.8094301217919833,1
15.782829109927194,186.54536925785368,22.48236804544507,1.0,0.34245477635817945,0
55.839015191833084,405.4778652905287,4.328251056530674,0.0,0.42462800295615954,0
50.58830070647581,398.40889269242115,36.607799912943435,1.0,0.7511706117558483,1
21.32332531874197,736.5597528486586,10.883450090898346,0.0,0.3136891502067477,0
32.97230468319826,211.74126231354916,28.821036617804626,1.0,0.573199991459735,1
55.75152866027734,231.4319276193487,33.804137305425016,1.0,0.6966567857169192,1
12.99344292834042,641.5313233857665,3.0593164842849285,1.0,0.4281603413811188,0
54.548208195973984,761.7752624840474,49.76662526298001,1.0,0.94646698701884,1
53.06835024275973,735.1333783921397,17.064936684191608,0.0,0.6215752109998465,1
43.589331371822404,50.582091815770326,58.309761031119905,1.0,0.7659305130011234,1
41.163604024938415,408.0937973694681,2.1546477413030773,1.0,0.41481883272544706,0
41.10160817839926,326.266102337398,13.425201351695017,0.0,0.4589082891592549,0
32.65304031444068,696.157023477224,32.49455372016506,1.0,0.6286254251161014,1
34.937320518856346,393.35263789930525,34.60252630827662,1.0,0.6137632983595078,1
11.840212116339249,192.0072672612629,0.7743060194152429,1.0,0.34299115683907544,0
33.75645994091663,11.75218564845486,34.00083160560247,1.0,0.44960164645345435,0
40.37633393637221,845.9973576599691,42.74500636141391,0.0,0.6956154902104712,1
29.132587485502807,788.8588024143021,34.61144397298682,1.0,0.6710782787008059,1
40.757077761627,501.479428752514,18.52098318557845,1.0,0.6231436402883107,1
27.49163030507571,584.4391551076692,18.748996913608103,1.0,0.49029515941796215,0
48.20905168334684,501.3932877249345,4.444354612527013,0.0,0.5311950324974576,1
43.25358774919772,322.24694752848006,17.893538248881548,0.0,0.5590250344837479,1
5.342663953000191,271.9367478699447,15.431915461520056,0.0,0.12340028729358254,0
46.158604549184986,456.07093159812734,49.21469923694065,0.0,0.6188088202692272,1
17.08824252623137,270.3036307572933,16.42934598900732,1.0,0.3998117186001411,0
4.8857745147954335,503.97219808702806,47.205359088836374,1.0,0.5711064717191926,1
7.273339331763912,431.6572500644273,25.029580873219693,1.0,0.361885138471129,0
19.439459333376412,396.50998671366887,29.482371966916666,1.0,0.5010214153205574,1
31.478546427264686,49.777334058409,30.311578332134122,0.0,0.27152249556811553,0
19.81221215772545,689.658736683505,14.691708942185578,0.0,0.2673768961568591,0
12.206617945797413,655.3102915508043,9.556822844397178,1.0,0.29741699512801945,0
46.15360565983738,744.2462976160809,28.3374280843505,0.0,0.747629003967859,1
22.426630867697778,165.95217584705657,17.89363822516809,1.0,0.5648712435947595,1
52.43487288833829,418.24763566652456,58.90602158109262,1.0,0.7784627965188325,1
14.669980910906324,560.9257272991496,9.8719652462527,0.0,0.2735331343124204,0
41.39349112151888,646.881269275586,31.812011123041895,1.0,0.7212591208076122,1
21.448208589040508,426.4048814935166,38.51301314856247,1.0,0.5874162838747427,1
50.9831025300539,404.63006177197366,38.27105951670446,1.0,0.7104943486378321,1
38.78391855852397,878.7462764536294,47.51120662894108,1.0,0.7998533799208446,1
40.715686260748775,393.11383889090865,10.640426237404132,1.0,0.384852772752465,0
5.571540363825724,875.9280481872825,25.97446976262942,1.0,0.45330135612699524,0
45.08220236044856,422.24871859239545,15.055093345007524,1.0,0.48124788712550426,0
21.265268612613156,230.82718193162617,1.092029881723342,0.0,0.14218689694079192,0
44.41157109141975,327.5410159162782,52.06881180260971,0.0,0.6169113603782899,1
50.71223796023405,663.6410262672551,55.33766398255841,0.0,0.6471906534853685,1
7.344001319606328,446.74985459811245,57.64140553005549,1.0,0.4602790064760691,0
0.9206127535063735,694.0034448029572,26.300203419306467,1.0,0.3941419031194093,0
45.47729956068031,668.3263107974185,15.316376932323365,0.0,0.571720820492006,1
58.111787835920126,469.5210648159371,45.05024500195481,0.0,0.7436098913919301,1
54.02284819043699,682.8876374183953,18.7356560980201,0.0,0.6633686725850644,1
26.13257552745739,238.03972628983118,51.74443196975853,1.0,0.5344581824217411,1
50.01797069602834,181.19253228014364,56.12930019744572,0.0,0.7046522567692517,1
1.410687034271858,703.5208317934688,5.447666526428117,0.0,0.1819956044945038,0
3.5102835871117666,63.31882254693531,21.486029683241522,1.0,0.25381188476197536,0
34.88784139878732,59.7606382948387,46.868479210665235,1.0,0.5585368897891912,1
31.652444917240793,88.95070660703817,36.84673581438411,1.0,0.48656734543390007,0
49.49290609885477,341.5109784530452,21.20618531534707,1.0,0.5871441191901118,1
14.007115717988373,87.90170610409082,50.18912893749396,0.0,0.38075395980887633,0
27.760043478331948,163.09955244885052,2.241195899357582,0.0,0.2786062835190724,0
59.37002651938044,632.1331716139842,58.66938754406549,1.0,0.8850372449840859,1
18.16638036455731,120.95423525793746,37.786614294615205,0.0,0.3897439869978182,0
24.267280250563527,413.3181713244807,7.295264678909026,0.0,0.21698077630993196,0
36.45160512830625,523.2224221410095,37.3842733704828,0.0,0.5553601618186749,1
59.70603609793964,846.662138785185,5.502464356974013,1.0,0.7504435738649126,1
10.964624469204265,296.73796783154717,47.86763050547389,1.0,0.5250031288886413,1
41.45821715603645,93.26195302979605,38.66298422139963,0.0,0.498835044817587,1
24.851727987511048,724.9309655994103,46.37538091840359,1.0,0.6447076667631332,1
24.043740499739137,166.61062051873077,39.07798810254048,1.0,0.5009244593055007,1
15.408884320855478,693.2860606120379,59.3395272700348,1.0,0.5378624715365122,1
27.925228288287776,126.62042458565192,25.260394578031516,1.0,0.4652904857118695,0
34.488608951412104,12.709398674101957,52.82136580462564,0.0,0.4667093673874248,0
23.53478211718646,774.7380494905791,21.054197265924294,0.0,0.28411861395421795,0
30.342374091987097,591.3277542433856,22.631270737026277,0.0,0.4057554088839328,0
38.159992873190916,87.96629098497436,25.2675677641203,1.0,0.4780406209147504,0
51.10435666787078,230.92921783696013,17.709761146422004,0.0,0.505376137995612,1
33.662606451895826,711.9039155455825,23.685942763840377,1.0,0.5531263590502525,1
22.954077065466606,94.3858650205782,33.84585989179312,0.0,0.33406633796955665,0
57.68992789282244,792.3001051761028,30.46609438461167,0.0,0.5965590740964779,1
10.351488845779436,100.33620740025202,58.28608281989834,0.0,0.27295567373224844,0
2.7295732329441114,488.2848021576593,33.50218119432994,1.0,0.36761472296247666,0
54.50105941578412,166.11358841075602,49.84352490366415,1.0,0.7779569949132124,1
15.951003518306354,493.7711532484911,16.62797007723977,0.0,0.2376561510566791,0
9.091132087216582,159.63107844880565,16.150796172723723,1.0,0.2704316016401746,0
23.11702151986718,104.11231714228833,10.604253030712094,1.0,0.26361956933184877,0
20.573537047197693,327.6555394335494,30.488093941122354,0.0,0.4823444779268533,0
21.27974498642805,639.1464955138681,47.95895041104197,1.0,0.5815053893216626,1
51.06683412659321,474.5004203126334,29.696541944427295,1.0,0.671361498309555,1
17.42576433620576,498.49980636857737,41.818313995082626,1.0,0.6533645761986353,1
7.958901329888128,461.2271137172555,2.8504978944349135,0.0,0.24184382502501178,0
12.941020288566108,513.0524677481837,18.088241911535437,0.0,0.28010799265678005,0
56.98167458082793,130.0356953769446,57.87685072098012,0.0,0.7416822888085817,1
25.730522941377657,404.36000946562876,49.35057194465786,1.0,0.5912934184059687,1
21.642968844279636,78.49088569247498,19.54598192348207,0.0,0.3337827168563077,0
46.6420234919274,91.08037806452894,50.67856518936649,1.0,0.5941817233988598,1
56.135902968200085,207.8850902771887,46.12951761060322,0.0,0.5670073744525141,1
30.612456477760464,26.2339076755719,55.32418217009342,0.0,0.45860693052341406,0
48.873968772906366,136.77667714306477,28.824021246696347,0.0,0.449302068635334,0
15.874513238170294,360.2528488211804,36.55904654576739,1.0,0.3678945914675048,0
21.026612205927123,19.233814980825727,4.147138316313292,0.0,0.13781781737312598,0
34.58631752247497,878.5720754506904,13.063875251831385,0.0,0.4911604372747091,0
14.183840367976444,792.9254857469679,44.60176229871932,1.0,0.6430166734989012,1
16.512909061294913,655.1913288299238,44.473979829533,0.0,0.606695608600503,1
11.252654610243777,233.76742215960397,5.1538687100852325,0.0,0.11947936968639081,0
15.738869819126737,565.8844887938001,1.6439218724883453,1.0,0.17614945060972168,0
50.35943607110282,161.58489145645856,31.836974687978426,1.0,0.634573356737862,1
47.68752234254666,891.5329993948861,27.540322859837435,1.0,0.6472927949681212,1
6.836211774250415,642.551994503897,40.03912905948179,0.0,0.3272706487971444,0
20.935446899338334,366.4214126255157,2.740293272158756,1.0,0.2634678477118523,0
43.33473066073489,411.5546103618451,14.718724203974054,0.0,0.36996672582921397,0
51.58353804780708,349.5666867099018,11.300642874953333,0.0,0.4845288461832579,0
33.612019376450796,773.1384198879723,28.739794178037897,1.0,0.7075830985937118,1
43.59653345604541,563.4257696317499,41.430401239068274,0.0,0.6793317920158047,1
14.24449783934661,95.75698936963953,53.05113886374094,0.0,0.38469424539768565,0
46.90881659766324,84.82705845396293,6.6383134995533455,1.0,0.5395723026529212,1
49.2526870383913,714.5153892701773,0.2808462739822737,1.0,0.6756212991638714,1
24.419851392349916,262.14074104528515,55.788006238615964,0.0,0.5630031097688576,1
14.150386151699657,387.8509350692461,0.0010146667757870986,0.0,0.10142008715572125,0
1.9851119409001705,548.127083734866,43.643999963627905,0.0,0.37535683268682285,0
37.77280430375708,263.66000566262534,2.9752756040716433,0.0,0.22750066832067678,0
37.95219622354429,677.1235567088138,44.78316701669589,1.0,0.7876972788162988,1
0.07177652249114708,634.3578154313317,45.05530020341,0.0,0.2634234785785945,0
31.20894858635448,67.81277850538856,37.38919960688608,1.0,0.5387219247160111,1
56.3066901503198,527.5154926962139,26.918329937119164,0.0,0.6690677368207744,1
1.7325753584623826,836.8387597683634,35.50199281184072,1.0,0.5358834114571244,1
8.244058110403433,594.4671662151055,2.9459947678128984,0.0,0.30395467153750966,0
3.465716134727763,199.32970415897682,29.935744499376483,0.0,0.1519351939617249,0
26.19228243269592,244.07551880638422,57.88664193051402,0.0,0.36120753863172805,0
23.086626292722272,771.9145383644536,29.418538935965884,0.0,0.46217748085299976,0
52.209972120987935,700.5234965474924,20.695057063824297,1.0,0.7741674548678634,1
3.985850136218916,236.48786973909554,31.69239715752274,1.0,0.28974955433069743,0
12.03069341945465,452.3933422969173,5.155769275958986,1.0,0.33192187811778845,0
56.279404304565766,305.5035224920707,11.304245943779577,0.0,0.5504498533016763,1
1.140524655696602,734.6746392070157,33.58739782810144,0.0,0.42061356669837124,0
15.549348173366397,60.08180647422622,39.5767585805506,0.0,0.19593322403074642,0
23.655223816171063,25.44543661730474,20.590985742498646,1.0,0.38591562931200674,0
0.03514640827641857,898.072057584634,38.82001901451747,0.0,0.45558155137004974,0
17.232321965994693,205.68893190646338,39.97706320573152,1.0,0.424947755228991,0
36.17572272182446,209.102300454657,30.272170847158122,1.0,0.703709067690235,1
36.91653946124304,756.3864117180551,16.10272170033833,1.0,0.6756618567446924,1
36.52497699989753,803.4553593094372,12.904568757476667,0.0,0.4832057913038048,0
39.049860603014196,535.3929912940258,8.31679202594448,1.0,0.61969828738698,1
36.86827379989235,164.80643327459845,7.772861315999227,0.0,0.32381111721575695,0
2.07380996763171,218.46271424799988,15.673350007091223,1.0,0.2746802485353437,0
39.28699294211898,165.23332859788695,53.51718348260391,1.0,0.625171154794174,1
35.02787271742874,1.7458541533187155,37.79425242676707,1.0,0.5184136268380459,1
13.065038478547654,22.755391306828233,33.0926558320238,1.0,0.2634281601452691,0
25.171632507409527,400.2697727112891,29.92083365911694,0.0,0.30718888008010137,0
14.260524818734826,521.1152701688009,4.133345747439989,1.0,0.3302002196122425,0
52.07983762798363,121.94039678683178,0.8117696334368851,0.0,0.3141885228701908,0
16.72781941986224,19.647152374819278,19.74842666555637,1.0,0.26815657976195423,0
9.774043269040886,168.66771403324,29.145034176329695,1.0,0.41210615088362285,0
47.79791343724136,94.37634636573647,28.460729222006215,0.0,0.6252209226292714,1
45.66814657390517,74.48699526067584,48.55545033067384,0.0,0.5933153855659669,1
51.130380431298754,230.50642521567596,59.376546882390365,0.0,0.7180896555921518,1
40.641715805404594,235.73724305398713,26.275338433231436,0.0,0.41173155941193307,0
25.010409300198006,100.5575330042797,16.887484591978804,0.0,0.36599645556569366,0
28.5308720425664,104.03197068483658,47.16199268331464,0.0,0.29702413436519154,0
33.31167768645666,30.441884052269874,25.444989866214577,1.0,0.3391751597573979,0
35.759866887608375,427.7478414448897,13.313387858951861,1.0,0.4501391791160409,0
56.71195553143055,60.93664933010191,5.581273466045826,0.0,0.5162475541950875,1
15.924768209272786,578.4162714236345,3.9249659383322544,1.0,0.35934547402929473,0
46.10512368645668,813.8950065838175,47.14913274635289,1.0,0.845973203136723,1
1.0154034292249081,186.78805139272205,47.95051109115904,0.0,0.28391029070316576,0
11.414151996629545,197.5438608458382,50.96614553662103,0.0,0.3903241080544889,0
56.66320247396233,663.2267302038534,32.323368495249376,0.0,0.6235051769026665,1
15.064765716033419,491.2765270150654,47.47175318200253,0.0,0.5003904894818715,1
30.663288378666948,48.61722122828345,23.056522288552404,1.0,0.26121873292411546,0
54.98915498540103,841.9989501677439,40.22086323407773,0.0,0.7092096294940189,1
39.27429334487547,31.857775295666237,22.79073593686831,1.0,0.5088130302220804,1
29.307411818438467,498.93325442985713,56.7839760008154,0.0,0.4742702189049227,0
42.10936864659088,181.29030544288221,8.824521372028551,1.0,0.5732735216961664,1
58.702147798187646,682.3663622846549,8.241580913323522,0.0,0.7035960879203358,1
56.472093318892554,132.0342451164753,51.63459812301743,0.0,0.6905176729214112,1
10.875569313077156,479.23983732408504,47.26200649459993,1.0,0.4627017678722979,0
8.402065030395063,428.7184144609278,23.22479387200865,1.0,0.4494166663072274,0
17.276989751442947,374.2372570260946,37.661144722823174,0.0,0.45016557752538233,0
8.707396733225846,420.5346527355726,14.451876534316403,1.0,0.3590412033984146,0
45.84334376489685,400.3482837083497,7.866991065341093,0.0,0.5026241639756723,1
50.02654565350185,250.70801081546068,24.700037313197203,0.0,0.5565172242655165,1
8.442607268512646,416.81458456257775,42.845245487476255,1.0,0.5460570626476887,1
4.390099756096692,126.87997527493039,48.83519963149421,0.0,0.3120608529944569,0
19.42485587973078,119.23449366026722,9.660322412465588,1.0,0.24009398664154,0
41.215282957533056,513.2601152683691,58.829972701290586,1.0,0.7670278620507727,1
46.21348595680406,418.8510791174043,9.49343196679548,0.0,0.3530257894518225,0
27.64163474375424,524.2110876500132,2.4341390083295122,1.0,0.30972313008329905,0
38.343158596380626,474.82472516807906,49.941047330873474,0.0,0.6608676736703804,1
55.0526279333585,541.4890765162706,35.33755771735302,1.0,0.8109794595358985,1
52.81323026662985,246.06744572231258,40.70202680236928,1.0,0.7051581727951078,1
7.062798192618082,884.491240018826,31.057537245564355,0.0,0.48307145274469077,0
42.79400960508514,234.8564510572117,9.439312344859276,0.0,0.34901400682081263,0
46.59528860699173,225.75074020794926,54.849089780557684,0.0,0.687831491289767,1
54.437417287036546,250.40375146960818,5.832050710589812,0.0,0.33483154742310794,0
25.087094655439028,32.18674096691905,29.371020537794607,1.0,0.5023452193872262,1
9.362905342869547,892.1271815222821,17.94461992723658,0.0,0.2649626592365665,0
28.427042195952772,763.5285303222024,0.2360559383301286,1.0,0.5329908584555022,1
22.214450934136728,874.8095422755981,23.457884071008607,1.0,0.5932538041255554,1
23.623191664506855,411.4518442156663,51.80002269107989,0.0,0.7072277632328596,1
48.165629983894085,747.0029577246839,56.656080156426825,1.0,0.9061709521136718,1
39.112344750267866,715.3350911968492,55.35760309652491,1.0,0.8437875434616738,1
40.808369850069,192.81207993778625,16.770057180621176,0.0,0.3007501953065903,0
39.16165946684587,485.4805467186013,42.8609786870737,1.0,0.6107344767835591,1
8.50074000786808,54.38320022624045,58.00181312043669,0.0,0.3271889625222381,0
3.5016107014471998,724.9006564911042,25.725198129445747,1.0,0.3884828884436926,0
23.703247672253006,316.16861411836817,37.80954600547152,0.0,0.37021053217017974,0
50.9833959823524,747.484083913161,24.531627617708434,0.0,0.6338543478741288,1
38.92173701199842,555.5403712803817,30.169011552252982,0.0,0.5537996036668775,1
47.481269282978595,508.21154017484054,20.844128345920133,0.0,0.388132760893549,0
37.34813028614946,247.05053989138656,56.29370634741556,1.0,0.7695913674662913,1
47.06013336074189,706.7818691631655,24.097722794275995,1.0,0.8215196471822397,1
59.76987466222938,191.76167404288347,39.74868207543824,1.0,0.808154538560878,1
42.797752659368676,119.9219400520086,35.44194347008558,1.0,0.5143671074817803,1
51.7012317576428,285.3296850279749,8.086906420004317,1.0,0.5518532436447582,1
58.372031123087424,606.4483080852772,17.468474561869943,1.0,0.7629338043449175,1
44.43606649481635,651.1405434784775,23.87568481287223,1.0,0.6008408052100045,1
48.77904444192721,73.52048427600752,13.085825589391483,1.0,0.4856478089021849,0
4.714890431153678,828.286224744743,46.04504266511794,1.0,0.4543629590561374,0
2.183292510731629,181.05116929314934,29.147847858463564,1.0,0.4343779665155327,0
55.404096271013024,794.0841752089086,39.23723088166859,0.0,0.6214937690602752,1
14.262864286673498,497.9140091506269,54.97089874233474,0.0,0.522870250186804,1
18.319685239371452,884.3684075053325,52.90178526516131,1.0,0.6431207907296396,1
8.113560734786368,77.89260350437287,5.350330090599218,1.0,0.2214312243712317,0
38.0724998033487,528.6184092436162,59.67349567648418,0.0,0.6640690887511012,1
1.78123342724118,432.95107041483936,27.393556810996344,1.0,0.328281956939869,0
47.945400941235675,171.31131720602184,23.71131049893973,1.0,0.6597965297494828,1
17.90304862714008,674.0758169190452,47.91155000896458,0.0,0.4553482566336978,0
44.63234889930079,423.2074154814357,46.987962923100866,0.0,0.6038072032307458,1
54.64233181375587,777.2594340146718,32.49215090242725,0.0,0.7086800003695413,1
41.418394069582874,753.7299933713823,42.75794013325216,0.0,0.6204202232311887,1
25.473227102574405,210.5274380086015,2.0610258849614804,0.0,0.08894933440065847,0
37.49349111431152,296.16511331393235,50.10297370893993,0.0,0.5275859827755874,1
51.31681852507453,231.38967226512466,23.0165682434138,0.0,0.641049289923606,1
42.67587571566089,669.6883686107332,19.316749151393616,0.0,0.5586488420449979,1
15.135396080292535,749.4144101174865,4.068006957949855,1.0,0.4423355281574061,0
0.45724512497520076,717.1327538555864,16.9294461559633,1.0,0.3525067958479905,0
52.78552851869384,1.0378145238281844,13.614262903973778,0.0,0.5461009739323122,1
37.403399942793506,544.519592835664,49.87417355238223,1.0,0.6322709434773605,1
3.8098948241081643,30.308005296296116,46.15981963483992,1.0,0.4436757940742197,0
33.05732336656648,890.5037111362915,54.70739985530587,1.0,0.8570286529421713,1
35.341031757264666,803.9149935458184,36.67820168872333,0.0,0.6631320027080467,1
17.601642912051588,325.7879983390943,59.36392498788806,1.0,0.5463239369371935,1
53.1617973866428,314.2819193014208,47.267827409976576,0.0,0.7127313604970319,1
14.385339626111374,99.3160129897863,9.965015180106167,0.0,0.1804510536053704,0
8.63048315818447,494.9201645884258,13.49542547955137,1.0,0.35507011897828256,0
18.55959197597327,583.5151430922983,49.26636076691613,1.0,0.6585594485943803,1
20.30318696979518,656.3998602886348,3.1923355901808192,1.0,0.33924109213143006,0
53.04438742588294,128.056071223981,38.36039505736813,0.0,0.5645633341302628,1
39.42390209267899,493.51790805047074,25.3186938258727,1.0,0.5459565400146486,1
7.316290871416832,630.8838912630746,48.30742503723596,0.0,0.4616436112883893,0
23.620061267007497,736.204693105899,50.842246762947866,1.0,0.7841057805245364,1
6.1654866913663025,16.230510978425084,8.92889617720315,0.0,0.18420477108731542,0
42.34349649889662,436.9107621281246,58.14326082941074,1.0,0.7269142660022323,1
51.29693265985795,270.0231540300748,37.948015758744994,1.0,0.729878650871202,1
5.609784364355315,491.9078144878619,12.666481084482415,0.0,0.28579707594490195,0
29.993392068280308,485.7289959737754,15.712086909786276,0.0,0.3294614914841112,0
14.676979684681662,355.3527047626443,4.6329491401891865,0.0,0.278422105674115,0
17.102576911612882,863.2698663455564,30.31463105750894,0.0,0.48758585096914264,0
44.80784596531487,567.5609841500019,59.738487431910094,0.0,0.7678769196337322,1
58.62179031112303,285.6433675047563,57.88144940491953,1.0,0.7371601385000269,1
16.7344518819685,847.4980848093937,47.48067305111351,1.0,0.6808015526580795,1
32.55378270836029,308.758605703407,55.21257644950864,0.0,0.6594904915332075,1
18.618739930362707,704.5899557790733,16.381711841287295,1.0,0.40003321007717685,0
3.7283537825329183,672.9025806674196,40.733066428684026,1.0,0.46873956573799297,0
36.14817195171482,123.58728977776288,25.436550485341954,0.0,0.3397622180555703,0
9.321194507518737,313.5813837055771,56.39927092275196,0.0,0.37041279395107135,0
41.26005577106601,212.64626628460408,1.1845643238935577,1.0,0.2953818224116872,0
44.83277700402911,858.2072399863996,33.23174244111853,1.0,0.7636025525714797,1
8.540659210334132,390.2719123258296,5.393358462781324,1.0,0.2341804670712904,0
35.777017164524345,793.4667247279118,9.950110363216941,0.0,0.5302967418216336,1
12.501807867871243,552.5225851058856,1.7508736546407655,0.0,0.2800959378282866,0
45.78814858506535,690.4858459869589,37.05759274669248,1.0,0.735669634721231,1
17.156170996987086,208.24091584963836,11.202846517350508,1.0,0.2496556681004189,0
41.37436595054258,341.04755488719513,5.657681789732301,1.0,0.4980811260993785,1
38.873570464721766,740.354348361422,29.29479811332836,0.0,0.6091598549306099,1
34.511117109131725,636.501403956211,52.997484622995,0.0,0.7060516484697965,1
13.058815668406025,832.5308702862213,24.16409561513192,0.0,0.5001243686382343,1
50.0567393869157,699.8331021381821,14.427306062111917,1.0,0.5595501092017124,1
21.28951619752896,603.4750751237357,31.535917262762744,0.0,0.3973177859187299,0
46.233678827916954,606.0549138257363,1.912079443773349,0.0,0.4458426433590499,0
28.498327551080692,246.8810855186534,38.99160248853561,1.0,0.5874180606826922,1
26.884744002709624,127.53707318568979,38.94584138773688,1.0,0.4045758203285859,0
42.73334046683782,532.0029612140672,27.73692280566994,1.0,0.5883462845924057,1
20.451584105857414,532.6656853860679,41.680314729498406,0.0,0.5073981264389602,1
45.807822063415664,780.3911259488344,34.69357532820321,1.0,0.6890294121846839,1
26.695246624679115,227.44226803567358,48.096313903694245,0.0,0.31924630280941757,0
44.43243658331434,221.94663341987692,42.99234578836381,1.0,0.7278867543018365,1
41.85281310148052,832.169440972022,58.73802486163366,1.0,0.8920344965431146,1
56.71955609772775,433.5036761398235,53.68817238897864,0.0,0.8279872409185092,1
24.518578201162967,436.51356181991105,12.698794817536607,0.0,0.34062726058924575,0
20.939391539800695,584.296188052168,41.67595099152319,0.0,0.4008711672056225,0
59.689789005410205,7.789180179015376,16.66764284668259,1.0,0.49983123183029876,1
30.9808903014904,166.2696584061851,16.89842078432466,1.0,0.4448463453155113,0
25.108109256696554,821.6556560170895,39.600688566520525,1.0,0.5331549939577699,1
42.0438791743447,114.7122329931105,56.235480794954746,1.0,0.7190233796045262,1
15.00781359272862,834.1274052032135,54.65876990824149,0.0,0.7167526534183231,1
57.465044191860756,830.0897657578655,17.04771234333534,0.0,0.6888470643139404,1
45.23105058052148,54.975152841082235,41.50180182592744,0.0,0.48604675833804933,0
38.94204912417817,466.77764576866207,45.24573092813586,0.0,0.5700146755215929,1
17.510952967654447,270.2784337948425,47.620855940456295,1.0,0.3716358419278913,0
48.55953849840673,600.6548634274719,32.389185767654695,1.0,0.7790223028410928,1
55.14780596479345,839.5883800454665,50.21629347269103,1.0,0.8757061178833973,1
47.48460353091075,276.4998966207785,16.518526787935233,0.0,0.486728931804663,0
54.73737024679993,124.87019545164706,49.77099673141043,1.0,0.861103165669916,1
5.53146435806164,841.3204244625558,55.964783451405665,1.0,0.5408351706485194,1
44.473473498502045,695.9263598888175,20.777400322537243,1.0,0.6313415657828,1
51.978368662132,330.87580538122216,3.6934994486334705,1.0,0.5962150619327921,1
28.570162694649724,765.3576464819398,42.35036491588542,0.0,0.42188798413527206,0
4.808551116121755,472.59313653849335,5.10482722092868,1.0,0.2840424344161768,0
32.554613416133996,93.69739020993498,30.199937939280847,0.0,0.37272755829031384,0
14.55231831654711,338.91388678668125,53.9626277693081,1.0,0.46064481517745975,0
1.9561671480508314,666.58341768614,45.342866801626165,1.0,0.4313621359773601,0
56.14778530325602,282.21861988378146,59.51986749822187,0.0,0.7597063310031705,1
49.938696096804776,581.6440201805765,6.236809954868234,0.0,0.40133348336028624,0
38.067823657426054,157.55678947200647,32.64742208365834,0.0,0.46582567811306885,0
44.910511111145546,703.2805346464306,43.65003648584728,1.0,0.7369520968467063,1
40.28672687499637,184.63301038136112,7.437863944945951,1.0,0.5057587666415065,1
27.770029166704756,301.66252738879496,11.317977928262701,1.0,0.4992448446078517,1
7.276290698289591,695.5897753354059,44.190505979371345,0.0,0.3581863892715218,0
17.32455637703975,176.68696856774173,19.082704746623357,0.0,0.24648787614056775,0
30.364207954566613,408.53106686135675,9.164915676571436,1.0,0.5503298920720676,1
34.92510431331988,729.2639954609325,43.94055112872337,0.0,0.6022258042753954,1
18.090352142795602,576.0488555151999,5.522620692371085,1.0,0.39544251527998886,0
7.633172216516373,71.60645801111612,8.87747728764477,0.0,0.08436020832414996,0
20.54075473563386,91.64346931768716,1.3431491066371226,0.0,0.3037265732474438,0
11.138067600917264,695.0244325090747,55.99514957744175,1.0,0.6876865284161897,1
55.83463594719201,48.29507884011208,17.809267705573724,0.0,0.5086725134670738,1
13.257746506823603,140.86103259960157,8.80340210301664,1.0,0.36220645085693304,0
23.643699183659205,55.64612252955155,47.97503962632453,0.0,0.35690281466108165,0
32.51172965883821,173.267532318466,45.528259290813054,1.0,0.47814407776590806,0
15.13768587197027,557.5939872870199,1.9856192380435167,0.0,0.2386268395542528,0
29.694115791732862,273.05727698170284,3.1676559361051093,1.0,0.31941323643050434,0
33.16304702183532,23.035845242429374,53.54086135554259,1.0,0.6071376287781046,1
2.9463413868324784,587.3731466076548,0.004313697222158019,1.0,0.26161523262779546,0
56.84504011830722,526.1546262711246,55.194775302675666,0.0,0.8857653871143596,1
32.27837468565903,490.48097562992325,52.84563168085505,0.0,0.7441246098204306,1
8.763029339810569,540.9952664919839,24.485242703505055,1.0,0.24652381120940156,0
58.94507908343739,571.3145726217058,6.683529835536048,0.0,0.5342289795498353,1
10.094567021891368,174.74015599449808,28.02452271318231,0.0,0.29087030216148274,0
43.64702846730763,12.92687742505616,36.57976318455592,1.0,0.652486492025914,1
28.946650413498208,354.60997452803974,45.316105576376664,0.0,0.42349891595742106,0
15.45303264837522,14.79454381124743,13.609332682415502,0.0,0.038889806120074866,0
22.777187855424607,375.20288359080564,53.516725793758646,0.0,0.5446807923097263,1
28.871773045791066,744.2115373876303,59.03346773336222,0.0,0.5851906891470815,1
22.255164047807632,97.45246366025373,43.42703806076576,0.0,0.3250637565013773,0
14.821276713864183,615.3890413600867,33.240621271256046,1.0,0.5185273716565372,1
24.964928297772005,548.1164004543425,26.581179640610642,0.0,0.2088930012130296,0
26.148175211902277,762.2213913764658,49.515214724909946,0.0,0.662392251741917,1
41.26504695910255,472.83618994952025,53.43642342298975,1.0,0.64243471476024,1
11.85318435873003,616.8036789953023,15.898589067640355,0.0,0.4057026901113533,0
2.728760843522191,687.1483614995194,8.958583367373434,1.0,0.20395968913488616,0
50.02612227160101,551.1709161867358,5.701511239571988,1.0,0.6014553522211831,1
4.157636732274888,186.60420954407195,22.565502811061734,0.0,0.04543689780944962,0
37.88601809950182,838.3310999260239,22.939555889914157,1.0,0.7097233008271753,1
32.93744188584549,428.45048294731095,36.1717075987263,1.0,0.4917996993698299,0
58.50184799232255,197.2217854846126,23.664992685706927,0.0,0.7545420811514827,1
11.395676996897938,762.9072165375121,37.63798549128365,0.0,0.5643111928575111,1
53.26056317833458,565.5612743556674,16.972135037036644,0.0,0.5420662067424225,1
7.817733356441538,336.72095286683543,56.39340289020295,1.0,0.5737535935171897,1
10.290329170189672,665.741009910268,34.561554218613026,0.0,0.34289575461862554,0
39.22809721292936,422.7363858348956,36.69857692366767,1.0,0.6297765589092588,1
9.939992748883471,591.5219918561003,50.03106524399619,1.0,0.40440430474960376,0
35.19059732690519,787.5266984266751,41.05447798167175,0.0,0.5703153578146283,1
40.500888323499986,17.30278897536588,21.364980977731193,0.0,0.5044814656977766,1
7.525985541818825,677.0438222853376,12.811276658039185,0.0,0.23704533681511883,0
47.40945021809267,827.0556972617405,3.5768205083129923,1.0,0.6361519350267145,1
25.385441189345947,744.1541121415845,19.242472120700352,0.0,0.29577478368915505,0
58.023533332726466,898.4537215355109,4.541795229664771,0.0,0.44546850280119044,0
0.6861632129264184,383.67051221784897,33.69329701706419,0.0,0.2183303964913548,0
4.715850407563389,215.49521614334262,6.462261078598049,1.0,0.21617010955080296,0
37.20813231913237,322.36265657512223,53.80473887811359,1.0,0.7160586794272952,1
15.432528552008867,31.026745854408254,4.322768139519555,1.0,0.21899653187709658,0
24.161250268106528,585.3344561057803,55.321854814973484,1.0,0.6973924700076536,1
54.53285565287726,118.21321492235117,15.97329670491892,0.0,0.43406539190338717,0
20.63042636972073,776.0839535160086,44.406831281102036,1.0,0.5864015222783626,1
3.0748399429381434,894.2666980522906,19.14179032975986,0.0,0.33775166087570213,0
8.581666624993055,383.53483283515726,41.0750112642608,0.0,0.35625350682307383,0
33.33398593666875,674.4532035500915,35.230428300684395,0.0,0.5451743025505502,1
46.48653542373123,254.10410273877991,1.3513070513723124,0.0,0.3274049283595228,0
45.466267424603174,893.066967844745,43.92072738113133,1.0,0.8670074884227716,1
28.292974897315975,828.9935913217224,41.0367199503453,0.0,0.6256412893730889,1
14.377893405865656,599.5259158170559,38.24855558336509,0.0,0.4138105876179165,0
7.7105026057609205,484.07271453247705,26.660384327552684,0.0,0.09037470097459044,0
13.395397402585216,17.710496929388952,43.57188346824638,0.0,0.44111120593082814,0
12.022464794947737,876.9703392675218,53.573972746209066,1.0,0.611202292613451,1
54.44517678706786,4.029127646929542,47.15699614660302,1.0,0.6820117176971722,1
24.465145051579537,831.417690975452,13.366286166828301,0.0,0.3383598592949467,0
7.001115784986293,431.98177771111125,37.222210017923246,0.0,0.25602822090570665,0
38.288910306638975,893.0554507910789,24.44481526931669,0.0,0.6312043829513077,1
27.434123514533777,353.52436315536505,3.892931430057467,0.0,0.2438367300620316,0
1.7447493894556776,307.24805897957145,15.809163130344903,1.0,0.27265710233119783,0
58.785656255159815,573.0594188940028,5.13395134150201,0.0,0.5406978145281199,1
56.77764973425524,661.8301692202191,42.29971076278271,1.0,0.7827465781484337,1
15.755335576244656,523.8800320466472,10.505615631807002,1.0,0.2511395100531764,0
49.97936897930647,26.301932547437513,36.91108131447835,1.0,0.6051535968280141,1
27.306302596980935,156.32693372389605,12.340472021322295,0.0,0.23860998670554237,0
40.420254260777504,366.1003204710476,26.195770754183116,0.0,0.6367102530531215,1
39.20119112280628,293.79983045807006,54.016386918898334,0.0,0.6130525079700633,1
43.9134451453071,584.8914553201922,57.855895975947654,0.0,0.7170134314564767,1
26.42975445853366,865.2476808065777,47.91938764638032,0.0,0.6484206763285586,1
8.794788753460935,563.5669755768764,50.30633918077927,0.0,0.4496447578383933,0
48.25801916958199,521.0317121688031,26.055001523582174,1.0,0.7100565179859271,1
26.4252954282207,54.75037908383609,29.93613157790585,1.0,0.5001968430812519,1
26.52333429207723,267.47793420645627,48.065054338903884,1.0,0.6385596318515294,1
45.555428396909946,725.4587961088555,43.57816767411846,0.0,0.8026625082321841,1
41.123006908664664,739.93517690698,28.54790625391104,1.0,0.6123195057932738,1
59.338739673560774,147.25227477704988,22.484632403974445,1.0,0.6350544744874765,1
23.275249270611752,626.6705434398107,23.308646576394636,0.0,0.21551574653862923,0
38.09177911234565,768.9536507418519,58.64963090136394,1.0,0.7885503891241867,1
5.026071044977128,835.100487192333,44.46322442062992,0.0,0.3777124230810318,0
6.753085375932473,417.28116342555427,8.104466364414087,0.0,0.2403077990456182,0
15.282007156550721,357.1051035746558,13.254402901973437,0.0,0.08066243333303197,0
16.79680364313245,62.979961882567814,5.093070905432564,1.0,0.24261303383536903,0
26.77199288240172,258.3097896932378,53.55610893160769,0.0,0.474619389796936,0
13.728825827361447,81.7164831638429,58.9890479287274,1.0,0.4235267412274148,0
56.16830235099515,484.2782075797157,33.42830510035739,1.0,0.7427316504805395,1
25.679684385640897,196.30206718467218,15.41500843792398,1.0,0.41269276144866424,0
22.941156096763955,794.5386013152918,16.550530131350442,0.0,0.5840792927062572,1
54.12204458500364,156.3039781053604,26.942139437820842,0.0,0.5018968858173299,1
47.74295723403415,48.940988401166685,0.4083510678542157,0.0,0.2976681840106195,0
46.210710883107595,815.1363792055009,22.94839471616433,1.0,0.7012232779340392,1
54.84591480894488,546.924408544206,51.42992484891338,1.0,0.7943149225979128,1
44.19409909134295,543.8046922242347,15.892110608964662,0.0,0.5806781929566589,1
18.336990360953983,586.1423057297815,6.245386364700465,0.0,0.2576904067897638,0
57.679844204022665,49.70230809929904,10.269743756943988,0.0,0.4259534480852132,0
1.6288133499643331,64.77980169681535,2.7569603245672436,1.0,0.22712520799070723,0
53.826065069728415,287.1106587399595,14.927919363872672,0.0,0.3931589897244396,0
25.1649782322001,394.28079046607115,26.554130120687084,1.0,0.5704431044044884,1
20.259865484833,453.0683596081222,43.751834173165435,1.0,0.5267905626236783,1
28.4746239611296,657.0704082261458,25.496483141589085,0.0,0.48715025959616465,0
23.988219831775613,531.2414932259045,5.6129579223586035,1.0,0.43659700769268667,0
51.62649387566792,436.3789526574514,49.2249626941572,0.0,0.6881395568490053,1
48.36628948630762,708.509459941794,52.65964853989693,0.0,0.788366942330916,1
44.79964373277689,496.60543523178205,39.43171581860401,1.0,0.6254417042624029,1
13.962392234604032,51.19203799481124,40.975430152729494,0.0,0.19456367004086395,0
26.393559857566324,453.06983179454477,24.702794226224366,0.0,0.3698494134028716,0
4.502713392676084,327.96679265385353,50.418838021182154,1.0,0.36797660951468436,0
44.55027512048388,327.5473854680477,25.290717013360876,0.0,0.40808527924014587,0
2.529034415205773,182.85062194274286,20.900043482392242,0.0,0.08518836253135197,0
23.756803187730654,631.491951897578,8.287854091699911,1.0,0.4775063654801247,0
9.066800757005957,196.40116995602784,17.411515874311636,1.0,0.3991323392704408,0
51.12376274535181,114.85826123677298,3.926699691183033,1.0,0.41805954718316884,0
55.112079480295364,590.2261865254793,33.49918631264287,0.0,0.6847239508975517,1
17.370586053191673,721.1540931774898,42.64572058984666,0.0,0.5193406296291716,1
52.34395767887795,819.3040839702538,46.25413254116711,1.0,0.9169141374837113,1
10.682137965638802,202.7538131478343,5.797966705353515,1.0,0.19578821744986072,0
42.66838327816603,4.6848426701094015,14.944352852704874,0.0,0.34337854852880284,0
15.039915689950714,482.6979609952361,51.59768502030618,1.0,0.5500884012643811,1
26.731414807130992,883.3917212605187,54.689062630872485,1.0,0.7948395690082805,1
36.66052069823678,210.91327625716949,51.498519178236016,1.0,0.6247848860039988,1
21.068958321551925,315.5131784477379,21.8307356692899,0.0,0.26509962010383414,0
11.87070821152824,807.5949954554044,23.880441921391622,1.0,0.5530213883839383,1
35.27137897226704,592.8916560913109,19.887504182494528,0.0,0.488296525855124,0
47.63739891944319,544.4133544297113,21.4989772194888,0.0,0.6988099932760077,1
59.74899717005414,658.8354856210491,23.525917049620016,0.0,0.713338166880287,1
19.33888693874477,146.69922480586246,4.102556951627079,0.0,0.13619339080895593,0
15.45701463112708,410.5336712909345,22.545841823204153,0.0,0.4216711607768827,0
4.585894955388272,193.9988111104821,29.747291829112456,1.0,0.3406186559255097,0
12.282860090884293,544.1469510526952,48.51956366286231,0.0,0.3877984705600981,0
1.5560060624477856,582.3604151337274,43.131800602481384,1.0,0.5927988093643917,1
14.981550874782798,467.20261280233564,19.331084976562384,1.0,0.400453419787299,0
43.559102549043786,678.4909003292521,33.950681963241294,0.0,0.5572501537189496,1
6.8819508069974695,137.7323504988129,38.15383377430278,0.0,0.2905743408542997,0
38.78068523388979,420.7176803852995,58.00742563919542,1.0,0.8042680418500617,1
17.693535839912492,8.379646454400547,25.93485667668619,0.0,0.2450347449133118,0
13.731620646390768,214.3495592015869,37.490212065479575,0.0,0.3528045994727963,0
29.015315231392865,89.61987644713845,41.638449484242734,1.0,0.5978375535354631,1
26.174332716965395,268.3474473596526,37.16569117125314,0.0,0.4634347710414545,0
26.807194696299263,813.1712096571581,12.81955886357601,0.0,0.31426694774879316,0
7.055398509196571,817.5435191491827,38.269495410575416,0.0,0.4105357269447393,0
33.87622887895156,260.24618811497146,44.14193011457478,1.0,0.6258031186222929,1
54.12638701958076,498.1519658516809,27.325440096159724,1.0,0.6582844754662182,1
0.5573569677365353,246.7029364876837,14.908802884279497,0.0,0.26365757211617497,0
4.859703491934038,219.17060959092493,54.9446944055277,0.0,0.39096764479569296,0
35.157132844702545,432.77664968153954,29.666197955347577,1.0,0.5624181275469912,1
19.11373431158384,840.9078670099337,15.661561760240533,1.0,0.6330335393843352,1
15.114908774221043,817.1628847763145,44.32973861006933,0.0,0.3600358602708551,0
59.27745963761561,802.4237490957101,27.261138109616823,0.0,0.7499212259770324,1
18.491247020179287,837.2874536847078,59.87110619258278,1.0,0.67143274148061,1
55.25139339886268,767.127245368929,7.09618267270101,0.0,0.6269027292596764,1
37.00918918901331,137.46872839569977,26.74904107866865,0.0,0.3303623963497967,0
1.8174315154535625,15.145907339060683,43.29280978072194,0.0,0.2993204564313008,0
15.953649986816385,290.2803655949628,59.68039410409252,0.0,0.40997004416467464,0
4.544159515108108,53.48826482501321,33.83290383909792,0.0,0.1387605134613418,0
32.2766042805508,209.9167679256229,31.88874224581281,0.0,0.5635421423140136,1
54.499807303113485,172.1503541587679,41.921672043525255,1.0,0.6705124571683834,1
3.1573132324372866,453.87895190591144,3.339731533966781,0.0,0.3032731888630391,0
1.6816306484263888,838.3173837398163,0.395258403050307,1.0,0.3436944709534199,0
1.759559892798337,615.129136529097,20.203916522567727,0.0,0.3429321860119918,0
16.379052528562056,620.4277642888692,19.89567250071834,0.0,0.35579878223351286,0
9.972895649215701,418.35516371829607,7.321930123604396,0.0,0.2865789233359106,0
58.096879701133155,768.5693697420662,50.21326070181602,1.0,0.8780059752200317,1
46.50282232569259,601.0689565724798,52.09813902457746,1.0,0.9082195343218428,1
56.35698040430655,874.2112915744837,24.028737414267955,0.0,0.6344813491606045,1
34.79107481876882,49.869332932635025,22.2731299989363,1.0,0.37679965207420274,0
49.26380463408739,311.822009067812,29.443148837601132,0.0,0.5015696564330567,1
42.53220741695946,583.0619319617293,48.24531768596931,1.0,0.6892216239808763,1
17.526787645807403,303.03111719017915,20.12872406161422,0.0,0.24163160512885393,0
39.160587378606856,342.55901213303366,34.171657578704675,1.0,0.6019195857116364,1
17.35540547513114,335.02380948337077,47.496276160707254,0.0,0.37878413334233085,0
27.854606516100098,737.1424857587934,42.91163513086667,0.0,0.5882996176769374,1
49.36281742845181,199.58321723483417,4.823883831805431,0.0,0.41403540419289137,0
13.242192730246675,659.442758270823,30.87745218530325,1.0,0.5490952467311062,1
10.49425164118831,184.2533677263673,53.67081350115494,1.0,0.5521118104072656,1
51.09470503243898,565.2061968246452,51.887790495773594,1.0,0.8567150780516704,1
27.79211460418573,517.7828493619768,3.547380903879027,1.0,0.46574827258167273,0
10.429611344369572,171.39674656327156,33.99929602724974,0.0,0.22670111602511778,0
19.07022995427468,540.6388436355951,48.882115180873264,0.0,0.42703712513307535,0
16.834110965231087,140.97455830209114,23.442044657513105,0.0,0.3398120662061367,0
53.77309267931846,508.1224512748384,38.650346318366346,0.0,0.6622866805938625,1
28.366388755689698,620.9968355944932,38.60479662249317,0.0,0.4774781566304115,0
55.21128356593045,238.07366187132126,3.000535695508335,1.0,0.580094834335162,1
28.216819706141308,214.33487376994756,45.74980297270365,1.0,0.5660182039535527,1
56.36459505168148,231.8882598264661,33.75927131881704,0.0,0.7278595431229976,1
54.99259859041602,36.844424714409506,25.876422582614275,0.0,0.4789902976349,0
34.054667660267754,504.638900368961,13.123310813888999,0.0,0.3670691014463752,0
47.18170756274997,551.5858065632426,34.862564549933644,1.0,0.6885516441289874,1
17.228731473876444,826.917679895767,53.793781444330804,1.0,0.760297588115566,1
6.92835409533439,87.69995682473794,2.0990468014819386,0.0,0.16957280215108958,0
36.2535285627378,292.3420886603799,38.44032109678269,0.0,0.645672453430432,1
3.3114511932550528,877.9969985760047,28.72753902437105,1.0,0.5662110650871726,1
28.049901676630164,490.1987870106103,11.702082412609155,0.0,0.34223621089138034,0
37.201275921170534,430.4277222939773,15.165158049634929,1.0,0.3027907818096641,0
46.05452848926285,387.42406494478155,2.446785746808382,1.0,0.5564760023544962,1
53.79948056248875,486.1935587482168,40.069364017121686,1.0,0.8189901091775095,1
12.244815039617468,694.0168892608011,46.015539025908865,1.0,0.6691790890079533,1
51.92758163350115,49.180874881480406,48.845023256806655,0.0,0.6237011878848603,1
29.777280516296717,424.18199306229843,19.573466597102158,1.0,0.6412024899503825,1
37.36703414147835,65.48200606077371,32.396265423147014,1.0,0.5901336551963141,1
27.71979238979846,90.43504616965343,35.91236537676753,1.0,0.6048314425120174,1
50.867154295718635,346.2356401733603,15.834946057761085,1.0,0.6329880192304033,1
17.999995749637154,144.94421331266335,41.058659569908265,1.0,0.3868919148778772,0
0.48754051312539737,182.99557816341513,32.664193298231794,1.0,0.35276216188330856,0
49.7524550409587,403.10883282035905,52.3383760691361,1.0,0.8683405735642954,1
39.69861301818713,781.3915585718914,54.76421557338842,1.0,0.6858126981425824,1
42.99037138792488,854.454448215425,3.2905336686589615,1.0,0.5580117795574465,1
7.451630385571814,440.79334817320273,37.07072285672714,1.0,0.5864083118730099,1
12.369913747820698,215.39186757733938,51.33856387650238,0.0,0.4519021287729921,0
37.526016024000796,492.7998753773164,5.6336673298160855,1.0,0.40990239967920017,0
44.82987784716335,306.79657770536943,16.102846788361017,1.0,0.3642829164151862,0
39.668967242964456,749.4965524640301,2.401827576606399,1.0,0.5599959702509767,1
35.75970774029837,859.5813406481935,31.95953281580001,1.0,0.7302204966988134,1
39.28738068018455,13.408659150983105,5.750229201376618,0.0,0.3941589333361225,0
8.869163861819342,34.53329240577511,33.200125066593316,0.0,0.3621540560835558,0
27.042960674284974,637.4781260679905,1.3757984186360206,0.0,0.28591110116393614,0
19.770369499036462,871.0025254721775,10.933012008516222,1.0,0.4622599213100368,0
44.17167819639965,239.21862887454506,21.33367733401039,0.0,0.4256032702387638,0
31.044596761167387,563.9673809957823,31.26896911184703,1.0,0.6767229432283783,1
43.20332420380434,15.062590688198906,30.2040368505714,0.0,0.39747774256413027,0
41.689735142232735,669.1870393715966,28.17493494884268,0.0,0.6213176809674426,1
54.31246144112724,449.12997996314084,14.278315172594343,0.0,0.4681521773963745,0
51.37331574650771,881.0434540894895,48.77396807086794,0.0,0.7558926500107767,1
3.0975683431811696,846.566376771617,28.693183608745684,1.0,0.4964829913211757,1
40.06437721608812,107.84365655109326,19.392530400881345,0.0,0.46262605132339085,0
22.408248442211054,183.14872094833322,22.675166520280577,0.0,0.31161520466849335,0
6.0513944667056,557.5943863055628,59.44863364223384,1.0,0.627967919468144,1
28.69912695681852,130.64322164042835,46.66105086298111,1.0,0.4682673607751704,0
50.593620866639085,543.8272423424489,51.11012735383971,1.0,0.7905552832009661,1
47.78441210343495,692.9152237185679,49.144483638704195,0.0,0.7684927220157699,1
6.348136135859493,477.6940881643397,0.10173563043996525,1.0,0.2676557978284744,0
12.139844220667575,397.90466883324353,12.11042767394016,1.0,0.16313254879246492,0
41.69634096575782,886.5600667079087,36.70979718602774,0.0,0.652194570667354,1
58.09175604922265,782.2113294266926,1.6290613449918268,0.0,0.49993616146862085,1
4.6308999722411865,664.8532754228899,7.509292749110226,0.0,0.2253862264994495,0
5.324748653142559,583.5734848622573,14.916286262119478,0.0,0.2494050571347871,0
41.737442783757515,149.34816559140648,32.69323367118555,0.0,0.47617666760015553,0
36.958264548483534,184.70728228126288,13.148878693655154,0.0,0.32481880008576025,0
48.66505562847029,580.1023316425825,5.944653347238695,0.0,0.5275675980784702,1
11.896139381042802,664.785234026913,39.51481091714928,0.0,0.5974653003479642,1
29.655352509171532,294.00463723515975,35.045839407994755,0.0,0.48731348242216593,0
48.054377367290314,488.385252958631,37.301459938801734,0.0,0.6217616943892135,1
22.94286697121465,277.4310482633556,8.312117899669358,0.0,0.23467770058170992,0
23.975892436944235,785.6404630758585,27.313422952758373,0.0,0.4898412057182119,0
1.9699753716445811,425.31012913810713,38.065247777958334,0.0,0.2881580482730956,0
47.86939690964553,254.35889509031284,15.5813149228004,0.0,0.43175251512269297,0
26.79622377104439,741.6278023921067,10.438389688853562,0.0,0.3151961658849155,0
22.679784398125733,367.1956806266791,2.710939220782762,1.0,0.3841709143054687,0
39.324657086171996,673.9260964681698,32.8742198157661,1.0,0.679208531817945,1
51.176595962115826,219.1210187116213,34.33658113706669,0.0,0.5238135926575461,1
51.97559427445466,531.1674939719335,27.241849296370514,0.0,0.572843816347945,1
20.546933167400386,339.5018375808867,58.42761647795897,1.0,0.749290378022676,1
36.49698092968543,172.76458437360273,8.665422065055584,0.0,0.2511098059609352,0
23.24794943991996,601.4051925071217,34.61928337705649,0.0,0.47715495954969733,0
50.33090791724373,675.5932035783507,18.2250107934171,1.0,0.6908686449189542,1
47.61447960226438,540.1495961600981,40.175872558435614,0.0,0.563302451650501,1
39.70426493045831,417.70548017894794,8.076156647699456,1.0,0.5690280604483452,1
49.41169648118487,666.315144011255,27.301666028277513,0.0,0.44892188422056056,0
30.588536697473813,100.14536805519401,56.70669612830973,1.0,0.5789832317666471,1
34.26199098566785,26.076057267650288,28.000634170275934,0.0,0.3984613400436836,0
9.758228433359239,194.92099378080724,40.29324278047223,1.0,0.49155348497885654,0
42.47520250175735,661.6152131824621,52.87041981065215,1.0,0.7172977264439182,1
17.290177731733984,489.76936079722356,20.404455321440075,1.0,0.2633894192649653,0
33.70921876921443,276.17691826115424,53.014307547294344,1.0,0.655429285894456,1
0.12428010353592533,612.444407690388,45.71199484447826,0.0,0.2769409378364254,0
23.84466027639769,314.81338034524777,41.76080020934823,1.0,0.3441027403456003,0
36.94886358225092,312.50873848981615,12.86263700880384,1.0,0.39062740181622774,0
37.84318922884285,701.3246392364962,32.18537269068693,0.0,0.5477428269355292,1
33.82483962019274,879.4306956041052,46.57330538845568,0.0,0.6252356101979962,1
15.121117349687921,890.4494939895487,5.6017065640761965,1.0,0.3930301069489867,0
39.26281700669073,251.92555343430863,16.72053727107031,1.0,0.3448252289407342,0
39.67357019903077,538.75260465622,41.91769833989905,1.0,0.6414653568690803,1
35.396591415711086,201.81521524550132,42.435330168730424,0.0,0.4597480157670338,0
22.623777418841716,165.66797115558714,18.42354694546543,1.0,0.4654477761574945,0
9.125284697558216,202.34927498767743,12.18600243906139,0.0,0.15220369893227792,0
33.39627257602731,659.8075954845125,39.18443966764693,0.0,0.564993392366318,1
3.114015113112931,687.3091356522895,6.469381362000519,0.0,0.2378180635638914,0
54.97333956783752,396.81060793543753,52.634282247633884,0.0,0.7044449581417992,1
21.155468552183482,279.3961075003377,46.698010148350726,1.0,0.5189642564088388,1
16.9748932932002,271.70868362339763,48.26907854907028,1.0,0.5026590831107489,1
27.041048568027332,300.679952267178,48.92384407310809,0.0,0.47391669825736976,0
6.230259742564776,731.1243829504266,40.56014847429558,1.0,0.40588636817152046,0
53.05052274619046,359.0148710259446,19.62314036740779,1.0,0.6825997078842462,1
58.77428933371473,205.3331348467766,3.7094184204179115,1.0,0.5365932741293418,1
49.394915729230874,757.3033795974237,39.04131241739441,0.0,0.7023283591901786,1
34.426231756116714,141.86707866341482,54.29581743996016,1.0,0.5011940946199676,1
56.44375756636205,845.4025312011805,3.908198882423566,0.0,0.6342088059567913,1
19.824624762303188,360.61919865095985,59.928275078116734,0.0,0.44228125342517965,0
27.906930562806195,711.9359423803505,37.50330245047569,0.0,0.4232952023951265,0
10.292299172953923,461.45657647945336,0.814454548913286,1.0,0.4012421780451368,0
25.4830166388696,628.4727463063773,5.647510005917296,0.0,0.30950641213311825,0
55.655814847229706,592.6586474246845,7.8162591116769935,0.0,0.5658582100849061,1
39.80252044416635,524.7900878609004,27.89103294669526,1.0,0.6264182761270946,1
32.74110983738618,839.590476624101,40.21214026306406,1.0,0.7360436330092736,1
32.15886084324682,501.5162291640498,34.752298534244524,1.0,0.6434637349922003,1
38.1028475216819,493.30079874409887,10.794055704027102,0.0,0.4281142725845768,0
36.59416650661721,698.2584011254605,18.466037435451764,1.0,0.5327377001195578,1
27.151090786820895,415.7586816243399,54.76230483055121,0.0,0.5882323143779374,1
30.650413270342316,333.3660600180434,11.990175301759686,1.0,0.4760844812448192,0
6.080473340663022,582.9155590815792,31.920388108900738,0.0,0.3148509155708145,0
26.60661428439681,395.5699661006174,9.133221487272197,0.0,0.4539192198540745,0
40.48493054953253,166.99575349534572,23.155732090930858,1.0,0.4629605230441121,0
13.400637635487273,524.2339679488204,3.7685848368879094,1.0,0.29137801051634626,0
16.61524250764956,314.28958342218897,59.22362764294007,1.0,0.5807031131770537,1
48.28945045065298,460.20025838927114,6.1872361350927445,1.0,0.5951093443617453,1
8.153110345363114,753.6797930423255,12.964843383542535,1.0,0.3660709043574682,0
11.727706486584403,872.1987172465042,48.62884449158443,1.0,0.6085417803526458,1
49.10941424081871,895.5662207531859,3.9908592887204852,0.0,0.5227256721279245,1
7.256898944804089,78.83586792852732,38.21078087286404,1.0,0.3604989554594023,0
18.031021618259636,818.3589293609892,40.54254864636647,0.0,0.5174919967982247,1
54.62158538959942,872.0376378930678,2.7462446386085815,1.0,0.6243290357387428,1
24.775960317450835,378.5693171607952,49.901359094212616,1.0,0.7171280801354847,1
49.049299154315634,341.1992471918608,38.776654520480626,1.0,0.6850990159666938,1
45.874198145496344,416.18389770671973,14.486116240878786,0.0,0.4864306732735522,0
1.1983678849500712,90.3991880794645,57.294033438251645,1.0,0.30732938370011353,0
13.17639965456521,615.6081261148167,28.50005416261412,0.0,0.4483716120060788,0
54.712262036334764,218.73329192534482,8.9168046019289,0.0,0.5388526014798948,1
19.27833666842925,185.24911807634479,30.305288048221914,1.0,0.5001017192460411,1
24.233829316510214,415.81933111094133,6.3160076529605425,1.0,0.4165919498393644,0
56.08777063262174,748.301119442665,33.400576669214175,1.0,0.857479625527278,1
6.581408323705169,64.21973844705875,34.17687422823828,0.0,0.26517708778809446,0
58.30027022960745,497.9420523699826,43.49201222103162,0.0,0.6946891727090653,1
38.80319233885939,833.5030745024649,32.30435254694044,0.0,0.7304898207103852,1
37.71150181355903,782.182651956243,44.82048851885423,1.0,0.7286705346238416,1
0.05074413677536693,131.82696030460934,24.104429695749324,0.0,0.05699887239290395,0
37.84340615229102,246.3074163162183,0.35192363306152163,0.0,0.2780315398766616,0
49.32837968204943,31.701163093454287,18.809579880016997,1.0,0.441047195679276,0
23.64415775921869,702.8082892603168,27.801971997286806,0.0,0.49287479647636295,0
4.386326077054874,57.6348552969966,1.711505031096754,0.0,0.13900561423409621,0
7.922619880548898,547.4212859283431,20.622746542465247,0.0,0.18796257013262752,0
4.655235844272518,753.8948567353436,44.09606153844004,1.0,0.39658269001166824,0
24.898838049107905,615.3031389586374,50.77773353299422,1.0,0.7696715076453609,1
49.02401584047867,759.7108560824873,31.11499553294869,1.0,0.7125769083755044,1
3.521594827947676,547.5382823830366,27.781452753668386,0.0,0.24173357513768873,0
24.34527444404959,42.021230356322825,48.849551862582274,0.0,0.48921772795037277,0
24.04996830089065,157.13624398712716,7.790533882081179,1.0,0.3686393194767283,0
23.884278082239256,799.2172125317369,28.70399650111105,0.0,0.42786336571995415,0
31.60395652465575,121.26370427897379,45.76410416519387,1.0,0.5516996493811774,1
32.11580100027979,316.07379131133945,24.228585872025125,0.0,0.4128362716987359,0
12.243662740549857,373.24435302749947,39.90060257487409,0.0,0.29692316149519477,0
47.6669589122794,659.3374140721207,25.94600530593487,1.0,0.6782490403408257,1
31.022059109709986,896.411901697081,57.00881410783555,1.0,0.8353948252421377,1
21.124916907418275,696.9301570737596,35.666347127612866,0.0,0.4541624408629972,0
57.84721260763002,120.50105198685128,9.121145213271083,1.0,0.5697088690169898,1
42.35014133396748,57.44036566363088,49.071521202378364,1.0,0.6490327434352844,1
9.781558303028383,434.78571394061765,9.754867916335746,0.0,0.15026358009186153,0
58.14920873412419,128.28105457599239,27.60545189691048,1.0,0.6712740403848315,1
34.695439074663334,354.1707114984558,42.165332321179584,1.0,0.5262665761903759,1
20.41663470622347,556.9544117980452,22.434783930002272,1.0,0.49897642284398736,1
14.246192359966079,447.24950329193956,51.95191741747858,0.0,0.43865968953819134,0
4.070597069734978,315.9394914647492,13.177158793844221,1.0,0.19619444475007852,0
14.63592123136891,366.95553388422445,31.82284870864998,1.0,0.4118666400102134,0
17.341226832412396,899.751333708717,54.72213765005686,1.0,0.569955070978564,1
20.64787869037942,699.0785704643138,53.50849656195775,1.0,0.626460033601363,1
59.278320555579995,111.14600747544058,6.652982095979274,0.0,0.47029721774994704,0
35.546731431504746,428.29711815526986,40.2662608639408,1.0,0.6850635097868495,1
11.530222785243943,648.5506083713872,33.61862533305748,0.0,0.41442079888329875,0
22.23525710023894,872.2751822902225,37.441498270173625,1.0,0.5843148709102385,1
25.942704115821442,274.54548996268727,37.298479417854445,1.0,0.575263979734071,1
4.988889741948881,729.353873493043,47.25061154626372,1.0,0.5546188442240416,1
28.103763508053568,673.5201557297374,30.668158993254295,1.0,0.6544651699676798,1
30.497356518122416,101.34906259395432,5.2808301953264625,0.0,0.10150042605328691,0
54.57674482396086,33.55493077377325,16.344291312115676,1.0,0.6418778330304296,1
25.993642207551314,66.16282798748017,56.89811740849739,0.0,0.43402964340726735,0
41.32019700151108,89.31626612160684,4.257440498233134,0.0,0.2994273180024997,0
40.7798056394292,624.921395683664,2.7998975631378853,1.0,0.5235636135547839,1
10.497614727404084,34.92414468690933,22.630836660877986,1.0,0.2215513756266021,0
34.0307763601431,687.7240129436719,36.5147971026552,0.0,0.6262801586883527,1
26.941568290194486,523.8857359628587,44.209589255895516,1.0,0.6919954789655397,1
9.75979583679427,833.5731195726335,46.74442896318568,1.0,0.5686042452428076,1
1.4358794223067517,266.2141258310942,44.48240649211333,1.0,0.3614632953509528,0
59.75024875155277,793.7240870731896,58.08685426816212,1.0,0.8993126441333217,1
5.430653172072038,840.3870546170315,51.38634698022512,1.0,0.5529392455061135,1
53.196575889629806,442.5275205596452,22.928190922756173,0.0,0.5826823502560132,1
21.992220766184197,350.29713294559673,9.009626012972873,1.0,0.4513227019129399,0
4.902155745059503,480.24478853418697,20.05007464771976,1.0,0.4025444891911041,0
57.87713660386504,735.9984805858694,4.200328631779033,1.0,0.6363258330043682,1
39.615999638395934,787.8069355750507,38.52909598683648,0.0,0.6788867665661994,1
24.272218835260425,571.3303843806266,43.31556975025819,0.0,0.4405566175506084,0
50.27745116759908,180.85949820061086,41.80796021613589,0.0,0.6100805625034023,1
42.46277914356321,17.171810663845232,36.7366501057619,0.0,0.4613664836414587,0
24.933365594384718,741.9021662511668,21.753211660035074,1.0,0.5405875124470385,1
43.07135356749715,710.1190549704659,46.82584731634333,1.0,0.7564627945395261,1
44.27011784517259,303.8080284713097,48.82655694370955,1.0,0.6437847180931429,1
10.331253793372412,256.7627492106243,25.149993952745902,1.0,0.309872076159984,0
42.9815599316536,769.3931794729014,2.366280841673556,0.0,0.4798953539611175,0
54.99388583421775,335.5526975503878,27.192195491333717,0.0,0.5395619807962043,1
41.2586353467395,139.1620663278859,34.50297114063086,1.0,0.6103743027102128,1
47.96108064150144,586.5062070546079,57.92240569650686,1.0,0.7485007321897658,1
59.39862383414206,891.9813645584858,0.5278187574448179,0.0,0.6004661066319716,1
47.78171846489719,555.9417629009724,42.90631697236218,0.0,0.7481973823672836,1
28.18612365169028,61.74971194062201,7.8213216981923495,0.0,0.26659329889067895,0
33.72944199629618,183.4616216801801,24.520725654840486,0.0,0.3455081794506009,0
46.00921021905931,290.1948338197341,13.630115818675328,1.0,0.5715634332840016,1
37.940391289886456,885.3867579596188,6.308230369075886,1.0,0.6909881544193679,1
4.2549855833400185,184.06441754015515,53.30818711355084,1.0,0.49094710876438913,0
3.6094489816877773,271.3501731390014,43.0362504004532,1.0,0.46409969380149635,0
16.35883669194508,42.71677807638968,43.998758271548674,0.0,0.47739540987907025,0
49.09599519307786,276.8425366677672,5.29743178952196,0.0,0.42542766349755673,0
13.296024663733197,766.8875902443516,35.99935866646587,1.0,0.5436297867023675,1
19.14057305627692,269.6511133770444,27.349476405250147,1.0,0.4816880566718656,0
49.387245965470505,668.6254838560603,23.21086483771641,0.0,0.5728770515987325,1
7.735932158404779,893.9440236132723,35.36032652052383,1.0,0.5642167570090475,1
16.789957641796665,116.06235458970745,5.902722231886466,0.0,0.15127624439021953,0
15.385262042471858,233.26253822633927,32.42621785888923,1.0,0.5243368149082445,1
2.8419583530800607,337.6997425082489,46.48593184784219,1.0,0.3434787248934563,0
44.557449962545235,16.35254980938373,29.890059764146205,1.0,0.5917290232934292,1
19.236999050777793,30.474437113314846,26.131309793354628,1.0,0.3401764557168651,0
24.45680008362924,827.2562390035337,58.60366868749557,1.0,0.7818543389354576,1
19.981955047564878,888.4116615052571,33.94317687258652,1.0,0.6870071891444816,1
3.9492347514048998,400.44252724042127,46.094765200304245,0.0,0.30012311867261743,0
50.69049541219372,824.4964754277692,6.836799132631308,0.0,0.5324348676569546,1
8.069787445156384,192.07530522020824,27.26177855833083,0.0,0.2673621297917951,0
17.131422461879364,360.975887117186,24.36453600852478,1.0,0.4821199265959253,0
43.24933926163729,611.4222344493251,11.332886871059216,0.0,0.39308701381855854,0
20.90197532703539,263.50793405088103,21.22576020298527,0.0,0.306060101620464,0
30.408463665602593,599.0378994972122,40.348192724752394,1.0,0.6589313701645074,1
19.811413317415802,542.4823626021358,45.04481093991685,0.0,0.42658845123959704,0
33.61027674338548,871.3877696334664,17.32411116412697,0.0,0.3906742313779569,0
19.038973171720556,735.9730422729882,7.531659088017133,1.0,0.4950510691440342,0
27.385355712901557,306.1832502848552,23.148932515054682,0.0,0.45754510505625917,0
0.5334171752928385,519.2835172088417,53.478607722757324,0.0,0.3807678796756529,0
0.9119970731538274,437.427657707538,31.450261124162292,0.0,0.2509738958773535,0
30.413607377365263,465.1111318377292,53.864694552004075,0.0,0.5530295679042299,1
49.021348128683556,487.4683503508581,10.000127769775844,1.0,0.48903846888867375,0
59.917020586548674,414.95607770489426,49.85573910010462,0.0,0.6292996307212394,1
48.18954849293857,31.04581246907836,9.548675958913005,0.0,0.3738011142141069,0
31.465166203216107,131.89544795165233,46.59059419898373,1.0,0.6391325201651548,1
38.6602963784142,220.03944308792293,3.8278109299782193,0.0,0.37218507649148336,0
40.2844340966463,858.2697196994043,40.79552721366309,1.0,0.6894542644223693,1
43.77707842508168,834.0932097029073,31.06542507124678,0.0,0.712508394839515,1
59.51005685380032,602.1084569004208,5.2123556335434795,1.0,0.6315229014699052,1
20.62057980204411,813.6930098459841,39.04225689744935,1.0,0.7481961781244899,1
26.781002276003388,706.0918938666559,9.16139328936338,0.0,0.34045120787948707,0
46.73861804114082,559.6018731471542,47.46403185582157,0.0,0.6175001719913058,1
12.96130735647878,241.78184927105121,29.923553506485042,0.0,0.34452858321092744,0
5.757016954301268,168.81792180633002,42.07335263379224,1.0,0.29441075772041225,0
53.93603411128227,28.44478621843065,53.924852658328874,1.0,0.7382819672017464,1
0.9571199348174653,842.822948366963,23.094767703467923,0.0,0.3279202929048494,0
53.636119402839086,293.9262772912056,15.414738130242808,0.0,0.5577553745053822,1
54.88909596940377,883.1367411006265,52.590151746490186,1.0,1.0,1
9.93662423956174,27.213527703386507,23.39721892138825,1.0,0.2831661024734492,0
45.310366054916145,474.21602255747166,0.17549421924693442,0.0,0.4661318299102847,0
17.329718310821335,853.3418825424509,44.982407239622425,1.0,0.7179449947281363,1
16.26509106987928,45.6442196819424,6.6269784331715,1.0,0.20979186915162998,0
59.0175408799638,899.9578316327011,30.22260062830602,0.0,0.7418216492138342,1
53.218347665191736,686.0279872562762,26.65452067166733,0.0,0.7256117513407694,1
45.861604557112315,256.524821743039,18.806959782766256,1.0,0.5597894102191193,1
26.16465497131738,878.679550763931,44.821181600187806,0.0,0.6278573915585163,1
59.15220502368962,719.9564025017836,6.64389476763801,1.0,0.789522974609059,1
34.22921000065483,251.2892364570288,33.37837622095684,1.0,0.48773265297917917,0
58.802705007455884,830.525970292732,52.01372349895629,1.0,0.8602793935060078,1
43.28317497086106,218.054441683533,44.01301834393489,1.0,0.7996215672268123,1
2.808753176468284,778.1293325758323,41.91008077501522,1.0,0.5325003755473234,1
47.89239140573548,758.0812285568678,9.899972213611399,1.0,0.7125097392254505,1
50.27868997597076,603.1082968147417,2.328792485175226,0.0,0.5638216381662584,1
52.86526044326859,473.90352314356306,42.8468904208541,1.0,0.8330725861190903,1
37.32315463237985,279.9049422190024,54.20700108849889,0.0,0.6293022067327815,1
2.256916615545803,149.37793631295796,5.811848192660913,0.0,0.006438835685368585,0
52.0488952066502,384.8080554081764,17.400953763619878,0.0,0.5411697679849686,1
25.319209866955518,130.44855063475006,59.82129379616148,1.0,0.4829867636620997,0
11.794860980696704,479.49358415296706,10.561912524561702,0.0,0.17997936458267222,0
12.508823903803762,533.3880656497543,16.35196985957792,0.0,0.4531406641300486,0
12.093754690325294,663.8273695594755,18.656445230703234,1.0,0.3656932124766863,0
48.93905320743647,344.7010270540818,22.072296528523957,1.0,0.6938279208642887,1
4.361147314522766,390.47081338412505,52.512148728383,0.0,0.40727809423492506,0
55.094257397561584,661.6687490491041,35.97961191927967,1.0,0.7842735818226928,1
1.0122744635337222,333.09481354567976,10.834189553918886,0.0,0.17315159056760204,0
43.37352987895351,88.59733678270561,24.31028642700081,1.0,0.6286523321713987,1
13.834616714975976,797.0310200269367,50.829583530613505,0.0,0.45996837426834647,0
30.887791209589462,138.58105533618354,23.304087488348824,1.0,0.5095057022188348,1
10.63785455601228,51.734084971562375,29.176434788213164,0.0,0.2294321145690912,0
53.981701492585785,215.9864539168647,35.753569098228795,1.0,0.6688039035432966,1
9.353698020709949,762.0704573928277,48.58282878200207,1.0,0.5886858343925979,1
28.01019803117116,680.349526192977,33.073418090485674,0.0,0.6013192092512999,1
36.5143887024905,102.84687054051967,39.820154046813364,1.0,0.6157686266630846,1
27.192479691114315,580.484444827063,26.880603518294024,0.0,0.5458684473119227,1
12.971598897180797,783.5477114089605,23.999784953821745,0.0,0.40821919091524306,0
17.398987220794748,842.5060290319537,36.217836430589585,1.0,0.66835583317452,1
56.070382341582025,484.96942629126227,22.576169211985334,0.0,0.6663386925980972,1
7.5135806082472385,781.3009850951856,8.137577312081596,0.0,0.22283355250653392,0
1.0545648751101244,322.62702342257984,32.53280672172048,1.0,0.3152463211583218,0
54.52306582575157,25.761598318638633,21.310172188363687,0.0,0.46295486839265343,0
53.1732336224496,139.913219751657,48.05891699921913,1.0,0.736492004034246,1
41.10996730959003,240.72621958787408,32.81922258572068,1.0,0.7097418486660432,1
28.317770199878527,37.24890863852634,36.71663876972327,1.0,0.4970492983676681,1
57.11645220987675,869.5500017260146,9.857293501678988,1.0,0.7502907394850324,1
24.7879880736167,899.8282701132323,35.825424719458056,1.0,0.7376737126681574,1
0.7785563062448109,803.6864636927281,47.299607709337316,1.0,0.4697518917230195,0
26.112837072325842,476.62693066350346,25.213317057986814,1.0,0.546034925093239,1
31.752670339677735,390.42793918027286,21.01852423091431,1.0,0.45017505024336113,0
32.89811251895111,294.1412133138449,16.396396305560835,1.0,0.4998289107944448,1
53.29025715008072,511.1019838349485,30.183040546810183,0.0,0.5875421531415074,1
4.0639280952729395,116.80788301702334,20.180053642447227,1.0,0.11066095857709576,0
51.248720153250346,694.3336247739419,1.8037468798585077,1.0,0.5662270599716859,1
31.337940180185136,308.39899230124826,22.063090019794828,1.0,0.48873361187070724,0
43.931021989017545,721.426490069435,52.56565028974578,1.0,0.8599116057382802,1
24.82423417918683,90.62120313302715,41.53317235944623,1.0,0.3684531835798656,0
17.769107886669428,248.472539703708,23.442634617899653,1.0,0.26730910715538614,0
20.14202031868053,745.2564708364371,8.70044086199847,1.0,0.4808132231800911,0
16.470243543187834,708.8089558927153,51.13169723467291,0.0,0.5487814935448119,1
27.213426074383587,591.2244133139415,44.22374736130758,0.0,0.44937877146119676,0
35.87125796487254,516.8292392103228,45.72972570564508,0.0,0.644401144794007,1
49.85662859130179,886.6084990107178,52.93565681281436,1.0,1.0,1
10.465671889109462,596.0154048487311,23.031881317904276,1.0,0.46491133509886245,0
27.00417079573807,284.4775151129791,0.9786945439180372,0.0,0.24266129429355668,0
31.925447896886375,176.50055661446754,59.881964963847494,1.0,0.7283587489286378,1
49.09051231246026,388.0053791119312,30.24226853432864,0.0,0.4536373833005311,0
42.612709537278285,837.006088851698,27.171347575980114,0.0,0.6156455321165164,1
37.39080513110509,153.35157235386504,38.056781028972985,0.0,0.5495957263916207,1
40.460891572190484,783.4372959548244,12.469240012335959,1.0,0.6758620988937644,1
26.889666487598873,681.3616105921212,43.43994753098756,0.0,0.5694702918533129,1
48.39080400509753,152.34404939658475,43.22580220404818,0.0,0.5330855664592138,1
50.24182299618021,11.858186496477307,36.63676102576447,1.0,0.6817397200042408,1
33.97357793140432,58.983882946067276,44.03139550437349,1.0,0.5395732318025792,1
7.020773302658907,468.0003403736593,33.2603378502766,1.0,0.44026261787017656,0
25.573629195681324,226.82801658901644,11.129791244503032,0.0,0.15941352521415256,0
15.882658550624829,645.0258567952028,57.03251599890129,0.0,0.5408334740432005,1
11.507727370003746,498.09356569138055,35.61945620144562,1.0,0.47299159551597897,0
17.801783366708484,344.46059158111785,31.534947409434135,0.0,0.3415375577508536,0
49.16045097740737,502.1901808359807,59.20921428977585,0.0,0.6838396720584533,1
20.867538580741986,649.6915478781956,35.256101527647594,1.0,0.6260063128245847,1
25.779577848548943,639.7591062363435,3.511401890451724,1.0,0.5263885660368282,1
22.96675238051953,123.48343764026484,49.718791995719904,0.0,0.4787820677559893,0
11.075890508575206,229.30807645004663,1.030159738903631,0.0,0.10247341735539575,0
34.28211885788967,180.1456216657159,4.776820050683432,1.0,0.28221263498831634,0
25.003986256424465,544.8125692779488,15.472760605318022,0.0,0.3965214331730438,0
56.195380808645986,856.4584521472973,12.615800157795665,0.0,0.61789698617495,1
37.107496874156766,422.7933765939732,42.517944031395025,0.0,0.4883685362555673,0
58.67916346844131,53.04542248875047,55.759515357361764,0.0,0.7021768583771015,1
51.53323053516416,351.2086715090888,38.68992853718645,0.0,0.5227061710041009,1
29.446066151131866,261.92750691259494,39.176800216009674,0.0,0.5915718125426386,1
0.9838464198295971,405.9844277447866,31.475639093606194,0.0,0.026322743053928566,0
12.775986307113447,874.8781115273862,15.49236365849932,0.0,0.3922751647227748,0
7.1602100217193865,869.7228427245842,32.44947594042457,1.0,0.6147018535080813,1
44.25403620191716,499.8863314278983,6.182288894535679,1.0,0.580994467386277,1
8.265397699160498,655.9400959241049,25.179806407654844,0.0,0.3232945167684027,0
38.70777275368348,21.408945543507052,25.87471974167919,1.0,0.5911756260247685,1
19.35219239218453,520.7829851428633,45.734295398536034,0.0,0.3949623472177742,0
28.83115699294596,555.7298210588575,39.53353057433852,1.0,0.5250456455260293,1
45.4012372837632,756.5411087470791,2.67482724790044,0.0,0.46217757338949134,0
17.900296007836797,388.3623083415212,16.974461593058933,0.0,0.24001348441801443,0
10.303382641813325,377.5753117255771,33.83339647018429,1.0,0.401730419348768,0
17.28233936802078,767.3158740506093,29.4722861278732,0.0,0.43438636110004225,0
56.61746716259805,122.6661153343848,7.093086191088897,1.0,0.4235273827417621,0
33.17007036280682,861.3823692231703,1.9322525110759092,1.0,0.4860881077129552,0
17.22740416056611,631.2228696757455,40.01510398671814,0.0,0.5147983964970518,1
8.742992767209483,781.7264388852616,27.038977672075664,0.0,0.5167789003853176,1
4.093284331427411,789.3300623856529,19.4335514322501,1.0,0.49432104628501883,0
20.040435613472944,356.77280547301643,34.291343990802744,0.0,0.3546632695459345,0
36.840658510758985,832.9817767861601,28.1810660047806,1.0,0.7465712764215008,1
27.40919846478867,649.0523039551966,45.666136778822214,0.0,0.5199488789243626,1
48.73323529004058,563.0517314199707,34.023481546530846,0.0,0.48334243075596384,0
59.68234808146489,117.01505135026284,11.688106156661625,0.0,0.5395252135636749,1
34.21386779532085,449.7925976070107,35.77368190597637,0.0,0.49212829625451426,0
20.696037516344575,505.4610331044607,14.97418225123921,1.0,0.43604885024118967,0
47.68297277517269,134.05415054505204,44.18358715724068,1.0,0.6747688823168584,1
5.322883810788454,301.43299052931997,7.164080954443559,0.0,0.0413850267012944,0
45.573847982636366,431.20683851040707,50.75488601026665,0.0,0.6811259278729553,1
52.899944755659185,198.60256660646277,48.83266299263816,1.0,0.824136241297293,1
46.56493575070869,222.63017804848232,49.346351238650215,0.0,0.6251653756337305,1
5.920116018043792,359.94904590164185,0.9313978761546537,1.0,0.19093919567941872,0
34.863558060685314,119.86920034429536,50.64847620426522,0.0,0.40416299392669736,0
48.131964690952806,279.04304109110154,50.6338387705228,1.0,0.7202359507116041,1
24.695017584294618,359.02945675756024,15.898886778508658,0.0,0.2901051313189652,0
50.64284948968285,228.93489433409277,44.265178618261864,1.0,0.7048045039271129,1
9.960328092035802,199.83538340548336,55.46404625947631,1.0,0.46746963719456436,0
31.724288119338038,378.89866281670993,33.95124307376807,1.0,0.5327721229664721,1
33.491691561039005,599.2274862125659,59.41733121210851,0.0,0.6519829563035007,1
47.295256205841554,52.57638960455553,4.361416649492393,0.0,0.26472852552796056,0
24.72130975850934,296.8378790297742,28.941110116614436,1.0,0.3595326688166577,0
15.49515068211152,255.35621419846538,42.21194200345788,1.0,0.4275886319231718,0
42.727424438915925,528.6885245857163,38.68313177212132,1.0,0.6230958297027922,1
6.854453535927265,86.22237371546458,14.843177921852575,1.0,0.2605151794854378,0
22.07136479233075,108.99760230681625,13.979522627326947,0.0,0.3193024093818568,0
28.082489990822456,847.4680391553271,39.37470734311233,0.0,0.6086543960024862,1
47.26778698150812,493.26108964729315,31.57916754372018,0.0,0.553498187255729,1
25.485926808058657,535.8628327449675,8.65601950767137,1.0,0.40613421250064474,0
33.73152756640256,144.91737517719307,19.70016804318355,1.0,0.4889944919282979,0
40.69908190526748,14.844113848676411,22.553663817851582,1.0,0.5212537242339675,1
40.53328726103451,75.87653662720875,2.669503466273131,1.0,0.45041593989828094,0
57.81088078551656,39.216330095691,34.143772910107266,0.0,0.5040902385237944,1
27.790903330594116,327.2198160072704,1.656973751376296,0.0,0.310257103088614,0
34.3060333736987,218.07294774651993,38.32639124455553,0.0,0.6172192244198669,1
1.1643791021368677,864.197257494908,1.3786869528351575,0.0,0.29036629610754744,0
11.511267255800648,37.59749165199192,19.47674560082287,1.0,0.3486386373723455,0
14.926740329903556,1.227520688705297,9.101048973427284,0.0,0.14182362243084523,0
12.671653167655226,75.111343160223,25.648434842224177,0.0,0.21086477694943864,0
31.146621072490305,7.195515994920665,26.765538745248882,0.0,0.363223599615484,0
11.959578143105805,438.68904262450764,17.936980514991397,1.0,0.3144482581761112,0
34.20256099389226,361.8407048542799,29.03779532814459,1.0,0.4861290209119852,0
49.55048856887593,275.09560734782707,18.639305273864366,1.0,0.6199841339226692,1
4.357761287735517,866.1906623372399,52.92889515159139,0.0,0.35898715262081227,0
14.573980242901044,671.987680545126,25.72778854211257,0.0,0.3855402811210191,0
29.802307736875658,171.6713112711801,4.717143629961411,1.0,0.4359533697597339,0
2.769250320269361,85.0767944473534,25.90191164915248,0.0,0.10250639389658357,0
8.595466750001401,796.694044759771,27.01428989115006,0.0,0.36240705906304777,0
34.49857558068716,766.1528930038191,25.08112488636344,1.0,0.5752019298786025,1
23.970472838040752,68.11613880436,27.025302160362926,0.0,0.43792758013067523,0
54.222748895659194,756.0995622415392,32.79334105062979,1.0,0.7917282599382093,1
34.226368520764495,547.8031057145457,28.934821349765006,1.0,0.6518652323650485,1
45.42505944815122,701.5441699425686,57.38537660734623,1.0,0.792248063126907,1
20.752251827217318,653.1582744631658,6.680127311467472,1.0,0.4210594177534247,0
22.624583286246327,287.43224765599007,56.17704650745622,0.0,0.421160020337847,0
51.20700897141385,771.0544019352997,2.043860598006386,1.0,0.5852558912485347,1
36.917665540672054,38.315685839446544,24.301113584973496,0.0,0.29850379757631895,0
54.86821236570627,841.9691466495844,38.206552006133464,0.0,0.6574060252413025,1
15.144339459061145,47.01346349503449,4.8067748010634315,0.0,0.17371135786562333,0
6.87656416866909,598.3456246278578,20.86805148149432,1.0,0.4189718352574058,0
40.634430273920266,422.59422068007325,2.2108323808869934,1.0,0.46800364438848313,0
7.5059658177658495,572.4594813188619,6.51271275654077,1.0,0.31891425070907337,0
4.5589746108857865,837.3829901439648,5.5581361819199016,1.0,0.3583729388677632,0
23.42502184713761,653.4018167948389,50.852887333792886,0.0,0.5850863871247204,1
41.18992075207441,447.72547718956713,59.74898181132832,1.0,0.6564365535137944,1
21.621650736637385,618.677922068953,13.77426384377367,1.0,0.5003417498202853,1
45.183962442892614,331.51183162056503,37.226892746849224,0.0,0.5061685324325876,1
27.317659554847552,128.40178198256356,45.478997126559236,0.0,0.4371054744918028,0
17.09477516741285,122.47208065134399,40.49966748288811,0.0,0.4348860616623261,0
32.05673171043284,241.24595794323014,27.788949499717873,1.0,0.4300855614520382,0
36.27093211679557,811.2468272800855,28.593258238274846,1.0,0.80057745307174,1
8.99638083569193,391.7247995247753,36.228745237194026,0.0,0.2962242655732849,0
35.49355745422383,620.3896345236923,49.806707389730605,0.0,0.5601181388303961,1
10.110751053721142,304.1557756553543,18.494551161628653,0.0,0.32526901848533635,0
58.09039356145528,745.4847608602911,54.5750556252406,1.0,0.8587677022884913,1
31.892030195085532,568.4408409572713,36.48064111681401,0.0,0.5514776450748162,1
12.326234732551857,225.19205539008647,59.43572952319567,1.0,0.42453082040147155,0
2.5519997867496547,47.708553361409386,55.851748606234544,1.0,0.45230013293135113,0
12.872243130844145,697.4240963037772,55.54910250283698,0.0,0.4319876406791949,0
19.09814049486597,160.76650999978546,38.659317290368044,0.0,0.28504024269161954,0
34.4088326740109,685.5888187141743,11.152780591249602,0.0,0.6013455922901366,1
39.812268662314644,127.7612204898854,52.779887344902626,0.0,0.4629810085228588,0
42.695432211191275,727.7491879867388,23.805393739363357,1.0,0.6839613334017427,1
26.466567043889746,627.4573452110031,56.112320147517224,1.0,0.7880885276841991,1
37.81188427974521,162.77667075216945,48.78431143920339,0.0,0.5457610240819946,1
33.21352649945691,403.8418184221851,15.525716870604127,1.0,0.49650421479326357,1
17.788829484275187,590.3228880879931,54.98991735148158,1.0,0.43364685634465916,0
13.139022340976833,163.35147256624123,6.461513406070692,0.0,0.13295729950341378,0
23.95581595067795,178.52726295545662,43.350399531565245,0.0,0.5242027749474469,1
41.37742409286931,162.49349322973174,28.543011190813964,0.0,0.32744754509483476,0
8.069448508185888,59.185662974158916,15.381764677388967,1.0,0.1834034009221589,0
38.158793442013014,859.3909706639414,35.317535095305594,1.0,0.818106977611972,1
1.2440525727221985,197.3629966275242,50.13596071983009,0.0,0.3793020300059138,0
11.021157858441823,493.8501525685606,13.294327105773515,0.0,0.20345976785478984,0
40.18776110070631,161.19051690259337,23.58346507894359,1.0,0.5207209330089683,1
48.485299964335944,244.5648998751284,24.6389836937663,1.0,0.569084991434311,1
46.03189194572128,799.2753173323563,36.86019437996686,1.0,0.7920091485829603,1
41.00965239930281,170.2494004694821,59.536964033429705,1.0,0.7161308230477142,1
15.245285873884978,64.90957221209268,17.03206920696239,0.0,0.25276227614771596,0
59.270677128734064,755.9928706119697,7.0554685343931585,0.0,0.602541332744117,1
36.05813955952524,458.6336224330736,8.18068281097414,1.0,0.5022837657730668,1
54.607493333376375,401.6466655759426,56.26741555143281,0.0,0.8185978664505483,1
56.18710041312184,844.165917464374,47.84342282954711,0.0,0.8358253948890835,1
14.320351339036126,324.6569101505766,53.40952694013343,0.0,0.34401725856825693,0
58.188453905073374,700.9995436571827,20.454039772353198,0.0,0.5808157307208847,1
4.872520848255468,361.96094040811835,6.2609366931646555,0.0,0.11251046491467531,0
38.24163694717573,387.83724335120485,31.249857601633096,1.0,0.7071117942179983,1
15.401232531508956,662.0150270047313,31.097158847223934,0.0,0.34113654255956394,0
5.645211582354235,357.6530548303237,30.67269439471241,0.0,0.26973825312345345,0
34.16615999977983,23.67624736920575,12.592337521259267,0.0,0.10901869901184105,0
12.753314240209848,237.3465576523027,55.6392968914826,1.0,0.46168329386024926,0
47.18402719149532,781.2480275218768,24.447740825058272,0.0,0.6343073649599426,1
27.69566432148583,292.3793518710098,40.7695982621584,0.0,0.5440463495844716,1
16.18617307966961,546.1171941226701,36.59584628028232,1.0,0.5884257577522867,1
0.707192280962714,545.6770556170598,53.60114678720819,0.0,0.34413205165760236,0
41.520415135035606,717.8016324770454,50.030255707152406,0.0,0.833711949855529,1
38.18965230585101,340.7196935359128,7.178638811173408,1.0,0.45643452027266457,0
48.31178016812249,602.1510423995263,13.174306435764517,1.0,0.7025358225150449,1
22.992138912223403,330.6731534321655,39.58208002306135,0.0,0.39822515019428867,0
54.89442024649636,232.01175418925203,30.957804682957654,1.0,0.7812916652069584,1
1.4155792902210163,66.43387459407762,53.74018209424387,1.0,0.441035157243603,0
55.129101354826716,733.9440080231162,12.445468002347152,0.0,0.5869944874014803,1
45.88270179168132,70.97384572729084,23.094153945331392,1.0,0.5740219539450329,1
6.142358580567835,343.12150176668706,44.225569502336285,0.0,0.24866805650902124,0
59.22862214064164,577.031151916502,10.498733358828666,1.0,0.7104254156415822,1
5.38630859641345,244.1360589578273,33.44490558146373,0.0,0.1977376070753296,0
45.06442652248511,450.6767868361782,5.721761930312839,1.0,0.5144425621215403,1
14.662918406606043,746.5221419480317,28.79073092698673,0.0,0.5124125269883931,1
41.459060881885485,668.2696164692377,34.55812082244341,1.0,0.6959755152466612,1
50.221464096725924,310.86229979321797,26.351721770057303,1.0,0.5792336568326482,1
7.076324190419383,813.9078335573283,12.091890540987853,0.0,0.20668179728486163,0
19.471775904200584,777.4377413311228,53.951655086412146,0.0,0.5888635019842309,1
53.71145289129659,734.28293660912,56.612307864416174,0.0,0.7162445104251646,1
28.648957326526293,198.36908661326785,8.334491385836762,1.0,0.3158459900837876,0
9.184983615179554,359.73670548132696,12.208949699718435,0.0,0.23268872566961712,0
5.211425954034197,897.1591342222885,16.661838663698177,0.0,0.3028152434809875,0
7.380099767770599,531.9411077254985,26.148168050710805,1.0,0.4359848900288823,0
6.347861893494615,220.45135375500448,42.419001660766874,1.0,0.4380594937884518,0
21.412431595471688,401.9148153032909,26.609442501386606,0.0,0.45036319233508887,0
46.595383120259875,329.7623735942581,40.124857568218914,0.0,0.5690743073754144,1
27.175177020343828,510.14601570440493,10.295418451285308,0.0,0.3096023133660691,0
5.900936346001277,283.45359520920897,55.18270524352487,1.0,0.5635177338257065,1
21.155574294568435,852.3670698322387,22.515575959590326,0.0,0.5607709020605252,1
29.022228290215786,448.2110727133595,52.42489099531391,0.0,0.6033337215481825,1
26.891725548399243,441.2509197809648,47.61498175298664,1.0,0.6922151182339334,1
38.4756349292977,28.5971793368068,24.474069100520722,0.0,0.4720219268177196,0
40.83560632128623,208.5443346330232,48.246359744853045,0.0,0.6298327034124059,1
44.866562659858424,183.74430211082907,42.71615102127249,1.0,0.7150586554436064,1
32.15208661861201,377.210398652976,26.889669351836535,1.0,0.5910215004988844,1
1.7968106144900275,60.259140457779594,4.753272435911713,0.0,0.02204731773794546,0
46.17839810950627,273.20976840981723,14.719417838178021,1.0,0.5076783922744614,1
46.98767838392063,754.3440026254489,7.478668004268602,0.0,0.5709548285840694,1
43.7645903828142,449.49728683183446,34.75862251418313,1.0,0.805424240278701,1
26.25348787106995,809.9235838061352,28.21209787831134,0.0,0.5737201278000087,1
53.21356688659483,365.9552328164826,44.67735699867596,0.0,0.6691277635950112,1
5.779807320235346,525.0577949763772,54.172650621755665,0.0,0.3489624194809364,0
44.40938528602524,776.6304562185896,16.28888173417459,1.0,0.7052461554278381,1
35.77871428263391,330.3465014059433,7.871748964845096,1.0,0.39691868676265585,0
42.00865651554439,421.36135891960856,44.68990040856231,0.0,0.6869776246803034,1
4.0355140625019015,374.5878945619228,10.488112491891572,0.0,0.08815690356999564,0
58.08855690953701,475.2489808512847,9.456388965069998,0.0,0.6075703376796302,1
1.8139764126398683,247.78851274011018,52.045522883006065,0.0,0.3973062268888233,0
10.612738330604286,649.2772187081364,24.741099068453934,1.0,0.4746860259124652,0
30.997009208815975,196.23081112825054,29.855887878404953,0.0,0.5702446921127644,1
34.373984266634835,59.791101064563435,36.45068164997293,1.0,0.3839912159574283,0
10.676051993379145,113.81157941779254,51.616169775171215,0.0,0.43723714822923365,0
17.24571931972479,141.00588040295062,23.280911556193622,1.0,0.38071960941418165,0
54.90864637369422,446.54978346529714,55.96339325207893,0.0,0.7266570795683135,1
19.279298878516677,695.9340366803038,30.258766112667363,1.0,0.5581252726058024,1
26.71293974878278,381.4618404595716,32.967447112170504,0.0,0.40746157962878843,0
6.690749875652148,148.3750110595668,29.626743810860898,0.0,0.22247768442928903,0
34.136343727030805,95.42693109343871,23.744356371794815,1.0,0.39574205500704185,0
42.05552939643709,690.4054768055909,36.873442856754664,0.0,0.5578202390552919,1
44.45254792150038,353.72064275072466,13.697259831230369,1.0,0.6768026970989762,1
13.956716958145833,21.786102320519696,5.214335862684809,0.0,0.2454688196514921,0
22.154674493622373,620.266430854065,25.870920003299865,0.0,0.402904236669765,0
39.264229386348816,737.6359641371009,48.86554803482964,0.0,0.7002938442140745,1
58.37705226830841,858.7265732346858,40.81765951184424,1.0,0.7734598949483938,1
46.188345235167226,780.0837979907042,17.95085872117569,0.0,0.6685917938833192,1
13.154976942834033,28.390547616091013,8.266311555421018,1.0,0.16843752106117393,0
3.9309184750118265,614.9445028030201,17.56526715918929,1.0,0.35605607343191625,0
19.68761465583402,516.1797617940772,17.41858875808616,0.0,0.45326109217831245,0
31.760689346190787,343.1452911563454,5.878653515284514,1.0,0.38592912568182275,0
16.32143150112372,101.23965099440595,26.72714626301889,0.0,0.3267140318374825,0
47.393366250697746,130.08791912461223,37.26937942111965,1.0,0.580680030417759,1
15.39227325514223,700.3441815278468,28.703831501568963,1.0,0.5361708049952053,1
7.4331783629464,288.8641862455649,1.1683050317414234,1.0,0.22451967469433454,0
36.1464181213448,571.1749768299891,8.694396745042434,0.0,0.48561953622417664,0
45.608313640238606,521.1212053604135,25.98167378358013,1.0,0.7045853505457413,1
12.297865364425215,650.5237518736031,31.785493821103074,1.0,0.5002464247919752,1
20.02729863998508,638.3281928008043,25.22816312914829,0.0,0.39939921080729585,0
15.587297958348223,342.83681195510655,21.220948344900318,1.0,0.43420781231047273,0
1.7269635718316279,134.90292329496705,44.77289723426043,1.0,0.4165516559872142,0
40.966665085338406,459.1752776165965,30.62676347292196,1.0,0.48585901671591375,0
3.049443909246905,232.4197488095878,49.985470988614914,0.0,0.3823737214743461,0
36.71594624895336,670.7319178720295,59.669750529984675,0.0,0.5826639309982548,1
37.628266528218965,506.11695233581133,29.556320951077957,1.0,0.6614395035484142,1
31.81025280747644,526.1857995140646,38.27803023697349,1.0,0.6150394689144805,1
2.5479732789271714,662.0837025844576,49.8439653652969,1.0,0.4865316613640259,0
2.2411179702750483,645.0991405319545,44.59865882435217,0.0,0.42022206132284656,0
30.90193692341761,428.9890636834986,7.684447410800934,1.0,0.4035329182522026,0
29.435752330484913,736.2758273338104,21.30754107893267,1.0,0.5543657067964678,1
0.9288156478738863,692.3098198020597,30.577659942608186,0.0,0.32282093419145746,0
0.6458259618548867,710.07187523554,16.20633994556406,1.0,0.25463521854717736,0
46.40132522194414,84.17860983107734,27.409119993696358,0.0,0.4876804173228454,0
19.468895755088205,706.9835429808836,57.423002769620474,0.0,0.6602345387040677,1
43.01564637554006,502.04342459844764,44.02625917368904,0.0,0.6148130045707564,1
11.915234533326446,421.2346640929763,23.47313227457635,0.0,0.3017331833639697,0
15.938239984258928,692.6991613546393,25.187999322108453,0.0,0.4246449333854769,0
53.892539326296294,791.2081791793129,51.234199693498205,0.0,0.8355337726088213,1
11.863095895419125,737.920050975468,13.933303129346442,1.0,0.3948316655720104,0
24.496663306244503,46.54695063344744,42.166221255814996,1.0,0.508943680107507,1
29.918135314260287,792.4268437599276,42.28959655730799,0.0,0.7220079317364286,1
42.71312387252252,155.07990620290468,13.04712422955414,0.0,0.355875792447945,0
19.245056172178035,495.8419392849052,21.26835816160423,0.0,0.3244275177718198,0
38.958511776550544,827.4226323234814,29.94521514869476,0.0,0.5366699132144358,1
13.334131572952877,192.6900034078038,19.58010657050407,1.0,0.3485408126045191,0
40.880435292504785,609.3498769056802,55.093004342589346,0.0,0.7691638203550585,1
1.273321863217698,300.17367264948297,35.66396008602083,1.0,0.5031959499069097,1
11.208877657909014,146.24394519220573,6.689913467647712,0.0,0.09324741259162517,0
3.660862280998727,773.1585426988341,24.067083430873197,0.0,0.26874785428443654,0
6.121147381806711,714.8321586030215,7.484833266421617,1.0,0.29217388171602404,0
44.89295888624285,822.325217692718,27.072505368136326,0.0,0.6203613823766699,1
27.84368951582237,56.97002971415655,44.354635901203565,1.0,0.5852781395958615,1
46.99738584838818,182.04999489629344,25.401591055564918,0.0,0.4217932908378725,0
58.499221120411185,69.82907802631463,39.869669065511985,0.0,0.6232708940478234,1
11.165202720591322,64.47797544448022,16.859537774422794,1.0,0.27697855394632165,0
46.136981425456405,442.530396753017,9.241552081008816,1.0,0.5076096809297664,1
58.31439567911486,740.0947480237724,18.496013268806447,1.0,0.7504830933947113,1
18.56115329229673,737.4253053940679,48.10000784723387,1.0,0.6722123566826306,1
4.632567110792709,9.367749396910142,10.296841021904065,1.0,0.2266869721414208,0
27.706058382900206,289.2383587910764,27.54506907820644,1.0,0.48980468628589163,0
32.555943252346694,289.08707595532474,41.70836985287184,1.0,0.6068704575785929,1
41.28452030451023,864.304118993619,32.81064690444178,0.0,0.5190590118370206,1
34.24886990722439,252.84680507419938,10.596486644814146,1.0,0.3400854306713012,0
18.105346050765043,690.8977515052156,30.0120637487538,1.0,0.5484389192745996,1
9.745885468935732,153.86589490682874,55.494832208979815,0.0,0.3809563127612066,0
20.40008583216045,182.57386632698487,24.077611658640276,1.0,0.4457332491538692,0
28.13065546668403,588.9544176848294,8.65744574413285,0.0,0.41479058794277107,0
11.134851516019587,512.5534720186322,35.49122961448288,0.0,0.31519892224529,0
17.92097297232931,507.5238873966432,32.41433315502505,1.0,0.5405546737193831,1
53.043327598107155,146.14112784235746,50.009313231605404,1.0,0.6386344466953047,1
25.41036550885347,753.7263765278876,42.368723441377135,0.0,0.5120303320597467,1
7.518298830345174,756.8802741241717,44.95253792323654,1.0,0.5270234134434898,1
39.93249343384544,220.42966284668887,33.426618209486904,0.0,0.5266295556794622,1
21.297142909313994,516.5144652976787,24.75627280345643,1.0,0.3637137423611246,0
30.90675124512161,296.72551812465315,40.96128981255898,0.0,0.5404224615214949,1
23.56341429423602,172.27834541428152,54.33982142544294,1.0,0.45952919630302497,0
6.885578961371985,849.4192375116885,9.807235783218228,0.0,0.254244396616314,0
44.22380021948085,501.92978737925426,58.63448428137629,0.0,0.6918209034766483,1
34.12864431867542,85.95415992426469,43.973729897243715,1.0,0.7786939418922583,1
59.338740596069876,393.19627522549087,53.79382514458475,0.0,0.6859790130026381,1
0.2840559426547107,230.83838818680408,29.14804809775013,1.0,0.3360869378541173,0
34.63755520733492,879.2159618456532,8.526588604824868,0.0,0.5529074820086219,1
25.54488827281322,256.33065211931387,13.46390240542263,0.0,0.303361661607061,0
26.086521321347448,429.5683087995757,35.44571489452876,0.0,0.36506525040733173,0
43.3538344200507,296.8455896996923,10.535151000337299,1.0,0.5051043080767922,1
14.544535083060977,97.61926373723558,54.71697825672693,0.0,0.40375999158833903,0
23.99707907080871,798.6257170739432,15.375788660610784,0.0,0.42779277753387523,0
7.999347977702844,633.9710908839768,40.332969863798446,1.0,0.5407460955149026,1
34.005381933651336,827.1625757389586,36.51663511796189,0.0,0.4995121359324071,1
26.24277429344183,773.4005713748743,16.525249420166514,1.0,0.3732875461813485,0
2.5583756995242357,543.9000297907295,11.753591101405135,0.0,0.2878510165999511,0
13.821474079963803,522.3606810527491,1.9682285876334449,0.0,0.07398565228945894,0
23.720733942904182,629.9567842959474,23.542855353913144,1.0,0.5408842804268531,1
31.913042775570336,349.4386310525725,53.9807256361373,1.0,0.6835705670778631,1
5.57284251675666,652.9908005947565,32.75505394975363,0.0,0.3309963403376051,0
37.16095346575116,120.23121543361623,22.134340059611443,1.0,0.44888858986910907,0
49.061081198120334,527.1842816514779,40.14875608443113,0.0,0.6225872399880599,1
19.971150447598152,631.7153538918934,40.520778215328484,1.0,0.5758333080792049,1
4.004469900657137,123.39599238132055,44.477628030979844,1.0,0.33549946682254705,0
8.797067953454793,40.05819178670805,36.79830494232082,0.0,0.24335039165239483,0
45.77877009913851,371.71728037787005,52.4795266688791,0.0,0.7570554221905268,1
31.933564602878125,692.8748740985347,19.590373202246802,1.0,0.5559932962348451,1
8.166626721260208,281.3042151464367,12.55676378108847,0.0,0.26689391431964604,0
10.074671973298795,149.59815676160733,26.92200218215136,0.0,0.27943148244708255,0
49.98976014840761,630.6111752226011,59.97197058126811,1.0,0.9660821078874633,1
40.76965404287736,654.6887019371878,40.07000560847662,0.0,0.6694967264780908,1
41.73759798785383,254.71219252598885,38.254370415503,0.0,0.6358474225395631,1
8.424543586771101,146.61521612792512,7.497559303632341,0.0,0.19109118561311922,0
59.4281118141645,393.2133775827667,24.680025219353713,1.0,0.6822872254195889,1
15.236199616112307,161.74758189765305,37.86254801875195,0.0,0.3324861782665161,0
21.239933872258888,10.267608767429481,18.882803583287338,0.0,0.37832688056179964,0
14.036944105278701,744.3998185679434,14.959910037722224,0.0,0.30490222240871545,0
56.558545171659006,473.41077524280513,51.143296139973245,1.0,0.9701498836521095,1
37.89535320087202,165.11507229413954,27.091589614160082,0.0,0.388315590115189,0
33.19679462050723,265.1663684969577,20.671834509757254,0.0,0.409995057784984,0
24.852816768115467,287.7707037516898,33.512920875694086,1.0,0.6609503937367545,1
43.02822161102322,390.0493375642232,23.442870156947745,0.0,0.541425758257911,1
28.11410763387354,838.8653027845264,56.02402027550215,1.0,0.7349598562756735,1
27.69959531574037,725.0122229592912,14.916966622108651,1.0,0.3887185197644615,0
9.11062871010454,98.37870017284511,43.69549859895006,1.0,0.4551577389136221,0
49.41465972371466,637.5024185443614,21.25844488154837,1.0,0.6877859925858408,1
3.9702142476764157,407.81071751659545,14.929161166595463,0.0,0.3049131316427582,0
54.44936687115567,228.648181282044,17.84277785392302,1.0,0.5629681654031246,1
54.98666543612695,60.10468131182143,32.49786755253664,1.0,0.648255509276735,1
31.40172847785976,561.9280997417562,44.99730593812202,1.0,0.6985773611442638,1
9.800892085163426,871.0139042144505,21.170565307462574,1.0,0.5327257112260552,1
13.073228869210702,28.930212562278356,42.82128296100129,1.0,0.260900024015051,0
8.3818854534562,820.7826437731848,58.860231333608496,0.0,0.6013363077529258,1
42.05082280840599,768.0857312499982,39.04323185138649,0.0,0.6975712447774233,1
21.765150297536657,294.56302145936957,46.27905091302318,1.0,0.5027492121293573,1
58.93981883323079,644.924953315598,50.72168241365148,0.0,0.8048186939169715,1
20.479172208003106,635.9554245553794,28.324362012969207,0.0,0.34643613675562557,0
19.783912599350757,625.982514165702,15.171385888491283,1.0,0.3552777376254935,0
40.602228960234676,562.2706438779923,58.21754368414254,0.0,0.7786664850023589,1
52.696601351581855,729.6786160703939,11.102193473796692,0.0,0.5220340391411596,1
31.600206663088038,777.4083395253055,52.30283479900612,1.0,0.7990206392171199,1
7.331969853968401,217.11799199148047,21.226306065790272,0.0,0.19128315650056926,0
10.242484389321945,458.2495412792617,10.78315486136896,0.0,0.26775170863902165,0
42.90379655496647,818.3907250766758,46.216630959267455,1.0,0.7776232400249019,1
45.946307028600785,89.36708055278028,56.69154768533077,1.0,0.8248416186055835,1
59.39321729742468,496.5394236490645,10.24377939584694,0.0,0.4496953568439479,0
34.393589208363075,717.5888224568946,10.705669299039478,0.0,0.49437903348703005,0
46.92269613993695,809.9328258043225,18.923114080897143,1.0,0.8105130928569821,1
40.48985753887171,592.6019589158883,12.96065732888331,1.0,0.4998707902775783,1
32.987373040274015,470.71893895364695,39.024276363076886,0.0,0.42896334187105983,0
48.49485889260951,445.3709003554111,2.7292192061257436,1.0,0.6151066186419414,1
12.227528260540124,238.31126557674116,23.093433145498643,0.0,0.2782064761590436,0
9.18789412143581,306.05640515792845,29.586031089992574,1.0,0.36956096927593013,0
18.583299249161264,620.5016434535827,46.35046326738277,0.0,0.5893047263085989,1
23.098675448084,795.410796397532,33.441450890502196,1.0,0.6204455096717234,1
56.96974010516788,854.4319392725336,29.199168703070434,0.0,0.7889053727574602,1
49.49642160147412,834.4767764122203,54.77658020344747,0.0,0.7912595289166382,1
44.66101283565542,241.7850433571775,51.39402325720681,1.0,0.6984100884833329,1
53.49169132988428,221.43970243146714,37.348898028136624,1.0,0.7349462203568877,1
23.00575095678748,73.63979206118864,36.214055858288695,1.0,0.4277649119971818,0
59.08468269268549,808.1232798338146,22.7372641042913,0.0,0.801597046488024,1
54.458775174244984,503.67155942735474,53.96453201117567,0.0,0.7641169667877387,1
11.111432672711327,299.34919687473615,35.07745609697492,1.0,0.39222573877209277,0
22.663932353601933,584.3446510501885,13.447992107631134,0.0,0.3007487824383829,0
18.47754253269686,743.3195900516979,22.489144892880542,0.0,0.28987350766128384,0
11.580431119943682,653.2927367582926,54.503659191402946,1.0,0.6541646530391128,1
56.23368358502233,171.5742901224249,48.28928996775734,1.0,0.7313092211068329,1
23.43896794554841,504.87536244483215,42.517406188747934,0.0,0.48688968023557966,0
52.141914899405855,16.489016830324044,44.507879795238516,1.0,0.6908415037893809,1
35.79030373975073,251.15172000366445,52.52535464128731,1.0,0.7427361950351132,1
3.587858650401652,510.8461568134948,0.5079899317106817,1.0,0.2571697182553136,0
26.01218255016372,577.9979520342074,40.39264545498653,0.0,0.4562831492762528,0
46.80250843720431,189.88997805756543,37.62322057094848,1.0,0.5999112748853977,1
19.136845217194704,613.5047413351859,45.4558422934351,0.0,0.4959811942239574,1
17.564729526898986,315.0998101773731,22.49089156737143,1.0,0.34656762588945744,0
5.6122183894170385,53.95513867107628,13.460102417807246,0.0,0.2119861836661235,0
28.442787525579654,888.1170068160276,35.9515343684987,1.0,0.624775368481358,1
56.54401645767178,505.6193545433968,54.13943794820387,0.0,0.6987084965453758,1
1.1229433645801223,546.3185187871187,56.66750652152688,1.0,0.49966136783429976,1
53.20516788389021,146.51692994051203,0.6314620318175956,0.0,0.4231655767097727,0
35.98262914848043,682.3757547362167,21.278443354624063,0.0,0.5518879685404656,1
16.819737728624574,63.77026938158844,51.62240780253846,0.0,0.29268840047983075,0
53.900953239891734,147.7174801305871,7.357549835858846,1.0,0.5826257739558173,1
55.65058503055287,749.7356321708222,46.541262818377454,1.0,0.932909850967839,1
58.38869630822036,689.3120289349573,56.38528647171801,0.0,0.8240000306698357,1
27.76092253453234,400.1257149534421,44.79598221273171,1.0,0.621499294857835,1
24.86699386241048,142.55264973634135,51.778187542247096,1.0,0.5972329177350635,1
39.87629937577551,435.77402695909706,0.4392825061334449,1.0,0.2884686998855786,0
53.32806231143475,243.818821796782,2.7112153594258737,1.0,0.606871007448229,1
20.99868988211159,334.1608661491348,48.67310072483589,1.0,0.5890501822919564,1
19.91801652356995,158.20451157699262,25.84606224575149,1.0,0.38047421269007126,0
24.520598265146273,820.8058886067012,37.2985288343834,1.0,0.6592254630296702,1
1.2621518842020096,742.120917519622,24.030798590971877,1.0,0.4528265276517838,0
50.40422533140154,886.7091417766891,2.892226628291108,1.0,0.6873675817070916,1
27.457362508290398,313.00044280615623,7.355093028357034,0.0,0.2705039888077441,0
28.006114332191906,389.7631740794648,18.297273828867738,0.0,0.36313823073531837,0
37.968826396216784,616.66198727657,2.2608175904627226,0.0,0.3563719859503447,0
48.53547446296509,826.231888825423,5.773392451428052,0.0,0.6314019009538194,1
42.325236366677736,114.30086052297568,8.101728480818162,1.0,0.3825160454548627,0
20.014883170504582,123.17498869313594,16.07628257944443,0.0,0.290615678710634,0
17.681612520881075,60.462887988926106,55.64658972574867,0.0,0.3758484190391174,0
19.9872005446957,44.16250825929969,59.22514553020458,1.0,0.4550544526663762,0
31.930296144048004,196.03458969098483,29.2303858518762,1.0,0.485031336323487,0
48.6463411582099,270.17950228565826,12.438513531957447,0.0,0.44622940309518183,0
0.4781214780645682,402.2960110520696,35.90437895399454,1.0,0.44505015593087943,0
36.316459994341685,618.1562057786883,4.180542325052626,1.0,0.5942607699049761,1
50.631473609428994,675.7221687576616,55.66123808027907,1.0,0.7804995258312291,1
33.68735998032303,808.5068491288214,1.6627690526379357,0.0,0.3037686005924638,0
22.86415672951253,715.9175169564991,39.346084860658934,0.0,0.5420658018451077,1
28.443338120524917,278.20513135918645,1.1599565595842676,1.0,0.3317312044795675,0
30.874593903103513,890.4275563977362,5.673727871746697,0.0,0.4132953083646664,0
37.62220709816345,310.0655520881693,33.13353920419407,1.0,0.5777010386992915,1
4.5063869987231575,124.68521779395387,39.26200599408287,0.0,0.2416880557781652,0
47.54691370672845,803.292216354394,17.724351725765885,0.0,0.6448157845007533,1
33.09943037955599,822.5973545219058,0.8560991651924565,0.0,0.38591902276901874,0
16.626967612999593,386.15315088943044,28.954090994623012,0.0,0.3669535352806137,0
54.93264925395906,169.96058318393867,32.7935854526548,0.0,0.6568140993630159,1
23.912288342677325,285.22450769083395,13.904162360086609,0.0,0.2850203113997163,0
46.491017091740474,845.8915804307136,54.57310401195824,0.0,0.7841640803158503,1
17.852249712107657,88.79946493553628,7.923369037245256,0.0,0.2345918905298826,0
32.891646904374554,649.9568531598994,20.897895312413585,1.0,0.49080078653076187,0
11.392306259595294,32.54948851379862,55.24426977627816,1.0,0.48771903564735125,0
16.41695865095936,583.2578486144429,26.365868556918816,1.0,0.43149575044853977,0
19.752312884911163,728.6287866557532,24.61849998257891,1.0,0.403416831408562,0
8.616734858751713,540.3338820874105,39.06952698877125,1.0,0.39087137757696655,0
45.63072179587466,9.048180018696472,35.55765865244078,0.0,0.5527944297755759,1
27.038844389664817,63.57902781679392,55.7901582996839,0.0,0.4375098995961582,0
20.82503230454932,441.2247462755762,39.077659469947406,0.0,0.4595587579902541,0
35.104270327524944,685.4211052042402,44.097708147329016,1.0,0.7753360208276237,1
13.793805947404447,113.81512995766614,11.30135938371746,0.0,0.23672056657747995,0
26.271046862758926,345.91687111418685,37.78910936857757,1.0,0.3977194375618228,0
34.06256777041587,861.3762097602265,26.16886126977818,1.0,0.6601269459146221,1
36.958544393196846,7.843555233466426,52.02959161909472,0.0,0.5202824782446207,1
25.347048912316197,879.9159922736984,35.592539728914296,0.0,0.6052123398421573,1
44.582215466117894,170.13517730437857,18.154738310152712,1.0,0.5894209809255009,1
52.01016281534022,169.60667115316355,14.693987521790408,1.0,0.43464538248310064,0
57.80100679064105,768.4768165058191,41.99257545048924,1.0,0.8229766559831629,1
33.61461134163109,873.0896972091599,13.320486375292774,1.0,0.47452630472921464,0
57.91325059337888,665.3799290353616,36.54354188924877,1.0,0.8833093256984896,1
56.301572394765145,7.411698771988862,54.51507269691815,1.0,0.8605175062576316,1
39.31585000465486,151.62246167387553,55.06165709807074,1.0,0.627378159668246,1
8.072513529067272,871.2041535252627,8.458171350484543,1.0,0.4268342595888026,0
38.468511147788625,501.10636081379704,6.144317284437353,1.0,0.4164840944041266,0
31.87206018941375,717.219169854939,38.10739346216526,1.0,0.5262105646115256,1
42.15138299359546,732.0702759256819,39.521161835314956,1.0,0.8703904932652381,1
16.248950182486283,514.8142579998679,24.780351921553894,0.0,0.3272003414887058,0
59.581266512217425,209.69200062739446,35.10783622225786,1.0,0.8591087795417303,1
20.78099132426174,280.08039694126546,33.33590161486247,0.0,0.49198577445243674,0
59.97643152085564,776.2500722991383,54.36667792099882,1.0,0.8968285070470803,1
16.584203256046912,871.1938133688168,10.624059078028464,1.0,0.4860487460743569,0
28.660380157563097,185.6177966641926,43.83214680533226,1.0,0.502468875548505,1
40.88794827189544,614.7860648727775,37.12279507534752,0.0,0.6550503080988651,1
15.584614968793192,699.1050908205993,19.55823640175814,0.0,0.3784851457776413,0
24.393291853419758,163.61226597703111,13.261156746436143,1.0,0.36858312197442716,0
39.70467605231386,518.4737629893469,27.62950650665279,1.0,0.6414546967746417,1
45.162067434923884,602.7468835809758,45.72299893994991,1.0,0.7723298372165409,1
55.00918602785948,350.18326934347,41.166829016416,1.0,0.878033568418433,1
33.110909090014,341.93753789923306,22.468333516304398,0.0,0.3697009971104062,0
57.76655122821603,291.46910148943044,59.97683276028641,0.0,0.6968556153338372,1
16.917934593346434,665.196434120636,58.22455025777644,1.0,0.6951826157826316,1
36.54619135176316,804.7549541797985,56.17775390591333,1.0,0.722580260028178,1
45.4493083083695,537.880377441025,12.343893813982621,0.0,0.5064657170896597,1
4.991178140897303,82.85028558602703,33.773169642508904,1.0,0.33939618058568577,0
47.22031176796502,662.5431581960053,25.281645095982064,0.0,0.6237934773918674,1
49.14799278769206,339.2659270972491,12.365404063009782,0.0,0.5645600975162565,1
33.75770976458973,829.0443792485418,46.29249345733943,0.0,0.6094833641588582,1
55.42034250843092,411.8539739225161,56.288655137519825,0.0,0.7005439624537412,1
41.96654002942578,545.1992222990697,11.629976172205946,1.0,0.5514688763864118,1
22.018186855468198,538.0382199073739,32.91797754242845,1.0,0.6172991842339381,1
48.40213233569098,804.7150426922394,44.51210619776637,1.0,0.839125913709428,1
31.134765100956297,613.2095757073718,58.656650205675234,0.0,0.6221753880185807,1
40.99060941211815,496.37696917810894,47.62747800475081,0.0,0.5749743296232365,1
59.29159102716176,530.2150736926105,46.36713004570396,1.0,0.8632635034080296,1
41.78060335448164,547.4064746659582,7.288358867626698,0.0,0.4541297318239129,0
46.6425528594463,643.067015579251,42.96886300116789,1.0,0.8011495373838029,1
48.969150656485475,832.2496714528913,58.34741969262522,1.0,0.958439483439854,1
12.025682430878348,371.6012317201262,14.242449780224549,1.0,0.22071440108640678,0
2.2565327813524605,442.6515676165542,18.452543171582466,1.0,0.3540392124980036,0
4.550055147378176,670.7669988875032,13.318666916887787,1.0,0.46131423754424233,0
27.88450871775695,784.7987713559064,5.99803909536659,0.0,0.4239641502231679,0
57.94295901958771,735.818834625759,29.329424315925497,1.0,0.7467876212248076,1
26.763723744326914,638.1063502485002,45.92798396810104,0.0,0.6267943320359355,1
55.426101488929646,528.6756861169767,45.0568345807917,1.0,0.672467062110954,1
17.59105223749794,120.65449709735904,24.68448294441695,0.0,0.32532766730403506,0
8.521941351019816,54.65519391004826,34.868965245611406,1.0,0.4311697968286519,0
24.38948448336619,109.18220979869706,17.064089377249513,1.0,0.337344763013377,0
50.65521625068534,686.1014256167283,17.086010570141212,0.0,0.5525932389428745,1
58.044276809507835,49.27223636388891,21.182082379098787,0.0,0.5467208009890792,1
32.30613819165673,201.95817941264536,41.688077517852484,0.0,0.3878137572346536,0
22.808794311416428,578.1187792775344,51.08647639833306,1.0,0.6901224207079232,1
47.249164105582466,360.0454666082173,21.11383679394411,1.0,0.5358505912947247,1
25.51326505547373,22.825375151853432,49.23688224649206,0.0,0.5104042016235809,1
18.123033435351378,855.1500139132161,48.37117559149804,0.0,0.3783924544852411,0
45.36972553832614,779.1433589573845,51.556359311821346,1.0,0.8291610450295487,1
4.981714877758634,10.112301834340819,39.7626520047906,0.0,0.2449201245712637,0
46.6053264100183,523.4996595694737,22.892555854628828,1.0,0.7012823533585555,1
57.24440013386885,831.1650801678692,54.058741053632176,0.0,0.894495275155392,1
6.173702076587492,101.96662915199254,26.538259771878817,0.0,0.21667919628205876,0
46.91419103974196,432.3572682405884,37.95830420430909,1.0,0.6280039803278444,1
1.4098887038748953,337.5253702551837,3.0530450326531633,0.0,0.15164214535857884,0
7.496603918921238,896.9590268803491,14.611944553911435,1.0,0.37151400396144746,0
17.56367673800198,63.09691507075226,22.361562381080727,0.0,0.27477585807961236,0
59.961157394648104,60.21631255171172,50.50361731737255,0.0,0.574133741288997,1
3.1806374548766136,396.90193962240966,59.17408465628483,0.0,0.3872809373548171,0
27.38076409374579,424.956745044546,5.203001956453699,0.0,0.36265984018215425,0
26.544576574338574,352.7454001052513,10.726542558283064,1.0,0.5167292840187185,1
10.619388908466467,539.8844328160094,48.6074340981565,0.0,0.42902287668996925,0
58.67279154542884,252.7378770642277,40.841428029888384,1.0,0.6971276064463371,1
14.18706334717882,663.1287583823602,13.155615874741928,0.0,0.3043208410182478,0
54.08799754780696,391.21579963303395,17.50447813120043,0.0,0.5658436567169207,1
32.58171258660926,881.6944893224882,4.896556931179434,0.0,0.5828383802804215,1
42.78021063130989,70.29864088860599,59.488891319701736,0.0,0.5936385971689122,1
44.60869850961035,572.8099385644408,43.92764593838988,1.0,0.6367981536364351,1
40.48156966380554,182.89281563067902,3.9808288142132287,0.0,0.2939335998986932,0
48.546939249984426,562.414701536476,58.30515202062591,0.0,0.6953168536081419,1
52.8743314393431,487.44698372452484,18.071002460652352,1.0,0.5653268197970316,1
8.49520515256225,227.84552800487688,21.6037552487875,0.0,0.3382400560925233,0
5.349164342176764,351.05732813512725,37.93603861218477,0.0,0.30936517444609224,0
27.215234630314406,470.40599444744936,51.001903893166045,0.0,0.6329003106131523,1
6.4583807470812715,564.6069389505753,14.736305349249474,1.0,0.4429180387813423,0
35.453708682314726,810.6851679812524,40.052540401011115,0.0,0.5868994729385162,1
56.49708049538275,519.1599516589597,1.7529817525135583,1.0,0.6232513883523886,1
30.894639006984768,797.7506363190382,48.37613376747065,0.0,0.6658504132936527,1
10.085720576317422,527.7334051191749,46.45489755539438,1.0,0.5287851518260673,1
7.005360356801626,508.5149406395452,0.5363787622468741,0.0,0.1312252345274216,0
31.915124442904638,128.42350375524651,1.3860749549717233,0.0,0.2730204350115771,0
44.595732943069564,613.7538683741133,39.62367068207698,1.0,0.7501387026995725,1
48.376868897046336,895.6446026193336,28.657900020833175,1.0,0.8064679377092374,1
45.3515958149101,195.13873247151315,59.41006804776046,0.0,0.5388640915366435,1
27.88325721712137,729.2933250858551,52.71656809740753,1.0,0.7586060521203681,1
52.519458050883536,547.1242003883517,18.742454281111527,1.0,0.7498275820436596,1
32.45247944472939,69.33462141239373,27.913705584067383,0.0,0.3467861107254838,0
40.985765853602025,212.85739653572693,18.27641455105062,0.0,0.42841579174564864,0
0.1488107052382981,438.6213501843895,23.316305166250185,0.0,0.36971510905239546,0
29.43361869201776,108.24000302434725,47.69921904671841,1.0,0.643777977531469,1
5.20401678839121,75.96481690052468,36.98646855489724,1.0,0.20058139371794154,0
12.753427507584513,339.3559625023102,37.53351502818744,0.0,0.4203648355721288,0
18.073039263149088,868.5736495264267,7.187306422263438,1.0,0.5706963614010306,1
34.40884651072047,234.16282120050377,24.529534892507602,1.0,0.5437326384625156,1
4.592927637523596,876.310560718011,0.994089129340272,1.0,0.37713761526606254,0
42.73029646897235,162.09977721054833,18.384134249007246,0.0,0.4143652537384499,0
23.682030583371652,359.8314499224925,38.892989398102735,0.0,0.45615734670608765,0
13.075793723789033,784.177223987252,36.06697376005673,0.0,0.4188450336302849,0
57.33746765613078,362.717773926542,8.256875921549796,0.0,0.5831360846868587,1
39.65458250082613,785.3301761509978,27.33180974008347,1.0,0.7835025585755406,1
20.152813117365337,510.8295939374415,8.580900360144575,0.0,0.40579265844563805,0
7.3727582892874555,526.8961423454573,22.30990151184393,0.0,0.3653267550345911,0
29.392788060341218,731.3283664589236,50.82111748427565,0.0,0.5989999706016563,1
46.29728357847841,699.7383659038541,59.816301206060146,1.0,0.8343298760962107,1
30.725038962478536,116.04756346537401,35.67104534035983,0.0,0.40372043700752713,0
18.583120735755973,494.23583820303,59.67461085030547,1.0,0.6615291007092651,1
6.772191099421714,841.74070694546,24.810543365205216,0.0,0.36600470664883006,0
13.428110987924399,269.17406936113247,13.243219184969275,1.0,0.3490145333554173,0
47.41389967884323,137.10580291522064,6.054053062173914,0.0,0.3057881940548832,0
9.572023032399073,833.5785280709564,32.940548595127204,1.0,0.5581640637513714,1
58.85736706745415,590.354610076531,3.5167081317738513,1.0,0.5928794099535134,1
43.76209557357396,704.8952881202152,8.12216788360365,0.0,0.4831085561080859,0
24.190947851395705,573.861430994864,57.44795622274316,0.0,0.6035461251831007,1
11.336558236557604,99.91668996543078,44.33248297365012,1.0,0.4827820193397329,0
27.93006806644058,815.734326029221,19.516082251120817,1.0,0.5546218527880687,1
57.14906434835927,197.73427255915678,35.49583405357502,0.0,0.6232090785379745,1
7.134578863833174,758.585989543935,34.84356976480339,1.0,0.5626707576815534,1
14.618374168013395,448.23863660115296,7.586289590509889,1.0,0.3634190561174464,0
4.611006184444961,331.8473099628391,51.33201797239218,0.0,0.3012756136812433,0
43.42961810731246,203.95896407780234,57.12368857473502,1.0,0.7998934268304384,1
57.05365439066363,815.0440759417552,21.547301090723487,0.0,0.4965995595779484,1
33.40540817359995,753.8430293861472,51.41752341230938,1.0,0.7163986848562841,1
17.85940800105668,131.6286826661858,59.1642635778861,0.0,0.546674905080769,1
57.828126723245525,877.4384930974766,35.46980484639328,1.0,0.965069005775674,1
35.2235508093024,175.59948513394252,53.051884766978894,1.0,0.5610013386001451,1
57.604788706606016,870.0178216490109,28.061811875993055,1.0,0.8475593776488534,1
22.385475105537104,558.9437313899056,45.48886555138396,0.0,0.389481581134961,0
8.735422796668386,462.4487560457617,30.374957355923883,1.0,0.5771273050069252,1
4.194960172995157,664.784001012077,1.4150849713547164,0.0,0.15335665589262765,0
16.023145793509887,756.2048967207968,15.821941443615554,0.0,0.28945544235095083,0
25.996377338615076,371.7056058471757,29.11817375597853,0.0,0.35695636298432415,0
45.807824817588276,771.4280824339068,13.286909975167413,1.0,0.66517801452924,1
28.13199081262703,792.3287408326328,49.30863129087566,1.0,0.62760239372529,1
16.15577020793303,381.4948082966335,56.4967970497352,0.0,0.566841386093777,1
54.02874885248824,664.8146610821759,13.465226053687191,1.0,0.7249649516436537,1
34.61540972742486,566.1129201256807,15.127423451996979,1.0,0.47280084614736423,0
36.16472119091966,522.3735427349449,27.577963084227694,0.0,0.6115827212755991,1
49.205355570558986,525.1139106511487,49.698425291554415,0.0,0.6598124687509059,1
40.25169767487143,143.0761272932703,16.47841837079601,0.0,0.3260178485117372,0
14.495116869069351,768.3855094374613,34.98508664081928,0.0,0.38128699342735306,0
57.16666921435868,593.6071093419586,7.3962951627220015,0.0,0.6232803124212261,1
9.681359877599407,89.95479998955828,5.750452601757772,0.0,0.14689466569220835,0
9.615568958046403,479.789316181629,18.756259818971298,1.0,0.3511748367691037,0
38.93386001573113,198.19699971348297,7.406239771442477,1.0,0.4367725905244589,0
34.957188425174905,410.9451431146915,44.155307251209464,1.0,0.6078194062363759,1
13.752694069143436,689.5496201648508,56.34699260022008,0.0,0.6208617117978551,1
42.13993644395845,39.458309081854715,20.523711569243574,0.0,0.4275680242712838,0
5.963228317078466,668.6221658546609,52.28956361914112,0.0,0.3835335195208763,0
28.507489615355432,365.70911346949794,35.11874757538757,1.0,0.5852979530173779,1
56.82144473185495,87.13301764633368,8.356231208451224,1.0,0.5960586529816732,1
53.75447427267751,92.38656886506867,35.440435705510424,0.0,0.602754185171698,1
36.22843438871362,874.5448162410228,51.632154552888444,1.0,0.824818810948477,1
47.59208221035665,376.5058445379227,14.898394223561946,0.0,0.5202709018584356,1
39.79009075572965,243.8917226927685,27.703479089440265,0.0,0.38511908580809073,0
13.992819472999729,688.3115092613273,16.711278094223967,0.0,0.2747987891384856,0
51.508001924710534,3.5841007073588504,39.223762845013376,0.0,0.5074679441553227,1
36.665272355622676,860.587538223635,17.8051916057475,1.0,0.6480225865925983,1
35.7459554243145,494.6735340220221,26.345569018204124,0.0,0.6056153752170017,1
57.19045154091949,63.674833143829005,29.627133080202338,1.0,0.597685371714712,1
33.549164206444374,512.0076052633055,40.93336730542038,1.0,0.7422758830360056,1
19.54832890201056,765.4062954460001,57.705533676800655,0.0,0.6029723233907431,1
25.339706384690935,481.5507474692288,55.767478077901146,1.0,0.5803220244978309,1
33.3404318577322,36.679058435181574,22.08081795380726,1.0,0.55711406263514,1
52.32136323233646,330.50615863141553,29.277796218737095,0.0,0.5395249557658611,1
50.5420583972823,136.41928294998016,2.1326989470667157,1.0,0.5102849056033765,1
23.855675948243128,7.766905271788849,21.720896419021386,1.0,0.281531294395319,0
29.308537110490366,634.5028075471542,24.80586338517843,0.0,0.43814159465541264,0
2.997060394772819,631.9361133130714,44.07173048872822,0.0,0.3803168344449816,0
38.33890226020642,89.51921389081699,45.32812992120363,0.0,0.4999492364647487,1
48.15624667753221,363.00566832373596,53.79891100291927,1.0,0.8141742884230634,1
11.86113003584164,645.075227650783,49.45843685347418,1.0,0.5292488874071448,1
38.14147860014272,174.9034909963559,7.8372127266553075,0.0,0.380254787360056,0
8.407898269461388,485.9219880549688,28.96076025842117,1.0,0.3146262121132169,0
50.3402320081726,122.46522949427971,37.31819344355377,0.0,0.5934202334496613,1
43.82796495774519,70.06839191188854,11.907988891748502,0.0,0.4024559299187841,0
56.06802809737401,651.9284260736246,44.78715917088716,0.0,0.7944853041967059,1
17.038157106484338,287.50180382122556,49.51447985521887,1.0,0.5591621972363329,1
10.218624366793287,593.331667916047,46.49473900834685,0.0,0.49021111485914864,0
34.24533309159646,565.838798429141,19.232752125634253,1.0,0.5117265232891718,1
3.4779928505360824,760.6576860118533,14.074569571655582,1.0,0.31586933490279595,0
49.25609015755095,96.03293856645858,7.454635366096101,0.0,0.3597826169195537,0
12.264164741696579,434.87377169246315,1.0158833413405421,1.0,0.1874594039006513,0
7.998096004913284,48.83582132901289,4.778897517755603,0.0,0.18943658530897534,0
8.88273998971276,713.7590474535274,4.528817873948993,1.0,0.2571947765268767,0
42.2080889746789,421.5467042697737,55.567861159678586,0.0,0.7036126905828887,1
2.9639972422714345,623.8797193721284,40.77306491961365,1.0,0.3466872959858148,0
25.296548721225378,792.7053777887809,41.542367174386946,1.0,0.5480700882744405,1
10.893843943708916,594.7964202392334,51.93980338522414,1.0,0.5230470185431384,1
46.83493680047347,146.42270214121388,7.759741295025801,1.0,0.5019854584859647,1
3.2468281195881987,296.97239363907653,55.280042022635435,0.0,0.4220926070022375,0
11.782111628234098,725.0422687243266,53.787804628173504,1.0,0.6120378418963741,1
46.30602093570595,306.07025417815413,10.824072447848401,0.0,0.33052244161596717,0
30.947608006899635,550.3582088404411,8.87975299147656,1.0,0.47151538381447644,0
6.909068419444948,418.81233406553037,42.835377780546736,1.0,0.4783842378207905,0
59.40128695168546,607.0241915692473,31.102366912262596,0.0,0.6676144148237493,1
22.2652668331029,712.734091657119,12.534142920441667,0.0,0.4073398583918513,0
25.16973082159482,587.9706400638972,41.2633188794358,0.0,0.48013314407871743,0
44.49416045497836,776.5337403979009,6.968758966637529,1.0,0.5451996541933717,1
29.53723769295533,172.1769343899204,57.01602432276896,1.0,0.6617197654073957,1
49.78180416380483,729.4073566725132,13.089762584579114,0.0,0.5574703241863352,1
32.14809552058826,176.64065315671334,11.274852780888356,1.0,0.3523685839964036,0
14.742386513115822,551.7949059459659,35.882547793232774,0.0,0.4653448715676234,0
32.14771281461299,765.3215953402275,36.99282427253027,0.0,0.719278700773559,1
50.323201622411744,619.5219145892002,36.64064391635469,1.0,0.6977345284353069,1
16.819728951465816,43.19520831680171,37.27636158789086,1.0,0.24068048992094543,0
38.14161627219871,750.2791122457114,25.924835054885648,1.0,0.6167892380112634,1
34.77835935121402,298.022724926444,30.978988142969115,1.0,0.5943420179490961,1
41.5759540184687,115.22890832113958,50.703060436203515,0.0,0.4818627306939064,0
21.60191725661433,870.6337798518596,15.572304901250538,0.0,0.4491368917376354,0
13.59855894140668,338.63361381764247,20.574723671747044,0.0,0.2950687472213078,0
39.8677211800254,123.27981404573819,25.75676911290445,0.0,0.5217843236422214,1
50.86729073548703,761.2097252003038,9.891733890166082,0.0,0.5704170869106664,1
28.28686226552729,583.7072332134696,21.547886928978052,0.0,0.3223884910631285,0
8.20187575615641,96.50755513233985,36.471889772723294,1.0,0.3984842887152157,0
48.23380751884891,24.718395311916364,36.7463311506557,1.0,0.4565025947989171,0
31.689966245599432,829.9806130901165,59.56505600077897,0.0,0.6364227620611586,1
40.93929420103944,862.4221080660227,24.94193451404867,1.0,0.7066453066943645,1
6.081565473081929,820.1207533509958,34.18652281967795,1.0,0.4754154118234974,0
47.0870151902629,737.9109322342271,42.951209296741,0.0,0.6614304080012715,1
22.34839145692485,48.85404841670415,48.76999732260054,0.0,0.4113201162498876,0
53.394191538014496,826.0661123730471,56.945024835788175,0.0,0.7688517924823116,1
14.862961054505226,282.43548710357055,13.625505582815371,0.0,0.24353280911756206,0
0.36586201513535865,346.13680063011185,2.3754438987026405,1.0,0.21595214260781415,0
19.156169819355434,166.72237010427853,59.05428516876226,0.0,0.5139733263253873,1
43.431482079667035,249.79916142513036,24.365248308022785,0.0,0.44972204810044186,0
43.19014012583205,27.268044641854196,9.606462589772448,1.0,0.33699350428302843,0
50.868442633600665,853.0445783458952,41.026697294193646,1.0,0.9280144209783405,1
12.632979250675282,62.36561327864166,46.72158737497318,1.0,0.4255611987008387,0
35.63399795893043,894.1041863106221,20.659180381762148,1.0,0.5498993328724575,1
4.3718866720261325,48.67189648759647,49.16908962725758,1.0,0.4129326675856697,0
13.472589530428875,217.80882338461242,18.187251653470877,1.0,0.33054669690571564,0
2.7439351761645048,76.75285945325898,15.220154445387369,0.0,0.1174616604891446,0
37.73099824016899,854.6227794557223,49.151674316827155,0.0,0.6156824806441318,1
53.72503211725787,128.17028253335465,44.2627704956707,0.0,0.5500111918971883,1
36.06664168346055,654.1947862479366,36.88216098196147,0.0,0.5010548782085202,1
36.16490594637987,694.9671780208573,13.380037666461588,1.0,0.5992239855670238,1
54.22374252447637,647.2048649082387,20.52609958792689,0.0,0.5373589545784325,1
19.779964656093412,169.82528127191242,44.04791393978825,0.0,0.32777146148427083,0
33.40696035221259,738.7210873319794,41.970477726226186,0.0,0.547902938696904,1
48.57308616991487,262.55030469970865,42.69670449944149,0.0,0.6114871680286084,1
11.655234013270157,787.842008344817,36.33721544877129,0.0,0.38202125322070957,0
42.191488044470134,51.02892507440854,9.873474025544342,0.0,0.37722896184942606,0
4.624774805017635,54.218536444641785,17.41155768059535,0.0,0.12526457798986187,0
22.178827271229828,89.54276172829422,4.705093152008189,0.0,0.14502627932139228,0
11.095324024982961,171.66029646346115,53.74333644478788,1.0,0.4347632301929666,0
25.94715963703878,828.4224999375176,42.864772921600206,1.0,0.6436165895696936,1
12.26084829279214,247.13127371452475,22.834584084037633,0.0,0.20082144494024412,0
3.68050061467724,9.484529853302615,5.9290104317471855,1.0,0.20692619514542493,0
26.670971453651447,503.15065375682275,58.933734504898034,1.0,0.8921674076359789,1
23.422984514950414,470.03467759150254,4.623074933445213,0.0,0.29577776992511867,0
44.0396216537185,206.2104629525511,30.72976852090243,1.0,0.5651414251579872,1
0.8432366911739275,645.4059741731419,53.39043983101766,1.0,0.6647673527074134,1
38.13918141234781,377.3988411473956,23.424262687886333,0.0,0.5259387229576553,1
2.6615379107807913,0.7815225925250746,10.057997212588143,1.0,0.14224934963966115,0
29.14113032506734,321.2615191141614,10.593823865618813,1.0,0.37009421269652576,0
1.214032014355686,344.87624377475186,3.801745272772876,1.0,0.2000419815696332,0
54.65553532049377,245.079578353796,25.561898446228184,0.0,0.4650947599792956,0
29.25927970721264,149.57512265536474,37.35830199708565,0.0,0.3147282506301209,0
28.63073430599827,424.99573449675086,18.026919244899794,0.0,0.45069977926466853,0
4.259548836313234,796.318083449717,27.08763255693953,0.0,0.3175792176773204,0
47.202921768146446,174.20794338982213,34.86515492022275,1.0,0.6962726010857043,1
15.976882177119547,806.6168068535278,35.99071174197946,0.0,0.28473480929650313,0
28.215657194505,73.33413797064043,25.809636641881283,1.0,0.43818120183070214,0
43.3194960805166,555.4985157556293,45.120214969790005,1.0,0.8687456442408522,1
47.48562474439056,104.86300696240828,16.014739433482532,1.0,0.6004710217072166,1
23.167011397237427,566.2802053314831,52.813807194099475,1.0,0.7310286515056895,1
3.642715230687128,261.69077580295664,37.0642971011625,1.0,0.4549493783527998,0
59.1568956705537,629.8500609660422,8.225379463374104,0.0,0.5643061681777591,1
15.309193573491935,753.9879881220721,26.030275971108637,1.0,0.6225944906840551,1
2.52263751256548,248.93358913123012,15.560443607311615,0.0,0.13217514756156082,0
37.19503148239893,742.5907129889792,24.487410771424642,1.0,0.6982827178982076,1
52.40815366978185,210.961842779409,9.27864523389962,0.0,0.3768294883473299,0
5.271903675247658,408.11061163432123,16.70213795923907,1.0,0.18685494560380528,0
2.747074212338372,72.80813774505752,6.420976052552254,0.0,0.07289525454895758,0
40.62693414975749,392.57286037784723,34.039587933353566,1.0,0.6244343491437288,1
34.3554817306314,847.9380326928416,42.89288713634079,1.0,0.7512529230772305,1
15.53905693458602,146.8024071019939,11.430321063447103,0.0,0.17243043785799597,0
15.900312647605599,437.0577636727548,59.52102391827136,0.0,0.48135228157608245,0
46.03918706909359,56.44959952029721,17.354937408836527,1.0,0.3574336922294354,0
1.2595447542400984,653.8671701824119,50.66233036199857,1.0,0.5828666171383556,1
14.436511173887268,210.6707855371411,15.479825280790747,1.0,0.44457504552321125,0
21.752250689922818,684.1722199364988,1.8896340017017232,0.0,0.28673304110335973,0
46.455582402772365,568.4862946713408,4.070559862053376,1.0,0.4270158304134192,0
18.852332308294464,866.7928729781718,3.205360904979049,0.0,0.298807258370238,0
3.2602656411012565,189.72298800079588,55.046307446493174,0.0,0.41256729015886684,0
44.60167634067509,637.743859840809,31.269332169953884,1.0,0.6925691503646777,1
41.29099911431655,550.9943427126723,49.81725648668361,1.0,0.5881834921847842,1
7.642429704336737,70.9673007357436,33.89811023004067,0.0,0.24281131037157713,0
43.68084849866818,468.9644524193706,0.24338879026839955,0.0,0.3382222144149371,0
37.394819152828504,867.2502143207644,38.946168323853584,1.0,0.745094500892229,1
22.07297466579269,752.9173937026833,47.01665717858744,1.0,0.641013457734169,1
34.6939360635368,307.80180502136443,27.692978629939493,0.0,0.4045997547580129,0
30.165550878192676,554.6083209662418,44.27921700870283,0.0,0.5965040588042777,1
47.611182368492194,300.93901055766355,13.031203695620622,1.0,0.5241869959508321,1
57.090022715447326,700.9451065778942,56.632928615108426,0.0,0.7266386761751165,1
20.45543357310162,656.3246713890456,58.30761193040771,0.0,0.54149546752574,1
5.417588638515793,156.2278630379602,56.84027054566383,1.0,0.5583605062733745,1
21.875472848828334,702.1415331130131,22.785872069471612,1.0,0.4972653943944211,1
35.96580821477601,857.084673325788,51.05891151245812,0.0,0.6387842749066942,1
15.384711035763532,569.609565525961,37.54944598594382,1.0,0.30538790825969675,0
9.28492298176372,736.7168755250524,18.920429544759436,1.0,0.36109795104919395,0
12.719631022656593,326.35774343569113,18.17655949561514,0.0,0.20595599923163754,0
50.91528982003586,89.49793631131587,5.145334520410698,0.0,0.4201322871350199,0
42.83742866385946,645.7490086409719,55.3684828546085,0.0,0.6112516312543841,1
7.535141047348217,673.8885908391501,12.602579456980736,1.0,0.39048529398767234,0
17.96959947006378,562.1026545866747,59.92276681333795,0.0,0.6213032564509716,1
16.25270233918943,796.1115166636887,20.75601181157222,0.0,0.3175572784963663,0
6.746471288087966,143.3815768962981,18.066151076989307,1.0,0.26166317328387534,0
50.34047811575914,478.7294094822218,51.24649657195754,1.0,0.9151204800216898,1
17.347179284599086,96.32943493919663,44.374613719911395,0.0,0.3819105713650305,0
33.89302462617043,727.5544580677539,3.7015916464136334,0.0,0.3465761390180613,0
22.941316880441057,198.39128650377774,31.41973702257881,0.0,0.3312120469436544,0
4.207043015571042,104.68869434275997,22.685903585126667,1.0,0.4291744128912208,0
2.1842305931353523,729.6810092027777,10.055960011248281,1.0,0.29501435104121926,0
41.678855795374744,455.9167535752439,30.361964584650813,0.0,0.37052918666948764,0
37.678665203669446,600.3767564748296,58.8017315835529,0.0,0.6480840187697793,1
29.536569755989166,732.7064092351642,43.54796831775636,0.0,0.5421748667255701,1
10.638705992911552,686.8805357650991,47.49482742299298,0.0,0.41760179027362543,0
20.429276398630844,880.7386993810104,30.924308559240043,0.0,0.5105035340323989,1
30.41747782428154,742.2067806235723,5.199328275201389,0.0,0.49110681331920747,0
12.951276660728134,807.9044258142484,2.827838384971675,1.0,0.49395536650598165,0
34.59183545735177,144.7989096053304,3.062909975743886,1.0,0.4987349901818361,1
50.37629405737905,63.851892840342195,53.94694543518249,0.0,0.652535772173322,1
10.664135868312059,790.9426978573363,49.24781600455149,1.0,0.5574760221627608,1
55.864846418038056,386.1096539595713,26.345399208972104,0.0,0.5480390564874388,1
30.46562901699601,757.8264770432968,11.941262988301206,0.0,0.34622250696886,0
58.65871586464751,779.9275907456699,50.08858963555442,1.0,0.9874993347909049,1
58.06597728025798,642.2446727512468,31.532801486528236,0.0,0.6462681406229762,1
3.8325521760775993,391.79367458812715,32.78765081707991,1.0,0.4277313736713905,0
40.90717486383738,610.1018049146937,59.95542096455755,0.0,0.7369105943173179,1
14.597653152122085,493.80775977053423,20.41490794173162,0.0,0.394839068329224,0
37.254377515488564,638.2741060817891,1.4506882877285787,1.0,0.49003473043174234,0
53.37485692541949,65.51280129116275,59.43762827700035,0.0,0.7052449602596019,1
27.491055745038274,280.1704904304068,43.15933865711843,0.0,0.5430505245477185,1
39.17450728008979,479.7537321941829,9.222514823593013,0.0,0.5876605164593944,1
40.06942111169389,556.8385536276654,29.05535659250233,1.0,0.6646370971156913,1
11.266096685790458,286.4970258643882,10.467443313975469,0.0,0.23637368848901052,0
25.542180471680844,289.99548814060796,38.872561596567984,0.0,0.44199178268536393,0
17.46719437893041,70.59463316324488,51.51016069902418,1.0,0.4016428085235987,0
28.97278258520886,802.9777253874383,44.7565025666772,0.0,0.6588541228338912,1
45.753456432130044,821.6738849154567,21.19345511686206,0.0,0.6717492507094697,1
8.700473492541242,229.08014649864356,1.571947216812546,0.0,0.05289292357778358,0
33.187070062836874,248.63265151596372,25.50922831192853,1.0,0.5807613036291001,1
30.247746650124828,104.95621210319415,39.441077409839174,1.0,0.4217188850985375,0
23.098201359475254,621.7540865897155,39.860138024396235,0.0,0.5045797583687595,1
50.50149859462881,578.5789647389471,58.10616417527167,1.0,0.8098435620414238,1
21.01638465380751,343.59007591788793,27.321893945096836,1.0,0.48038977530677185,0
47.993785702807074,713.8933550692077,47.44546171175463,0.0,0.6347015598562288,1
4.241201333772593,730.6368586921488,37.61439801328946,0.0,0.5537286981907424,1
26.36064679404403,52.037280251470406,44.276947990013106,1.0,0.4785677889188439,0
6.536331527271349,49.0940445778445,25.690594990642857,0.0,0.27486475047340997,0
50.80522855468707,600.2751772073714,57.675879089576576,0.0,0.8685192697112533,1
39.87102144051319,288.91888721759824,5.411168481889444,1.0,0.4285478301883431,0
12.745859016716935,793.0064098987433,28.77725787094146,1.0,0.498305537052738,1
22.34276430270218,158.96646738261717,34.757613735123385,0.0,0.426416153058193,0
7.631364712657467,287.50845992880994,51.930581150662675,0.0,0.354191420364642,0
53.10287308162129,109.856849386991,42.04169080009255,0.0,0.5725266481331592,1
53.56527120266109,769.3683920045414,23.837990712976556,1.0,0.6512734253559938,1
53.54435229517913,793.6330053651336,16.461761243343673,0.0,0.5683109630158457,1
36.33573321064149,570.4534967040065,33.788007204984034,1.0,0.584776047262028,1
15.867131365712066,884.2975228419192,56.2626081086731,0.0,0.6172028251878938,1
27.356587229718603,629.1089165442137,38.0026794868352,0.0,0.5474239194453016,1
39.89045943460741,191.73579542035978,12.738017412962934,0.0,0.3057033273963418,0
25.523884370973153,322.56667572606557,48.966539004134475,1.0,0.548229851843181,1
3.4759751466265842,773.3134117584702,13.832163010624027,0.0,0.2391565695131785,0
31.5024488690826,284.50837975772004,11.623856581935275,1.0,0.44066396384184575,0
5.256035340627778,279.40076580754226,27.751888368936854,1.0,0.3059694205373889,0
14.10522611459532,643.8461689851549,38.323798838651264,1.0,0.47150142624052027,0
49.021913296952285,759.1898450895067,50.651235168369276,0.0,0.787614767720008,1
36.826678219465165,834.3295600186337,8.95701798551004,1.0,0.6146911394220631,1
47.82005478504585,603.9867792003275,17.798189036785043,0.0,0.5348718382846936,1
40.75042233755107,104.63768865935349,5.354775881825251,0.0,0.2723064749086186,0
39.46164874499598,172.69247830696688,10.39690174320137,0.0,0.3438987914291902,0
14.834451111617899,733.8999290820689,58.49983552757827,1.0,0.67899825273659,1
42.491992978334494,290.79683185465143,36.57218776566434,1.0,0.5956388742708052,1
7.575686090883565,683.8950809419604,9.337518935332383,1.0,0.2843839463349866,0
1.091591730658219,84.7308180758416,50.051118035428736,0.0,0.14869153280875444,0
20.34581991493028,357.82014880898856,2.6281528946940758,0.0,0.24499869412422443,0
9.40081028249713,671.8843452355939,0.7191882352278256,1.0,0.3892584782329609,0
41.69934550178618,612.1453043622299,50.81525524281174,0.0,0.8762096471007303,1
17.140420711668668,700.1358343367968,37.88132043303924,0.0,0.46886895563449377,0
2.076188030388584,678.8719256128663,40.7818883174822,1.0,0.4825734122476043,0
46.533258343327304,573.1234096219783,27.062110137440833,1.0,0.6793047792100841,1
56.09692630266822,873.5618039451077,2.9907901378396806,1.0,0.6319581637244561,1
42.6573999985099,568.8787393691331,12.692870439775167,1.0,0.3790393620126097,0
57.312746174348575,260.683813010837,49.270027678331786,1.0,0.8290790469677348,1
46.98434704177927,599.6968994331903,0.7015921409542591,0.0,0.4479706370309451,0
55.76420397907112,373.66608869442035,20.891830716294717,1.0,0.6416712377368292,1
40.37998361133697,314.39281753003274,43.57010499355123,1.0,0.7464133411253357,1
47.08598877123837,661.5976876452687,4.236540160160414,0.0,0.641950053588493,1
47.72231744517458,610.7209299855347,15.098747911200528,1.0,0.5701593559032633,1
7.001405122929678,51.17825953223715,35.92088246910163,0.0,0.2798053985061902,0
19.19603041848668,841.010995035207,54.1596202890212,1.0,0.7356130367278699,1
37.00407104015778,76.84136005111843,24.180733910178585,0.0,0.4928232819405635,0
19.287609219341554,650.6258605804079,40.83714425812426,1.0,0.5285500479432245,1
52.37134641600094,242.01500796869985,31.676948736520888,0.0,0.5349925735481644,1
3.256614208189903,535.3725618086404,41.56435835476141,1.0,0.4077095348737149,0
7.6800097221014845,528.9331468375871,29.404592144431813,0.0,0.3053868236156462,0
19.6663813193282,367.5448033094138,30.904255773523936,0.0,0.460945920810894,0
20.569392448608625,656.9145155594408,40.61197426515703,1.0,0.4714758655060826,0
49.95985101406365,808.9220152097712,13.989104818968856,0.0,0.48181959063817403,0
0.8984324495740315,493.87458173066807,59.90199309746931,0.0,0.5673722904422059,1
49.63079369063615,120.08967015221317,2.022909579673944,1.0,0.44390495804932867,0
58.34893955197258,503.71326650947395,27.36292233707472,0.0,0.5711085693981015,1
2.9745727357352303,845.4023261657384,8.317460206455147,1.0,0.41661793048486717,0
57.11274133539089,350.76464066029945,37.50342467748938,0.0,0.6635117717726138,1
39.61803298493853,5.734512641112055,9.220391369631248,1.0,0.38260005618528536,0
7.915798309947761,382.59770719737,41.29631429793788,0.0,0.3468606073899295,0
49.87797262155807,234.74373031543172,3.084880369050207,1.0,0.5420499396227031,1
7.151237355765114,498.3749222864272,6.0822558116044885,1.0,0.27613677631791994,0
23.04471218123946,137.36349202751134,5.424431254864235,0.0,0.224138271991497,0
14.31588298201546,871.9050017260839,35.726269178820644,1.0,0.5574826164534042,1
23.061212680663118,769.6730628762361,21.00353927914959,0.0,0.3067665591863258,0
8.742459637603234,39.431701948184305,1.582250178339184,1.0,0.22785966595954787,0
22.73419799322034,847.8968591629119,28.87047110799451,0.0,0.5713124655876587,1
34.12995284883051,64.17925235417974,33.79386693672303,1.0,0.49557121030078943,0
27.853722350650198,8.085953229985654,31.56622842202134,1.0,0.46066992044659605,0
31.294225588887706,743.0767205709568,40.56482464347205,1.0,0.713206040817664,1
53.596484232077664,24.00765984949105,44.51232526938065,1.0,0.6239237078492805,1
51.09661190694911,608.3432231894891,46.042263278301384,0.0,0.7109869267136487,1
6.7703018462577695,402.65855399329575,47.818653104649535,0.0,0.30666217431105897,0
44.09652432495084,235.60202940764015,47.153301574076046,1.0,0.658175170317546,1
47.76850939547522,322.80996673921226,0.05713312831298056,0.0,0.42648944618385876,0
54.55572002158084,157.59977579625493,20.059145030021256,0.0,0.3248981765942402,0
23.569639141975042,121.69989883809437,38.433681739464426,1.0,0.3596175794438513,0
55.38907020153907,357.78919616754354,22.443524448527253,1.0,0.5581617461927576,1
33.4077629931526,409.3144757240445,40.87474728216594,1.0,0.5493640795622069,1
28.118031190824226,151.06366689400645,51.6942745902065,0.0,0.5346882636918795,1
30.494616289248945,19.717827853209656,59.186199071250854,0.0,0.3928179519971435,0
24.738117956568566,124.34537363804206,7.623472126828499,0.0,0.23027411965942257,0
41.40263786666662,652.765187857879,50.47985349763139,1.0,0.8407452466135886,1
31.90483285594929,825.7884376153471,53.905374285715475,0.0,0.6981640806047605,1
52.687563562653985,884.2383207049221,25.4839011784175,0.0,0.7836583174851741,1
28.147115919625577,171.73684915155886,12.513330147837095,1.0,0.3873440516870123,0
3.1423499685312217,417.85111238871355,59.28130263080466,1.0,0.5001243874395098,1
9.401413581521147,863.607976074277,6.898347773908524,1.0,0.39014115353247064,0
24.764502040468393,131.32708262856144,50.91265473977967,0.0,0.5015808071627491,1
28.29609172322916,809.5793178695158,17.190201002798297,1.0,0.5079100260676819,1
48.807555334170736,66.8536442453359,55.696199127672884,0.0,0.6574424318908085,1
35.4339945118373,404.99944711638784,49.08322507399814,1.0,0.7311351183158585,1
10.166827175653658,301.83790028649236,46.67764827274501,1.0,0.4922499653204524,0
18.140529114223185,669.3206801043491,41.52982125483959,1.0,0.5016829264561561,1
32.17205556272235,879.1774899219496,44.585793405247,1.0,0.8024984980950809,1
47.60452835563621,448.9616778711276,20.821886070567558,0.0,0.6661646283460834,1
42.530887874172414,818.2309464775498,54.30844481022973,1.0,0.9453458872571987,1
38.42094858309827,808.2918748658217,25.948550819706067,0.0,0.5352658155120036,1
15.332095761242126,701.9651239263248,12.6071369141763,0.0,0.2899192723103535,0
34.227144364857566,323.5398820546127,22.74758449666614,0.0,0.4207184758185672,0
14.722894726027578,32.34321369854112,1.668600878645623,0.0,0.10063198164357835,0
3.9157625240234117,684.4590907899908,22.449318232281993,1.0,0.4375627625523116,0
45.5158889065699,142.6898685948071,9.917858095927395,1.0,0.6005891350564665,1
39.00913771844282,432.8760472840835,32.990743229494406,1.0,0.7011760298101625,1
59.29963225962335,589.3356054937934,43.01317760201455,1.0,0.9172781428118316,1
44.83243937660541,40.81886272613545,8.610932506008176,1.0,0.49951703488816307,1
15.156098173608433,524.0500926052464,54.59721124416231,1.0,0.529191644605766,1
1.6822374591707412,839.7786246149221,21.677898613771763,1.0,0.345886369250106,0
25.81797303739927,587.3584915883938,4.578159046459751,0.0,0.35983607949637664,0
20.400069458686513,854.060943781798,9.674910553186578,1.0,0.520774464257437,1
30.940190487795473,710.295514761391,52.37694314482697,1.0,0.7448534033072738,1
22.471371530629543,304.2740637933674,56.45476098069519,0.0,0.5397030645051971,1
2.8794823436356287,397.8004477619035,15.075428568222362,1.0,0.2671889765252334,0
4.107678130422096,544.892031111012,19.08132218911645,1.0,0.3042823605074201,0
21.516204661605585,392.1603289630161,0.4879129529552073,1.0,0.3814529543501344,0
35.34696946885776,810.2171232072028,28.863741511271364,0.0,0.5607168287126546,1
10.531101780831516,834.2267429162373,22.654160798343856,1.0,0.44014139035389743,0
10.768831915215916,220.71201715155527,10.133663321222032,1.0,0.257196076044395,0
13.916896458565839,38.89028255137698,43.538190756667966,1.0,0.4176713504823826,0
44.503451122697626,612.9260471870007,10.179274329699123,1.0,0.6331026899208392,1
45.852172336842756,616.6988826045342,9.699821457084498,0.0,0.46767850919726417,0
29.235300108929223,759.6919555954986,30.763603354061523,0.0,0.47284979223874074,0
3.270229307559167,345.79209957720195,23.27461241038925,0.0,0.18213284602272584,0
56.42293781338816,783.0480403481575,5.56361395936203,0.0,0.6408041324404496,1
52.1268442499813,331.50058153196375,28.786811096016706,0.0,0.5910505442085157,1
18.08510289861684,694.817992254996,4.565813398388448,1.0,0.4974615213492819,1
0.5248912479799928,661.5321499600016,37.74139059383734,1.0,0.32015076176158563,0
29.512613217311255,697.5051921620257,17.90500885592721,0.0,0.49909439446396936,1
10.092044508373121,540.7184682081916,6.096372614159728,1.0,0.334821086078845,0
22.802283409629904,520.624303453934,2.235987508367132,0.0,0.3442663542658711,0
23.99950647637519,760.6313259853129,58.58366891649306,1.0,0.6070714828493275,1
18.691994239329972,398.0964608312156,23.64728332650913,1.0,0.48467590939071503,0
54.80055429917608,353.65814234449965,3.3820508326720056,0.0,0.4021131231417604,0
23.37159638054827,153.75628799702602,52.277633025922924,0.0,0.510602904674777,1
6.726757931472116,96.01120732072317,29.700464004256297,1.0,0.4740430774759101,0
34.49539814473772,686.9319372941925,41.46023842036365,0.0,0.6090317959857375,1
53.2964821026053,597.7859801825878,31.725741837438683,0.0,0.5678210277733099,1
13.883918548788634,149.7301124686537,14.556544644229138,0.0,0.23667982725156744,0
30.452546726287018,268.9001556383296,34.76020492836657,0.0,0.376537152189204,0
22.6711097814944,581.6990996241988,32.97990741183241,1.0,0.5532186271892617,1
40.5333450954798,300.7320214402125,7.172239390925938,1.0,0.4771013214421798,0
18.74293723339121,405.14870127514547,1.6752509746249111,0.0,0.21893467649194384,0
15.308795941760886,411.6340870805923,17.993992369677816,1.0,0.37341862538500753,0
57.64588994419181,383.86633363308727,0.8217099790566085,1.0,0.733335388247812,1
49.40130641880418,188.1623211414578,36.881722142103854,0.0,0.5924455457238677,1
42.18949377099282,312.5597660489283,30.26472901207397,1.0,0.5269240668544579,1
39.373908356552604,692.8794295696946,39.039424165693895,1.0,0.8156683026698658,1
56.02725187000972,684.4623986644193,18.083333623096863,1.0,0.668815082379227,1
3.4283319711390137,815.5537943575122,49.921315801657606,0.0,0.49982263220894213,1
26.43239095251239,633.4545127471314,50.69541311864727,0.0,0.6081203202966884,1
37.376568316848676,811.3607155055392,27.61202435690722,0.0,0.5716675255609522,1
7.7291314961445945,823.8314055432945,38.0474026058463,0.0,0.45884593515686156,0
59.73089753276541,839.1615231479781,37.92243323103654,0.0,0.7242748816322351,1
41.17949518213631,451.2075514460876,40.110269529699,0.0,0.5607831005082459,1
45.54796787461916,743.4652596482827,37.67499735541589,0.0,0.6695718373542358,1
57.965503338400005,592.8827286753666,19.435488662105012,0.0,0.6192128210188539,1
34.688540182232,372.252333038397,24.959904621386336,1.0,0.6428170243660286,1
54.780743444918585,286.3017738227995,6.940559977516719,1.0,0.6017437159591364,1
22.377644382243485,408.89289624030465,48.13551038940873,0.0,0.4925731348359613,0
55.2949877673572,610.7184094677799,9.622646295010181,0.0,0.5260028103967674,1
30.43784756105884,691.7476950105506,37.2372450382584,1.0,0.6161172470253676,1
46.51902525533023,262.25271535176466,11.742664588145201,0.0,0.4316959121083629,0
16.297368469718354,173.22043950348672,25.38476717287082,0.0,0.34271296059051737,0
28.578338147841798,365.15857795619945,57.790498326739296,1.0,0.6824190301612832,1
33.37963728478169,339.0350684759397,11.318440825924496,0.0,0.30602830850038965,0
30.93115637430084,341.9588264654699,0.9381589260301659,0.0,0.2930596012680511,0
55.404757899762515,788.844363803403,44.1970709007963,0.0,0.7592637114756479,1
27.416788330755253,778.965748062095,9.665505799304867,0.0,0.4256275691777796,0
52.56034597268584,33.99972183503166,7.763772733021648,0.0,0.3794620367279864,0
6.6666426036296595,320.2383372896466,8.35235488928484,0.0,0.054760629081572115,0
12.62846532253587,245.83347510974744,48.78726689659753,1.0,0.5537831250449359,1
10.541967958750398,830.2231279486923,46.5946246578128,0.0,0.6285250470021075,1
10.970355625727004,896.4410754342033,52.31465795952933,1.0,0.6154603484568288,1
35.1370020980371,513.4939570949898,7.335796763014044,1.0,0.526237057610987,1
6.110620991874582,109.22234740405413,39.50106533002166,1.0,0.30229916196102147,0
40.40527153576203,56.676914925454994,21.18254181378544,0.0,0.461885618903634,0
52.296828052342285,436.2463054517256,11.110571857935142,1.0,0.6416860030689533,1
55.35632345565674,536.2379403380227,45.76137211029886,0.0,0.7254257075793122,1
3.329021111366861,76.33298370811814,44.276630252683496,0.0,0.19162928573674576,0
14.78260876901724,592.0559332263962,41.721066151317146,1.0,0.5112376997732071,1
26.4554853738461,28.56423672256403,28.026539061447604,0.0,0.279101135756184,0
0.869325904598246,717.1658162191267,39.72678778413049,1.0,0.46050123667956827,0
40.42637775627787,41.408538489472804,10.435155319175571,1.0,0.5138478070173169,1
27.281231011716404,668.0114501316039,57.161174578597375,1.0,0.8322690729291455,1
25.614871521873106,687.583641533959,46.57936726855341,0.0,0.5051572607668261,1
9.334935204638402,205.8934396944429,23.18114508437437,1.0,0.4033049204207148,0
4.137878178215118,194.19083336094656,16.223502373263468,0.0,0.0,0
53.04034103545551,456.6917966287471,18.82604799948216,0.0,0.6503764565528949,1
35.903793354836345,54.63141370698246,53.72268441499812,1.0,0.6639637046432947,1
20.78094459798112,387.8584751417253,25.27031713895242,1.0,0.3781258646867146,0
52.81037954345127,654.0048852576922,54.57775167012098,1.0,0.792367576295264,1
7.005658948508426,784.6219252260671,37.83302094339423,1.0,0.3572462391096602,0
23.86900834243554,367.2545972668069,13.840468318005483,0.0,0.36743530193788526,0
4.39742309537505,137.31458305475326,16.8593591215522,1.0,0.3058306753121762,0
47.614107802671924,118.48264224714458,49.799004327972355,1.0,0.6166980410994057,1
52.971603067265136,193.98357699742158,33.471556079807655,0.0,0.6278082428233238,1
17.084056507143035,214.60565893712152,16.51624973905434,1.0,0.2320557677606268,0
49.09804597243592,876.8347908076804,24.594043151539196,0.0,0.6997224632078735,1
57.09836456092253,887.3845214944708,34.60403547223381,0.0,0.7616752894635639,1
13.820865906384451,444.49806761885844,35.19016996175259,1.0,0.37818549598882334,0
57.946384989028864,804.6861586794779,59.71291443539012,0.0,0.8863787115718534,1
20.145538374291608,847.0669460885066,4.86373606270252,0.0,0.30917257949457216,0
42.4966944566162,177.99766908699203,57.638025010432834,1.0,0.5606061020197256,1
32.20238912823552,195.7297788418405,54.09793738949246,0.0,0.5806007839143832,1
20.96420736689915,732.829457467587,37.52662659036443,0.0,0.45912359120483814,0
36.08309279274319,230.63790296884164,17.040386897674228,0.0,0.2625975694289257,0
0.01796363172789084,272.3994063391056,39.05050525942146,1.0,0.3749276085859518,0
30.10364280547732,398.84734049134875,44.72265666887805,0.0,0.5712962045435819,1
29.961076614700108,297.4252594867534,7.8351058885490055,0.0,0.24057697392266358,0
38.04122978974535,237.03027695933034,57.56769887379958,1.0,0.7015412170537556,1
45.92087440300837,40.55670156321812,32.25028201821315,1.0,0.6900362844800918,1
52.80589118733748,551.2791840948998,15.486013768100847,1.0,0.680429260402481,1
48.11328879065814,562.1576129753566,49.406505287947276,0.0,0.6884093822488324,1
52.301724816491465,399.9727747549593,21.272172817345876,1.0,0.5851719749691185,1
22.524929904696922,423.5368560047834,49.56604411236329,0.0,0.5841475059961357,1
6.346832838102243,324.1527287391486,21.55906771459858,1.0,0.3447405219208032,0
39.02873965542008,811.5315961982463,1.5067881531656657,1.0,0.5812048012085417,1
2.7077687695939257,152.29657420824756,32.98897802329983,1.0,0.32051318213180785,0
57.274569258828116,119.32135451938187,28.308028707659204,1.0,0.647161146946686,1
28.9300295203633,851.2456988151429,4.505600821497238,1.0,0.4831481562697382,0
15.392990413000756,247.45780925889704,46.496879335805076,0.0,0.31546437307273634,0
1.8621904281478252,288.94991143041165,21.726790270790957,1.0,0.31070310619349967,0
50.58115721664204,347.200946392627,35.83058299838949,1.0,0.737132763543915,1
50.03182788804251,661.7325680381388,40.68339843452639,1.0,0.8472279757545754,1
8.03841994578622,664.2406752523857,23.70031397296139,1.0,0.4371258614757903,0
46.32367483453749,800.906664199969,5.490078982490636,1.0,0.6312523424435944,1
5.2375662830410485,182.34353201291813,48.166622698153084,0.0,0.37583975512438034,0
41.75029925101734,730.6923644686831,45.27312136763823,1.0,0.7256086042792327,1
31.973980414368665,31.309804738961244,18.76868796041734,1.0,0.32144373810862537,0
38.46325399649088,855.1841785656819,28.386508827035605,1.0,0.6729827132253846,1
8.231886884654996,725.2366612951148,34.84462018965898,0.0,0.35320076076481977,0
47.56589945887844,796.9555113096995,23.65925680947616,1.0,0.6890812253320435,1
47.21687144339992,337.22379151794485,58.4075201693528,1.0,0.7874472516014887,1
50.491197428940374,233.09618933461377,36.677221550808376,1.0,0.6287592032475418,1
24.163043223612345,256.0104467925345,7.427636078669051,0.0,0.2360347544190446,0
15.539808214907826,257.07892956178944,2.508919006608823,1.0,0.2541007751741481,0
32.9851301132123,672.262023871664,31.190224216090318,1.0,0.5840637509500874,1
41.91076682859429,432.48176418536275,46.097040733430106,1.0,0.7287902121165044,1
45.62686699027397,800.2884980894852,18.406432786739924,0.0,0.618824929195158,1
26.93479968754597,282.51147872508585,30.99405865624101,0.0,0.48056080051665795,0
36.531820763305525,5.31599872166002,51.9361251086626,0.0,0.5305181510429466,1
38.77280518948652,38.77212429376179,13.609131745121992,1.0,0.5448772079046915,1
35.48802055964208,752.20689117826,42.42028875679843,1.0,0.6852757307563593,1
43.063498083501344,522.1342471778695,48.331753260863984,0.0,0.6977694499447488,1
18.56634277505919,784.4602383348528,17.480769579757766,0.0,0.4780480148306935,0
14.09434434184218,174.38713881338785,27.029274408120195,0.0,0.39643702105750234,0
17.327449069874824,326.61975115002343,45.09384090400874,0.0,0.39270210483222817,0
47.507545584016604,672.9617916937412,57.88397486527254,1.0,0.8681207449688776,1
58.11154651653671,459.46271904830616,26.90966563979014,1.0,0.7654462697032528,1
19.07548694905892,618.0419121467972,29.448477154055603,0.0,0.4545238042637878,0
39.258819454201316,750.8446852715675,8.635269569322425,1.0,0.6131084338057727,1
34.8769333292286,178.11219014462822,54.84677991606673,0.0,0.5404604957773929,1
52.824356315482426,89.56131833849437,22.193026627938714,1.0,0.5699857548983638,1
0.9003118154422074,760.8674003018375,27.037695435625373,1.0,0.31651587842947615,0
37.31464614756321,389.34767893183937,46.20437356062027,1.0,0.6883059417079381,1
52.186955274302626,690.3222604103265,31.548234823837785,0.0,0.6861873004650911,1
57.89806267133739,892.578782273037,58.315113258293074,1.0,1.0,1
24.982925963460186,104.6252254969297,49.988117532699164,1.0,0.40870157733308365,0
28.894814699944515,244.14809063975864,45.73811345568706,1.0,0.7065632962339635,1
50.379875570798205,890.0964381618505,7.71136201633839,1.0,0.5278341982060655,1
56.08027871184824,320.4355845022588,30.864178632407064,1.0,0.6260763680925926,1
14.161523103579858,812.9410485889173,54.04579808997749,1.0,0.5965644025769438,1
53.2774664283267,555.4069017051278,14.231493919502283,1.0,0.6381079887547407,1
7.199000382940913,560.1814720916622,42.27918140808161,0.0,0.4780756086997019,0
3.0847092875634496,53.393646118322515,30.073154178413823,1.0,0.2524129579945497,0
1.9666240335660112,63.89996109313223,51.70318850677725,1.0,0.5075900793219135,1
4.508659270346971,654.0071439745976,1.6157623101434782,1.0,0.2224811968253587,0
5.765832821526127,665.1988495985347,59.87377320532512,0.0,0.6054787879096097,1
14.084130895350073,270.9907410512891,25.862034451048064,1.0,0.35063940106653735,0
17.277692693378704,624.6190576725943,10.492314908505309,1.0,0.3346160275780493,0
58.16634485143383,800.3297143388756,19.14904344433244,0.0,0.5545296828272364,1
48.13424673231237,105.14934612916863,19.02233520575114,1.0,0.5828448600589986,1
6.211985380877662,413.4226747646826,1.6822579676825566,1.0,0.2069367745887141,0
11.572766103394947,792.2284002711061,10.194243416615507,1.0,0.3400420288376951,0
41.60365034952803,95.60874482905948,47.91309484002198,0.0,0.44051245304793357,0
36.03125886510645,288.67901057205506,46.82436110025445,0.0,0.5346380605302463,1
26.753628241886997,655.1156206191938,30.42403239175611,0.0,0.4659740778246904,0
25.535668504679606,803.8530198371487,42.92068664436217,1.0,0.7036061936412125,1
44.752417604918314,704.872893614045,24.9465544694134,0.0,0.6679342692270709,1
29.47993386183719,24.89691740934522,12.678439796254644,1.0,0.31495263468678564,0
43.18115022683181,374.64728792320483,20.481264597157192,1.0,0.5411456749288599,1
0.685684620634428,148.08183329446342,23.936787629537793,1.0,0.21025891085746362,0
6.02137388286936,48.40524471359675,54.01256225446816,1.0,0.38784226382839376,0
11.141957221076815,353.2388216337727,10.439422317029656,1.0,0.37796231200954294,0
35.54341538766389,293.71845453883213,40.19629169024344,1.0,0.7297864112912014,1
34.9064602643323,678.8003713380543,37.17427530929414,0.0,0.5678914252663748,1
52.13006916392286,477.6157386184166,15.903184780415355,1.0,0.6519748157171311,1
53.21146733877461,260.3020666986054,57.970248845870444,0.0,0.58943970746117,1
48.47905534008669,477.9516340579318,56.3358190492458,1.0,0.6889475286626886,1
19.872450193777233,306.5586667571918,51.739524633765946,1.0,0.5345660734320659,1
3.537638267761387,280.7427453890132,53.7269016880347,0.0,0.32102515453934644,0
53.10441551251929,651.1279169185058,15.472032498366733,1.0,0.5784145980610742,1
55.838231374072606,136.1726029386622,55.43834727675189,1.0,0.6944047020280362,1
1.4684218746127353,12.854825413616933,26.8816331291088,1.0,0.20314660705303667,0
0.22921346414572108,3.0430749000921797,10.278707158248299,1.0,0.22196398328312494,0
10.667293485463375,295.7350588538047,9.183889129996036,1.0,0.3882632676725557,0
21.646776212276336,427.9873649101445,21.07158073033868,1.0,0.4425355176661887,0
42.351386038885074,879.6018420188875,17.38024627849774,1.0,0.733448046632011,1
27.37110169705605,863.3798190942756,20.077903066910093,0.0,0.4494528492335504,0
39.666108286932385,143.26208326119212,53.08498537446318,1.0,0.6947842876164045,1
48.82853924036254,620.7088444375864,14.277869424940468,0.0,0.5747756166845519,1
10.586991154994118,9.203170802881477,17.83438051114382,1.0,0.26676913533383356,0
18.59439306367053,607.993560596864,34.984650384807864,0.0,0.4641438794016444,0
58.24906473300599,893.4515619030772,57.9242390732615,1.0,0.9640528426945044,1
32.45649513009926,542.5373918314579,44.946420636251425,0.0,0.49701669398408493,1
29.57382799555037,620.0024003315796,30.709476081455627,1.0,0.5182846577248592,1
33.0688284020463,573.9053961453864,14.806502533994939,1.0,0.5109743712246091,1
32.84177286353946,6.873326178156347,49.59645968087203,1.0,0.6151202777450129,1
43.47988911715725,254.28688910875792,28.112107525824385,0.0,0.489108190617683,0
52.221376510994276,396.5467167276163,2.0746695906785617,0.0,0.4029877796906402,0
37.4487559488248,469.5806602982053,4.524145554356216,1.0,0.4136871946156017,0
37.88224008168285,491.03076605872695,11.810647312230063,0.0,0.4247418335576924,0
34.6995500778827,604.5789564251008,30.521627089063188,0.0,0.5174960363714523,1
14.34109658582196,401.1899097440486,22.113134387362454,1.0,0.3510521841965328,0
45.84686554527234,253.445677280478,10.003560770133259,1.0,0.5355344796872126,1
11.890632955218415,627.4373257806798,32.38957692042408,1.0,0.47781875132102625,0
15.449923728969212,49.3488992415182,29.970793123718725,1.0,0.39590048462217287,0
20.37112209521037,59.1803368613778,19.986470617386917,0.0,0.1886609031302658,0
31.491211852316226,431.9074851112144,18.12363837485301,0.0,0.4302056354871164,0
49.08887702912982,341.1524473472805,19.856080993722173,1.0,0.5761747356035459,1
21.385827476553366,259.1879532920967,40.4231733320283,1.0,0.49541109866698047,0
36.16386413185512,267.54501307288484,8.390470818589723,1.0,0.36732271969198405,0
26.10956886476038,739.8451416573945,19.8065139705192,0.0,0.4279465476804618,0
26.781976377348773,560.335581055539,33.190713999392216,0.0,0.5290447340799314,1
57.988591947433186,17.843119621920355,33.46087335809001,1.0,0.5277745859279062,1
38.868008139278,220.5553617332885,47.541739008032934,0.0,0.4902105446321732,0
1.0611065445031431,391.86029689608336,27.73804106058376,1.0,0.23821770080615917,0
51.853215836911694,216.94514629317197,23.87904696290821,1.0,0.557170614120711,1
30.06831763485408,377.3058528884243,13.902140453474965,1.0,0.4709300351883271,0
57.814276820956565,436.14450984789414,18.52640767196722,1.0,0.6873967563164055,1
7.473149664988432,101.9093290867658,12.127333368026287,1.0,0.218273154532153,0
57.577606999247074,331.86648072178406,49.46493782438683,0.0,0.5459518866952424,1
39.31937192661954,457.0319907757378,14.904874429934464,1.0,0.5908722245913394,1
37.28657535809108,412.05407738317166,48.88428352763983,0.0,0.5150896407866458,1
29.84549787108493,561.8815590420189,42.20330715533959,1.0,0.6666168872754308,1
58.02956921506244,321.2284177946445,47.724210748419026,1.0,0.8990650146671704,1
50.207284080288694,319.2044489275238,43.01250753324573,1.0,0.7666276475508503,1
31.43326471709344,401.7327156023072,0.14422067138400996,0.0,0.36714130950420865,0
22.509826711284774,738.2412982147766,19.326797764976483,1.0,0.5572073390729161,1
23.312771289836608,833.8537918845028,52.66399587209432,1.0,0.5951151520376047,1
28.673190363277527,496.19510608516055,1.6212692854083932,0.0,0.27292800056919997,0
10.782126801096702,683.3825692042598,3.3558023664548475,0.0,0.1627037860334159,0
14.012323600227676,433.43340010047854,28.12717238754037,1.0,0.38732831910045246,0
39.697366292337726,637.6374448701788,48.79125107835275,1.0,0.7324909234681597,1
46.27158939692521,413.45952578201445,13.171964759389699,0.0,0.4119262455563086,0
54.392571694524555,455.05223717953623,36.73685138420507,1.0,0.7512245266665114,1
9.494922907280113,639.2070352506742,27.45690663664285,0.0,0.2979940718856677,0
18.538083532374067,808.5200161044802,30.628473850865095,1.0,0.62053001525337,1
11.090614370176544,286.25579336296533,39.311830838713036,0.0,0.29963090579044827,0
37.56738139817707,874.8500194499493,11.335269426187857,1.0,0.6789541365306204,1
18.10965549606841,535.4094430951146,55.35576314829713,0.0,0.6700611542689038,1
19.20194625306771,25.363204108017577,28.958636615573738,1.0,0.39233089675831156,0
4.043835635902675,390.988347803478,6.269637286345457,0.0,0.06319755095126904,0
46.39340122057927,874.8702148268325,18.780694026864296,0.0,0.5350794901079972,1
55.932054052833756,205.39242576302,49.152471355912525,0.0,0.678173028142647,1
8.183377680359419,643.1801188784789,17.878485401829213,1.0,0.3353237284897407,0
29.40838793207408,742.130685053633,3.3335047773424376,1.0,0.5344391663749251,1
47.10498135440624,566.1279235050305,9.323430355496651,0.0,0.47658701897867695,0
52.14736868119537,499.87950273839436,33.402190004953724,0.0,0.5808770931527291,1
21.08534614828264,841.346908350543,48.26052352183778,1.0,0.637515615850341,1
3.586500722390775,66.99888601347595,48.7866602936144,0.0,0.38354039060470524,0
45.971931594914814,308.9723018794631,58.48757226811343,0.0,0.48722152706944166,0
42.57414426121541,899.4419227077055,42.50753079541318,0.0,0.6744932740223452,1
23.760715797483765,862.8817261205864,21.374043286156898,1.0,0.5764511529025683,1
58.972457724696596,32.92976766372458,45.57768473167976,0.0,0.7344353575604766,1
42.98167542002401,411.53759789746226,10.945608527068195,0.0,0.44027196497080345,0
34.216100592683354,451.17863307736826,15.697061627234232,0.0,0.32318239094346835,0
35.40129142799624,96.62346711866886,15.255478759340278,0.0,0.33652015032661964,0
4.794735965979385,92.50608924426768,38.37586969274998,1.0,0.34282445951567736,0
57.577447805931044,107.00534756357769,27.208765643825636,0.0,0.5717482600127279,1
59.3904830400738,78.6041087725836,18.787986174087788,1.0,0.5608682522860987,1
9.88362186235442,140.0773036999521,59.551139488406434,0.0,0.440343237877391,0
46.12147135690828,230.51579608039947,10.385710716495517,0.0,0.3764120236820899,0
34.761265199663725,740.6008501553825,33.7331655232484,0.0,0.5829117049316037,1
23.653093754885855,140.2333668874108,50.87673376593439,1.0,0.6479925384012989,1
35.43666554599769,623.9441937059715,11.415199151179948,1.0,0.45084319529291567,0
7.2690854341530375,712.9284087705565,52.884334765605736,0.0,0.41866616178799,0
21.018580734258926,859.4827468418581,52.65583788258698,1.0,0.6330266561730118,1
20.0032860648632,187.32285431761363,41.37355803217573,1.0,0.6335655796657644,1
40.877435892770556,559.1202572305555,17.042443904041495,1.0,0.6172938597279217,1
31.672302023982468,64.83297762043986,38.70749849403967,1.0,0.543549494885434,1
1.5786414851946162,93.07879214547008,2.5668589511170903,1.0,0.21355855988307326,0
17.29977370689815,717.9465934252795,19.931433410422123,0.0,0.45594939158737124,0
23.026783234010185,768.7436738832946,27.507361415743222,1.0,0.5716970636837976,1
21.78781050238602,870.1349160845922,46.89279862515265,1.0,0.5677223614325165,1
47.206344723570574,868.8955913061577,14.629817155738476,1.0,0.6494813809501166,1
49.728456138866775,289.48066017694816,57.60940796596597,0.0,0.6603744304270388,1
57.100305326550746,474.27542084252866,26.100942736949314,0.0,0.6163237106403583,1
56.44340694343864,892.0144554530916,0.26176567352376834,1.0,0.6451002071205152,1
29.318705709446597,632.8324147069219,11.703266322167629,0.0,0.3656183040027388,0
33.51357599692145,202.56090648578282,51.81191903853875,1.0,0.4700371583810041,0
36.1844277408942,179.55820412775356,7.715881708405437,0.0,0.27959722824887734,0
30.4347356366771,435.27944150836015,2.2711804936507485,0.0,0.2302282046073681,0
2.2860814404300944,348.4670790680665,17.843796611938203,1.0,0.2957667030153054,0
6.632140667990251,778.0698171147121,34.72152514898056,0.0,0.33950467621060215,0
47.775222233480164,538.750718663217,5.250892718295881,1.0,0.5471246915083643,1
45.17345973393118,491.1741705678786,41.7108123414164,1.0,0.735388372308321,1
18.640317889166695,239.39817951624158,25.675804321641994,0.0,0.3348526672384991,0
11.860961613949154,521.3618076517856,13.623894001560085,0.0,0.3167950856618814,0
34.11737334618752,464.71948828861105,10.769524008448226,1.0,0.4216033183659615,0
50.87993184464721,401.9629486167452,33.24009731075804,1.0,0.6642613930586034,1
3.3060416873451515,332.3320541564734,24.30118275790424,0.0,0.23568337762026745,0
39.11344562225744,505.6992146708379,49.1827785865513,1.0,0.7488379565595527,1
13.512618344188995,431.7508212158207,51.24867487644289,0.0,0.358981899437887,0
15.363888973266466,15.247107004939476,6.189874675377478,0.0,0.09784588868348754,0
26.474979030457927,151.35963139985068,55.65256064101247,0.0,0.6102293234346257,1
9.825324111752867,60.454503909536264,51.22869182924572,1.0,0.3151452167206003,0
44.69818841528242,397.01457384669504,53.38910906338458,0.0,0.48249761648800604,0
5.763289006401395,859.5473087288774,51.757792008033725,0.0,0.39703620740656054,0
29.716354812475892,836.8722964051093,39.618263692637825,1.0,0.6947348393420342,1
40.098420912366265,366.61747956418327,53.122588205549604,0.0,0.6631950528914049,1
49.800207986410015,873.4916375822346,41.083432198153965,1.0,0.8093503587531959,1
33.20057391601943,203.46998816380793,37.41326958403215,1.0,0.49417327588844795,0
7.7890992401916925,346.10855519055144,9.667398809177051,1.0,0.13959245678104157,0
48.511268320215194,808.6350459884053,44.49240516721586,1.0,0.8224991566339812,1
56.32579090267133,455.4677612330121,36.56019049376751,0.0,0.732521438826606,1
1.8090053360526404,226.09609494150493,6.717677170404823,0.0,0.13882289737845555,0
54.906202623492085,556.2107819930418,5.254327687838631,1.0,0.6351300046248952,1
37.28910184188181,162.12844997576934,58.45162507798293,1.0,0.628822233134748,1
35.85029076993571,512.5213962066032,2.8108153359679577,1.0,0.5335806411932028,1
23.298997173410754,321.87930950408065,46.50709074376021,1.0,0.6275467234989328,1
9.763437200428072,233.91459118390648,37.08352665253419,1.0,0.32174768770721146,0
36.0299609049459,135.3549370979416,12.229846632040239,0.0,0.24772406304780742,0
53.1075498993998,495.88549095346843,11.095754915724783,1.0,0.6496411724340388,1
1.451049031522762,661.9629668547839,56.92500145464737,1.0,0.43335264112075184,0
33.29727875085697,680.1586274307357,39.411491846597386,1.0,0.7046209230641163,1
38.2529373943869,189.40865066249023,52.514992948849084,1.0,0.6506925435216336,1
55.15102700071609,294.05486790887244,44.76532739556402,0.0,0.6058449549214683,1
0.9023019844922597,206.94556086916103,28.326728789152902,1.0,0.3626440733449334,0
22.18100014374048,631.1781211606387,7.840567844566264,1.0,0.33907623385211233,0
7.6143826972422834,893.1026538732348,59.36021171328824,1.0,0.6188203392141275,1
18.652116624232104,594.4363656868843,18.51403047074777,0.0,0.3261907657183295,0
54.439341967257015,641.4566648964767,43.6873613978464,1.0,0.7618136862866474,1
10.807787212687499,170.61949008935514,17.75925240605067,1.0,0.34769373053606584,0
21.547061321622145,386.98119492810787,45.543953420781115,1.0,0.4557361640862031,0
49.30810194331971,359.3893566002007,1.1761282838271847,1.0,0.4284918688868402,0
44.97017198464154,677.1922502349511,38.92433029749376,1.0,0.7395327659542802,1
55.02034044954938,20.95297623804937,18.432552245984844,1.0,0.46898157765965176,0
7.431384089728404,518.449686620355,53.09262717560584,0.0,0.4579298867564981,0
4.307955171391347,444.0307167251157,21.980579375762865,0.0,0.3085228168605658,0
13.313058326823285,630.6391712472226,59.470449514342846,1.0,0.5199102560146303,1
29.67577916841369,647.2701939895215,56.3437588127716,1.0,0.7374117611721994,1
40.786865713172325,126.02635269654775,6.701425471532135,1.0,0.36395814322366704,0
7.045432593963201,378.3388753442801,5.17849574433667,0.0,0.11164021941608918,0
37.669178302305134,721.1131025108118,25.269689274468384,1.0,0.6123239672857044,1
13.328362312496155,350.89442300599586,43.48969449008118,1.0,0.49548857326712564,0
57.756855609306506,1.585105824223676,2.2001201723859,1.0,0.47951637379573003,0
33.34628227975102,851.7168015252439,52.19658727782859,0.0,0.674196402481501,1
8.381629849173427,180.74097215216239,55.68522114599924,1.0,0.5099817000321569,1
49.96710957668209,492.2249129318789,0.0911529628025276,1.0,0.49086613317701844,0
29.63385626415662,95.55557857373572,7.398465355423727,0.0,0.21918321137431085,0
46.202458245294366,729.1477517338974,8.179781347157792,0.0,0.47710719168061955,0
32.536308277490875,250.36165465251696,39.60560526798854,1.0,0.577931958012042,1
53.09410962407466,30.712827300942614,11.425600283363623,0.0,0.4974978703086698,1
16.884037653669267,487.33864575073017,47.46693365071908,0.0,0.5334223810339087,1
58.183550392207785,198.16163816277447,3.068381088272667,0.0,0.6492555243830898,1
1.0812568862041627,408.3024766100017,24.350971791540342,0.0,0.3315773304626255,0
22.622449409559152,862.8756335060609,28.481990237585165,0.0,0.4167369337029168,0
9.439319417427088,71.27647952121735,52.211431201248516,1.0,0.40948843322001033,0
59.24828728914747,110.42335772781395,3.718675969222467,0.0,0.348562892701088,0
1.1721977316174437,401.5120047215774,26.709639424968618,0.0,0.11657258207044152,0
17.301547225889713,197.28691270738875,24.489101782078233,0.0,0.19010278065441866,0
23.29818030402903,785.2911842375084,16.76375207771254,0.0,0.40154038842443857,0
4.522446246164542,79.29276220345763,22.45345723502305,1.0,0.26173524669380027,0
55.091487037651824,804.4297825842256,21.758597389889886,0.0,0.5662383957979871,1
46.248647571519875,39.23353793966115,12.8665180078192,0.0,0.3536235352768455,0
32.28808097394274,209.80546693859276,45.269705141373066,0.0,0.5867693635758648,1
24.377864415589553,12.457946658757757,31.564772237278817,0.0,0.20493687935529925,0
11.653386274020779,103.84504683152221,51.464386620593,0.0,0.36268247077443727,0
9.888310483631649,331.028887465503,56.18545978202469,1.0,0.4136428823022775,0
24.376270964104428,322.5152577996223,1.9425066761182541,0.0,0.17383200290769796,0
36.80168820107362,127.14034898495751,0.8667849629400326,1.0,0.4345575254323214,0
51.218321297649176,183.53639073716107,39.93171783015885,0.0,0.6658156186117377,1
14.593208360203128,337.94123765602416,34.07956917003686,0.0,0.3181991378284147,0
51.76644717123603,33.2509866650111,11.707180931971248,1.0,0.582263999126424,1
39.69740360941503,833.0289301950979,1.0987328047134093,0.0,0.32706985702488267,0
9.560717556236828,719.3948640968929,54.05361932700738,0.0,0.5333322533401039,1
1.9003945877394268,35.29764071276157,31.703767797874605,0.0,0.011435923917128554,0
1.4759522254614055,280.1082719132758,13.400578693942442,0.0,0.1369059222719102,0
57.84597790194498,235.6512022941193,20.36480138942918,1.0,0.6712007880750321,1
14.729021476983261,610.7040437556129,8.113607818057066,0.0,0.2671846747850107,0
3.9598543014793885,677.2308585287012,23.462359666798246,1.0,0.4542589965286456,0
39.54401961749965,54.88379287658093,25.231478973129885,0.0,0.3683848833176556,0
16.537233248138655,595.9014511172844,2.6411226865934867,0.0,0.30414708217775577,0
56.62590751231567,4.908598717844281,51.05473675826721,1.0,0.7584343274584449,1
39.826963311130534,90.1363229012692,8.730910329057346,0.0,0.3429649454887242,0
53.21262423489703,435.8419037795708,28.734696768158923,1.0,0.5717746224199391,1
39.04809867709607,117.48331152085689,8.569224640129987,1.0,0.5082671753330912,1
43.941596024745415,111.29019459868323,42.32324108696284,0.0,0.49427777525053074,0
27.66767777824462,762.0997778751663,16.629583135869332,0.0,0.532689732018312,1
25.481474468370557,659.1328327061134,10.873081582111501,1.0,0.4136539350471301,0
46.882153416817474,689.1888755199902,54.265135124423715,1.0,0.823027682467072,1
10.951236722194754,83.49883398612191,49.50972879007607,1.0,0.4555727136349792,0
3.9488039839405342,472.4745342651147,55.3213215814967,1.0,0.5233562720263156,1
54.66760657146159,11.205631861188737,24.6365662134386,0.0,0.4541692290253032,0
23.003975615109177,770.4407619189999,13.570235759817553,1.0,0.3737903212265977,0
33.542671520427135,513.3513047697118,51.16983664385073,0.0,0.6249310101856925,1
23.68676600873544,411.83207965312243,9.566555421275304,1.0,0.3628880675608145,0
44.65416504092485,278.2978509990581,51.30060925911502,1.0,0.8171734394562072,1
46.61056716914382,557.2098401547865,44.9829043041375,1.0,0.7995869981238543,1
11.0072688454294,76.05533088814323,33.252890968052256,1.0,0.2733287932110354,0
46.34302868733294,688.3646975024806,9.056891955201408,1.0,0.6761977932274968,1
19.053278096858236,838.7214251140646,51.287469503647436,0.0,0.6691731318076347,1
34.16098403211691,700.4579235866514,53.00855002816077,0.0,0.7233119506835581,1
28.993017217437785,3.881623858307559,38.92768975783605,0.0,0.3592751029229536,0
50.769410408498395,729.646807084598,1.1929434211233247,0.0,0.3758209716602533,0
25.063961759243348,831.589960709199,12.033654817993275,1.0,0.5364703053851472,1
49.52545223544077,875.6913462729927,36.04388089628154,0.0,0.744839664913031,1
56.46180786806144,25.47493022002313,58.43525698528537,0.0,0.6600178045171915,1
34.50155263501375,152.97533080813275,11.24101098794558,1.0,0.3477478721515162,0
48.949294165306014,387.92751245336405,1.9456306147131741,0.0,0.4301982678032752,0
53.228315185689105,283.40890431106266,20.345189628620343,0.0,0.4403959099528541,0
13.71267365236749,178.99550560672486,25.115257950967866,1.0,0.46105877466835443,0
27.080921481841333,615.1665736042273,21.039181076212714,0.0,0.3876848747381508,0
54.08160241675324,227.0694290506075,28.958569285552265,1.0,0.5614133746184622,1
45.64486720207182,406.9361470392697,19.211778199568222,0.0,0.5182256232049332,1
50.808158416765664,637.4590179092273,14.035203469554551,1.0,0.6286926292901553,1
36.13870315485435,705.206035086265,5.317935684234754,1.0,0.5709699733686802,1
22.76091482789732,862.8331624792949,57.59084409712421,0.0,0.6452772970268343,1
47.20735340001687,67.05329088628169,39.30584464550291,0.0,0.4902090798466353,0
20.716202891577534,270.3634165259988,39.70930206436029,0.0,0.44585766456733533,0
34.9228298028135,776.4214114992689,7.563809348518477,1.0,0.5117843681897902,1
12.642125749097907,155.0283402503845,19.034546364359755,0.0,0.16916277714902106,0
24.045126460084354,715.7516103029214,38.62070788013192,0.0,0.5420951930932584,1
26.919952480201516,288.93966922777133,17.039244414343965,1.0,0.5252673965453386,1
6.830210300674741,803.4780103893844,30.88188887618642,0.0,0.2626083469441842,0
6.099861967329154,412.8398312965194,53.68484282534863,0.0,0.5155966390733343,1
53.13502988298425,805.9490729465563,38.14520870642296,1.0,0.7904730100506346,1
59.15363299807096,634.7000774588216,16.346596878796042,1.0,0.8131554726199529,1
9.70791426500853,57.990114945386814,31.09372062897682,0.0,0.22845702009300894,0
21.964137850679663,298.9334924989065,55.22051298421487,1.0,0.48992281557331224,0
40.44634069279386,262.2694285950512,7.691849719694053,1.0,0.5114660090107319,1
8.585702080451835,452.6412204640623,6.792653671570024,0.0,0.1132530329662527,0
4.004126156432859,475.1372706438988,41.829337097131926,0.0,0.34325175190184565,0
54.36828932444505,243.0399860819155,38.19521042665462,0.0,0.6082597344384952,1
16.92561773186383,521.8906537997271,27.797030827955503,0.0,0.3916770801595451,0
57.35632964906047,115.73760197014386,39.866557527730954,0.0,0.6723196179055836,1
31.2324407782135,806.0995361907752,10.009392270634498,0.0,0.4851637202460547,0
35.22479308128851,648.9801741545164,16.40132916827419,1.0,0.48969749952157426,0
32.405772220697095,245.35982596639357,44.326948779888774,0.0,0.49525995382943644,0
30.434733071400323,140.7588012344252,53.89448868406981,0.0,0.3589878375052252,0
16.105182623430384,608.1371054969404,36.35290553594113,1.0,0.5547920497806318,1
37.58654593771173,425.9824701142239,37.865352472557376,0.0,0.5394254390113302,1
26.390927102159953,709.9988154848696,54.16581823146574,1.0,0.828768093355055,1
50.91914814079366,835.8000076379109,1.8170613474865238,0.0,0.5726891489394261,1
17.361921532505924,95.36246954888531,11.65372174071403,1.0,0.32897750470365955,0
11.558923606088529,204.97282450818741,46.044881014926254,0.0,0.32991227827661174,0
51.653520836839995,429.8072785867158,42.35345230862368,0.0,0.576441708681678,1
32.15348951681529,308.6697493297781,0.12558965811610756,1.0,0.35938759893336675,0
13.748195185646889,892.2791555913979,36.593233808857384,1.0,0.645256214546604,1
46.666461266956205,362.62238652396456,10.720554080796216,1.0,0.5825737843766189,1
17.20099501324435,580.7310768932236,21.949853263465936,0.0,0.457815527939627,0
43.15186936310379,19.85852047595893,20.63577994486973,0.0,0.42140050421773484,0
39.35114350663603,825.3360057975817,38.40600155590633,1.0,0.7893444334440408,1
17.53318504309516,83.30383327387896,57.506308499851606,1.0,0.534212664792287,1
38.53084095280873,620.882635631122,26.67855790718625,1.0,0.6448528608549855,1
29.340665464067982,321.98187808500654,28.772741963062177,0.0,0.4519702142314385,0
1.7761065056825842,206.52639404142676,56.55753485847407,1.0,0.38056523922994173,0
58.68393961086808,695.8024411628242,34.831629824188795,1.0,0.873804383178877,1
15.650564260297156,793.7872972160543,13.315638936776093,0.0,0.29676875999792474,0
23.043645639040836,299.4448115714531,51.67926238315923,1.0,0.570239393414045,1
52.82733763533271,296.0202342693275,16.377228405004946,1.0,0.49819167984681695,1
41.40736780374342,163.33845168456156,1.8336559020238719,1.0,0.38737415103952477,0
10.197482641253899,303.92761164807337,19.416878087573146,0.0,0.24617135812593752,0
38.489427632369086,434.51668976920604,21.66612540781198,1.0,0.6495056393626502,1
1.3019775509434095,422.6497576495155,46.25590380016975,0.0,0.30825030789854935,0
44.92492920815422,134.6091440561335,17.801973655154953,1.0,0.5407227304438764,1
36.28120343705321,137.51048553489957,36.323972687634054,1.0,0.5720958233133905,1
39.75039282077606,535.7769023888337,20.52309084389043,1.0,0.4878112385803727,0
34.06217392889758,133.61838618958149,29.303677404524098,0.0,0.39361438104087293,0
21.242378524861834,792.7255214015368,8.631952219162242,1.0,0.43533945221713743,0
39.34251405746756,756.3767975985545,11.856011258322694,1.0,0.5857418827303841,1
27.592609740151467,484.7382099021899,26.28964864012004,0.0,0.4904427115028842,0
44.93308717699977,166.77448069226105,51.958193684343186,1.0,0.673892539487827,1
2.101272388436548,598.4466544636298,13.911181675152342,0.0,0.18923985155175993,0
15.918480895795376,465.65186934522893,7.201484849377707,0.0,0.14409033334931864,0
9.369074139539176,389.77108604103813,6.574099499713983,0.0,0.16918902400188224,0
30.687506753125188,649.7678389567009,47.601628334099054,0.0,0.7527343897683023,1
37.266564030634804,243.7747412533404,20.128846006316902,1.0,0.5861865805342173,1
13.193296777780603,532.1086499304469,23.066025285142477,1.0,0.42846530774928127,0
56.76872573961401,787.8373132460622,8.115378587102454,0.0,0.5173782621600825,1
22.235073833349997,239.54512404519008,28.87347024012555,0.0,0.30145431982344917,0
0.8368540666719526,13.093716729518178,20.53496434371386,0.0,0.0769512708273432,0
43.58008957525065,535.1433161643785,6.473502936739674,0.0,0.4475383339702651,0
6.7137793336062686,223.26974172700835,37.9189738926945,0.0,0.2521789749874429,0
0.8771880464882043,67.78546622549634,26.761139067831042,0.0,0.3424682168254868,0
17.35055610632134,293.4731333707825,21.59713727578486,0.0,0.4016671327701934,0
28.142785551224826,397.0679511690138,9.862025850663816,0.0,0.3079516620404377,0
14.445881392072382,268.1900592213478,27.55950170172155,0.0,0.3285922866580803,0
19.835825987412846,416.98903796343274,3.986882694708933,1.0,0.4093164920648017,0
7.892995068465975,814.7555438915924,19.49432990394459,0.0,0.3540568350980722,0
21.41301812777637,329.05748419307787,19.78025651193275,1.0,0.37324547309871986,0
47.76275092460439,218.41763276065572,2.8455076388675216,0.0,0.5629294448207283,1
18.663260190987923,89.73619514220894,32.6695189285604,1.0,0.45073785317393145,0
34.90355059146444,28.301282240516514,45.18123897962701,1.0,0.6413203563864276,1
12.610272471854362,770.2680479870936,3.1889644034090403,1.0,0.3756983969086023,0
7.477635260950192,665.2558120402958,45.08790580994169,1.0,0.6520981121520072,1
19.078935847736574,205.33286924956718,17.41947358959293,0.0,0.22393230476463707,0
1.9930025389804262,338.31326459752205,58.73525947276797,1.0,0.5868789595454071,1
28.414118766180245,860.985987559968,42.20619195948096,0.0,0.6105325455573907,1
42.31225514408516,307.4115155650434,2.1049840444212298,1.0,0.43840656890001484,0
25.297582565226563,128.96023288943275,34.93941796203512,1.0,0.37957461098780876,0
13.536376034264668,565.1174091317446,6.451898487765158,0.0,0.27624332090110526,0
19.472435741067063,882.2438115726866,28.940236538710003,1.0,0.6010802927637565,1
49.16816585172607,368.7542251945711,1.8313521754048434,0.0,0.3747406278505541,0
14.47028293168161,740.027567476155,44.98692132738663,0.0,0.5711687472071084,1
19.888855932493005,658.4524564925483,43.1319282045179,1.0,0.5417852822310681,1
41.21600750038727,563.3523552701419,27.00772457070126,0.0,0.5586169696824002,1
14.954738233834874,197.12395364842735,10.425263785781402,1.0,0.3101263355827505,0
55.78895274498008,104.09989693763059,4.093227251643585,1.0,0.415648919966457,0
10.371536454732233,633.9393353763019,28.251908025470016,1.0,0.4703917849103552,0
1.4736763547797072,599.6474873736853,34.745536352912985,0.0,0.278135893241464,0
25.61091148624645,826.7998304284347,3.086459880754018,0.0,0.36820087725818873,0
32.41788809208741,161.14420113971153,31.15997449497969,0.0,0.2989578185710554,0
34.166125233241864,204.4021891096319,8.754138540708727,1.0,0.44208504119129866,0
19.411019898018747,842.1941890909585,40.83878010487243,0.0,0.4191174769550149,0
46.82130767379652,330.8508637012795,13.519773982987344,0.0,0.37264175811124817,0
50.693344925691015,628.0177913235877,57.42606650982885,0.0,0.7879961023117178,1
29.2566224881285,804.9872447741224,50.673521180002425,1.0,0.6732274063963745,1
49.19271953655894,485.06982471007524,32.48558660156516,0.0,0.6292378290362518,1
48.28064784223301,5.31955132655858,47.639684798613054,0.0,0.543374229713099,1
10.711456280295593,738.97087619923,2.094772360979036,0.0,0.2518981194212347,0
8.417290627204707,863.6195740842745,24.33227099301761,0.0,0.3747120162958331,0
7.922969657929517,622.7243627434028,10.167199174206207,1.0,0.40738431075852716,0
5.165435474290405,263.7514738453709,18.758999163709156,0.0,0.26661386045142854,0
46.61726843982538,395.0103892124828,24.493197626319837,1.0,0.5568009448565152,1
22.9071134242836,308.5262453928026,13.190230375340072,1.0,0.444976405740819,0
8.491055468063852,167.85282566650537,37.08401815584441,1.0,0.36653576861585657,0
32.943336926198405,474.0895651515802,55.379452089427716,0.0,0.5969465321114275,1
17.781658524242356,769.4781745191067,5.765390094261451,1.0,0.3214763166065008,0
2.855898875033731,513.8764229532098,34.844840552197155,0.0,0.35466691818854973,0
24.87998933277616,720.6230279855563,9.87121240823059,0.0,0.4958884005030575,1
49.57094053318941,437.67873574826893,53.51650317986917,1.0,0.8426869140654564,1
42.29341916062763,83.2010061353871,7.706739393820601,1.0,0.5342194941197896,1
59.1367073479141,121.13389398682607,51.569444727340866,1.0,0.7684297700837655,1
28.46929027224576,65.61919601105352,27.459642814733876,1.0,0.4487240721252793,0
57.791903274654814,673.2537430435347,29.806281145401847,0.0,0.568344195235124,1
22.946824431967226,367.4641934731115,12.794578855973452,1.0,0.46338182392205635,0
29.378210849475387,295.34497034773545,10.228428040278267,0.0,0.28624302767613696,0
44.75864181445002,832.6808949870174,24.332118332185434,1.0,0.7714756203419604,1
27.510856479829165,501.2115744915733,34.866988383994084,1.0,0.5843877492647725,1
10.02429273155795,447.75177513847575,17.830943786888476,1.0,0.3013897970737345,0
42.612277793939,69.42839264432536,58.77972255541634,0.0,0.6734827594727113,1
54.96734155850815,730.5617447326406,43.188239146429694,0.0,0.6309028767103924,1
21.383174293335415,103.75933031174735,17.854622265417326,0.0,0.1962860205616765,0
24.95340815312101,589.877540171828,20.461844763059595,0.0,0.37291615101290376,0
18.538885633295816,301.50263120059526,28.572632858984036,1.0,0.4298140785213347,0
41.32350863326431,363.4607803338684,55.607394734871534,0.0,0.725827300922825,1
29.540449793782596,661.7936047448669,30.504733154050875,0.0,0.40233650150044437,0
13.792131825586853,728.8037735934761,16.71019028967169,0.0,0.343650659929941,0
53.9079515038704,87.17136326893117,39.3034540212165,1.0,0.6299944034074777,1
0.8581515537592543,599.1928914337185,12.119063053571068,1.0,0.32659649283117825,0
50.09228589052667,492.48061031560127,44.94858280770692,0.0,0.6787386859366719,1
51.84903187414862,494.8880817090984,59.80864027396811,1.0,0.8983608190826406,1
5.664920732508046,235.3691471387066,2.6983827633391066,1.0,0.26997773326657315,0
1.0151663851033965,657.998757189302,9.056374928170978,0.0,0.2783467045559821,0
38.80864863095476,818.8892832331208,54.2903710832486,1.0,0.8335126582441389,1
35.000312275370256,500.8596963960758,7.936459806930822,1.0,0.5061023573707605,1
10.352234287703057,53.49143982786034,53.720940612628866,1.0,0.47996962292148326,0
25.965993066711434,847.2389623344852,50.906273263524355,1.0,0.8114625855568002,1
5.7722111474741356,663.2680158550229,41.4850232200556,1.0,0.4334298458261687,0
24.820402239520078,150.5897300350742,51.67718932171845,0.0,0.49236790408555675,0
31.509722325506104,364.03195697703455,46.9331928817915,0.0,0.719883415788217,1
53.6779582844659,665.1749934541917,10.208438512007547,0.0,0.5218134536853007,1
22.50044702522655,562.7568706236973,43.668232678830506,1.0,0.4795137884369193,0
9.513089561365515,303.533452028878,42.94199650461758,0.0,0.37663463344770426,0
57.0815799176151,422.95780302307463,20.023687162575136,0.0,0.7243853196473952,1
38.22849192545766,818.7706779063196,55.12506241403127,0.0,0.6024668353313395,1
8.087844807116284,616.088866915195,27.379878498992813,1.0,0.4779736947787496,0
3.601433050996452,599.9018741610886,15.98644016652903,0.0,0.2905938120444712,0
22.860989462126305,386.5387843265774,0.19763971905903066,0.0,0.17488682438570452,0
14.53712622084903,28.475607270808133,26.015896239212225,1.0,0.28475478153371936,0
22.016130024723488,206.70828348215431,9.281301874430604,1.0,0.2637609360867425,0
16.305011821847117,466.25425443674925,18.843601164525264,1.0,0.35073912223459425,0
54.74971153361191,160.03074490533945,15.875340250699292,0.0,0.5121728421896469,1
48.72028960260998,544.4426341023388,14.197341844974522,0.0,0.5107618802212208,1
40.242282925172205,869.5425050232463,38.34506122307093,0.0,0.7265408918014447,1
5.396868600323039,558.2364593558718,53.115838130404896,1.0,0.5438522910327596,1
47.48810460054049,516.39364659269,10.731635886327997,1.0,0.6888939812063066,1
23.85115452703934,554.0878178115073,48.960302669274434,1.0,0.6110717197109902,1
52.11718923886855,391.85288164629264,52.266453439599424,0.0,0.720680323777608,1
3.0744122287008424,295.15897704171414,28.222588298293758,1.0,0.4020173652867258,0
8.762586578565468,619.1355011524075,12.272246999441787,1.0,0.38254006506999766,0
7.7980351832448775,395.8220291974739,37.35775196272447,1.0,0.48995219119058575,0
48.95340066246206,97.34216574975204,44.06380613468166,0.0,0.5824073286245048,1
57.224715449320826,150.85348748948155,50.03207719513338,1.0,0.8604978273312526,1
44.76450818831787,362.8991131942376,5.220910983780962,1.0,0.3951856809388605,0
18.484209141666007,696.0126505514149,58.12141996718622,0.0,0.5360401589768717,1
3.1030970707777605,42.0033358968808,44.89403668984983,1.0,0.34714836183262615,0
57.8364258342111,595.9122407929623,23.34559214158019,0.0,0.7066418252442578,1
10.246723287607239,766.2216093300694,16.201863097721446,0.0,0.31798699907468336,0
48.62954781389238,102.20594280228305,16.248699001145535,0.0,0.5329647300782726,1
28.295452194780076,715.6370653999523,13.265364861028647,1.0,0.4702548599405669,0
20.325096668670707,597.9661162581795,23.333205714189823,0.0,0.3517959905648358,0
24.609906469069234,678.5802730749075,1.2428403046237202,1.0,0.5034639004948518,1
4.634996443539423,35.501247077858736,24.83465613942617,1.0,0.24024366758866006,0
7.001714983615781,321.15918176482404,11.942090741021946,0.0,0.06535149865353032,0
52.02542837123826,657.219928960091,37.017933217463984,1.0,0.7460221926405165,1
27.172670124526295,187.23955951088104,29.849953187603006,0.0,0.5424981375445502,1
40.32425276770634,476.83107969525213,4.061750298578978,1.0,0.3986550151292916,0
19.953973320768668,564.7069693910686,55.80010836949684,1.0,0.5836742657492074,1
28.939765004957067,403.18505313917404,5.064670525392325,0.0,0.35721648920098903,0
47.67297786940013,469.10398881807134,32.76381539817726,1.0,0.6305403995148096,1
38.74834335173738,13.396476225586396,24.683026643306782,1.0,0.6180155748905095,1
23.920166561444034,94.66221446760822,53.0000979014782,1.0,0.47091475362218516,0
27.666862044153916,369.5226278605167,22.077198594791227,0.0,0.4138092568784772,0
59.18156986836801,275.66554734970674,18.934030575396847,1.0,0.6226191757426905,1
1.939639583885433,442.7663806386955,47.86939883211198,1.0,0.4029589559434555,0
24.104849872463408,583.2315520861891,7.055009267753601,1.0,0.36774967371138545,0
7.816645886787459,699.8901638309818,8.224363783270508,1.0,0.44494586307895,0
6.289132540678213,231.83547687719854,17.212228566435627,1.0,0.2915003326097745,0
3.1969036083390345,711.2418596918963,55.975864424812734,1.0,0.45718216887266633,0
45.92856908357797,870.7247591147317,16.512121803389416,1.0,0.7421135742680649,1
27.425314210938193,126.61871644963549,54.70555437759027,0.0,0.3974353831064499,0
32.94193989285754,728.2449490234324,36.44462961603139,0.0,0.5743151930232328,1
18.098215233739964,176.34974520717918,14.02024276312182,0.0,0.08067896331468027,0
23.678409212762887,7.638920232106495,25.430019870053872,1.0,0.4941841180715716,0
27.111874783477333,414.81928584109863,41.317920019538036,0.0,0.5244080563390481,1
49.73282361706956,869.2963305418651,9.815946987416556,0.0,0.5264501610310424,1
5.466503886011134,790.0818490287584,28.08051723233102,1.0,0.4070691447530247,0
10.776118947993634,374.88957204646704,9.689689056049877,1.0,0.4371465347992876,0
10.178627455342042,143.41894384252234,28.691269088270076,1.0,0.485087020059044,0
27.93522353527511,354.4423729390515,35.44192632964434,0.0,0.49867338507207637,1
28.635969957771973,679.1874556270158,10.001612117711282,1.0,0.5287370458854257,1
40.819023011207875,84.18232014091632,24.354850231402185,1.0,0.4619562645821913,0
59.301785407376016,414.40444863953564,16.50050482049694,1.0,0.6846319704214663,1
55.02390640057998,140.24112373931257,42.44619134583557,0.0,0.6583297375472663,1
14.41120031001386,600.4670092232421,40.52332518945613,0.0,0.2544913567140724,0
24.468479657317626,521.6941009560464,9.24578493157988,1.0,0.42189296634960055,0
31.840916115861063,709.7500610417752,32.75540780610064,0.0,0.3920258883080399,0
47.45852856007867,229.38092169951813,22.181296588100746,1.0,0.43800502921647694,0
30.708167631435714,437.93223005339354,17.327225020563112,0.0,0.3383996707909741,0
9.573987799381369,21.950526878661215,25.761732378670878,0.0,0.26371719062321264,0
3.004894780356011,619.4685849208264,2.072416550534837,0.0,0.14410515202117669,0
20.400004072464416,365.486662460579,26.687568783145707,1.0,0.4531428224690928,0
36.40601543479199,170.8522546279515,18.37418481124022,1.0,0.506322479020717,1
10.796777472825836,295.04947252757444,33.108834362236216,0.0,0.26493766153748693,0
27.28242429108996,823.2325969611745,41.05193104950879,1.0,0.6149576994522753,1
23.014889023988637,154.4659606231256,56.519942856280835,1.0,0.5769642708519452,1
57.61982041813807,486.43276141884223,25.41582324745585,1.0,0.7583265484198604,1
41.98588294685463,178.73668466038126,25.1364108400028,1.0,0.45905830742132575,0
58.53604834609214,857.8168446334694,49.51410356135219,1.0,0.8652711020183023,1
31.13133418466783,99.0333332287458,8.499657556113775,1.0,0.3949315056028364,0
29.490281826236796,18.548226721396667,8.91185433676884,1.0,0.4074030750284488,0
58.64344589494813,107.47276517555096,35.72204296729425,0.0,0.5969193210609358,1
24.45879826192542,870.5349021639992,10.744015859442955,0.0,0.40370388495294524,0
33.19780198586536,318.8646865435218,47.65403161679445,1.0,0.6607900676611272,1
1.4375150669954495,738.3549356349238,45.251146066407756,1.0,0.45315636136482434,0
10.140653736554992,100.6242688623709,21.45274686909027,1.0,0.23607854749258259,0
17.209628009690995,236.76144918365847,36.85986836061545,0.0,0.4438482575824248,0
14.699425283538998,748.4271776415958,31.108258769643086,1.0,0.5881714226542664,1
26.01235301664634,391.6461957639154,59.21557230762551,0.0,0.5407860376576714,1
53.348570391885026,110.1689138888529,5.384268729923347,0.0,0.39907780623416333,0
12.572655197350409,675.6452917213172,42.27676967530451,1.0,0.5997237756475968,1
2.8527542360026925,718.5725187710833,37.52072169009483,1.0,0.45851568855239466,0
33.7522442582945,650.6188619029538,40.02728390378494,0.0,0.540569722348038,1
21.81579690845868,266.4043162307568,17.646352024317085,1.0,0.4478431013996323,0
2.7970323593193758,783.2496028885062,16.689925606918685,1.0,0.3410896407085302,0
45.600473590569024,57.80628677963454,59.176975566460015,0.0,0.5517374033807564,1
56.266892650241246,660.5322461601337,40.89307754271462,0.0,0.6835703271925961,1
44.719364024340734,570.929318707753,20.29105096713672,1.0,0.5289111308308726,1
47.9782314156687,425.9930008509057,53.34708405188315,0.0,0.6716874380708369,1
45.5008046410136,410.91883706319203,24.100158849734676,0.0,0.49519234568073245,0
58.72186964592036,587.7172619764293,20.304168982566107,1.0,0.758232973504358,1
8.375965627590778,740.7047676490959,0.6069539809669222,1.0,0.32549828488976695,0
52.62424827600541,598.109317901227,55.64906199449628,0.0,0.7776249625897533,1
42.093291534390325,863.387779222325,34.88155076332153,1.0,0.7450355632135324,1
56.97413646016907,779.2006157867221,4.897907992433462,0.0,0.5532768919832081,1
50.82570002244247,733.8319610863947,45.74517824055781,0.0,0.7219772420097073,1
33.132408811406705,853.9692005061726,53.61974980736886,0.0,0.682282464595952,1
39.48222610238594,86.8128149545637,50.50048481988414,1.0,0.6048875281283673,1
14.762771895131266,679.4561768163693,58.69035340848758,1.0,0.7842945308421008,1
20.07292821753579,492.76349859192203,9.17260977735673,1.0,0.4140573901696842,0
8.965840669627523,852.5423795048579,13.036824157752434,1.0,0.4005881990040466,0
24.180832166689544,261.53407528853904,45.8986202883446,0.0,0.48092283320799906,0
49.58047259537092,626.2641626701522,36.46656524790403,1.0,0.8378156900275218,1
20.480548532808903,535.2469655003745,57.64754748185711,0.0,0.48243264602859415,0
52.905407289852626,329.8778752375085,41.71123169712703,0.0,0.6219025988442395,1
11.740709696244092,703.2737961379247,21.22465430133322,1.0,0.3839374157415573,0
38.81214311210085,747.6375864615122,40.135383675369084,0.0,0.6442921948744507,1
14.048319663424262,664.4051789888389,21.713130586855716,0.0,0.31457291679814636,0
38.198559376052636,598.9649368627762,29.33281770194818,0.0,0.5955171393645915,1
47.18048865196405,80.85028253988318,24.826277864819097,1.0,0.47327579929427444,0
52.700293593196875,422.04163622525624,16.487318762904902,1.0,0.6980713322965307,1
45.728317625476635,622.3290419485129,10.44198848638295,0.0,0.5783034692012745,1
8.526072279684758,679.3722992142301,44.99638738207048,0.0,0.4306891189271212,0
41.12078289115266,814.4082740370726,27.30187376909933,1.0,0.6697883527805885,1
17.652069674938595,3.4575156039978627,37.06692647971824,1.0,0.42653720542444906,0
30.36880265934261,352.8382857981591,31.691805416876367,1.0,0.7107760955164069,1
8.478850044804478,773.4213740755512,26.648207436999705,1.0,0.409411962690053,0
26.530047080396912,430.86433094053024,8.347724512064703,0.0,0.17278052923965292,0
39.50224649090794,127.33967138895453,1.9301153605083332,1.0,0.3399753444411368,0
6.858423698603553,49.52857078922322,28.495947821745496,0.0,0.264183809006191,0
35.33483245670426,587.4963220862671,13.362893669711067,1.0,0.52497908745582,1
53.110704211997636,141.33635269776525,55.37478192727557,1.0,0.7322325129513543,1
31.602101540753363,400.18020691677725,11.973537279822793,0.0,0.27017593941440593,0
19.59833667353274,382.4881169328238,38.02661649655134,1.0,0.49101471122115403,0
12.385567888705628,342.79782771641106,3.735272108482821,1.0,0.2939454613876126,0
27.830656807675208,383.3172442734078,15.791921710976343,1.0,0.3287904338144406,0
23.672530369070518,538.3699647133408,0.20814818872119778,1.0,0.44047438344115114,0
41.62737308030104,665.9844264878878,51.07929814080263,1.0,0.8825520393407524,1
44.43364331451288,787.27160364287,6.859324637366033,0.0,0.48591280003924947,0
41.863171742105614,454.3878978521044,53.92895709333942,1.0,0.6205598461963237,1
45.48864205210435,847.7525168337324,52.638423382534675,1.0,1.0,1
47.403674412371,33.3685846671098,34.75167636391754,1.0,0.623080669201306,1
43.52874515541281,90.520837228263,22.53705260255781,1.0,0.5527765177724681,1
15.01509861347435,17.233969175933396,27.72758576852415,1.0,0.35911100492366915,0
34.65482072122468,229.3365064197982,2.575350166660557,0.0,0.2331740553310718,0
23.47127044090866,461.49309332451145,7.358054147096482,1.0,0.24314717416147305,0
4.633879543947077,873.5003981012632,2.260033977993643,1.0,0.28626361268697476,0
37.75837443620321,266.03195675456897,57.55592884917204,1.0,0.7769168422545503,1
8.512735975601878,95.40500471555197,1.588374417216909,0.0,0.11694854072372002,0
41.13753694787482,173.54529774966088,51.065585057507676,0.0,0.5552220922379111,1
32.25452524232729,79.04676525035325,5.361865481925456,1.0,0.22260361127624098,0
4.2802904643032385,169.52776010859287,24.838416629969313,1.0,0.305908554191049,0
25.27644476874277,202.47992263697256,56.261874441402725,0.0,0.40731085136375134,0
32.80107286631767,198.02753743316504,37.70420161789039,0.0,0.42102737888273095,0
14.95071312608327,410.1612505585817,49.40064155575609,0.0,0.5155393205878269,1
55.85574592886545,36.17457221208099,17.070973929912356,0.0,0.5152220280721862,1
57.04888725819561,190.39857290753454,1.3321257436881884,1.0,0.4654637887330546,0
6.2342889205061525,3.9565218238202915,29.664894026998656,0.0,0.042614049859951986,0
43.053675479832606,624.699205410115,32.92321509391916,1.0,0.6859240806460457,1
25.65838162711419,676.3757962486967,32.899438864863114,1.0,0.5354238799177184,1
50.0060778330102,893.5432107376033,18.818198858895435,0.0,0.6604978365581111,1
56.21777161473057,754.4205568676626,48.2372829105455,1.0,0.8974046712936176,1
30.03394170814422,745.6543092182701,28.145999248649854,0.0,0.5959719069471032,1
38.05160869690654,231.77692778812786,12.301525005629507,0.0,0.32592789673541694,0
22.029251791860673,770.2610955437211,26.15164126569481,0.0,0.3652860228246999,0
39.94258663991592,277.14173072242755,27.833696067847526,0.0,0.5044356046148242,1
59.44956970335233,608.7935081244538,8.667817022563876,0.0,0.4761173645194533,0
19.944734356515806,387.6858865593049,2.8707531311834944,1.0,0.24715362711977534,0
1.7773710312496882,488.45783512468074,0.9526085581885235,1.0,0.24584162620854805,0
58.26349091698658,756.3188755906326,38.881718883569164,0.0,0.8114272588463416,1
1.6314743294906187,142.67242384648893,6.319251881502486,0.0,0.05756888645751097,0
41.26108580112631,816.3974433264196,45.382818248128224,1.0,0.7079059938607395,1
34.795031222346196,542.0271219161307,39.881850734011046,0.0,0.4278822198561668,0
24.23835768490834,103.24052306766566,45.85708520531569,0.0,0.2285806746829984,0
55.77647249727103,438.1611555733301,33.120177148663686,0.0,0.6402763265800371,1
7.211599958858552,859.8881116737865,37.823744267023855,0.0,0.35305573729813694,0
14.324368300269889,108.78145066605559,16.18092848299067,0.0,0.06905863874909568,0
49.74635445770901,19.59837006828421,38.57338311927261,0.0,0.4881810836810698,0
0.42039672533839445,46.38013938612103,0.2907074921979613,1.0,0.008352971501335293,0
15.76331626522364,714.0763452077998,44.466197657881246,1.0,0.6025252948882217,1
10.152558104441589,238.03555738759394,9.124330780900465,1.0,0.12262124168605318,0
25.244810734326716,372.81010245626595,15.234798504481471,0.0,0.3867046916394245,0
44.18754291058996,461.750127661008,37.531679527146935,1.0,0.6457580455320552,1
57.15697462138303,300.81039733274116,54.035555460284385,1.0,0.7852945228729721,1
14.65488163960087,178.92469996431902,6.159642009268602,1.0,0.26762201219862214,0
0.7863301063772932,457.5215231403545,42.6050937355233,1.0,0.3044655871317658,0
44.525410588607045,571.1967895647691,27.57705340120927,1.0,0.6493233228369475,1
54.57991460555938,252.20686662923396,54.001009307948955,1.0,0.7430821365577668,1
0.8769447015904586,737.5942227546061,12.411666658884748,1.0,0.2663907155219805,0
36.839895084900874,480.05097107137715,11.930449417419771,0.0,0.4335935126259335,0
35.6221435643139,109.4392186760546,1.7273010582388748,1.0,0.3184488757670069,0
33.30738980562033,597.0527131689284,6.255590224371588,1.0,0.5773630332279918,1
37.615249479574295,328.0794608632645,42.614048685987804,1.0,0.6036208795152832,1
16.730980503310253,560.5297512133861,49.14526270678547,1.0,0.5964472680077034,1
53.648779982657445,706.0633172695276,29.722747636919816,1.0,0.7546647316909664,1
13.274258086388137,29.408802385385645,22.76690805803441,0.0,0.24160308046383855,0
56.71720768456727,373.95899146874814,16.121295346230436,1.0,0.6690581488459466,1
57.09850662177281,376.146027443416,34.608191555501215,1.0,0.6411744684435638,1
49.88458126784316,196.19117174025683,59.13114237887052,0.0,0.7054219137311594,1
23.207185438485823,189.26658644805542,43.76272858771407,0.0,0.4036930717359287,0
56.8330700154752,274.0668337265778,35.44421766963069,1.0,0.7758050859401764,1
12.883314907081719,134.9103777683963,9.503059811262549,0.0,0.11466327535819948,0
29.492372015098624,60.572083723267156,43.968650704240815,1.0,0.604134516287564,1
30.290907870742064,245.13660835377289,57.44960187211208,1.0,0.6980438679554294,1
8.398405770914422,256.56224641612425,49.0089223075391,0.0,0.31648690094389587,0
59.17677981841719,591.9833167067716,45.72661882189324,0.0,0.6987289993750699,1
10.85259218670986,568.0501972329055,26.689715821138936,1.0,0.48307235889265093,0
28.772893180929625,332.2692809374442,25.36053827173303,1.0,0.5235259683520652,1
5.157821925878396,565.1475796405653,50.64078826986047,1.0,0.487902195207346,0
16.856319898075153,230.7607464838547,33.41719511757002,0.0,0.4291460541596718,0
49.813754800068544,412.23993302653395,26.242306228584937,0.0,0.5945086066798592,1
40.758827436759404,301.6825982381613,34.7846658873739,1.0,0.6495752751061665,1
21.88256712577982,69.51812396309558,10.72863133010356,1.0,0.30531554151273,0
38.95899602125358,305.5145993461631,11.015678920216331,0.0,0.32610776261993757,0
10.222886665915043,758.9819204815216,6.193342690205883,0.0,0.19860155551631467,0
39.59951171520735,629.6606994431394,15.500782921291435,1.0,0.37774188958981153,0
53.391546515724464,167.40323931281713,28.094698731465762,1.0,0.6144878916576407,1
0.8429145266963656,807.6522867219131,33.237117362555374,0.0,0.3548229191408373,0
17.990286058195128,635.2155177276985,28.351320254582284,1.0,0.3519725644350118,0
15.405087682341449,866.8926223396891,12.843102479393355,1.0,0.4691073171354947,0
5.289113406650308,179.2543759747432,5.4325349601648405,0.0,0.08826800957251654,0
54.912197798366186,520.3039706730989,28.480614149237187,0.0,0.5366286266681654,1
41.342695993578886,611.5050549364129,26.857699890027167,0.0,0.41860356870117144,0
36.91082865994389,16.273802791366478,44.931852913308646,1.0,0.5001356648585908,1
36.7392061086895,373.04391090154695,50.70918786035176,0.0,0.6968724909475323,1
40.35774936737682,718.1734793434841,7.477067883992669,1.0,0.6315876635464153,1
17.105101343411246,764.1846867419171,27.01204100953008,0.0,0.3729521829069241,0
12.067878522280505,81.3673559339431,54.944600152564675,1.0,0.5260601621941157,1
4.616062703547699,261.4662606410518,17.735031639017016,1.0,0.40042778367142456,0
9.316175735946594,167.9766962374973,48.4451542845201,0.0,0.16717496120727504,0
11.911551980132716,532.8793773246324,26.8049655879036,1.0,0.5226091684250794,1
47.81946123003022,145.68426467336778,39.40943577816578,0.0,0.4402312172711306,0
19.33003831140998,745.746514370436,47.933981729090526,1.0,0.6668207811863917,1
23.20224752213826,569.5218260543778,52.05385481017122,1.0,0.6691142783075128,1
44.368343195281305,163.3286807393849,51.791905907905345,1.0,0.659029241036337,1
58.11043058980369,689.0651320325262,45.860610127002396,1.0,0.9441148323227337,1
6.221377051178094,113.59392699589021,36.31441199288455,0.0,0.2367118716118663,0
35.21320286372171,737.78397134607,58.09395509265256,0.0,0.6839136298958981,1
25.059849674949024,196.04184311229352,13.463111926775998,1.0,0.3442693556154408,0
10.885793264732834,452.3288719026046,8.74515181544603,0.0,0.045917773305080484,0
20.38328622047723,23.722330354392373,40.355268118078136,1.0,0.44353451130225724,0
46.97043398865004,276.29086899074224,14.80156629532229,1.0,0.5317333134303319,1
16.110948203435495,223.09375067501665,14.861246831862665,0.0,0.12386413354420048,0
33.610301790868284,868.0164112362983,59.54273718266089,1.0,0.8239975671477564,1
27.340823706705724,641.0871256619433,18.07156143125288,0.0,0.3415853816691794,0
1.0908728753560348,750.2408925321097,37.55528840815016,0.0,0.4031765681756841,0
51.58695640106068,688.2447401555827,55.824775228801904,1.0,0.9771799972237489,1
51.70337668310073,75.89878107221642,46.16504855656239,0.0,0.6594799087025907,1
50.129057334214394,505.47843057969067,51.103233111673376,1.0,0.8571996688084588,1
26.098708761130677,294.03663043238214,21.301506089298954,0.0,0.33769096993858067,0
25.75539532726134,332.07674336517243,41.14039437519375,0.0,0.5681998401846319,1
40.390733879821084,108.73044695958562,47.35546111001381,1.0,0.6421786182274246,1
59.18132891589484,666.7196847186501,7.9717132877847785,0.0,0.36855960420360157,0
29.93538561315435,271.91654551741465,54.70291096647861,0.0,0.4654526420074658,0
17.879483988513464,169.3716610543808,12.862429061217352,0.0,0.23487343361882368,0
28.488497286516978,21.18858847371947,43.60993331397869,0.0,0.463152876261888,0
34.315887157430836,667.5451682096073,21.29088064920714,1.0,0.5886739680695219,1
37.77434822016744,785.8288045399246,22.861784952427236,1.0,0.6893069227541375,1
56.39496393119096,97.4159915988886,5.238139017416388,0.0,0.49496378102358407,0
34.697601813041615,232.86474343384833,25.730680366114125,0.0,0.24256241040942192,0
49.31988974222214,470.85403861786216,47.89590632958916,0.0,0.6396866401035638,1
28.33133370690456,638.3073376599517,50.58076411285555,1.0,0.6409999767705291,1
27.18298866297016,447.30667986496877,39.19645728835454,0.0,0.36864420374180773,0
54.388455684310046,667.4992902029009,45.88753471405668,0.0,0.6130451671798568,1
17.072727584183415,721.8350297952568,6.9431706576466095,1.0,0.4603452625799063,0
18.144223296838327,388.6448498435797,43.26948146712731,0.0,0.42219538354190306,0
32.813837881411594,634.3147400041682,40.17509399506647,1.0,0.6874906194901367,1
6.688893232570718,682.5282440123862,58.483591583418196,1.0,0.5332054775657502,1
9.895472254906723,106.7402599687096,19.347273507563585,1.0,0.3265195789092326,0
30.99351855345534,474.79958228848164,36.92769490126522,0.0,0.39264066624001276,0
38.42997528452501,273.1084256966893,33.82908423165697,1.0,0.5586520138953487,1
58.78315598287175,223.7875608614904,56.87691880318823,0.0,0.5513797267708238,1
6.772062111854867,812.8419178770378,45.892408310270966,0.0,0.4864231239694071,0
2.5356396675786863,822.6485398667999,1.3879325626270145,1.0,0.3040993182179588,0
41.29589522339914,118.32810297902093,8.031606293455923,1.0,0.42973289340735416,0
53.75503392257413,752.8574381221706,57.263966245126994,1.0,0.8998206010603679,1
5.517063478119972,676.8552671977594,10.609860242732092,0.0,0.24227231246413358,0
17.854498093255252,345.3249377580853,23.121148706368835,1.0,0.4490258053720591,0
40.87083010211819,336.1567253479539,34.552748164926335,1.0,0.6398188655851216,1
38.46224953819194,324.342213316507,53.321062347000364,0.0,0.6446806700440617,1
52.17403177920028,798.6770145082193,46.03558841771411,1.0,0.8320705413151285,1
39.75581749670302,380.94218711317797,16.486052146348843,1.0,0.46429017346472534,0
56.86985660189373,455.4100025386194,27.070240627070923,1.0,0.6430668962768369,1
17.594532546711896,566.2425681796497,58.11516919073343,1.0,0.6746920544993736,1
44.72658906522476,125.87353462375305,10.663217227369032,0.0,0.2190333800222331,0
35.37597256039627,14.460633849673055,10.657195031156103,0.0,0.3441362150607823,0
23.607763752044704,659.538476868394,22.34414600163845,0.0,0.41550545137282036,0
43.2425615317637,355.29661934327083,58.58204374276981,0.0,0.536886171526322,1
50.735800022516145,715.4378123071808,8.970939648599774,1.0,0.6445841444858574,1
34.7725616308991,756.6238803435634,44.940081476583266,0.0,0.650902159689486,1
42.95410722989862,79.62972765512234,11.911862976280144,1.0,0.5313794953372031,1
24.722107077088772,229.98681221633768,17.643587576959817,0.0,0.4112325353446029,0
51.61303260754835,307.1927962580999,52.80899163401347,0.0,0.6420314622794178,1
23.07260458396327,806.3774440631838,43.83584955961169,1.0,0.512560786210537,1
37.421898695548926,238.30015402136905,46.97796902246905,1.0,0.6890879844702513,1
35.75253998648271,401.502264771678,27.53841247171562,1.0,0.6186303491438239,1
30.802684519312564,567.0711899455232,37.983502057406604,1.0,0.6757245060907164,1
55.09166417796179,856.4815953667559,34.06684442327838,0.0,0.624070748483587,1
42.21663820400526,317.47539416049125,38.23748379627287,1.0,0.7163046656765995,1
35.36181226700492,876.2339283732576,54.88488712413959,0.0,0.7167161595373427,1
42.79602718447389,702.1439800894713,16.72869551703898,0.0,0.4530630370215632,0
42.53170074563961,735.2530440171545,45.8423906271359,1.0,0.7880882515707319,1
19.862191310002466,416.06259833371683,15.25043562549834,0.0,0.3671071217270409,0
18.98467381436516,658.3461677165621,39.41214138467869,1.0,0.43543028525221616,0
36.57740886522818,49.60148954608887,24.491672637042512,0.0,0.5679867223190787,1
8.373948426048727,580.8146077467414,14.109450863757047,0.0,0.35164903663838964,0
48.64095572193533,335.00996865642423,12.507581924492754,0.0,0.6010680262926023,1
46.14148508462845,195.5449128029595,20.250252857499433,1.0,0.621392074765923,1
38.47466114056942,804.584701169539,40.713219936188835,1.0,0.6858760143011877,1
19.97934262187321,32.129717255727364,38.45595325521918,0.0,0.399504089774888,0
58.718313501199184,357.1636626968302,24.61633410398891,1.0,0.6200066582520791,1
44.52233261112521,460.66022143582416,40.30424850379801,1.0,0.8586071070198708,1
51.68794571037322,878.0096846832934,17.98927998986589,1.0,0.743176589401959,1
43.1645403050504,574.8330583179521,38.924315763367346,1.0,0.7308006631604612,1
33.51717935045568,133.371812553427,7.982489939988453,1.0,0.28370477361457147,0
17.010633170580025,521.8414261083498,4.647231684706494,0.0,0.2995368712437813,0
10.831415611007822,712.371095945041,0.7408926125459092,1.0,0.3965466609406231,0
48.994011335666755,628.8497627425348,39.50354656852235,1.0,0.7101494737200154,1
37.29085299074159,496.29550259828335,51.30757310345865,0.0,0.5664736830808399,1
14.195115709683217,255.14326026514945,50.36065424871486,1.0,0.3862614854331092,0
12.530326305910684,363.6616729977554,33.83822635385244,1.0,0.3850125745774199,0
29.208490482789603,791.5171356191986,52.288158810696345,1.0,0.6687125317873283,1
38.09030713783341,47.03384308611729,23.76528770255893,0.0,0.36986439405723737,0
45.71758233401942,474.6968093177127,19.339174933176952,0.0,0.4929285059758913,0
28.810427328167396,232.7124156279687,17.369246422815227,1.0,0.4887191810091147,0
15.011947425963347,181.0566086964876,23.766130957095047,0.0,0.33971651170747386,0
40.625107693698396,180.08564327714197,36.066744278023464,0.0,0.47610972314892197,0
7.779186384130825,194.64062896809895,38.569942899827815,0.0,0.18687989490104853,0
10.30958560628674,787.114187034275,16.523305883550147,0.0,0.38477746723256495,0
22.30966178477245,895.7623853596454,51.77204998051103,0.0,0.7097215666037073,1
33.72594134350116,726.3081264581127,43.85976958813611,0.0,0.6038411686293698,1
1.1381225511407567,867.3381131380183,2.9280105299683745,1.0,0.3516438655943033,0
8.12470344562708,137.41196999178433,33.26948903812708,1.0,0.28297905676033314,0
42.4686222139526,870.6144203246421,57.210174651998834,1.0,0.9545094990110995,1
24.667574150669004,209.08921721174377,4.714024077952779,0.0,0.30534103293643494,0
26.822290190974154,197.52648420474296,51.30970223814212,0.0,0.41117472124089316,0
28.30779594201244,293.8193696376279,5.507711558190282,1.0,0.3684144333489375,0
10.505847336839063,384.04484944382176,28.888940903477195,0.0,0.21736493602466445,0
57.89809868660819,783.2850011940926,20.784157432322655,0.0,0.6613589654069907,1
55.38733770662751,747.0626717760604,13.910849606397235,1.0,0.7179213627393719,1
38.060077057655676,121.8338191226382,44.110939929650634,1.0,0.6688382531825878,1
5.506609820521254,715.7211081829702,50.70164927979173,0.0,0.45626449278652415,0
41.231214955663674,570.7378416306864,6.383601410132018,1.0,0.5400132401827402,1
48.529900138910214,877.8940399791862,57.526028480363216,1.0,0.9260853019043223,1
20.103836890241457,597.126596112532,9.264686360443946,0.0,0.27277808615169735,0
9.038886709494081,365.57598733898374,32.87845681070935,1.0,0.3862768324014894,0
43.595996717767974,424.14549801347346,11.415091678747402,0.0,0.40238069252638037,0
38.119058736256626,834.0073462782333,47.993127115191136,1.0,0.8253420594474566,1
23.553361231954504,19.25907952577184,7.420059325052193,1.0,0.30668221270388646,0
17.712459586188093,856.3510877846489,44.92136684504038,1.0,0.5131250802655276,1
55.72705763842401,428.93404979520733,37.8202892591917,1.0,0.7357265987277952,1
5.222447076091539,93.80458862224536,13.170681732188003,1.0,0.2422140756870776,0
18.61204009719025,809.9966768803048,30.898306031940496,1.0,0.5592395634066049,1
28.752072228684376,749.1552753714228,59.41909484126079,0.0,0.5804104061570927,1
35.35936873075533,266.37618450165775,55.4040639226488,0.0,0.49415282567118235,0
15.352417790949652,411.8241626081012,16.912628971213962,0.0,0.2312962441702618,0
35.65241175984083,278.9890770862387,42.29491178615678,0.0,0.4762549213822411,0
6.74752550928172,300.99882642010164,56.59568961606153,1.0,0.5082652032447674,1
31.895003807255396,620.7745749808126,48.04243937893698,1.0,0.652690251073203,1
5.103033388961487,753.6821839070689,26.855422469557098,1.0,0.34067840940167315,0
23.398772865939634,164.3960379039687,34.70808814380887,0.0,0.35873333104890576,0
42.747603586840704,166.8556239261453,38.722075780285294,0.0,0.5604642454767291,1
11.983867566225832,166.13687644846615,3.944983284862378,1.0,0.2024201404672191,0
9.133452146627398,746.9048061272866,32.00021801239537,1.0,0.5752383305228516,1
57.92373742323731,113.13415986106484,38.74345009062361,0.0,0.6965076719370348,1
25.732787873740552,402.8122213863344,18.250081245607788,1.0,0.3791742834795443,0
3.445736069051004,131.01400265448163,58.519745513617714,0.0,0.3734418761818999,0
25.52161878666261,298.756179725705,22.23319576687165,0.0,0.3197701128709635,0
16.33562990549473,91.08005370870924,34.59686485226932,0.0,0.2294294691963657,0
49.0632672225777,193.29708126823547,7.09467759893883,1.0,0.49226344996940047,0
52.75047486646818,729.5711279011111,0.06366366627280406,0.0,0.4805514222439196,0
45.71876304858814,592.7515610567455,11.22497849269793,1.0,0.454853591166393,0
40.430071432154065,576.7289681473876,20.252294749780543,0.0,0.5468739686261893,1
34.25775323182976,323.6352280384061,13.574187610240806,0.0,0.3773838119998585,0
3.472334497450935,287.00974091471784,53.5201891436147,0.0,0.33059338800566485,0
39.04875447408965,44.94315002367944,36.842562444808486,1.0,0.5571919933451654,1
23.230180652076193,349.5095374040709,24.066972501661894,0.0,0.3990027420960731,0
16.91236598176297,747.6180286820842,41.34991454567751,1.0,0.5871752219682461,1
33.89694551704515,243.37108054760634,17.31963299877187,0.0,0.33529583202703195,0
14.523215027908345,201.05624123362048,34.67376903637178,0.0,0.3361473405650553,0
59.238799361068445,6.649479450425555,41.80473654431875,1.0,0.5861491093435105,1
35.876761294961376,662.4328371286857,59.21665390939348,1.0,0.8520218838605917,1
44.92856866866097,120.23513655453169,49.969579242124446,1.0,0.6468587728392914,1
6.519397805591643,151.35232916587,33.72447504632662,0.0,0.28458351320738035,0
2.198105788667637,61.555399068990134,5.653222091640089,1.0,0.11623684421949107,0
10.34042812756945,544.1413994150654,15.396673696910735,1.0,0.34148416951677274,0
11.059618466563975,131.70558164350297,45.78865584126283,0.0,0.3606723712098609,0
33.02341408290038,597.8839836253624,50.39756096210993,0.0,0.6270062734036648,1
39.35277567636883,541.7168878135984,1.404094575072845,0.0,0.48222101333259904,0
53.73795709767736,840.78269929334,4.620784739975385,0.0,0.582183280595153,1
5.714937036912399,309.5457519295809,20.480332114858516,0.0,0.10474178886275688,0
29.852534253218707,470.3400779669268,56.14192452993683,1.0,0.7906129071770777,1
39.56942471740844,833.2187124943082,52.790889234537495,0.0,0.697731229955751,1
24.97535913165678,547.8545939470229,2.913098341751421,1.0,0.48737216530712735,0
4.329069126295158,649.8666233868339,31.55031765846522,0.0,0.419244789637711,0
5.791327823547656,133.17940765323226,50.10732177739122,1.0,0.38502762134450436,0
0.5414606501637942,821.9951166595081,31.698682714577306,1.0,0.41413969081907775,0
19.271714512206078,390.02677440230616,47.97469992922148,1.0,0.45743214915806735,0
9.6328508065632,595.1426737446047,57.67166668774246,0.0,0.5023863310719987,1
56.96675763900822,699.8800608421079,15.426323321281414,0.0,0.4996802471965233,1
37.844447470608344,299.59343824478793,58.50662181313807,0.0,0.7205363292305805,1
5.876844833698945,887.6859682025158,28.338251827252574,1.0,0.5253604368751915,1
39.92731226956128,414.6292742177182,15.086867602464103,0.0,0.47276420236488265,0
30.26940980799451,709.0328293965715,18.7973487670541,0.0,0.4431091057078096,0
49.826127587159505,416.2223862325102,53.24629655533775,0.0,0.6921462378125722,1
11.304875114678183,473.2067184625604,59.386146310277944,0.0,0.44731117977473045,0
20.80928562635393,505.4530057461416,58.516772092246384,0.0,0.3567909492239466,0
29.329242330341813,338.45065992878654,5.880121940842502,1.0,0.3722123815855354,0
30.69853630932172,367.10877667695945,42.758346503451754,1.0,0.5685287834421577,1
8.592634872208958,50.87212511206485,46.92760592807724,1.0,0.4604279025564225,0
49.82709291952258,678.6075711659659,6.126638326722038,0.0,0.4321882537591836,0
9.469653556560933,772.9979484280125,47.37470071011763,0.0,0.48623908748948963,0
27.769482404953237,846.2453041905869,57.90201562069765,0.0,0.7047996954800941,1
34.13744027075364,9.26923118471964,3.239699209159228,1.0,0.37974418236351765,0
26.30282328635743,604.3653427477213,5.744985513589835,0.0,0.2724213633777008,0
20.432828514294325,23.821419116224707,10.980731504931251,1.0,0.2631831211125868,0
43.33092466305988,604.5364207696831,27.295072506770424,1.0,0.5843115089216295,1
31.452748476720416,840.7990617254005,41.79650282731021,1.0,0.6694587264363403,1
41.00850601323017,458.61547826141026,44.84516545482899,0.0,0.6138282977999479,1
45.742701089434796,103.86472533386865,2.3753059373178775,0.0,0.30150133947117747,0
55.436762260774586,535.4407465689657,9.606905612496835,0.0,0.5349182041709948,1
29.565672286587148,768.1001095942202,49.017306418841784,1.0,0.7112711631112522,1
25.04434146858702,535.2272829702816,26.4558597942518,1.0,0.5672858248512542,1
55.17472340460617,540.3258684859372,33.26073414742277,0.0,0.6910617281076631,1
57.92880351128072,446.51703466780526,4.437195882360143,1.0,0.646652791136608,1
52.374727379198134,195.54445031662655,44.5621186340568,1.0,0.7730890791934248,1
12.211647537027746,408.8305855795404,38.357232094832355,0.0,0.3440835342164253,0
54.5075794288331,603.4107758791113,15.31082405948852,1.0,0.7391823918565742,1
38.80074381733562,4.822805656419094,5.446073564241852,0.0,0.2975228999995553,0
31.34103317591842,112.44507847471257,30.691211501111827,1.0,0.5672385819611374,1
7.880119735168845,748.8781071831523,52.30404361714457,1.0,0.5965065343540703,1
9.739131939229289,231.41622495681924,10.273127768391362,1.0,0.3567039161709934,0
51.96583608382359,342.21077160637606,49.67766063290726,1.0,0.7842548455226998,1
17.32632994285185,105.58635272682712,28.842731585599694,0.0,0.19103437554038954,0
28.43918540944067,127.16634608194227,20.28875744865411,1.0,0.3853212639871032,0
25.667808169152885,508.1563430715821,41.07474161430519,0.0,0.5062534317734865,1
23.120306208176274,480.1546433976141,35.59942770843509,1.0,0.5474061837122052,1
25.53103518166035,372.8564561777998,25.977116700218772,1.0,0.5116507507246318,1
16.81090444599015,542.3703637196554,0.2471162886267475,1.0,0.30749059989795896,0
53.977579046213606,123.56126086286943,16.20003045185709,0.0,0.4395227116335802,0
30.867207610102806,502.22975803056806,31.894692930310914,0.0,0.36120785862067717,0
17.622622358196377,95.10212681021567,29.471731623051234,0.0,0.34822512764540364,0
12.745501811696425,202.34434599306306,38.85542332587556,1.0,0.4914633703154754,0
48.08825736990847,323.2329208602577,13.81594689367039,1.0,0.6227355483090908,1
47.3501700584232,231.46420849287404,18.96745647209308,0.0,0.3282650748579314,0
49.2778280786659,304.8167615961012,31.23867368977066,1.0,0.6054635089965843,1
35.729644220819644,426.55346443724216,51.625651144697535,1.0,0.6497363214160055,1
19.8203789821023,588.7738088703608,3.5009559859607675,0.0,0.2760015352969765,0
12.712866585089612,108.58000029562872,50.125582355302996,0.0,0.2790187276114462,0
22.38203282370477,554.7674580437681,18.610093203827844,0.0,0.4923209091330402,0
5.382521241349123,305.5556723168349,8.205714002013062,0.0,0.20087549798133134,0
16.5347330587088,213.08439657246763,27.817736341395918,0.0,0.2856489140815393,0
20.852412309085963,111.38714438991244,8.604697587235016,1.0,0.27418634482573306,0
6.9411409444696766,425.0184169791891,38.97128391407101,1.0,0.3162453544634646,0
9.116808015043162,15.387437959244954,53.110697629727504,1.0,0.49391892535793874,0
7.184497723809182,171.03824989752917,0.3220462289615833,0.0,0.10486627875650165,0
23.33790248017223,300.4885694754704,30.610784092497184,1.0,0.49506285756653423,0
55.595030265077604,883.965820258587,4.139859291960331,0.0,0.6487662351626743,1
57.53958814165998,401.9450511513097,24.679118787432003,0.0,0.5261934736490446,1
6.20218021920802,421.10117080162667,12.975370063733214,0.0,0.03697226421119576,0
35.7168976690403,790.3182222892447,25.440211948362702,0.0,0.6893569151772073,1
0.3245824456559432,500.3628431709982,55.7085925647007,1.0,0.45391513692265234,0
39.99043427255691,579.257612655419,40.585775389979474,1.0,0.7427321873791959,1
37.56070789064699,320.4666869155968,36.166852951247044,0.0,0.4024141469903776,0
30.78249150833289,105.60697763168172,35.38976708149247,0.0,0.44509108783692986,0
16.68869161335288,187.5358394370982,59.41760716739432,0.0,0.567359452843372,1
27.901052662894365,67.5856138556925,2.285099251058247,1.0,0.33924294044756925,0
2.3294793785244927,488.58304257689207,46.79175607377404,0.0,0.2604144041350601,0
39.31199221045265,80.20965494623643,56.8825726416543,1.0,0.6187379200524505,1
46.68289405221659,400.3795046142826,32.18733514091519,1.0,0.5366083349949221,1
5.1349998651445405,234.39767132711842,44.860929105182855,0.0,0.29198774263523986,0
59.942278348039565,1.5511426354432256,57.925600329120336,1.0,0.8504378813435302,1
10.640111072490978,617.8090485618264,39.10231971850682,1.0,0.5459227586190182,1
54.93685875146633,25.35226977513705,45.8381528779502,1.0,0.6668517066783559,1
58.73019459746257,494.94940027227915,42.381829598878845,0.0,0.7262043074889283,1
25.44267715257253,379.8349108513885,1.9828964691203521,1.0,0.3600151450360342,0
50.45095940340786,769.6125365367318,23.563775799517316,1.0,0.6263817790226562,1
33.70498671638286,354.74587376623884,29.57103900494079,0.0,0.38671395816781085,0
16.35285582139377,126.69069824433458,23.068198756477493,1.0,0.37295033152016294,0
41.21928342273078,363.4442107116072,33.57595780445438,0.0,0.6483272924452839,1
21.535766568509263,417.35230770681727,18.376043026374557,1.0,0.4229302168060544,0
9.193916136950136,72.28041041490147,34.596404417637146,0.0,0.25383560697955737,0
46.296647299292594,202.61021287334935,2.6586901902996662,0.0,0.2795422919506331,0
11.424928697818569,166.30589495287987,17.95826646974771,0.0,0.24347295004547315,0
56.05625535590264,192.62357226257436,22.80795269427772,1.0,0.5198178537068707,1
11.917939598694122,720.4429834855721,46.52260762912356,1.0,0.592695754325583,1
19.376720692240223,274.17771911603967,55.166435856745586,0.0,0.4988661785442911,1
48.08548139715523,616.4912209750215,39.23666385307257,1.0,0.7483757859518415,1
50.16798305248618,15.586444476395878,9.58260342798681,1.0,0.437215794944269,0
24.09688494116996,897.4163690336973,21.462416656664644,0.0,0.41330113318317074,0
36.56653266377191,775.1067622274251,45.66022253330826,1.0,0.835675675355359,1
56.6327957779318,389.59850023420796,9.677067748515505,1.0,0.6701195620044638,1
17.454751256240186,65.05428191036597,50.69595442517476,0.0,0.3993619556407362,0
16.095908059873455,423.008310734089,59.75432689349154,1.0,0.6618244276575036,1
6.285749184996067,604.2014390243298,26.781609911631254,0.0,0.27788759492078297,0
41.327596790764424,268.8255223499715,37.85107540661772,1.0,0.622384874339269,1
41.4582658574182,2.317052529842667,12.948992638388033,0.0,0.2911842400994026,0
7.363237004309293,273.7500665634246,12.346204675173556,0.0,0.1205184062429696,0
43.1852485869407,550.9124200493831,9.444675240923115,1.0,0.5333584986515028,1
17.280281254485278,77.91798004093727,31.402182898369848,0.0,0.36304656070835933,0
30.676377335848212,461.1409669911266,8.895935301091715,0.0,0.3012411470707813,0
33.70409056156218,714.4429648032004,4.433180978117557,0.0,0.37108982459903495,0
35.000078138768984,582.1803037192939,8.007974087068943,0.0,0.39761795485628526,0
33.14002623550477,700.7798119979982,32.67076172061907,1.0,0.7301232322223372,1
23.959494026274093,682.5631430244154,20.580619537430437,1.0,0.4467352155653257,0
42.03244238755343,782.8706798238061,39.65533731890817,0.0,0.8468287503474863,1
12.621410024357768,370.0354429992898,23.389152019029854,0.0,0.2704754095799095,0
52.17697217307526,605.2720586266125,28.653085449585298,1.0,0.700006016717917,1
23.27573377659752,867.2233346539786,41.036952655798736,0.0,0.5626414729800333,1
46.37579703726025,618.2355190701596,38.35678934117595,1.0,0.7004979479272442,1
36.50221647230702,899.3407399355823,58.23477125902798,1.0,0.8080965133356558,1
27.09308719355817,854.8947015726519,35.48629232335913,1.0,0.5785660972513044,1
28.54233436129709,320.99652550783986,5.444085274936851,0.0,0.4250391745267688,0
31.503003729566565,121.66009305038816,8.586602867962105,0.0,0.20159437351061982,0
25.11225007914367,253.50185991862497,51.13889804136343,0.0,0.5315767348532116,1
33.68848439436297,103.71367295409733,27.38957308470763,1.0,0.5310861897436251,1
28.58963488267143,90.19000313524998,7.707815043002853,0.0,0.23275680901484816,0
50.61077199778145,387.9123369395726,26.82546541609363,0.0,0.6097189138300511,1
15.683476466342691,846.4099516218631,38.30717686737638,0.0,0.5476279929020484,1
45.15634181034856,841.074098785205,9.083062112455544,1.0,0.6841159691116518,1
24.694677284517574,581.9260421498391,38.6924363880084,1.0,0.4772716972760592,0
51.09281360342146,878.8822287290787,6.665951356906845,0.0,0.6413463373817403,1
49.67846074572671,261.5881335579594,30.90712562094876,0.0,0.5996900047354496,1
4.505694675863083,141.19021919809637,13.789314607455594,1.0,0.24420123989379966,0
55.637256485756055,819.8642076605054,42.997345870594806,0.0,0.7255956783000195,1
48.74066031997815,795.7259519107084,18.537128783473623,0.0,0.5725605231564881,1
39.34017324905085,262.8304813285239,8.593533446192598,1.0,0.29350621015892964,0
11.514077107629818,665.1997692491806,45.725616778477125,0.0,0.5248583505561101,1
49.94791314834975,129.12462300518592,52.249520318391504,1.0,0.6005775369535281,1
35.48836239631202,844.5889780931135,44.56879836048691,1.0,0.8311254874542404,1
13.907670108758342,255.46616295358777,39.541601130386105,0.0,0.36845648640000245,0
38.386098569487295,173.79698327069823,21.461800136072114,1.0,0.5995415109030797,1
7.1964296967484165,882.0665327265513,1.356028692206368,1.0,0.2717741766355088,0
41.95173590354762,44.0558364033857,18.061385073356444,1.0,0.4263506074886635,0
11.568323637667323,213.71554030440012,23.817504025344757,1.0,0.33281976956582393,0
18.346641084557497,899.8067277334778,4.3006882276883385,1.0,0.28741865377213105,0
1.3772438169273094,409.71851428403085,12.991321190809943,1.0,0.17835337597017265,0
22.40166901746839,348.05535382020037,24.425805564693913,0.0,0.3821521263106198,0
36.38897431369218,543.9239227839245,15.11555445439156,1.0,0.6876895534480139,1
39.37106072992584,36.7028762089884,14.085381213415655,1.0,0.3562989088147705,0
24.964022259917865,21.914124817558267,32.13520871802315,1.0,0.4884606572352363,0
16.80224004015415,349.0503390575781,37.551190093696434,1.0,0.42996802345925705,0
5.7133193804237585,814.7504788558542,20.657034149131512,1.0,0.4298985181788136,0
21.37023046035687,804.0791760436562,18.107032191202933,1.0,0.5609737440232357,1
46.90657991401096,750.4746658509388,48.36231083047264,0.0,0.7041568498941617,1
55.99435280983506,771.0488239426365,38.47368528447068,1.0,0.832985802434816,1
55.242347091729584,406.00795030177113,17.291954382892417,1.0,0.6245769631197167,1
5.059890908996971,681.4925201325578,54.44430333000271,0.0,0.4512379925267386,0
7.666624320025532,577.6003354138525,54.11463623487685,0.0,0.4716159701122909,0
22.08024134841591,160.3913934096871,16.517074146704903,0.0,0.31093775048375993,0
33.53526242190054,56.41738915721185,35.128203340043484,0.0,0.3808565839384102,0
3.0136367578026535,641.5173540647556,5.597515792457108,0.0,0.15536911160264233,0
5.371919281221873,396.0107848880205,41.96699353134963,1.0,0.39674728768584955,0
49.49969252650553,808.5249186410392,1.1299802913541734,0.0,0.4513779369930264,0
59.79241928825102,879.0164426740206,1.865089447895305,0.0,0.6198318783290624,1
26.28965700129261,440.0156138699338,37.035208130483944,0.0,0.5313994963473334,1
47.56323842798645,95.20573920547524,2.066737995958996,0.0,0.4328058074821245,0
42.15248345822256,297.3897636288213,57.99979793257565,1.0,0.6561561502354459,1
46.12458601211519,412.665213504846,0.33604423823397234,1.0,0.4583250931590591,0
25.25573797338727,223.14346567031734,45.5842589212424,1.0,0.5329373184210877,1
55.7476443618591,361.34907137981594,20.683326840255972,0.0,0.5729847887603635,1
7.399660243771939,602.7514868666474,18.037431025876923,0.0,0.35719002360906144,0
15.97463779904894,667.6038882415437,55.698206320911865,0.0,0.5173440203993136,1
38.143453900236075,630.3127328166871,38.460147603148,1.0,0.6118595213925,1
14.975245861760333,125.4769963017067,33.1474974168847,0.0,0.3778014250290623,0
50.326500254443964,864.4780274195035,8.985350069177455,1.0,0.7470711452031705,1
49.29446850940731,407.5365157222931,22.454860467344535,0.0,0.5363159142825208,1
47.34166313646863,20.508497647478087,50.248641346258054,1.0,0.6499424321024433,1
52.69275772263562,735.8710567158272,44.419974233986984,1.0,0.7523346004962206,1
38.135265803778935,269.1307124004394,50.073422994956225,0.0,0.5385240256436502,1
10.934610834713553,895.0743268247709,59.80236027549936,0.0,0.4685756075011775,0
19.734944736636585,136.14414396098874,13.146446600239594,0.0,0.21170336082072871,0
0.2582814457839233,795.9116230300075,51.10351780788054,1.0,0.5271573048933126,1
23.729186312658133,672.4938714078494,0.7233764560073475,0.0,0.3388656647915406,0
38.151771351458144,68.24070878570055,11.151753117764935,0.0,0.3947163950056035,0
41.80524147348838,628.3466837007888,43.260271937022836,1.0,0.6735188977920058,1
42.86766690867963,75.20706298805806,51.99417556447566,0.0,0.5570506593748591,1
15.57644433146703,104.38016625498274,24.802803933372218,0.0,0.26642580404288035,0
55.41544679630467,281.26226638872316,51.867653573620444,1.0,0.8808475130753196,1
32.672967592089,640.7250503154421,9.388782008626933,0.0,0.35402107888144374,0
12.445357401888993,413.3484133038684,48.13234977260095,1.0,0.5708006532015905,1
56.212983000837944,66.15494361962897,48.82101044611241,0.0,0.696360308853941,1
40.34329414081213,807.8704955218901,41.17731089072666,0.0,0.6414082647038757,1
40.96549808535264,308.47515981433145,27.41225904620316,1.0,0.6881627586675136,1
36.452676760396244,91.65375431176956,20.21423396607372,0.0,0.29665398933013243,0
0.08231418841184501,353.98419829919334,1.9765324257522887,1.0,0.2255465692307963,0
33.10178206544731,774.0624218129066,0.6346641660560359,1.0,0.47433184176851034,0
43.30678042374086,484.2317020879728,22.58643997987437,0.0,0.5167464727913926,1
39.9470580135259,770.5277355358801,26.852066800459312,0.0,0.6038405438261318,1
12.91797466603411,763.9084292375535,27.96854652475973,0.0,0.54022281327066,1
28.482566710813785,632.6128105867409,4.760011869714294,0.0,0.24724273565458113,0
43.421270589463425,101.29728944962932,48.71845631992529,0.0,0.6741868446444705,1
54.11175641713161,232.16492722576814,33.61438418036535,0.0,0.501809509656006,1
13.785470242202598,160.64540103529492,2.676596450993154,0.0,0.02172478528536384,0
34.367714766824996,486.92756316752394,0.4953146982771628,1.0,0.4669057956827411,0
4.12884104946214,190.41985526524658,12.133819447625026,1.0,0.22542250409932674,0
10.533166538478532,181.86613459022266,22.80531750369513,0.0,0.2881411295064516,0
22.755930224750227,488.7264101391497,40.697513634876096,1.0,0.5332422954995004,1
1.0177879726709538,417.271244063497,43.51920373138617,0.0,0.3497104008440969,0
21.26342371156124,477.811875002132,48.87320568662108,1.0,0.4811922967804486,0
52.247807256314694,609.190451753789,46.38118548840655,1.0,0.7697574915129531,1
18.136259211504182,736.4615559472295,37.47469192722869,1.0,0.4886447261828407,0
9.05438998146894,113.93994467453423,48.684241888620456,0.0,0.22395615819429215,0
6.256248381900678,439.86204976650856,26.420839620187458,0.0,0.25686312226194025,0
33.13466508899259,215.25793390309258,30.982123481473277,1.0,0.674177104559647,1
24.141374701376193,853.7447276523695,58.106232468192815,0.0,0.6060916374896058,1
37.572012724333035,815.6859934748832,11.18623365915412,1.0,0.6490125374011813,1
24.118278883453954,303.2850016830947,38.65579602720058,1.0,0.4991258972188428,1
31.624212124087197,887.8530278491643,49.015713647275945,1.0,0.8354438361476759,1
24.31692851684007,805.3680040626789,6.031268522228908,1.0,0.3926965531001807,0
17.30418190799652,729.9191730160603,53.62401804389796,1.0,0.7343327721206994,1
0.6126941077176817,87.16006684954556,7.021110259374604,0.0,0.0690316795043876,0
16.971446886159832,231.32000704833345,21.26663965904488,0.0,0.18440621835583562,0
44.520472066527795,570.7387199460546,0.963911952714418,1.0,0.45047751533000524,0
20.697365013702882,259.29285228856537,29.43709634585054,0.0,0.40562011969169914,0
46.31980846362141,231.7169750987044,7.599678499643585,1.0,0.519996363986522,1
2.5095350892165724,6.595656104735181,43.05911572723401,0.0,0.14533994267313244,0
42.20109841236519,94.94197586104825,6.2725022131044454,1.0,0.33551505704398826,0
49.52223054267629,835.3138912353749,3.2229710335845185,1.0,0.5815621377370797,1
14.620457690019226,249.2234361371658,23.049213445266773,1.0,0.28643866925712685,0
22.75838096621986,177.31130440627223,50.145953636791226,1.0,0.5425891032083024,1
15.841820634982662,426.57415140024045,1.8067220518206017,0.0,0.3644910224058448,0
26.159138415588473,590.4430502460793,27.31586102619183,1.0,0.572858518824651,1
55.149288498137985,628.6551264006362,46.30300903074101,1.0,0.7813165610386532,1
41.81461937400594,701.7674613028782,40.246901852497935,1.0,0.7678738044245785,1
6.261818004537629,343.2217956079914,8.750062857553624,1.0,0.2243664196021031,0
59.802711618604214,884.1892506302939,19.729101784424614,0.0,0.6386715768589508,1
40.79085343399827,637.4740311962715,52.48379030856028,0.0,0.7023682088298828,1
48.827082409877534,158.52964723642634,55.677558023758515,0.0,0.4809343415049262,0
50.38963055309223,649.743032872307,28.207421523348795,1.0,0.6731532704137758,1
55.1664834475032,638.7712335925522,43.054483428110146,1.0,1.0,1
46.59622428361063,603.3193605317651,26.317018090550285,1.0,0.6077722237901158,1
16.176811876414522,301.41388581220997,6.656405531839276,0.0,0.2197472491035527,0
44.8152562316783,352.6368823531385,7.247753328938464,1.0,0.5583889379248942,1
40.110931300670664,468.29279307102917,51.877475996236605,1.0,0.6724801687201856,1
25.033133386737124,357.2674887284507,57.92152169392517,1.0,0.5940613074194961,1
52.2042920910874,762.5228114989488,26.625548666251976,1.0,0.8757872369377091,1
0.7073896516223566,72.71822844855615,39.295300755380914,0.0,0.21993077407763617,0
30.28573850936405,111.57227900860224,32.620440217614416,1.0,0.4464840182287461,0
53.069250180693395,788.4793607890523,29.053815514056183,0.0,0.5911972042124567,1
31.920228980383378,850.9695662348817,49.29353850297617,1.0,0.8442948776645154,1
22.922548691870773,16.658513011762686,14.154087867802614,1.0,0.4059663536418636,0
6.482805347169391,267.3294484744758,4.222959982072789,0.0,0.12071909167008749,0
11.397070587578966,642.8864480934913,57.22110623035379,1.0,0.6760086439179646,1
15.889182216737193,566.7821324139358,24.233689439462196,0.0,0.34838598212918565,0
59.58963144684794,154.07380886827212,56.68094830080983,0.0,0.6927041651030547,1
32.90559755938229,619.5456229091777,45.50030182866454,1.0,0.6191191076790958,1
18.441866608697524,531.1500298786445,17.780521096089252,1.0,0.4874403640105585,0
53.21619727868189,147.25034282695205,10.021511411335716,1.0,0.5047975388801146,1
36.649660861510164,667.4242320727263,42.99507583923909,0.0,0.5950998582229404,1
17.67653605981463,801.5574138369986,31.84258629631989,0.0,0.5077007358570484,1
39.25701785830198,793.7074209788497,46.99516590819902,0.0,0.7592496947623288,1
1.5361159422276027,651.9959028416336,39.4019402145076,0.0,0.23202226640132545,0
31.31614413579002,527.4298035925157,8.748463626512011,1.0,0.4824236357462699,0
31.57682816639451,894.950536488199,42.709811275432266,1.0,0.7683650535994965,1
4.106495585254535,167.44994474646603,58.57234476064326,1.0,0.4956805672388985,0
39.61597631218553,544.0769636744832,52.81224983621966,1.0,0.6031634530803469,1
1.3968090131926036,399.57504286971897,49.424433540171115,0.0,0.3803572166552801,0
11.64319300439277,4.908570928992162,32.38312036849791,0.0,0.19049644297373036,0
44.47285098869531,163.28430005533224,37.229544165982055,0.0,0.5841157666169039,1
24.09925517990409,533.044632495605,32.44932325121228,0.0,0.5489094386540478,1
43.248058266356516,126.34094384988029,25.61359413150649,0.0,0.43261018402001145,0
32.34583630106236,554.6579855144247,3.210022931438301,1.0,0.5064102372349918,1
27.842821427805912,12.650350326116055,41.495918781349694,1.0,0.45016116452945076,0
35.55271286389289,750.5217920881239,22.030683786085792,0.0,0.5682865731981329,1
1.2146532662864917,251.59996523631486,23.753972088444876,1.0,0.3350914588127973,0
0.1868312773545977,704.5678272640693,10.062612835144103,0.0,0.1995959039198402,0
56.27889134410854,578.9375514576225,17.857658860677333,1.0,0.7047540066882216,1
41.40847412587757,302.9631097066755,17.060955203016984,0.0,0.3474902659475074,0
11.01886340448344,215.51416488451784,4.748920082465327,1.0,0.2135472555121719,0
41.5924920504486,800.4666893610101,46.02502538510745,0.0,0.502511135732102,1
55.5516058186718,132.61450016156704,59.17860248780142,0.0,0.7291092834398799,1
50.21527649694669,594.8165345825214,53.59634776073725,1.0,0.8338398092803639,1
38.49614454740365,127.11339081811359,48.0057394899106,1.0,0.4569707679592136,0
31.50337087937272,576.9456791247538,46.65633406680912,0.0,0.5097235276586239,1
37.35355473010328,465.96060128501443,27.908030679137248,0.0,0.45416555727085234,0
10.942181147519465,413.7890831871095,24.180662031032377,0.0,0.3862991382179116,0
26.765543011122038,895.7252402804669,16.128302052283335,0.0,0.4445275850939336,0
52.54851694779491,117.64902879079841,38.221457888295824,1.0,0.6921172073132361,1
21.78307933804065,821.4049644706064,4.7642756197915315,0.0,0.368668141949472,0
16.060314749946397,46.81935635542164,46.171031221928324,1.0,0.3460377442025352,0
31.24269375002078,26.714265864397145,42.625209243276935,0.0,0.43807468792211796,0
48.76245581266272,789.5448273143912,27.99240939423257,1.0,0.8377620907182568,1
52.91776940599238,334.40851183381966,36.372037004527485,1.0,0.7599022096767405,1
59.92149662687792,439.3108077887675,31.762229280581998,1.0,0.6572640233978794,1
57.8571689948391,89.36273318123442,50.751281690151245,1.0,0.6832472863550022,1
6.474605778504879,605.8785137286659,20.10234262788382,1.0,0.4168276148370019,0
27.348427622149863,60.20940844980214,55.62131251330924,1.0,0.7185071100604201,1
33.137978619597526,394.70439763464674,7.129984085469927,1.0,0.3555777071226095,0
40.67065060017336,192.5999715820308,41.76017372080567,0.0,0.5269142665500157,1
6.680940420897199,865.4524835152579,33.11695769967947,1.0,0.6310343473249362,1
21.849309833241,850.9434132652847,57.99843307699067,0.0,0.6534504427678722,1
22.577506398089227,505.49110558512876,17.588568207878183,0.0,0.4073717105358362,0
36.4465602094234,387.73775149908823,47.62365296078655,0.0,0.5001578673503753,1
22.148711252647484,895.541087796134,52.78533728001254,1.0,0.6421296975570665,1
18.925574506947296,815.5283028120065,56.49689858477997,0.0,0.44161502757595844,0
11.17176246325365,496.400460776597,56.55305298461759,0.0,0.5344559318884207,1
39.7701844196202,28.931054417720116,9.058293130264836,1.0,0.4649428741897612,0
18.534944324917987,225.87331464324168,33.126583841445715,0.0,0.48695764704877764,0
12.285615129271125,623.226705201152,44.14314777445918,1.0,0.44460492266641005,0
54.681122451678746,724.8153938465292,10.178497229346988,1.0,0.7744970106448231,1
23.07904206422805,742.0680916684271,12.344629799403748,0.0,0.3893589057855163,0
17.15428698510007,858.2346476303009,35.89741128711997,0.0,0.5239101701252575,1
5.427412733848693,190.0352407949884,19.957164169430182,0.0,0.08677772139543503,0
31.17677268572247,806.9676288833427,57.8913659788729,1.0,0.8167209025200678,1
20.474218961616774,367.36504906613555,27.269081076983742,0.0,0.3928835345976155,0
35.09512250741816,456.47978323050734,41.446316475758486,0.0,0.6547981418044497,1
18.65837564960183,47.32907257891908,17.09362086410373,1.0,0.3658664072833612,0
28.153304140186886,428.5721220372587,45.03944030652743,1.0,0.6453725840498351,1
7.69424664601922,499.8313557478519,58.20933620476126,0.0,0.43191564649558845,0
3.725179268150154,586.111212229436,51.75144980998727,1.0,0.6271314639207365,1
55.99084620603327,425.81102242926573,48.101241403189285,0.0,0.844360576093952,1
44.06699338248093,133.51236180163193,12.185951164534451,0.0,0.44450383927922,0
25.18328425574867,804.723727579997,49.12791674092791,0.0,0.4924272348900153,0
11.95364231043796,150.88911799649227,7.254704119308872,0.0,0.08784343103794373,0
39.80360462987946,874.2720168761637,2.124607068029518,0.0,0.417318824960726,0
36.17409022620753,269.07907481218916,36.956814366937685,1.0,0.7308350649397957,1
37.2458540550594,693.9893142381981,23.86402737122279,1.0,0.5999657885851758,1
58.66093795028932,240.44227717058382,28.589165083679124,0.0,0.6594853282878708,1
21.1708818786333,685.3212271804176,35.04335174650459,0.0,0.5087391676081956,1
55.69588838297132,383.03522741263646,27.234549034523695,1.0,0.702321671717637,1
26.006398158455912,100.38374627025284,8.118092094222128,1.0,0.31480444195024676,0
58.50420549788616,491.16158137887584,11.986089232413637,1.0,0.699242431774568,1
58.342028958150046,72.38918557499798,7.180176356638568,0.0,0.5576453979378081,1
24.909817677792997,689.3286076609198,27.70260532046739,1.0,0.5895458734608835,1
29.928252314379918,171.30061404502385,20.72740256617703,0.0,0.24795254221905183,0
53.69655005625823,799.8469371395026,37.144388763984544,1.0,0.8166166178336813,1
53.559969957623515,229.69820064099582,36.7432000357994,1.0,0.7510883874694629,1
5.725965339702704,88.98494610004502,45.769767223865145,0.0,0.36252221889030967,0
30.291865145517193,609.9285770162631,24.09304400555898,0.0,0.35563303940738067,0
5.889616050195228,248.1772823239173,54.893253210643735,1.0,0.5140156342322089,1
50.79323502420664,525.6130315194146,0.5463092920687429,1.0,0.6425033907402198,1
16.200641858776056,827.9067866886904,51.20597545692604,1.0,0.6708360217604266,1
19.759247249810976,391.38962520151335,8.43569199633511,1.0,0.3144647865397727,0
19.184249355297077,878.0737310926856,19.850719658952162,0.0,0.42238237759606934,0
43.122507611922806,580.6831514571205,19.784047646998047,0.0,0.4822812160052232,0
19.423508839509253,589.6781031484493,3.6283242708630215,1.0,0.39435553289751485,0
26.456086798476584,25.626974650834057,35.70798357819725,1.0,0.42364521283843165,0
52.42106300107086,793.8517586230515,12.399335204187928,1.0,1.0,1
26.416414271100347,793.5837281699442,26.945899355358616,1.0,0.5139375792273764,1
55.06432381312132,45.312156999886476,21.340905789375153,1.0,0.5238285853029304,1
55.01708168870656,595.0292950677323,17.671763188303306,1.0,0.672802364063737,1
27.25794403849839,87.4190834140773,17.634712328092615,1.0,0.40784575295650205,0
13.911907759300055,815.329275509917,24.311415092858866,0.0,0.2945383889918024,0
56.30297295080811,680.5481250705873,31.294989982610232,1.0,0.6616860156775143,1
33.47242192295806,14.324930265165314,18.232697591545964,1.0,0.424597517359008,0
21.313087504753607,730.2754030528889,24.632109732662535,1.0,0.4481728167843126,0
3.5582190391995927,518.210216399257,35.205244963327765,0.0,0.35739304277831885,0
27.8349868478808,570.9266357902366,15.620904422445694,1.0,0.4703719177052009,0
2.0701636693475334,139.03349437820305,8.230497987704446,1.0,0.26463116535635456,0
37.61826676013399,870.5312935683274,47.86686245795961,0.0,0.6729390594414192,1
23.681870590480344,505.645409572102,11.139500640901295,0.0,0.34232104119210705,0
17.487511358483395,687.5485215119104,28.85879213676756,0.0,0.46820677677674566,0
13.177598463782552,423.66803222564204,9.065013341456673,0.0,0.3031435225954517,0
45.4132709765234,506.9825220107808,21.549386610420502,0.0,0.4911677860234237,0
53.952440553749646,381.74102788917054,26.08531996962121,1.0,0.7100746842579551,1
0.5198199273609228,2.044254888394792,32.53281654225938,1.0,0.2516024567185423,0
31.779650271104465,298.3599377853963,19.005426016670558,1.0,0.5470047816186301,1
4.684979107736405,892.3397032068192,1.2091664828017779,1.0,0.298487085709875,0
2.116738094383366,581.4301047051603,32.301330237622075,1.0,0.3313693974901014,0
58.984530043376196,20.804085266995465,44.58546016208971,0.0,0.7222589606950469,1
18.797468282533952,881.8396778655322,38.74637245697939,0.0,0.33175034136815884,0
32.023226335840846,646.9540367118134,9.91433864977906,1.0,0.6162959846376149,1
54.17820617393158,602.7511268155412,46.0101584074826,1.0,0.8013628226112955,1
38.536631392132044,144.6699649761363,38.99172682633094,1.0,0.5659377530866855,1
20.962595280851076,802.0328738377177,18.680084678070152,0.0,0.47639711528935064,0
42.125051510001484,158.66740141477462,7.604389615790952,1.0,0.3634449145883575,0
46.9771455522494,878.8579353162193,28.89637903487078,1.0,0.8015527694781338,1
38.738197234411395,9.79388525034004,39.00717832951954,1.0,0.6215291765993773,1
23.19709642848577,610.270553232086,5.320823723590957,1.0,0.2935324777058529,0
45.3352293922412,242.8044177020051,0.8404194130129006,1.0,0.33654072335397683,0
22.402649833226608,605.4698436996068,51.771482459583,1.0,0.6301399557385541,1
21.727763424958855,776.2909854823132,41.420888123820724,0.0,0.5273526389627858,1
16.88131310650175,478.7782636295515,24.750848250065673,0.0,0.31473133536273107,0
58.43532553743725,650.7721866916934,36.318825504909,0.0,0.6796574190853112,1
7.1697626044308205,207.5939419860887,13.01627983002944,1.0,0.27168220993451214,0
3.1682276697536005,742.9155999653598,52.203231865118354,0.0,0.4821846136228952,0
17.535158795190863,65.37147607855248,2.608439765300967,0.0,0.18172220356311486,0
7.411893786006383,447.5969311291129,3.903363068896184,0.0,0.20102138925012764,0
21.97907380953042,164.08386396610325,44.00827165816585,0.0,0.45490775605705536,0
56.31496895447166,163.06624940845913,45.16196483948199,1.0,0.7108169246375057,1
56.871082546381096,89.15883110699778,31.075742833037843,1.0,0.7497555610318987,1
13.685329301272821,244.25710405057552,22.140224479300336,0.0,0.21775454484274204,0
17.73459826039343,149.15145093327803,6.955612792694814,0.0,0.11298267464136863,0
24.129701501927812,98.09004339839919,32.44526742485444,1.0,0.4673107952230499,0
56.9835673057105,751.765166629665,33.038112835646146,0.0,0.7244409207174636,1
15.901022827390586,431.83384630954845,8.478288530915705,0.0,0.2093059207288686,0
45.75556334317062,787.1971772701756,22.115036233286574,0.0,0.5982871779983687,1
38.34932939776396,693.4709464474414,13.859769197875307,0.0,0.3675057773052399,0
52.76757977155822,176.66035582721844,28.41740356300201,0.0,0.4749326014106161,0
16.612695092409872,685.3429128770094,52.49239619016228,0.0,0.5424054241688409,1
55.67470072405856,743.0864841786848,23.10799774486818,0.0,0.7077180880376837,1
59.79172971567256,90.94823733778532,43.24552533517542,1.0,0.7964084182689305,1
23.77677687588867,859.9988176421741,10.655925070577592,1.0,0.494320610852334,0
56.13537503449088,89.43043946284585,27.650987632707523,0.0,0.5317206315800603,1
43.92827672454224,683.8597780931923,44.233181421574265,1.0,0.8759694480136269,1
13.539464635581597,722.1624851875663,20.834033768349375,1.0,0.3196641052511369,0
26.499294911836483,550.5493566557375,1.6025398539591729,1.0,0.31468716295285903,0
15.055256625212435,572.6799676467672,43.55800938257323,1.0,0.5255072696229672,1
54.175522373525375,597.5067878370163,44.201613465588785,0.0,0.6310238744113236,1
13.783217613779604,787.6970767104789,7.224163504508989,0.0,0.3392230109786805,0
52.6655054945358,419.6874588460689,46.5603622287757,0.0,0.6955438883359145,1
16.618098025915973,257.08620159106204,26.456209946510448,1.0,0.3315752301801216,0
53.51142900091988,299.6453003636342,20.88858744198958,0.0,0.637354618073445,1
47.58284445923288,88.71412227807012,0.5912657772392649,0.0,0.3409596806975958,0
43.962461687632484,64.85628653578492,16.499888099575834,0.0,0.39377149026198194,0
16.12164960756352,223.19062595354055,43.31368505945093,1.0,0.5713582990425368,1
43.004447465410315,443.92071915680685,26.884854668561754,0.0,0.4691227723794799,0
37.606268913717145,847.3449669128016,59.35429229350148,0.0,0.6729287212487335,1
20.855126921674703,573.6793184990614,7.568758744279571,0.0,0.5023618576626709,1
59.1789041747085,704.5717781542747,33.26623354671969,0.0,0.5853797581402199,1
57.398984623662514,664.5215062158389,42.390130809939315,0.0,0.7631057349389634,1
39.1939536239005,470.59279973483297,16.407382711468795,0.0,0.4416095707227407,0
54.46160196779303,321.6140606473826,54.82513656302819,0.0,0.6444637650956618,1
20.059484013398688,131.70816069291052,35.89571369049834,0.0,0.27536646965719475,0
10.196555212880448,157.60868405592706,4.703315155369157,0.0,0.08578979299808495,0
20.095674616600313,381.44557305977196,20.166155039443506,1.0,0.5281668525593088,1
34.106114789298104,593.58160187223,31.31604312201847,0.0,0.4322041028880978,0
54.106741848420754,894.648652397295,13.719114169237772,1.0,0.7177308864261985,1
50.33037404941594,531.6994375997855,14.904268568388392,0.0,0.5012639163655838,1
14.455948180633357,73.82391870203647,48.49772114340306,0.0,0.4728016609159327,0
49.09661335787102,808.6590457083162,46.9065154765597,0.0,0.7872975722164754,1
53.090170986267424,312.95140381641374,16.27432313850449,1.0,0.6113044184431337,1
35.012498393463694,207.60106915746368,34.644635188340494,1.0,0.5075919701264566,1
29.714405963749854,65.41102309622819,2.6508449333658946,0.0,0.3023020791970976,0
28.197706999893356,775.3928436432674,20.535171236204466,1.0,0.6378386291731006,1
11.844033666519007,399.2816366405857,52.35978019830066,1.0,0.6085890129581557,1
15.462164226240581,211.90548378056255,17.987690702832985,0.0,0.21994974035651704,0
30.402816583901526,267.4205117789934,23.118610582295428,0.0,0.32861135567703165,0
30.73698620725587,724.1707579055412,18.314358736346183,1.0,0.4938931844563875,0
31.853990989841165,741.558962357339,24.554714872816096,1.0,0.5928742917139946,1
26.8040333308479,826.8574880175536,7.257959367229539,1.0,0.4122264374826887,0
50.97511536476062,339.9767197204645,19.585791256658457,0.0,0.5820854844125478,1
10.04439981163318,388.84506145480606,8.835159826338257,1.0,0.44819658182774347,0
10.679312516423781,100.57445938694059,49.052671534314904,1.0,0.4202235544242901,0
55.91821931002511,259.3005764568856,54.34900009879309,1.0,0.7068252867329414,1
35.13343994351088,811.8272363027166,14.13124473088833,0.0,0.5127238791322629,1
37.0618995597664,774.58318972102,32.40265191218006,1.0,0.6475271587142286,1
28.30319273188787,723.4596542849066,26.545987626163672,0.0,0.4752913208819179,0
25.690943504509697,771.0316579756413,30.7303134595063,0.0,0.5028284164031774,1
21.03147848427106,459.06124801314104,59.10843439710194,0.0,0.6206291478802937,1
32.021039392841445,292.2349493765683,39.19933116509667,1.0,0.6166797885900588,1
49.61415744200174,32.536020284592325,51.1109264824977,1.0,0.6047767674670359,1
2.6479238286780715,677.9625899862225,38.141378749402485,0.0,0.2965747454382967,0
56.535160824238744,612.7322090060969,9.136929716574333,1.0,0.8005939760466507,1
11.388546414313227,722.9428736299408,53.687510518249866,0.0,0.4329756452603679,0
29.356573168259168,557.8605223083578,30.062194149350383,0.0,0.429660988774697,0
49.637605779393574,846.064756495189,56.575964364974965,1.0,0.8356733015056672,1
7.965557122340443,804.0860144900781,30.16458139052705,1.0,0.4166204702980729,0
39.035094566728276,194.827201127653,50.56544504361342,0.0,0.5679717535567561,1
36.35198626441758,851.8547228654946,35.958279912097176,0.0,0.706991942793966,1
33.247587713252,616.9729106907993,4.968676329870294,1.0,0.39234091354430284,0
49.81030179206093,454.8563671709779,17.054659078292556,1.0,0.7331256705597522,1
7.794467833987204,792.5144021300067,12.999420775315878,1.0,0.4078364224629057,0
13.217383936639791,712.8735838441659,16.71079675731775,1.0,0.5224746167069747,1
54.70252758972507,562.3599384511946,47.34843872969288,1.0,0.7819235918455648,1
56.95656783507689,526.5144631922445,53.28943286492749,0.0,0.7026494713594263,1
7.45124297418212,580.6840726736159,19.062850994373115,0.0,0.2857029721663035,0
40.22724302683274,531.169789181527,33.23856319627203,0.0,0.5313440319334932,1
5.87101039246199,54.82554246417873,10.724137884855764,1.0,0.19182781983343236,0
56.06003442508544,410.2755259489864,48.031311606192915,0.0,0.68445127258726,1
56.60953872971463,703.3220300064743,6.957491440110979,1.0,0.6966725970903794,1
41.458903434288914,5.659694005743077,52.74563826875968,1.0,0.4743071309167083,0
28.785431681064942,172.00401607066703,21.335200930266033,0.0,0.31304081229472863,0
39.09749747616066,759.0535377410129,22.347261632715668,0.0,0.6031820899023985,1
33.60159688797076,200.85624727312708,11.580415394471723,0.0,0.30673062237941034,0
49.49449778819993,49.26943392120759,31.18519529339954,0.0,0.4650489084301819,0
49.995774527425986,315.51622300558483,21.023431442671164,0.0,0.5494965962726758,1
51.66516062608737,93.9866090084173,17.642516368554,0.0,0.4349537866171496,0
50.29349792322313,70.50590324524696,6.7934885888085095,0.0,0.3692677561296768,0
13.2561337857552,837.9846846065645,23.44746205733862,1.0,0.5269592667857533,1
12.347225410110036,561.257179774278,35.98342542183033,1.0,0.5495274599832098,1
41.82701661882416,750.3558439750682,53.79959849999072,1.0,0.8620819803379611,1
33.07599150323176,71.05497491458553,34.128565770269994,1.0,0.4701804023427741,0
58.09937761605548,591.0233858157276,8.895439679974542,1.0,0.5548803538524382,1
3.3752164561037223,51.38893043743422,5.332641642673099,0.0,0.13645166397726638,0
24.241615491574777,30.924424102881066,24.619994292909468,1.0,0.3374201930658838,0
52.05599266140308,41.18993113391872,1.425843208573161,0.0,0.26758327355920547,0
26.936998320092933,222.9313737684962,29.66477310642929,0.0,0.30654282216574885,0
8.04541240429554,717.4662462648312,25.834951390079897,0.0,0.2554301058484676,0
19.628590392926736,256.51452318538105,8.096180282077095,0.0,0.19328564521116665,0
57.722107906059044,623.9401332402849,22.48575125016723,0.0,0.5479062776173199,1
46.28298430358677,224.9142823495064,36.017615365212826,1.0,0.6537125084182019,1
50.35747025618791,194.44749405694074,19.065360306470723,1.0,0.6419921717872046,1
15.617564750340245,213.78374879172557,57.62380858660727,1.0,0.5588765640519803,1
48.14212389037556,283.4463690239635,26.504760828499755,0.0,0.45430268154020714,0
0.316724597165694,682.9967009879038,33.7954169627517,0.0,0.2584815519341235,0
13.163945821765271,737.7781685545583,10.164725244203119,1.0,0.35214012200276174,0
37.5407797743773,197.86330671375038,35.64741375426968,1.0,0.5690929774606763,1
39.503736239033984,730.0318838879562,51.19911414163969,1.0,0.6893098215076258,1
27.33480078342778,172.2177867719601,37.99309429660734,0.0,0.43817234524943,0
57.53260452323963,841.4998567603404,24.46545968120559,1.0,0.7492002616519565,1
22.186162076557423,150.28951427733648,59.5041756550305,0.0,0.45255731482773154,0
16.32855607499322,777.7174880830918,22.88141027107843,0.0,0.3697749955976679,0
12.23940946292699,833.6522361540315,0.37963366798611453,1.0,0.4771615150422104,0
44.8110768633847,176.09143708499144,46.97655065488744,1.0,0.7069170028082368,1
48.979743071397465,442.7014566550949,23.525101942291297,1.0,0.8233560330470022,1
49.478169069155825,593.5035211179885,6.864358528084658,1.0,0.5593758545277752,1
37.32274993873727,400.78440673341606,55.42969933568709,0.0,0.6578369449160503,1
2.0918154422223223,880.6519790595371,41.36922227394311,1.0,0.3647222564378824,0
24.85980617091805,7.386837303846083,48.356197016844014,1.0,0.5151737003151825,1
10.032910372481714,385.97032779663704,8.353235000344084,1.0,0.3300313327637391,0
16.987748504310773,830.4837895768067,39.1509257639868,0.0,0.39638873164031285,0
1.6553309085718015,338.06647937322094,46.66738435318385,0.0,0.23797397977885493,0
41.645161461046236,650.5703704865102,42.21320673137346,0.0,0.593368602880345,1
15.009743656188215,2.0944579789413,23.219039461712324,1.0,0.2608653630978662,0
33.76122090504594,447.0718567601495,53.075507867621525,0.0,0.709772845356573,1
57.715840586242635,83.11830096990116,3.3845817392680444,0.0,0.41787686945549446,0
14.143987872140777,401.6663724785641,29.957415478407622,1.0,0.3406165060484452,0
17.15301918135977,119.5244479749435,40.174657044114596,1.0,0.4783820270117956,0
15.382350066751325,435.47034789273135,22.684526406182762,0.0,0.3521900169481815,0
3.970219087757678,149.5395929659127,56.99472209829711,0.0,0.38349667519316516,0
34.04004416137962,667.8390917330315,17.374595296849286,1.0,0.6087326491196222,1
33.123599650484074,456.296391036303,13.224749770177567,0.0,0.3345977759184395,0
35.94253851419672,606.4055315320815,11.97960976727943,1.0,0.547439845719663,1
57.76656677492047,637.5577226196369,55.35855206037656,0.0,0.8458137188779918,1
34.596663682858924,366.32577914947973,35.615076410959354,1.0,0.6326715519250078,1
36.59954359970784,17.68525182879157,21.819041745087027,0.0,0.3182827273200647,0
53.42800929782349,667.6806715445184,32.94583726401972,0.0,0.7284780076459877,1
52.45642258961898,308.7379708393746,43.3017552538138,1.0,0.7344289169019981,1
31.426308229477776,430.99278878980044,43.72978786978121,1.0,0.6071168191585434,1
36.34987777784574,523.6781392458823,27.285098738709166,1.0,0.5484242772838387,1
22.026021590497308,875.1193957304847,26.202655788258802,1.0,0.5049762040184862,1
29.86897034719439,709.0609335960811,43.714622219670225,0.0,0.5043771554289367,1
28.987220832101976,768.7701637235468,29.05295230782297,0.0,0.36314661537222237,0
31.82534088095792,458.47871600127326,15.998647128425596,0.0,0.3776852419502985,0
14.13664214394865,527.3734928078231,34.654168517904154,0.0,0.27286310368500266,0
36.047559296590286,294.2899548146954,57.36124125223161,0.0,0.5753130619128084,1
17.02779592034422,388.2191039180769,39.45772432392366,1.0,0.5188522503598616,1
18.639270904745036,683.0238453760879,52.70870264443587,1.0,0.7564954644833861,1
18.400521003014628,430.2507666138572,55.033743629492506,0.0,0.48868977876710323,0
47.08502822693633,761.8427257098899,29.535597861644682,0.0,0.5791847089662653,1
4.209865493204781,525.0555933955544,23.963948224137475,1.0,0.2961866248715748,0
59.70382237157669,701.9541678308377,52.03880278075273,1.0,0.8535211150978247,1
9.901910703431849,558.040489404355,12.509810264067124,0.0,0.35467422806719273,0
37.110445314972125,566.4280645498212,6.263781210942925,0.0,0.31718610731057595,0
13.93198031396581,403.1734534275741,13.894312590174774,1.0,0.36875709899249115,0
41.0835437426791,688.3020368413374,56.9226257173133,1.0,0.8728459865544308,1
51.38762577964079,175.48733037595127,14.039361815569318,1.0,0.6537831215439672,1
26.035412912947105,778.396459467099,13.334535310412502,1.0,0.6080055401175116,1
28.128336318871266,167.41851996522635,45.02319097721016,1.0,0.6122794672708544,1
59.02085874082473,382.78538925336534,59.8061899720737,0.0,0.7305259451655471,1
35.357290210398496,514.8778278174285,9.54822655567774,0.0,0.45417438851464964,0
21.96930238825217,227.46513775135878,6.807883261252961,1.0,0.33508017671724033,0
13.800878748941997,839.9107839870347,29.62028533036156,1.0,0.5554516789705005,1
50.93711536938198,17.378518049748838,3.4595295146093785,0.0,0.3031721551654453,0
41.95078968223332,262.91139950075893,50.58064798450287,1.0,0.8085496371697097,1
18.678855134857958,531.1415258170953,59.31598383167956,0.0,0.46319483019616225,0
30.37009893731717,374.3243446059641,30.125653699733743,1.0,0.5436135710700492,1
8.249261482584329,467.6171777670134,38.19189836245381,1.0,0.3729627347967441,0
46.61967691134628,879.8183230440973,2.1077978834675504,0.0,0.481908906330222,0
53.99407144952654,246.21392571108666,56.63986776089614,1.0,0.8564771189488042,1
43.66347860385053,233.90511667710555,45.63393872155713,0.0,0.513016485883401,1
42.70697541701136,265.44397931039373,36.22067956537111,0.0,0.509965952656022,1
7.8070336725684335,211.89923571572584,17.600579923973044,0.0,0.19912523155533868,0
54.66071630550356,377.0986985653607,58.52967040362817,1.0,0.7243719594576581,1
35.71382545296663,381.30344143074007,12.284346781862272,1.0,0.3082829313743586,0
53.76776223608359,652.4458596744025,26.390719927171535,0.0,0.6525241994130165,1
44.77594802612214,632.106828360568,38.41846250014788,1.0,0.7086125307110254,1
53.30138543553903,268.26773963398495,13.049973669448796,0.0,0.4732058540118015,0
48.4928397172161,888.0173206483113,59.28282405045384,1.0,0.9204853440978981,1
43.86637901175857,232.6170404168762,39.39762848810181,1.0,0.6344469895675877,1
35.97695660907632,734.7545696488979,17.845942347366012,0.0,0.49019187175160517,0
16.740157586016984,436.57441142821165,2.7720023338499877,1.0,0.28330597995158674,0
15.070839698680054,808.9649447321286,55.934905209288765,1.0,0.718105597687478,1
54.908580902177114,221.15824253257173,2.099939661838668,1.0,0.5616034276273574,1
47.8546627264161,326.4444739514419,1.67896125052851,0.0,0.43910292220517255,0
15.142433735566774,261.00370008560895,35.707080541507125,1.0,0.4757010248253853,0
6.257389360939367,719.3778282937243,5.204014143117277,0.0,0.22510805468424983,0
52.58360706901688,787.128573698146,36.321433196798,1.0,0.7299868717410302,1
0.8097779915606917,171.8742489019937,31.88099322770913,0.0,0.20195040162462904,0
37.44178524818006,529.182453625122,29.66318023241257,0.0,0.5671702142731205,1
42.45489303366294,30.229092335505836,29.96823268900125,1.0,0.5603699421870426,1
25.50418284340291,690.957080996066,18.347217410140562,0.0,0.47128811933781345,0
54.8272187939477,227.87891564970244,57.46800242837809,1.0,0.83533442420737,1
38.76847043361633,82.38001976907509,34.91742543945755,0.0,0.529346645894091,1
59.55106795079613,892.8604074929499,28.839584896693864,0.0,0.7189409441628803,1
41.456543667217346,647.1768469847351,35.4087556765646,1.0,0.7127779293534009,1
33.46690921063068,207.27135771859392,42.51991662094373,0.0,0.5418714408527582,1
4.8238481728760485,739.2208317788858,34.51758603590963,1.0,0.48378678666832464,0
52.87498500666024,36.35381490937852,37.06984426819556,0.0,0.44140606105461216,0
7.042297408963448,328.7155236423063,14.123255162246181,1.0,0.3401822862163975,0
16.542638653840577,157.11681906810807,1.643601189603252,0.0,0.18460672538660483,0
38.911311639448684,489.59784884683853,58.57521943433263,1.0,0.6544273808457108,1
41.04432610577989,510.17175398829033,14.39119033066371,0.0,0.41935628975795836,0
55.534771076745734,686.98090532678,9.696774294697663,0.0,0.5863681632561126,1
56.75665105182572,833.0093128174241,44.66544972567157,1.0,0.8108978929688108,1
55.28631831569063,314.24499279549065,57.11816572856261,0.0,0.7284403383355723,1
47.39843675481056,44.71917576536046,58.90621114904414,1.0,0.657120080731608,1
22.916802212869868,380.5970290270117,19.815088512866097,0.0,0.3540530014063277,0
43.42618022608332,615.6955072266865,32.11342831426482,0.0,0.5793559563219173,1
9.336289232009587,421.0586335581283,25.14305019504948,1.0,0.3489285888977116,0
19.465454569516737,236.8264074862084,21.97074255244328,0.0,0.22175219943986038,0
59.78054941707514,562.2774513437683,34.78926353770651,1.0,0.8287300509190357,1
38.36814772644702,495.5388654374066,37.83522554013294,1.0,0.5643201103760945,1
55.72436007276433,525.2710341588878,56.510517822826145,1.0,0.8678073170597368,1
9.963015750439641,854.5365231197878,23.437440137961634,0.0,0.26494680212850996,0
35.92965129504259,771.2027281399803,4.813557428140289,0.0,0.41306260772309716,0
11.03187230677355,92.51847987935784,8.469493589112743,1.0,0.34641537907068326,0
42.39957436451665,667.2066236860834,20.080337092584028,1.0,0.6196458426189845,1
55.62093608561771,326.0133492899943,37.55292224464581,0.0,0.8082798240249602,1
26.189599875910897,564.8895749554878,13.588217453189252,1.0,0.5352082537578808,1
1.054025924078874,373.73898142140274,17.89471477636998,0.0,0.19832759376617004,0
19.961405590591433,870.2201266329627,54.300653782864615,1.0,0.68508548106024,1
5.203683984657939,720.7408624579367,2.041757539538447,1.0,0.25176120703865307,0
27.446742397504952,615.0588000763486,50.94921341056313,1.0,0.6026408237956645,1
48.103554905032176,226.70195096657284,3.4818546135962203,0.0,0.406551993274998,0
58.892803705090245,108.37851076005153,58.56088351033926,1.0,0.7713997472510271,1
16.686354837134743,112.95163458947702,33.76912130057036,0.0,0.2160058363793652,0
8.955049084297693,513.9185223695802,34.933474168168566,1.0,0.35606728236304797,0
2.8339975852349064,347.0003363791586,20.525539789712,1.0,0.3173582284311078,0
18.461630085116248,882.9013235333518,21.815335922243097,0.0,0.49560601790286096,0
15.47876152090341,372.9119564059681,48.22038830873949,0.0,0.6460845833650164,1
12.43989471725829,182.1568371920259,48.72934412660759,1.0,0.4126622765601088,0
53.0736743930115,861.5185053681682,56.20039468342629,1.0,1.0,1
17.156780444139915,463.3071838061604,6.344785809089473,1.0,0.23103322730372175,0
9.524830262553492,712.9485082287113,31.048826372459285,0.0,0.3738091242321797,0
9.056241949060535,226.70751823091268,50.261991911008366,1.0,0.49842107078457526,1
43.51945519871823,493.9892690016101,51.960975014870556,1.0,0.6944528557581877,1
25.817926596599722,678.6973766203732,44.19567670394869,0.0,0.5494468495620564,1
23.28434873288487,882.5770933883255,45.249989790597866,0.0,0.572536514373939,1
42.2802320692337,47.92174542556796,0.9867507048740021,1.0,0.38523516632053423,0
37.90206814306535,506.7154055616799,4.0762095181884295,1.0,0.4415783284763204,0
27.71574337836509,710.0621089346196,34.16947291849642,0.0,0.49320953111041776,0
37.18388489850994,258.82149178449936,15.654463251379864,0.0,0.43110109721374373,0
18.49925165101641,334.7323912827939,2.165924422119161,0.0,0.16179786432271515,0
25.917947321781583,214.79589834414537,24.818540526162227,1.0,0.44796660645163516,0
40.5521427211443,156.2262592393218,13.237449978623722,0.0,0.41328018638244235,0
1.3074691673861971,284.5856550548952,8.748721913457889,1.0,0.141034224352798,0
24.49141923583872,638.1319113864347,37.09281117431681,0.0,0.4780390715103369,0
22.923457902027096,193.80154468220988,36.8015120141615,1.0,0.4076710548422015,0
19.38805834044034,754.0345961280683,19.569782033376033,0.0,0.4823069351849025,0
30.06395550595798,175.30406225722746,55.854793739600524,0.0,0.6158018634871743,1
41.34808969470244,384.26644700988675,8.859616983109206,0.0,0.4079332403517488,0
44.33528275504263,840.7430209833831,52.96309676065989,1.0,0.8118424955421337,1
46.23002509689625,706.1383170651235,59.42530911560871,0.0,0.6522625919950485,1
37.21097289598167,818.5413060872465,31.563178883343372,1.0,0.7739212186853706,1
0.9304543365026241,45.507150440685876,9.376118677793686,0.0,0.03779282603074176,0
14.807790224168023,283.488252066618,56.573138724283645,1.0,0.4543202601709807,0
40.07353483257005,206.37233031729707,45.119377188591926,1.0,0.6154031185713189,1
7.041568491770236,736.8143036594968,59.97078233365652,0.0,0.4696552984885012,0
34.80070553208581,43.10186158162733,19.288582603174373,1.0,0.47433298379499717,0
0.9196274151097583,248.30531850287068,54.75385245427041,1.0,0.4442542690321313,0
50.337994790455014,748.716030774331,58.76333252627229,1.0,0.9214911706481834,1
10.025573505383871,333.03145387503173,23.692859017190983,0.0,0.3313931526989773,0
26.081230263751706,266.79582281848366,15.336910488003408,0.0,0.24661531241533943,0
7.245312017845289,290.7409903305392,56.08657120914705,1.0,0.4659141048513095,0
10.596963382942459,335.3804444318361,7.600319616900055,1.0,0.2681994904048589,0
28.260550050449112,604.6674366479608,32.28854214595216,1.0,0.584163322094707,1
31.29039688022004,315.3141671381104,46.458309166428656,0.0,0.5708170072392729,1
51.81762360176821,331.8656223309979,31.525984185318794,0.0,0.5251618197508879,1
12.44917983250267,719.6008921039412,24.88497677012097,0.0,0.25217516300774273,0
52.92351595929245,431.9750564284993,13.942380693160686,1.0,0.7034916788525897,1
14.22404067486507,781.2257101796066,54.90752207968034,0.0,0.4500288841971284,0
23.639559443287503,279.92717899211084,56.2357923980432,0.0,0.5742290478149779,1
57.54400537695619,155.35269314877664,27.574369169905893,1.0,0.557447868908068,1
30.84487397883423,726.795847913764,42.187299982085236,1.0,0.7989731358011354,1
15.273286208294008,312.05108555285204,40.26985749900445,0.0,0.3932207411016698,0
27.178143401907008,291.6635955258303,38.24887622854098,1.0,0.5198335296182975,1
49.34992453519815,122.1946133390478,51.977865235161296,0.0,0.6912522380864228,1
52.231916045394726,785.418392140103,53.917913228086114,1.0,0.907656430905981,1
6.768706480897211,847.2534772375216,31.406761523696932,1.0,0.5039599806228617,1
30.931707834885575,497.3555753656434,25.816941336974157,0.0,0.44804761195511345,0
22.5209033124794,38.03672177150415,25.87401535064475,1.0,0.436111623938642,0
4.997257109710265,131.44376509573686,49.02134068870338,1.0,0.4356502452934834,0
26.365712858925804,865.8878879852413,6.136681657600742,1.0,0.6321114401177705,1
17.693734460123174,387.4051136122432,40.724439182289366,0.0,0.46566492520444325,0
44.309034894196536,463.91855318452,12.835536389193287,1.0,0.5775367416659212,1
0.9756839772338632,467.67478510540775,11.094079004482127,0.0,0.1341205481107721,0
27.15862146509831,594.1685036775042,11.429677606169568,0.0,0.30731319559850984,0
20.66859351011074,440.1520401428308,54.94023699282631,0.0,0.4009563566968179,0
25.251489346855486,867.6290211858999,52.767778560837186,1.0,0.7274946315714941,1
26.004794456554908,630.0650008713063,51.41546863384701,0.0,0.4502202481748604,0
58.723544395248894,253.48335595048354,29.911773271537864,0.0,0.6216763123645452,1
41.13266710847681,696.3314539534009,43.78815336590898,0.0,0.5640925725300611,1
23.057940956968103,299.9851204918815,24.34072571598818,0.0,0.4483684507455239,0
20.232568431100987,31.68412547913112,56.72157655989646,0.0,0.3206429272841095,0
26.216757416475062,481.9466103845228,6.788512128742566,0.0,0.24132024657199064,0
56.03646472933186,502.99261860455255,23.174998341438183,0.0,0.5228145011532944,1
35.804731542642834,892.8884610591849,20.245010996733672,0.0,0.5461837324377178,1
57.222975436124685,19.89809104891157,30.287189677161678,1.0,0.6360113313793234,1
12.32956624136328,307.7172978881246,49.13514969682934,1.0,0.49522380114822123,0
31.261083973672925,666.5370774579222,50.952669387067836,1.0,0.625255751170172,1
43.27461656004372,219.56185528777203,28.977973141129,0.0,0.48163246586211994,0
49.510235470473425,142.11333053528878,26.190987683839115,1.0,0.5252031273226526,1
6.228952428794845,324.6932886809094,24.301714368510247,1.0,0.39182112385715334,0
24.35675450826571,851.1501406468883,5.6349781433324235,1.0,0.41669324691725396,0
52.33172905987432,489.18453167402373,41.6119683892583,0.0,0.6377111954223056,1
36.817925119246596,884.4738454119146,30.433450134766275,1.0,0.7428373800232846,1
8.513466439891367,896.443085486015,52.362099789344015,0.0,0.43927652681648205,0
25.232283890337584,494.5915744024782,53.0193240672065,1.0,0.5574723299170818,1
30.108462307319023,699.8613942273142,49.986414681321236,1.0,0.686752025047643,1
0.11222758599189975,451.1116962124176,46.96646977054779,1.0,0.3912521297504607,0
25.25694151921742,511.7958908109028,55.65778021132219,0.0,0.5379266963537384,1
28.450166138195637,845.4943487531418,46.18192586427505,1.0,0.7309190631737689,1
57.75864197178587,778.3830108753629,33.89458702589154,0.0,0.755947090158986,1
31.077870077828425,684.8262877452192,4.620813971745223,1.0,0.47513627288089205,0
31.62159866976731,180.13842305007304,51.55677388660177,1.0,0.6690747874815749,1
4.5871056026168855,134.5676671211649,47.60110615587733,0.0,0.23706759166178953,0
2.2444911275397095,638.8277486851653,25.868658617619353,1.0,0.4495823199192638,0
27.596198259449963,109.3698764675642,41.01772076926373,1.0,0.4437707856673615,0
37.82937638945154,217.3508787274934,2.0235007896829926,1.0,0.41226392191955424,0
13.085353901226789,370.23631933153155,14.913232896299927,0.0,0.16640762338497983,0
34.39878698696427,265.3897017690697,49.20941676527981,1.0,0.6673687755840093,1
5.720575786112638,375.1755083871678,47.02267167430193,0.0,0.338670672780035,0
16.44343859899631,671.1973632130722,37.520463316144145,0.0,0.4918247604170685,0
31.296021928482375,714.538965304341,30.995381875521197,1.0,0.5146881728374703,1
18.438386952533115,563.4507626670007,3.1417307593414923,1.0,0.33612993581297596,0
26.68483896273393,494.86759239772505,10.291206418333331,1.0,0.42772885330243254,0
42.760109672607086,113.47327990983239,55.95820046763313,1.0,0.6578626390417468,1
10.707954251622906,56.629324321518325,7.2442906536992036,0.0,0.21075701072071976,0
39.3380134234483,21.822254007476026,35.06116166487397,0.0,0.32557082636823886,0
57.683490289849864,291.49599572198105,53.23936552948568,0.0,0.7206208401619578,1
49.4999372810569,486.57075578427356,50.99247286909531,0.0,0.5971924461582182,1
22.512748015349892,253.28520170778683,45.21210033942387,0.0,0.3869139688419589,0
38.32537144489345,670.1123419038678,2.70960097157412,0.0,0.40521572645285,0
6.771356933897826,318.0552199201253,46.18471041815571,0.0,0.31669572537427443,0
43.30255806677286,569.3935409428179,57.45558858088074,0.0,0.5597883035454472,1
44.8832240981886,733.2586818385579,12.767751456897834,1.0,0.6112948409422678,1
13.265591255019835,547.3000237082587,12.97172799127791,0.0,0.4193893261728646,0
22.794679905175833,142.3120844179471,52.18688682855317,0.0,0.53965408564547,1
36.28565068222216,736.2014734202614,10.693850409448162,0.0,0.49756267388616804,1
39.48426100537208,285.4578545644261,21.491473505640293,1.0,0.5660184607226012,1
37.21658254294028,860.5064855689687,5.246929985653621,1.0,0.579239107777437,1
44.91983873078537,566.2091093695456,6.4372531987996435,1.0,0.5202021257049593,1
51.037939989996204,869.7042127237256,45.57577156187445,1.0,0.7834430266560313,1
28.173728013072974,663.2005332973569,43.22174662484191,1.0,0.6558051140814034,1
0.9050843406905518,406.05312924324477,14.508421325709907,0.0,0.12123125972957258,0
48.3728839904601,240.72401008482456,26.91301418695373,0.0,0.44280683529418363,0
6.5598838041810374,676.5770244473833,23.438549473293687,0.0,0.19261206036877015,0
31.804622354571087,355.81375866131816,26.289897871069776,1.0,0.4864494712138718,0
42.81762159462009,289.03828518352805,16.68673522714822,1.0,0.5349052714717275,1
48.4361501012889,568.9035800771323,49.15022317887889,1.0,0.720326269607997,1
31.823224860579135,24.338182403211505,12.062951727556728,1.0,0.43991890812626805,0
37.98056906938736,451.53340397334995,17.385112953561848,1.0,0.5101179258902102,1
57.87120697808144,547.2947354964567,44.36541010427608,0.0,0.7174727100919474,1
46.20991361445258,723.2594390697071,52.90863727170184,1.0,0.7087328954554692,1
17.054009324592453,313.3422808580583,31.34491321354375,1.0,0.3544322023316353,0
56.085948491785636,630.7583514217814,22.58924569956436,1.0,0.794738172615074,1
40.686505063245946,314.5571131141499,43.825952304400104,0.0,0.481124142976306,0
18.12910758244213,9.583071525997156,53.518322299760996,1.0,0.5183825149967346,1
16.563896772357772,539.2593897171041,29.771073776152214,1.0,0.5419984425097842,1
26.576729909991133,330.89040332302045,37.38349633740212,0.0,0.40331925707423616,0
30.57067118172668,465.96566123674125,26.417225830649336,1.0,0.5347613056670429,1
50.69559685613352,276.7930235014025,38.31844944133536,0.0,0.5595136307182189,1
27.399440833929162,660.6321411636139,51.73571705831707,1.0,0.6675278440446271,1
42.67047433051555,211.9750394114566,12.158364730128039,1.0,0.5883572922832441,1
20.10436888442428,657.2834323631268,32.91505173987733,0.0,0.40754799327449176,0
28.143203926125178,488.55356240026794,4.333084907038616,1.0,0.5232058491515175,1
19.457441984676347,740.2767132937854,43.32038034559143,1.0,0.7522384596364065,1
23.531297018019337,221.32101270044228,38.48473706343518,0.0,0.39679209079582406,0
41.954301237115125,186.30818841811933,40.06498157720367,0.0,0.47223668534680574,0
13.901850128109297,6.512987129591363,10.345839908925656,1.0,0.20603784666353342,0
29.368567181460094,131.72934245985306,51.6070362484617,1.0,0.5749273209294494,1
44.518153961373514,785.9645400891764,38.08852896945433,0.0,0.7014834889842261,1
0.6124158616755615,876.9331167922563,36.59786289632671,0.0,0.3041183150138244,0
24.53024743492763,109.00126636075801,25.890005842250837,1.0,0.29627418194648075,0
46.35943890788085,247.32551683981393,55.951750890355854,0.0,0.7301686459897375,1
39.38166223601711,424.9921893560272,26.099327710275787,0.0,0.5608294292436928,1
48.89594254135142,480.0957240838776,25.940227948457782,1.0,0.6820737672004715,1
15.424871038468952,681.5295249334481,48.749863753017294,0.0,0.5062903922972454,1
36.86764583500768,434.5624041199183,13.487438764276078,1.0,0.463718755626205,0
18.49033224903899,21.84767510120038,6.359215479799117,1.0,0.24715239731308172,0
5.064349334298517,525.67926539013,16.190749135536414,0.0,0.22982324966158513,0
47.15927393200424,112.80444240290231,53.98622222182757,1.0,0.6933242230773444,1
17.927654973281562,286.8666415981537,20.58895047692036,0.0,0.25237696754233857,0
43.97488347173979,290.5473402624059,40.39608927551099,1.0,0.6362969734813295,1
46.265967165923065,638.2681980036095,29.855315190600088,0.0,0.5342317073066045,1
48.35661392921258,505.1306629741772,23.307332869700176,1.0,0.62821686438849,1
17.40041153685716,652.7060834137669,26.978155084494386,1.0,0.43111197179997807,0
48.10240897345974,741.8568656869768,40.77754480899562,1.0,0.8387145111451488,1
14.66005266933519,464.0790944660256,6.403729951954629,1.0,0.3903793763112359,0
39.87860218803713,239.81700003073158,43.47117094018455,1.0,0.6342308882478481,1
0.5178315211130413,487.4053948075615,30.38754559803722,1.0,0.5048745844956236,1
47.124292978736044,869.3752030558243,58.296566051644334,0.0,0.7988342601583968,1
3.7797048187887428,732.0070877836004,16.487740228380886,1.0,0.3774465990228755,0
43.09668414728937,55.33846679953055,19.34170485005332,0.0,0.32677223450228104,0
37.95484264419515,785.5877634130887,21.87754681088494,1.0,0.6502143582006085,1
3.7616303053947764,320.83732270828756,3.4596394428309507,0.0,0.047337610775354685,0
34.978751559714205,805.6565466224903,42.319370395795275,1.0,0.7442764759686206,1
42.37631301959533,643.1266854176016,7.835213927952996,1.0,0.5145071420684422,1
48.45622942434114,99.70967125146495,50.12436938739942,1.0,0.8056744166395025,1
58.88087947260473,570.7856908794633,34.53361222651096,1.0,0.7634199601420044,1
14.386418405889849,568.5814085894644,14.591050494045737,1.0,0.279734795752641,0
25.54574854384863,254.87742405665068,18.401100537695687,1.0,0.44492906442279423,0
22.007345311400208,585.5213697244629,47.617866945325694,0.0,0.7260348771482732,1
39.730884938538615,13.250050929805745,45.165667575248435,0.0,0.5529829138273975,1
11.392483735698576,438.59023855058757,0.0065786506659226696,0.0,0.223833172200272,0
33.576227151463264,589.7526858718629,12.77912939358174,0.0,0.46765981706963655,0
14.303284969335833,106.82195538950867,54.08128394139689,0.0,0.4394265570857012,0
12.482614537887429,731.8189521014127,12.087539189126108,1.0,0.35316731513530486,0
45.255824430840974,720.2308535619251,11.337663054237998,0.0,0.49642844972423517,1
32.902495828304986,810.3006621671814,33.7211059844295,0.0,0.4810783286180766,0
46.71109321676591,880.5609078440863,57.96726378033096,1.0,0.8764268941653376,1
39.7581656746921,262.69223866830754,34.05728163724806,1.0,0.5799963817243686,1
51.04298318231837,65.70873378458411,30.957050727833973,1.0,0.6868499752250631,1
28.573925714076672,87.99554649596591,25.854073783728918,1.0,0.45321363730554987,0
0.7591102023184071,77.46292511406642,37.96743370967627,1.0,0.2979308014621568,0
59.9853323298681,239.40519209282368,12.179180921452124,0.0,0.60468487392423,1
13.778634193225177,381.26481478548465,26.60045711177558,1.0,0.4112012797271443,0
49.419013052093604,315.57335773085595,55.71016541297692,0.0,0.8241134845413252,1
11.957570532362842,831.7135469316814,16.303060068230394,0.0,0.312077332961993,0
30.636990860115606,701.290975073515,57.58747483431094,0.0,0.5235816582388766,1
17.32148739818928,97.93726458832896,26.896181025009678,0.0,0.21289903662278056,0
39.41946020261624,36.90880803482563,49.099788487234235,1.0,0.6059319693468472,1
4.7593146360309575,489.4346065063305,42.187186261801926,0.0,0.42052344939770603,0
4.324863530288939,711.9629451362607,13.737602753328149,1.0,0.3845981057831395,0
27.69593155116558,97.15542236696359,53.75402667321528,1.0,0.5072514839780462,1
50.939273274254454,693.3885601114985,48.81934261105238,1.0,0.8160505998100287,1
27.960873216221117,324.8519400841657,17.24030384765077,1.0,0.4096916770017707,0
7.07857945977106,666.6079760025575,25.929628964370934,0.0,0.3101353799160592,0
59.57860498021051,39.784171474882434,47.188474684506666,0.0,0.7417914066040446,1
6.3435675767686845,221.43558794694096,30.380371250059348,1.0,0.34910553573551334,0
18.613080795049434,673.8708668314717,19.931013541738334,1.0,0.48644142084497616,0
33.9465248382554,96.57623584706917,22.96039990567345,1.0,0.48529555170162764,0
16.165358376344724,873.7711648392996,26.95483376647571,1.0,0.5297185347361322,1
41.95381984922388,77.83009104454439,41.20640737927062,1.0,0.5308692438165106,1
25.155603185087138,82.80554242297315,9.54077043752661,0.0,0.3961087238086454,0
47.682788809005835,387.63292085262265,37.04207247479,0.0,0.5324374710757834,1
4.949041706674948,810.6660182571345,42.982782958047565,1.0,0.5031827539454778,1
49.34573546710232,318.32678961901496,58.53863154200154,0.0,0.6360018120744801,1
54.1671544024952,122.06607374317929,31.74258948702997,0.0,0.568639532173814,1
15.241351683250315,98.3363708809334,57.99260313715481,1.0,0.5829534269610593,1
14.253398737784387,524.2973458515385,44.139415076052764,1.0,0.5259335130985574,1
52.929134040868824,77.36976603866796,23.891086085183247,0.0,0.5867060630768307,1
24.822784941776668,753.2335862971601,27.878617910778097,0.0,0.47203438121207286,0
23.86711754464548,729.134475580132,28.820507230804356,0.0,0.4401719812553168,0
35.06754237220721,733.8946925679965,45.37792188648921,0.0,0.6058053350854271,1
32.93571307730982,290.64643262213133,42.27561305739904,1.0,0.851634052919163,1
48.76894859322613,345.23027208072796,16.417931341284284,1.0,0.5257660848808176,1
40.1850403524686,685.0025095170744,10.19756566196569,1.0,0.5180819038640344,1
42.33904037808269,668.1099683783126,16.64963923643475,1.0,0.8154971693794613,1
25.825596523352136,354.91330286166414,48.604422588033046,1.0,0.5781742973795077,1
30.82319755672818,673.9013852052451,30.499376073036977,0.0,0.5234589244720297,1
51.29830966758466,853.4761711879663,42.59268808854965,0.0,0.65481127142409,1
51.99296733482871,735.9695752629434,24.16361623747926,0.0,0.4929193324007658,0
36.69038276756539,739.442603900919,4.654030650811296,0.0,0.32086572731339186,0
35.46463609620175,570.2767042598405,16.517645432657947,0.0,0.4173130991736471,0
18.189844987085664,343.8438550310087,26.037599791254667,1.0,0.38441677531013696,0
28.81931055518132,615.966366471004,17.668108928769865,0.0,0.42722737189367815,0
11.773772706656036,150.07745667818554,52.293518995484625,1.0,0.5040078519220299,1
29.144948537741353,823.763100974199,58.21908920025058,0.0,0.6151453061114638,1
3.598480557997692,601.45554137469,46.24866308616058,0.0,0.3072831965022036,0
15.463258877942426,202.93064145660574,33.648283891888084,1.0,0.325964340371627,0
17.118667228464524,78.90253782036775,31.92746900773099,0.0,0.27164273458048555,0
28.42131808497029,147.55704410129277,43.054558642546944,0.0,0.42201858628433675,0
40.92820254552069,855.5573111277168,43.54038428821015,0.0,0.6770554105876286,1
5.867458266879664,716.3588983334115,25.039897026532266,0.0,0.34494139350568476,0
38.44151627819259,802.9315502881477,12.201660785723774,1.0,0.6876228886482536,1
46.51382435607785,326.07535723018384,52.686428857038216,0.0,0.6385644518275116,1
9.948108944577749,239.13689917225292,0.7867776143622685,1.0,0.18059583445459984,0
8.33824104509647,179.43388418778554,14.644196081119528,0.0,0.2604116255187909,0
6.082022391077402,309.43098422412226,4.002824100101492,1.0,0.21218715730227933,0
37.94336475602012,11.05563881049948,52.295406024924155,0.0,0.48290167167563397,0
23.785779833583792,519.160836468469,19.914020442428203,1.0,0.4820486272608135,0
2.3082645263710866,363.03872453487025,8.729382081961948,1.0,0.25038568302932285,0
6.985775372572379,734.5040960011289,46.17016019327983,0.0,0.4989508597139024,1
21.80777706869478,369.6564315834413,18.83425720737361,1.0,0.36144987616313823,0
3.1245377148101006,456.84149363561124,5.692159113046024,0.0,0.14089412742310467,0
47.57669266937591,260.3535428676432,3.1384207375550766,1.0,0.45276745989853534,0
11.61685012594586,651.679436768708,37.37156115680793,0.0,0.5020477639629759,1
48.6220570426142,299.2929916601708,20.220349133291084,0.0,0.5066676082856013,1
2.120589366548724,408.89666518419915,12.384633033535533,1.0,0.1594565112164778,0
20.279071867127982,737.447461737712,21.703381807656445,1.0,0.4515746469671422,0
55.77981483431647,684.974200656931,23.021773956730446,1.0,0.8279907442914726,1
9.103936410036495,712.8876567260927,40.247185272620655,0.0,0.512884660173379,1
2.193130381200601,518.5160762341192,4.525955098256691,0.0,0.15428292482074368,0
50.26169680764491,115.79142963833729,8.82400944300368,0.0,0.43786908486919823,0
47.80945298354937,78.70047977734764,8.782247175200752,1.0,0.5017007554947099,1
29.783663657602652,776.9600088375759,36.22010298110487,1.0,0.6112517248961892,1
7.569391505925052,880.280142504056,54.26681919433135,1.0,0.6818057663452386,1
17.59264429542593,572.3679337583261,48.45677693419506,1.0,0.5778332670420759,1
26.66427230286285,236.85582044364156,46.36873872829242,1.0,0.43893890567186994,0
57.78028009873963,185.3434843415154,56.512125395189955,0.0,0.5830065026096997,1
12.821936593921393,215.22433017147097,52.46574305944273,1.0,0.41673148294375717,0
39.64474771009381,817.2918015643698,35.26912520625661,1.0,0.6993012215169612,1
42.42109193483393,328.70366987792767,37.50562223923251,1.0,0.6527682239157601,1
52.23085684903285,638.3250232557135,17.92865509786986,1.0,0.6682967814105616,1
40.444789328293496,838.4218416618629,48.159525334267606,1.0,0.8568117286022239,1
22.48041725842388,818.1290244576777,46.62090704725136,0.0,0.5253948210504016,1
26.53340455095531,801.6910036876675,0.9978963108525085,0.0,0.43536016330828997,0
28.515701504838574,307.0485860683293,52.27537950366411,0.0,0.6021100819381091,1
35.315746673737614,261.75493785773875,51.07225220310716,0.0,0.48292911013701734,0
31.924072920567326,645.6653783356093,42.775789963026035,1.0,0.6155688472161592,1
6.15536917201031,72.12936930277198,49.246991766225285,1.0,0.4925502567541368,0
46.38667159265035,289.5504032563078,9.452870385626417,1.0,0.6971961755308372,1
21.865750716644094,283.5984203039869,26.965716817622933,1.0,0.41137552421477136,0
37.48830194952017,742.7486768276701,15.017985857192413,0.0,0.47899456225553216,0
18.661570926464115,894.8472610178518,44.559138251388305,0.0,0.4544499448298501,0
26.84380289331973,633.6507762959582,19.686752045573773,1.0,0.5173250409741593,1
59.74962238369446,583.4245353277053,12.661352639956952,0.0,0.6232779701371816,1
0.8429333900382807,209.47519835523804,53.25606823165151,1.0,0.4963529088963414,1
38.36985312510341,364.9164754433142,23.14335540962055,1.0,0.6592098287754742,1
11.314600853477659,484.3093782006587,48.52571362269382,1.0,0.4956562389250579,0
57.28541058458458,176.4337945794604,31.58360275515904,0.0,0.5927501587133309,1
49.23707759986433,695.5129345146496,52.31492237284629,0.0,0.6747423532070599,1
49.924326114942104,467.2655615157182,49.46348615773467,1.0,0.7539319057002689,1
50.25546697854427,788.6043617846855,57.085577984373174,1.0,0.9610742458030063,1
20.63068241224731,873.1762781550384,53.765390486274995,0.0,0.5680235305488012,1
30.3742955529476,168.9832071225884,19.69263137512801,0.0,0.28749407109379566,0
55.334817899489536,546.2148939404359,24.01547292350496,0.0,0.6368226431085565,1
28.26948901646879,639.6091611494395,48.46911943636628,1.0,0.5524655210014553,1
56.387892936564924,175.852944702233,3.107121173636942,1.0,0.5622758070788496,1
48.82911663509659,399.43779668853375,21.752813294819365,0.0,0.48665171087626685,0
29.294168459381396,618.3123681939101,1.3685944391402405,1.0,0.506864202361061,1
31.621706165551828,109.81992042606389,27.532129948212322,1.0,0.4046059544184594,0
31.196118172026672,87.6174896009944,2.435626254602581,0.0,0.13050511121848143,0
16.126618855988664,413.39544702705797,12.958030028232825,1.0,0.3066106420292195,0
20.994443484036147,390.7444984311037,11.682399086253696,1.0,0.3690748877600015,0
25.654260869758396,728.8810655109568,55.75686793256937,1.0,0.7823262503130632,1
31.987569256059498,107.93579931377295,27.862848929362258,0.0,0.2141346746855443,0
52.55160780627023,214.00359112048815,9.148642534369117,0.0,0.4926344072656861,0
29.07580246040325,446.413306648353,53.128426044726034,1.0,0.7760835856224906,1
33.51402778558367,711.4395458251629,39.55362023911921,1.0,0.5965614874061856,1
42.419729699512494,448.21190699669194,9.543709308831358,1.0,0.44600700319119396,0
47.96382622490624,596.7784206616637,54.150143246649485,1.0,0.7963211485335201,1
58.362946475932745,246.11317380250023,29.13270940468248,1.0,0.7644155475725004,1
44.32782343080349,455.1461715545057,19.84043206752424,1.0,0.6085234046087739,1
35.925249858449014,347.7869231058678,7.036422484168594,1.0,0.4756518769098323,0
43.023521621786,826.0012663566165,11.127592143499633,1.0,0.6443810435462886,1
7.333974155576863,540.12473693603,30.084387666682765,1.0,0.445879012186504,0
44.351329426887226,478.8856111688554,36.088397102932376,1.0,0.6796548940196357,1
13.148966623287636,852.0395386658672,21.861362620368098,1.0,0.473172390483753,0
52.824790121294434,131.9806799770447,14.357366736842446,1.0,0.47685357034058323,0
52.33230186789484,329.279341668783,7.777608826731872,0.0,0.49651166531281343,1
37.695886112573696,848.914469755904,35.96701330098521,1.0,0.8038328565622201,1
56.28564178623227,870.0046086782346,15.453835483351313,1.0,0.6954193017767448,1
3.0678776926092133,308.733615155418,11.642360934392503,1.0,0.22971493018328362,0
4.555175278770469,744.3093565147306,51.62855664429605,0.0,0.4547377538601001,0
29.751121928867562,866.0188893170208,47.14002766321526,1.0,0.6055326779842889,1
11.898841048960744,312.57314100133726,35.23105087824342,0.0,0.2728890118608219,0
1.344652904024397,78.43407047263668,27.581692801632503,1.0,0.13600830156391971,0
57.576414782890325,213.09681582745424,18.930271786849726,0.0,0.3275683040059374,0
25.134734869231643,896.6065600635158,25.249837527992476,1.0,0.5343395900717065,1
50.40124382629868,732.9257462892135,4.493175686705994,0.0,0.5578808702373285,1
17.12939659723729,86.04009530710023,37.21791279302631,0.0,0.2447901316886834,0
37.919584437718264,779.5164680076006,55.035214768185085,0.0,0.6898042853944424,1
4.147798971023664,237.8810033223851,18.97263093942662,1.0,0.09967736916476597,0
37.1508202267994,257.38592280387843,15.6272792908653,1.0,0.4638226281880987,0
42.370499519311494,606.3277696739036,13.08128418339616,0.0,0.48400171763704075,0
37.031833751533725,232.54134532072945,5.99629657596767,0.0,0.19667905058901397,0
28.858788762539437,396.2845454088303,37.54696980719511,1.0,0.640651342858579,1
44.30714356971879,117.52823074790835,35.98751838589599,0.0,0.4656998388154478,0
13.517387768565607,225.4366346700277,1.0446807894111965,1.0,0.14889939035911426,0
40.486147883744174,302.4657700782876,50.00173309050719,1.0,0.6861748863597601,1
17.215628584858326,800.0863646138885,50.02918120504509,0.0,0.45012998792046666,0
3.9124915170214924,178.62395254084743,17.373366119839044,1.0,0.10127962631671195,0
22.46644281739092,21.11349900009817,49.49444420381293,0.0,0.43188903455809974,0
45.150161479130546,855.1773745501589,53.86998625615389,1.0,0.8582789822511621,1
9.936597334998769,204.3548882480994,52.71877045663985,0.0,0.3065902324237936,0
46.50049271569051,344.8295376076517,24.04086743990591,0.0,0.4977549167181692,1
21.449499549506243,349.7328357249373,21.85351704444545,1.0,0.337302862093786,0
29.517817572472257,562.1409749727868,12.956374554798396,0.0,0.4500518031601149,0
4.170082478042496,823.7805553963153,46.116635853651125,0.0,0.580238560538008,1
10.038806640151588,476.96134109767536,47.5418048499184,0.0,0.36298118960336506,0
39.96761245845244,764.1529669631045,8.125550652972517,1.0,0.7059323265501687,1
54.8417344028326,248.0736850563882,19.57521775661184,1.0,0.6104648330439103,1
16.017194835199582,495.100338687546,8.539223813396369,0.0,0.3500984643197663,0
41.29963320999693,517.4498750263559,49.21157229976573,0.0,0.6750503234151921,1
52.78847550340928,183.14201738377258,57.16018492792139,1.0,0.8287985991848015,1
50.76837515078807,867.5058048352832,37.4560266532036,1.0,0.7906432222611761,1
57.09332537331141,76.71705209423281,26.876036174219045,1.0,0.6554969590594439,1
6.4833414127834965,408.0892259240291,21.449212072272353,0.0,0.21676854822794497,0
40.10753062685965,466.77050081355037,28.091360805949563,0.0,0.5017678459696419,1
17.49274204644982,883.9558087606197,31.644920503504185,1.0,0.5509691787006442,1
2.560037134278197,705.0237049673337,14.280886751872483,1.0,0.34421334372821316,0
29.94846037057365,302.35412295187194,6.313460646836539,0.0,0.25252678957994046,0
57.447317699889844,226.23835342819282,55.515434206335684,1.0,0.8780503005904223,1
20.706597602314677,481.4915950470698,17.21212488603866,1.0,0.3806467943507066,0
15.704671054413094,444.38953953691066,6.188813871342598,1.0,0.2280125893137766,0
59.454573672357476,818.4624476234769,50.96067720712477,1.0,0.9361584121002567,1
40.294714875736766,112.52291378502409,45.80238038242867,0.0,0.49075374281002926,0
9.429236876551542,810.7286636202654,25.398830230126336,0.0,0.2373195907147267,0
1.2411955843574463,462.2403649740696,43.36895121218768,0.0,0.4371866994401896,0
4.936507902782202,278.62428209750715,32.59963497704217,1.0,0.23888320659210766,0
4.945144763749656,135.4328319984329,15.269871438262594,0.0,0.18456903069076525,0
53.19720101326994,190.39332949427146,48.82513110060636,0.0,0.7550934060128944,1
42.167213160681406,291.21784572167417,6.519083708308573,1.0,0.4853030062340696,0
10.901496556395108,800.3029458430351,36.502693042366445,0.0,0.44475030316880687,0
26.00804083337129,613.5077333534338,6.657055095446678,0.0,0.27311475376511457,0
26.95211948528036,491.07648254164644,49.8372904956046,0.0,0.5222351275040157,1
51.82172353678258,378.0341111537505,6.200224864050656,0.0,0.3349666022009748,0
58.40767776484999,149.6842677875948,18.560262192608967,0.0,0.7279774245539739,1
0.5161464750182909,179.07415360470566,52.54410016753052,0.0,0.3872288006743489,0
1.6167934659566208,88.57014401313172,16.597122717909006,1.0,0.21839815971475826,0
36.78658531963107,436.76073219646594,2.816254959058868,0.0,0.4242612043519406,0
3.2803432863869553,456.5520413555428,18.280877745068807,1.0,0.29612281883417213,0
24.866478395319337,137.25698028309452,39.743667497200484,1.0,0.42521665826973715,0
38.25742498642678,100.39803644928854,16.29550597404384,1.0,0.44257685029947175,0
30.970936859415804,220.05537723073434,4.909919427644997,1.0,0.3563895681847291,0
11.144144877487145,500.6426248741541,0.36613586178769975,1.0,0.34323889582220546,0
17.219036294855684,655.2375642821545,41.89115087260183,1.0,0.5411084821184845,1
32.384157410315304,497.58694492370375,32.429425324333906,1.0,0.46341191814806637,0
9.152196154235552,312.38058070356874,31.773512852414726,1.0,0.46266637318685006,0
55.78030556367946,342.91809706216884,33.367272454173296,0.0,0.6170070936221322,1
15.214822488797326,715.7399170159409,28.43250949362137,0.0,0.3703179299526463,0
50.681724015694655,468.7101393405091,40.57950533603869,1.0,0.7675070719969563,1
11.759792846101629,624.5210444446049,22.79690032562161,0.0,0.2174695323403955,0
29.965066777915634,167.0298653715736,28.10072042402905,0.0,0.41382105705486827,0
49.17887773258791,267.22343404991256,24.25983924645726,0.0,0.5151103575650325,1
39.85852724230618,249.61425961724657,11.005619578157173,0.0,0.3020920426055149,0
8.101679768602514,190.30062415975206,14.396241332007358,0.0,0.03775189470377632,0
15.50677853570167,885.3000837412213,18.042871525801612,0.0,0.48252757471574104,0
22.98154755243641,294.66338747860414,44.74820592773634,0.0,0.43091225056288107,0
30.33189917862933,760.3360426952979,57.89377704987542,0.0,0.6061751833480149,1
57.94912738703837,93.93884056032475,27.040156912553076,1.0,0.5795451065479335,1
20.944785806827785,75.53689444007296,0.4264998527437758,1.0,0.28124335535453193,0
21.658632137451445,787.7789200602462,45.06882709512968,0.0,0.46990950391727127,0
32.242509718519536,818.3700620494529,0.04957864339141693,1.0,0.5546915285801868,1
13.688064170395183,656.6211318728226,32.259881026658455,0.0,0.3126074282529649,0
49.833745445578785,566.8812690178481,18.517632758394054,0.0,0.6385361391301821,1
0.011424252397091994,165.6719211348783,45.68104281070761,0.0,0.03752914296721954,0
45.065591049121736,564.2587556361099,12.292958488040668,0.0,0.47310527382208384,0
54.81910102022254,199.688635474609,6.93930202342753,1.0,0.5928705306347423,1
19.867131637376602,529.9950590954525,9.663912346477574,0.0,0.26556674480228876,0
45.86914572658913,682.8410501186421,17.07553028237205,0.0,0.5583640724324183,1
43.58517651221155,131.53412231561083,10.253354802089298,1.0,0.45189199695264193,0
46.71200950092488,568.7965383241095,55.97402139702633,1.0,0.8610547439765989,1
39.93359616720628,660.1687828115644,20.085621102830974,1.0,0.6880828626832822,1
32.80355659510354,293.1805243660633,44.97667566248913,1.0,0.5452627957631736,1
17.02832506475143,276.5232932560762,27.705703531035535,0.0,0.3607660831150025,0
25.49559773817332,499.09823941047233,12.209577073785018,1.0,0.43045574075034343,0
6.931952118059497,610.9013506185066,44.35571972419284,0.0,0.4689941882668987,0
38.13685686008818,892.4596073789118,49.85911006251686,1.0,0.8918530998318253,1
30.877787829559033,604.1255924159018,28.4070974622636,0.0,0.3138259983937364,0
3.9708809942725365,224.87960241301298,29.403251040204236,1.0,0.38929907204486386,0
6.660102142355965,691.8131476202316,21.488423507379622,0.0,0.33304817215896415,0
19.67786166368439,2.9673499417110616,33.53692012646747,1.0,0.4102625897511524,0
11.783640382349404,133.26411206985773,45.643195790183555,1.0,0.41451921699844557,0
11.796077765830034,534.2498014018224,14.369544479954452,0.0,0.34069323636314075,0
46.440774944074306,767.0191579196733,40.181408588626624,1.0,0.6662955463619324,1
19.685638705285605,95.38154294075781,11.338774114526803,0.0,0.2853550293646435,0
3.886687635506787,295.0865601928736,24.379205858198706,1.0,0.3953555156998158,0
55.197740656360025,105.33326441067436,6.534818959654665,0.0,0.41686182151827217,0
57.21592039355057,191.01750384623983,56.144806210184115,1.0,0.8649831443211997,1
49.593239394761554,242.1832618604432,54.1566109101898,0.0,0.6789126935356018,1
27.13341348260322,742.0252952026833,37.45650950901626,0.0,0.5228090642036769,1
57.86016999148526,650.7134780248217,4.970774259202598,0.0,0.46498661761542043,0
54.47673587557524,481.1054071986479,40.98017871586189,1.0,0.7302622613857374,1
38.85380354651766,618.6587289696884,45.459432706728975,0.0,0.7330853770541808,1
41.82227919800173,698.1162016044636,36.502978859977,0.0,0.7157352747291719,1
43.29991256542573,594.5399856204257,20.488109179264004,1.0,0.6746903294199514,1
32.84084048706531,267.9857030426604,56.045616723251385,0.0,0.592101930308924,1
52.83834837190639,138.97226325334827,17.26153810202429,0.0,0.5358756440404749,1
51.834109884186574,874.1413110473086,4.986558638448145,0.0,0.6451065957898903,1
45.12185805564202,134.51451019727517,18.871321202472853,0.0,0.34602964698919264,0
42.44828864600718,886.3988644608723,9.338820801940933,0.0,0.42732138124262037,0
27.925847933822354,281.940641045884,6.4378873936743535,0.0,0.34013366175360726,0
20.23775368523736,21.5421044394841,1.9737155942270967,0.0,0.21191248913616256,0
57.98168756170073,329.5761747702479,4.380712374194458,1.0,0.5176190384189981,1
34.74826893195422,166.47147168100182,56.42842400858179,0.0,0.541101578733783,1
56.384498231407605,647.6260738895235,13.232169638638744,1.0,0.7537622443904243,1
13.335181462813285,773.0274152825061,8.902240269201533,0.0,0.46824778449752785,0
9.93753792843634,462.6273695259706,10.153115415941585,0.0,0.3381038146914948,0
44.239136375669105,282.704641484576,57.62430693116894,1.0,0.7101763209624696,1
40.03205263988013,711.327860240822,50.551365974047464,0.0,0.7339174040432658,1
24.939524112254446,250.29170769373263,35.479420956438275,0.0,0.39305744001920856,0
31.065935648340215,373.20602118099237,39.34752380739785,0.0,0.5747602392502713,1
55.75501494673944,812.0331432839016,27.390697020434764,1.0,0.8800845889308293,1
40.83678499463849,797.9794739473695,16.216676122199388,1.0,0.6417434388500315,1
33.01088295586476,895.6992411541372,42.82154356235884,1.0,0.7720230630995512,1
16.829938437587078,654.4220460351095,13.75282988571671,0.0,0.2699791299975888,0
10.164589587384228,252.8860444656746,44.38439804303741,1.0,0.4809773816301162,0
22.768970753312846,882.4149295529653,45.368263404981704,0.0,0.46646901192487156,0
18.284256921309034,373.98916650883837,18.28978751425743,0.0,0.25399962849615315,0
42.40132605458224,631.9878431731636,35.986961136015665,0.0,0.730956491792442,1
59.551361449469816,650.0044876245088,35.754580966970785,0.0,0.7557319933599379,1
51.638135045438474,234.28330380243796,37.88984202501486,0.0,0.5054244741340683,1
16.91954868402207,315.57892264686916,47.07343406527556,0.0,0.3084926777427723,0
18.049873755976623,344.5340673147543,54.15988183610766,0.0,0.619869070142163,1
35.8928053924102,650.9482052582655,23.40590071018557,0.0,0.5370966711661727,1
50.947483787269725,866.6282076454817,33.267026986509585,0.0,0.6954743535857951,1
18.296597707412033,431.1476330792372,15.976649728185638,0.0,0.3928209108554991,0
16.84606134391653,13.463752044528121,17.291233919698044,1.0,0.25382825584714025,0
28.71648379597992,466.8083562642136,50.852961509211404,0.0,0.46577251445841517,0
46.28073370439248,38.092571377881555,18.074504561030366,0.0,0.40361170838358595,0
27.303221487772852,589.774830298627,10.904493321010486,0.0,0.2658952888525361,0
0.7811578273041198,808.5747759419241,31.853763236934384,1.0,0.41215575397026166,0
41.200561087845124,514.081138655687,54.6361773425901,1.0,0.8239609261273598,1
53.284805280272835,519.4650228944906,6.296017576997743,1.0,0.5562370492166678,1
41.51759993737048,753.9432402018841,49.956363226780304,1.0,0.8337067630450592,1
2.0070760048219016,519.700120340436,35.91926385213716,0.0,0.30277247770183624,0
16.275998946662803,159.00777965526558,50.75057698895697,0.0,0.43663148003795177,0
31.4197438737339,834.3365219386585,56.71922688245314,1.0,0.69592787660106,1
29.77514554880482,190.34267136274616,48.49555242961985,1.0,0.6044186746922602,1
4.755151153920389,681.9266305316556,7.282221979929848,0.0,0.10024503748872397,0
17.080694921632816,109.84706925524475,30.468617475692493,1.0,0.40961844144222753,0
24.304241479473717,520.8133290118047,26.31868557465841,1.0,0.46744546362462785,0
30.216320483484207,166.81216072347522,52.88836537888262,0.0,0.4870501755160801,0
59.00892315551146,442.7501807223248,23.724113724395146,1.0,0.7159945230299234,1
43.0353184897689,433.1565187362385,21.26390393582112,0.0,0.425112050369542,0
31.672219578922387,663.8339525564829,42.62185091089757,0.0,0.44447072719803327,0
0.5585755868288245,173.81297808206773,14.193999691066123,0.0,0.13024249257966564,0
1.9347870038885784,725.1916486479765,18.01962000182955,0.0,0.3494811908690764,0
46.45301941016631,300.70700905458216,14.27596964888675,0.0,0.45877289560190243,0
33.973059282201554,747.1307209814687,56.91661597169366,1.0,0.7076504523639231,1
40.51486873782487,691.7050602377727,24.132670309588836,0.0,0.5858774339192269,1
7.708760900548199,49.3177685184803,18.594766233828178,1.0,0.2938520258145872,0
58.56054051760748,849.1305089216404,3.1887789204170014,1.0,0.7705676966397254,1
30.845210684276093,743.5882523038401,44.27381543983787,1.0,0.6649823123516829,1
34.45046323626752,345.60473411447737,10.853435933513078,1.0,0.4753417875265789,0
40.908217474751154,371.6562501255438,23.249945846505355,0.0,0.3809800137248076,0
37.96542417568414,767.2497449907853,19.141717917707098,0.0,0.5124304176687052,1
47.21100348414957,157.81913398646645,54.51699499268349,0.0,0.6927219162513558,1
12.597574189490825,39.896933306567206,45.88218587478154,1.0,0.421532929798393,0
3.720080089705171,690.4441017775582,32.71321901029869,0.0,0.4169667058978092,0
25.358458095311775,867.9085099634118,33.162504760257534,1.0,0.5716876114528324,1
46.79349083734042,204.65822711960635,55.23234882034262,0.0,0.6622284347820538,1
45.27000339468419,103.77354193363036,14.89790372381498,0.0,0.4436531739960637,0
23.340742583752238,730.0941228075302,58.73803760128521,1.0,0.7836897481744236,1
44.80870744259643,75.1444352220209,47.77869784303239,1.0,0.6030799142858914,1
46.52475053777114,91.28974693369362,33.18137958105061,0.0,0.3963797662154649,0
47.70863987003401,250.012611396281,33.48265363612867,1.0,0.6829866305939858,1
57.668442786708454,724.3865505036006,59.76951773219381,1.0,0.9222050489001394,1
27.728246856414067,551.1471340107205,20.111470582336107,1.0,0.5843380571873279,1
43.8045607518295,768.7032768658055,25.569334738697414,0.0,0.5028968244086539,1
54.92816869592047,517.3360684200989,31.401545208716538,0.0,0.5626968095036469,1
17.452545295518377,211.8770102757915,54.12080211400016,1.0,0.5391324057458874,1
59.079883495026635,556.0896032047604,37.665455580084654,1.0,0.8620155950723394,1
20.27943016547799,428.3973935172133,14.56109239047683,1.0,0.39294320542720446,0
39.902495410500954,110.62232297595527,13.114934012642363,1.0,0.46106305890793603,0
8.284388500867617,795.0001310026432,58.23201739929209,0.0,0.5089929564041876,1
11.416068111239264,766.9748736351403,15.205468478181306,1.0,0.5122198555475653,1
5.480124107973861,583.0854308377521,59.52338611270058,0.0,0.40045301935605077,0
38.28903578170409,504.6515662938869,52.84162543758001,1.0,0.7582443278577138,1
1.5716980149498339,344.81938546443814,50.618418427758264,0.0,0.3330974994689307,0
28.99075592307941,420.28286566028584,37.11302152769652,0.0,0.45595842239829415,0
44.6313528155798,126.7036238425931,23.95581418606534,1.0,0.47061053053883317,0
16.281370698753673,798.711824291755,5.6416444657825116,1.0,0.3343746113155919,0
11.582580544699344,715.5895416411516,37.48006129833731,0.0,0.45718426003470936,0
57.76361871127627,242.4244063275944,11.373576720050929,1.0,0.6466367598818933,1
12.182698897426663,620.7134767660966,6.853184816022231,0.0,0.09654611912699998,0
35.13534088973459,53.00874417742752,20.816605177242163,1.0,0.500400063027239,1
27.81728077912639,399.93909432933054,24.85100096699901,1.0,0.4833458087151158,0
54.384592514570585,657.8358596311766,58.124054983248485,0.0,0.8153140741807825,1
37.853411163544116,777.8254549969093,43.54656736252876,0.0,0.7690240270646294,1
28.941398458719856,732.7077881118388,35.90473868605809,1.0,0.6027307041384153,1
15.237817368741943,357.4579090771342,36.23835691475806,1.0,0.484996356405762,0
50.25634689653603,784.791156330117,27.852681577127473,1.0,0.6818245733347101,1
18.814135906317905,330.0815342845036,25.352992447499673,0.0,0.3416495711076342,0
48.66299270532098,360.1252351084837,55.105475156539626,0.0,0.6857711096609788,1
41.91420849671045,43.74115804102855,5.7427732575167445,1.0,0.4496068316167998,0
33.20877356963397,154.99313855782353,52.9398789007258,0.0,0.5532457231915157,1
59.77408669953278,474.2057665177075,24.29135382900611,1.0,0.8434404147957557,1
38.68471523863983,485.2601503357539,2.337344502672838,1.0,0.514886601115933,1
35.897053637001534,760.8698788689587,41.69077297237352,0.0,0.5848488379130955,1
42.383176392139376,689.8843881015525,6.881496424427793,1.0,0.5565805600552404,1
10.037192998191756,166.80298582261747,21.901865486176394,1.0,0.2592813179399953,0
26.349641644691417,885.1906316006093,36.96794701009162,0.0,0.5442245292100151,1
0.014646188521303394,57.31416097777019,23.62051521481031,1.0,0.1140405674581185,0
8.171420421367998,410.45059166944225,10.025142159672662,1.0,0.22030712303089264,0
2.0892025630886657,495.3092461959707,30.53959652849558,1.0,0.25640149891255953,0
34.422719678356614,484.79179824410113,27.154533542468847,1.0,0.596795131240987,1
19.546428951342705,104.31007177404861,59.29772196454544,0.0,0.30901777783712814,0
10.386647150341803,174.09400799441406,16.67302145190567,1.0,0.32101816257749505,0
23.97555701263504,57.265571554012375,12.27878716240713,1.0,0.2539827990990119,0
57.00322828265121,66.13425300705231,43.38610734098266,1.0,0.7070555189931111,1
3.361695633752977,555.316316258373,51.54628374861906,0.0,0.47080116452139814,0
6.699953174325257,313.27516184627774,12.589282364516075,1.0,0.19584780695682613,0
52.600811164335184,234.59663777954748,10.557657507285846,0.0,0.5562288117464776,1
13.063881216187735,33.486722590723105,21.23228957207849,0.0,0.2058783495348554,0
39.970059776530064,879.3373618624049,31.403828352170642,1.0,0.707572968674659,1
5.2746256833573435,745.5336333456336,9.524230177301297,0.0,0.36340088080600996,0
2.229946001790477,206.4824631623009,40.61532938748352,0.0,0.3150050042459201,0
37.036250926846364,51.12195643012627,51.71786695305698,0.0,0.5213569645366563,1
44.521894087029196,25.059043195074615,42.32799899478695,1.0,0.6003372828671555,1
12.112146293200226,181.34934543231495,59.272209996566794,1.0,0.48018551905589907,0
27.794508579334916,376.7921646334144,28.41973057141882,1.0,0.5450752077498299,1
9.57788398021605,703.9086210361958,12.167239390762406,1.0,0.3925803615276679,0
49.70443544776549,511.65794186248763,59.04672646946234,0.0,0.7214440750832587,1
8.089617554139753,684.0538186654445,11.421930023100952,1.0,0.4081406957911191,0
33.76524344712318,80.22823780494825,15.609641187065716,0.0,0.3377622104901273,0
56.73007824856006,337.9037531218783,25.846718092341014,1.0,0.7365168195349878,1
12.679006510376826,481.5577101508752,23.35090884075251,0.0,0.2999762417177594,0
43.740613371203324,888.0564334298482,12.172790368666513,1.0,0.7319371511204122,1
29.620591008309248,720.5534279288781,11.13812165927735,1.0,0.6191027252109552,1
51.64823054395074,858.0187329620233,56.291966031914086,0.0,0.8726136959148177,1
51.8520490622697,589.8195236907736,14.609193934764203,1.0,0.6746841937074042,1
29.960177133980494,494.842348039835,39.497239654045174,0.0,0.511536217404751,1
28.224169648489166,636.0948723115225,6.286273827667621,1.0,0.4818000383958832,0
46.147328106409454,608.5880546986675,20.83776522167942,0.0,0.42601354718757933,0
42.78916192327531,140.05444723915247,51.00308156734087,0.0,0.606679264310649,1
19.804647910632976,502.0177311267301,43.29831136455119,1.0,0.4661523476922984,0
56.6454060990888,392.8043032856367,6.693566797095015,1.0,0.6255104655799043,1
30.21757965153835,137.2857078654138,42.10455817655314,1.0,0.6520389697981832,1
14.798437580056339,479.91615848024,17.529321169378022,1.0,0.44164629606472094,0
23.728519520240884,857.7029937575991,36.3732234904336,1.0,0.5331195403537575,1
24.075882151691253,192.44535066795135,5.1282015349908505,0.0,0.10878690790296555,0
29.967549437850707,517.4137012132751,25.069032662651953,1.0,0.5180163974248146,1
20.70161541630985,632.4108783327213,43.06683144995054,0.0,0.499961830574736,1
27.506840953655807,434.16410834321425,9.08283427466146,1.0,0.3772214738047076,0
58.40680075392066,633.0831604364641,19.884948695422516,0.0,0.6432978299423826,1
59.57381603329489,595.2128757968969,41.52251615731835,0.0,0.7433648086618477,1
15.369316480836737,608.22669937687,35.536703147791165,0.0,0.3785022728925858,0
18.526825759477088,253.99808601819768,22.524953804800905,1.0,0.5345264883393196,1
22.674831490835427,727.3082906142697,44.1735073217415,1.0,0.6248352746796513,1
13.8700818775155,298.93203742949794,14.562113358810073,1.0,0.33268356466115095,0
13.320429835413169,800.7910038979767,36.7277389516701,1.0,0.5151337669820286,1
29.11366852045323,10.018982230775197,19.781877405164575,1.0,0.4493656417334732,0
25.00695046419319,641.4194234773366,26.926461995845745,1.0,0.5438976553984618,1
4.659176517890604,757.095870486031,21.6272759825707,1.0,0.4457773119533806,0
31.24871601505957,880.5649835987499,13.184619059363431,0.0,0.4531976176606338,0
28.424090325920538,324.17432770786087,13.136800440972468,0.0,0.2626241484946201,0
57.11304766624074,766.0560402524125,55.3352928242357,0.0,0.8080081952921588,1
51.11072403261176,659.4603658479004,3.1426190451583147,1.0,0.5715729057050141,1
38.5218863202671,674.5759966155708,12.699820289927757,0.0,0.35906726958275914,0
31.417314701399036,837.6378497235713,3.651450713798947,0.0,0.3598296583896871,0
6.768862959380948,555.3582561251955,15.889472924173365,0.0,0.21317924082651515,0
38.66314901825988,532.0234631864624,56.89594838048099,1.0,0.817995073809235,1
55.98415666335959,757.2031283900311,52.674761700244346,0.0,0.8876829300792249,1
57.962876874572174,676.8682512165442,50.682419710135,1.0,0.8868857034405232,1
55.755402342009624,51.207013752190925,42.31191211737636,0.0,0.47725120286662176,0
44.29553474236974,893.9717996884395,28.019170194862127,1.0,0.7203948925266407,1
20.66697818435408,850.1056022725804,50.97671350166466,1.0,0.7479603426244352,1
10.882111866199418,136.8189232800134,32.52289201533995,1.0,0.35952063950682206,0
13.351506969830417,832.1184103828296,28.163041525982276,0.0,0.3937004657026923,0
23.658776280204936,398.805301095862,5.243297340472379,0.0,0.29323870934438234,0
6.971601118012558,263.1684084328159,28.447559396594464,0.0,0.29255445295415144,0
18.328542524932047,870.7417636153232,20.893567645222724,1.0,0.4608822623045985,0
58.33851425273252,645.4845858544226,19.050944138554023,1.0,0.5931714281309399,1
44.7715498021476,570.0668906776249,38.08633380340338,0.0,0.5727337090181283,1
42.20286632967094,386.65202202307205,53.24330505412677,0.0,0.5228597175949162,1
9.485449589123585,805.6723117753033,35.9960518230771,1.0,0.3846079189962477,0
30.40037609032766,588.6243256399097,20.133030239068464,1.0,0.5154163430000179,1
29.48751146385865,428.4248742478591,34.140984021078545,1.0,0.5427675231164468,1
55.54337432145761,537.4974713029881,3.5660407319300425,1.0,0.5842513186410508,1
40.198234471582204,71.2220186839973,8.167246538689936,0.0,0.3227175734227163,0
18.101424271620395,331.50063091133603,33.053394987752995,0.0,0.38523762055488536,0
15.552551954777096,693.9983083714053,19.730958483052426,1.0,0.40022040129653697,0
6.424190871549385,45.76706095647064,7.269063009728347,1.0,0.19009236239063731,0
29.930398074725066,592.5059458504303,13.813744770032809,0.0,0.3636882524347707,0
37.653406402352346,165.09345429452813,58.79398153872002,0.0,0.6535282786783528,1
23.943463645981122,610.2121646465807,0.0741294846081142,0.0,0.3781099257379871,0
56.320364160188944,872.5799417924775,4.758960919131874,1.0,0.791740340394424,1
45.13388744611883,377.2009777671481,51.36261625091295,1.0,0.7403885738852993,1
32.9820217413212,787.6115050458891,44.358531834922886,0.0,0.5774850987204893,1
23.757256929600935,827.5479744837256,25.027853693925085,1.0,0.5789474949488266,1
39.412778494421666,137.38216826905693,0.7648204736493103,0.0,0.37800967593641116,0
41.47084220947468,146.91733143927627,20.949461220887613,1.0,0.5001470136841815,1
44.132981674127976,60.7497299269243,34.98997486485267,0.0,0.516742304748393,1
18.837408210392248,789.7492222258384,6.759766264994358,0.0,0.4591601276849622,0
24.18321538058022,194.98810181988475,1.7255681384244226,1.0,0.28578882917852005,0
14.123571347096298,472.90171597114374,0.02019054759282879,0.0,0.1018117796374557,0
8.271048160687247,245.29823772977844,35.451026285872146,1.0,0.35286962366170416,0
18.551392301130218,860.7968924346377,15.442240339911844,1.0,0.5366700532060659,1
15.595121256689064,31.718416456473964,1.6354490503483854,0.0,0.051075183198055873,0
17.02080261701657,761.1504269246692,23.696328698921697,1.0,0.5000878314657444,1
28.756322214994043,426.2646453958532,36.7544889541429,0.0,0.6009474772610472,1
23.024849724479488,692.8448256526772,26.585141574140547,0.0,0.4389051262621404,0
43.947144350424864,465.7285216982877,35.40469482176007,0.0,0.5804269733173772,1
15.457636503450177,242.5927751218001,1.8035898710689113,1.0,0.26254230590544625,0
42.911458031635775,723.9484793361368,33.88205860731331,1.0,0.6507534234611558,1
53.393305345458735,211.64772347975065,5.147052997083108,1.0,0.5483516750356634,1
29.987470098332697,66.2958748587523,47.15757534078171,0.0,0.5532983322281789,1
48.37948793682215,256.57541171079066,55.39579016681381,0.0,0.7154840778579525,1
4.652477935551609,331.16299753558906,9.052910312803366,1.0,0.33062142199886957,0
15.699609506732275,54.32134636681548,55.686205582078124,1.0,0.48997929526456135,0
5.205717438704031,350.19499457858035,20.743578988343078,0.0,0.21399473371283584,0
29.603203238027437,7.970546331814443,52.56058952768632,1.0,0.6042965699610648,1
22.749600385111094,860.4177665672178,52.25154300861045,0.0,0.52184912878246,1
28.962177203063696,277.2660428510263,42.017714591573466,1.0,0.5496420668864394,1
13.84785789586957,419.8324888480109,25.9776319766619,1.0,0.33869093633043895,0
2.087285467547171,719.3839723377898,43.43987377485415,1.0,0.5387678921215299,1
45.57138048917103,768.9916210355624,7.3816441939080635,0.0,0.5293458128498882,1
56.27669221880144,50.047276115015485,11.105524341999836,1.0,0.5261801478073955,1
11.46408498297083,331.2335784685009,50.6614591418108,1.0,0.48726169795435204,0
44.307356636767395,800.6492309032901,35.24481260042453,0.0,0.5766862844399187,1
21.074169447286554,700.7639904018321,48.399540661467725,0.0,0.46070569646867676,0
44.49158799689776,824.433682832507,0.6680117023438203,0.0,0.474926396084725,0
36.09329902118378,31.325125924016795,46.21879950642969,0.0,0.4116946434985934,0
45.336609695099234,96.55839601391034,53.223772330208455,0.0,0.537971532530005,1
59.41213204461281,783.3636793738812,58.703128770804994,0.0,0.8555587202401028,1
16.92267150195976,729.0001470134987,39.768362150242055,1.0,0.6313980704510488,1
52.76925662898006,307.65592928012677,24.32448027795926,1.0,0.642571215372805,1
12.330844714576742,15.502739113649522,5.825773815833295,0.0,0.1739541899653251,0
47.704098880814215,295.9260933700996,10.406568529123746,0.0,0.41907585551364623,0
9.471357865718108,544.521313295369,6.818769394138888,1.0,0.3482417286586601,0
12.034680954407408,179.58640500055745,17.607049150409722,1.0,0.47869343501458905,0
25.801247968332056,241.98767785857584,56.91856175944493,0.0,0.5470258249629742,1
12.43670932817292,470.3483836701167,51.81604262967829,1.0,0.5679276783342381,1
48.434652870910824,54.09740968986622,29.26320886219147,1.0,0.603400926302392,1
2.2503435273698424,579.2670114951209,17.05514707363725,0.0,0.2555758108774798,0
20.758848649680754,778.2854664846644,48.415015670966795,0.0,0.7098545216461362,1
34.28384204057694,714.3164031228871,2.635354969248691,1.0,0.6126474034227445,1
48.04068977770638,724.7178239610541,46.738693939866,1.0,0.7962347306777127,1
58.53343302947403,333.38499260784636,11.209038118976068,1.0,0.6435326143979242,1
32.17779504902666,853.3666421699919,6.9680098936264105,1.0,0.48578299131802805,0
11.553011734467784,892.4177992083828,18.678146788662627,0.0,0.3258793206243174,0
13.737193452315445,300.40590733468645,22.113763328534244,0.0,0.2889598251224224,0
36.651662013063095,389.8908148240642,50.95747797119573,0.0,0.707535516441639,1
8.837188617451464,455.13144250675936,14.705503201627891,0.0,0.2546668774145358,0
50.80176070876302,573.0805722977934,56.35067206965191,0.0,0.7683403684312737,1
50.536249831229306,333.9277015363759,51.66219976235771,1.0,0.7153355903032486,1
43.464684815541176,789.5083011739415,54.16957906760286,0.0,0.6924631062310103,1
58.27157974864046,874.545129134747,6.458405701231444,1.0,0.7002347536939447,1
27.010610178518476,273.413219437449,37.161791701970934,0.0,0.4166854388597436,0
57.584053217454056,881.1158915641951,37.9251046348213,1.0,0.8488767141591568,1
11.986127900765783,872.7103697187422,32.497218658461115,1.0,0.5284705378775738,1
15.39884889951466,428.87924348119725,15.865836869198532,1.0,0.4647943934751793,0
31.885778697855415,481.18078640583917,1.6036172236432455,0.0,0.2617542581960323,0
53.27767774799042,783.8765902707628,42.02122756095239,1.0,0.8312462364902535,1
0.5658461637923584,494.00474158482604,45.14963898109552,1.0,0.5252232364017881,1
51.364394296906134,765.7230100642231,30.15048275862449,1.0,0.802688404389982,1
22.380487525395075,800.6145278916903,33.12269091420632,0.0,0.5615091817416134,1
51.78867184634105,31.364319963621835,53.518247656588976,1.0,0.726512109427302,1
51.438081879950005,853.3441416202079,29.554681168599142,1.0,0.7248849117261805,1
53.223974148253625,220.98363040222597,25.62236792674519,1.0,0.564206450352509,1
33.8280652654645,89.17616705973673,23.078929115350846,0.0,0.4797497125659815,0
7.2201303458235255,566.6590642801375,54.67307553207616,1.0,0.5430910422620605,1
18.089380841120352,96.00439061893634,48.957009609036135,0.0,0.41148581022269254,0
21.25719806795013,328.3023935208546,29.517633407919043,1.0,0.38602308621197284,0
38.99996033727161,631.4350795120008,39.31867172238635,0.0,0.6168845729882271,1
20.363381250605794,387.6576218242858,31.893849096111833,0.0,0.3900516972847867,0
29.438795303902396,281.11215649435525,56.76892157750276,1.0,0.6057307035777447,1
21.672483849545014,193.63600452371875,23.520072849990413,0.0,0.2977725512854766,0
37.260173725065926,707.0006842104931,15.781649281255874,0.0,0.6473683861623736,1
9.169676907382396,384.8604679783462,56.89415207855705,0.0,0.5370125902378593,1
23.336234638066923,485.5555741199736,34.07707837495533,0.0,0.3687350803297156,0
52.72643293321581,99.29951931040213,34.12114971923957,1.0,0.6098792533613059,1
17.147690616904374,171.39317866508514,7.953869701415948,1.0,0.14412487877553257,0
29.219038256646858,100.47786069673795,53.310177893584154,0.0,0.48889970858441223,0
46.664157751925615,780.2058813605951,1.3945606430133073,1.0,0.5736622890335298,1
41.63064828102928,684.647217330822,20.13326769916923,0.0,0.44183299338452237,0
27.984858791445838,747.6638077900652,35.57176459234938,0.0,0.5948204671969642,1
4.430740683800671,892.3877383161146,10.875385711541782,1.0,0.4668706029596027,0
52.035465284596825,666.7709552299048,21.0246492185792,1.0,0.6631417425797164,1
55.198291403479345,733.9742660581478,55.89858351115996,0.0,0.7506870126761424,1
47.453431314011375,763.1425733897146,56.92726701378968,0.0,0.7661321107862403,1
45.93351601356462,703.813784252279,5.333806522431179,1.0,0.6409278566050516,1
53.07908990764434,848.0730920879646,38.839362428710956,1.0,0.8039570020356924,1
52.42270859177253,789.5578632938983,39.88362459055878,1.0,0.9240629715273886,1
28.48218053214165,369.0635829588644,21.02928715082282,1.0,0.45200043227819015,0
23.520975213806096,891.2465352058534,56.51011293414903,0.0,0.7699596687870818,1
27.33141101251308,823.5917023345438,34.29536871659208,0.0,0.5013871559052876,1
8.016247061778712,447.80239156890707,43.5593776566975,0.0,0.3514102850674793,0
11.520673059443084,665.42068817829,38.58938151421366,0.0,0.42762436990643016,0
41.29786047049143,776.286391585504,49.66246139546099,1.0,0.855467076858216,1
44.2601350065893,803.8706369568815,26.02561236768803,1.0,0.7775510509796154,1
41.56043655358363,356.4747907773524,0.02963894990229754,0.0,0.35928818019148023,0
34.73357548059619,125.85959816768317,0.3786061235110205,0.0,0.3612942814361691,0
9.288284157381101,606.5217233278038,5.927667582984293,1.0,0.3198482685892893,0
22.662602314748078,540.6815167348053,44.68237646610311,1.0,0.5824198241584989,1
57.05634819980959,503.2212185604451,1.5193742421161294,1.0,0.5341716258784075,1
57.157991489078334,612.2880006543071,37.949937487751995,1.0,0.9072530964839438,1
17.697075622846313,533.6005148887302,4.8841253122132215,1.0,0.35512634758925604,0
22.46715858967947,542.3380787187681,58.59706052849685,0.0,0.5780462231107777,1
11.078307485403672,591.0582488355019,4.249115875445211,1.0,0.29221203495857767,0
21.547034482307282,782.2339293435683,17.936566727348445,0.0,0.41307926019722213,0
26.861553090901978,21.85822310183282,20.59439309002694,1.0,0.4834702782378413,0
16.93684212790371,55.87758198626263,50.58577013895239,1.0,0.5984644492169069,1
54.41807113890238,245.7765980533964,14.669221122360865,1.0,0.6598942489966012,1
4.618358537981075,296.64776056751003,40.29528241927856,1.0,0.3745369869244572,0
26.31713941596576,138.4665944819394,37.63212218623395,1.0,0.55978664656392,1
4.202247646291111,285.5351288747011,58.44476449932644,1.0,0.4998669763823751,1
21.552548973396785,347.01803023167605,24.452344681301273,0.0,0.30107861607899694,0
45.805035794293005,571.3427300932879,26.174574653218393,0.0,0.5635902336889826,1
6.046796732394619,409.46087456810943,48.03606427124724,1.0,0.42054122953624556,0
34.76986766145074,628.3402886711956,6.6525903377238516,0.0,0.38088743137214787,0
34.3441169934839,248.3173517035182,45.367382505992296,1.0,0.5577902041168472,1
34.11718512515806,240.05400429398577,31.4861925619361,1.0,0.4869570379435771,0
30.142077900625907,114.3841526094829,51.811090623872616,1.0,0.6469917058812837,1
37.11427892448731,299.2614333431516,32.11178172854836,0.0,0.5846889889021317,1
15.84907652182902,883.3604731415111,18.488174436316093,1.0,0.4625366245919674,0
15.857447031380199,284.3095020425109,28.399595493202018,1.0,0.36947827241296294,0
46.55776805712072,652.5844262337602,46.85018606207906,1.0,0.7228576572473469,1
10.459914608449363,420.6760880801547,40.318394376592856,0.0,0.4823641011442733,0
49.42732149138044,695.6999286814591,23.439097592978367,0.0,0.5533934524621608,1
53.85821112988664,247.74783101214592,11.85183248993255,1.0,0.6073775457027563,1
34.15888727337558,378.8424065591694,34.00027814145522,0.0,0.4904406967955871,0
16.80991494930426,4.89735773373644,7.113518318718535,1.0,0.21287762260574059,0
26.20498655406893,561.9041485864576,37.74039991628533,1.0,0.64919101171406,1
30.70396542357911,115.61138352174306,28.971694119971428,0.0,0.473284423687076,0
41.81227525438446,417.7213291262641,30.82058228768137,1.0,0.6053036255414747,1
56.37339966444691,99.90351910953686,5.799601333002746,0.0,0.4439039618078989,0
25.608190279130078,654.4683177500887,37.998762252181585,0.0,0.5595204330258287,1
12.32035863663408,700.8373015105635,28.722552512815774,0.0,0.3222614788172367,0
18.542082477795336,800.3108751368413,34.66519691655623,0.0,0.3552038064239651,0
56.94090523668576,724.4123001276371,51.34153392424339,0.0,0.7858408515989668,1
12.737611303828707,8.46857459696453,18.46089445028263,0.0,0.17525508296505374,0
15.16244740675019,689.1064393412466,16.83309527386782,0.0,0.3316667519722508,0
1.92056928283598,258.1434038209311,15.686682063367384,1.0,0.2211420293811038,0
36.74240369845467,235.37721032354952,10.218351534114579,1.0,0.4758150230995302,0
28.297206925259594,174.74190659912236,58.233863239204254,0.0,0.48905125803609883,0
49.47725719821313,306.1380174621781,30.13372521067356,0.0,0.6164584770740663,1
38.49728524373991,233.8378104416835,37.75451136559268,0.0,0.546302516862057,1
39.1823071688259,76.33727489366532,25.707243226069764,1.0,0.5572944199409073,1
41.07461007523838,597.1007640912359,19.010846309769896,1.0,0.6517420363508941,1
27.4743137861519,597.0780769057502,9.084117807474774,1.0,0.45013420474531746,0
17.798547285409903,688.6274599930987,45.38190143248185,0.0,0.629602691340744,1
1.1185858112214486,346.03225968600236,59.59096046419552,0.0,0.4843054912966255,0
23.804977157891305,339.71532712321914,38.06156586005399,1.0,0.38988893531504587,0
0.760888841482259,754.8586585306081,57.00249530379405,1.0,0.6107467070237981,1
12.807986128078245,837.912689238317,13.716929141443279,1.0,0.4736846495904488,0
22.604353131055092,106.66362505527397,8.123597386145128,0.0,0.17863065454648425,0
31.327556104539205,680.3184553160754,58.70424663175118,0.0,0.7029112522794109,1
22.825089555096636,761.7126203364198,39.07250769332695,0.0,0.632583366738896,1
12.930312786666336,475.7464542091252,6.337376657845509,0.0,0.22400174011535176,0
45.190713748127706,673.9254323235448,6.486843156368742,1.0,0.5913044059196579,1
19.037649232450068,693.0707091850169,20.98171261420861,0.0,0.4414362763169733,0
21.227380981452978,855.9147948979353,0.5775070684758843,0.0,0.49592315570297363,1
13.395781672758352,785.6603863527171,33.848739369736066,0.0,0.39104245253229386,0
4.241095350399928,769.8068601318091,31.75527796395981,1.0,0.39108957393547517,0
45.32112148574689,631.2986857317361,29.8501312581191,0.0,0.5797695352748747,1
27.292571066569224,311.7753887515827,14.197545530842435,0.0,0.2679629356512048,0
33.1781774504417,95.74205287312721,18.893890285292272,0.0,0.3756059479457006,0
52.31940564886908,402.54310484147317,37.96265040671594,0.0,0.6985869673274463,1
52.94850356037511,206.18486163251487,48.61297313629702,1.0,0.6957937931654208,1
34.73627001899039,260.94244647921096,8.030288686130994,1.0,0.5063940732763974,1
56.776176277332524,262.31755538363603,17.811764892981255,1.0,0.619571196705825,1
32.55560670833248,0.26790975505573966,35.983462490595166,0.0,0.23139346398720761,0
52.866006730452796,307.45440951542537,5.30786978303992,0.0,0.5726106401348496,1
28.22204617903409,697.6121624666881,6.5704697582284055,0.0,0.4483660089679792,0
15.952249656342515,394.55146437729786,47.540133069019674,0.0,0.46180900006234293,0
29.920226983977628,646.0156646535579,58.58562029058662,0.0,0.6034106946075377,1
9.658178811427087,630.9179664295323,14.92709561299684,0.0,0.22834921828171556,0
22.84427030378946,660.6260631342429,42.31800624700052,0.0,0.5731787150524735,1
13.766759416753798,37.764312426174925,0.47615654397558993,1.0,0.20398663118479174,0
27.166276813992805,446.16600878120045,11.869357560710565,1.0,0.42642438796694787,0
5.542610075548549,722.8161712111371,47.84412529661444,1.0,0.5001640277470767,1
26.078053981944933,628.7185340741956,7.604242415389444,0.0,0.3069570063260265,0
34.21450798961306,651.7578607547955,47.297723967788066,0.0,0.6086481598333303,1
59.37514718589138,884.547991245266,38.9890204098333,0.0,0.7621447798495548,1
59.81847562409859,72.90477101782199,30.216196958133064,0.0,0.5595433824924548,1
39.535438014275904,434.96393164336524,34.59213696846275,1.0,0.6542978790529894,1
27.282044156791503,363.7025601907691,24.575167138546096,0.0,0.49475316508515593,0
44.96384457550214,177.33542483998167,34.86512144590168,1.0,0.7308778091181611,1
55.334459202976035,191.8459305707128,5.786300711548358,0.0,0.3443416092291026,0
41.46137426838376,145.17699291010237,29.603809015617696,1.0,0.604173367871511,1
11.483513267406618,273.8352399873456,19.346140203274377,1.0,0.4109391571995614,0
36.54472344794272,31.022347326513945,16.82146368034189,0.0,0.2930357426322957,0
29.887735830319787,632.3866218863328,4.323179574154537,0.0,0.265225861234587,0
54.934132693085104,845.5766494873492,20.995659996437848,1.0,0.7194400430738469,1
39.96613358769984,420.40205952363016,44.29080063457575,0.0,0.5094016203251285,1
58.20134578016879,187.36862817894772,53.53074956243794,1.0,0.7538179791477378,1
2.7807535679948048,351.35778646462916,47.80084281118109,1.0,0.2894855276871299,0
41.89455707459821,304.7834791545308,33.65000965377765,1.0,0.549900963948348,1
13.047380041336275,253.05708127653367,50.92350454395774,0.0,0.3593444571122767,0
28.068521193203523,800.1955057259264,51.66395130653424,1.0,0.5755211989102265,1
50.63849031318087,812.2793401887369,37.26243818225426,0.0,0.7477597891356093,1
59.709553489655576,857.3131555422636,17.19527328755048,0.0,0.6655064979379307,1
13.327094944085477,223.99038556183473,17.698374427442914,0.0,0.27125714234460396,0
51.647559959778,737.6660017905502,50.45550895283675,1.0,0.815181337104412,1
7.887889788766557,609.524340430167,8.681582457601833,1.0,0.34938803813909053,0
18.320458826228197,877.0608149587775,54.272476696013776,0.0,0.6180602479949991,1
13.058792960792422,191.35225969975698,29.29684571524693,0.0,0.15787201650483101,0
58.70072071589818,202.85214892506977,33.34038235640439,0.0,0.5626634609214858,1
6.390644253690079,309.8315181357814,54.27690103872375,1.0,0.40785579970714714,0
48.10143499462461,30.009477051674615,46.15714331252137,1.0,0.5819604095220368,1
31.41300979434258,759.939604706929,23.36654920152292,1.0,0.6125338326636818,1
43.26758416097385,576.4895503916944,45.731702049550435,1.0,0.7409236777843679,1
5.209396456366042,231.08099166162748,44.134506714551,1.0,0.3674220287309054,0
27.6853722876859,466.2864207410459,58.29886139059244,1.0,0.6213886652587313,1
33.2552102211526,303.01521769749536,38.67225692028344,0.0,0.5218746610239671,1
17.47010624886135,544.8265010250034,32.75510975545717,1.0,0.6221978418069554,1
39.0197951021848,573.0027003478957,11.401013356818947,1.0,0.5737057559337709,1
4.99348288511084,239.1631997472438,59.74713652835983,1.0,0.5770737856806556,1
4.828542486720306,495.20693873758006,44.586394795253504,0.0,0.2888981619986021,0
39.12432963300272,395.3578834737482,14.745415407939488,0.0,0.3778170834366201,0
15.840524873982877,473.94807866082834,39.723490143415795,1.0,0.5630430955018813,1
51.50591874621158,185.35661635350712,25.38530733974203,1.0,0.5920810249860995,1
33.93261327629409,215.92202057766835,25.53251117491573,0.0,0.3985683713507981,0
52.876367633565096,695.1818852508165,17.009588217055956,0.0,0.6912499532036744,1
51.00000515904565,699.6726112519653,8.3453603624268,0.0,0.47432945755486844,0
42.360503230585486,283.9099455022031,36.04256050500868,0.0,0.5126032306159808,1
58.86674218157975,231.2626508793189,58.24059433443818,0.0,0.725654499414423,1
14.793387332000217,106.74796211821477,2.289796153193413,1.0,0.18608978062809262,0
33.73314569888305,646.7412273688121,19.831249298482984,0.0,0.571962934066059,1
7.745724997818639,711.1738236773549,41.951637887396025,0.0,0.360992215106038,0
42.65503573260463,433.5226409603092,14.704069274538398,1.0,0.4788749248880449,0
49.20864039661106,330.02646558378194,29.34728574881331,0.0,0.49114357867948444,0
53.72971919112396,101.54942666375133,52.43927860211989,1.0,0.8408073293802478,1
31.77991119190083,294.1493476940858,12.189799151279475,0.0,0.31636458488862906,0
55.57237095822499,494.32725178756175,16.093222351764794,1.0,0.7290605694793733,1
22.868255230350247,807.059838219551,33.48249114097409,1.0,0.6543975454298087,1
21.263582347961304,868.7644931191602,17.54677495899501,0.0,0.4014050771212783,0
44.06643354564748,489.6024710778227,23.772975658348585,0.0,0.47818467162770983,0
55.163928532865604,450.2368271704322,25.399948127050518,1.0,0.7396996025739702,1
4.811173115100225,417.89001894884586,7.784571892750758,0.0,0.061967909151481274,0
30.553963391248097,42.485997948967515,44.27745743160327,0.0,0.38244507847470777,0
26.788019937355713,323.7871855629739,0.29374896878983536,0.0,0.13292196931632883,0
1.9882318734190063,422.3990070755212,53.03472149048549,0.0,0.3265494685299253,0
6.629589385922177,178.37567937579382,2.514747696447479,0.0,0.1308949286697262,0
49.225720010217735,349.8660563856759,35.038798933650035,0.0,0.5699374813257945,1
56.79448945964876,290.83146805868415,22.988624337900777,1.0,0.6958572189035073,1
34.20864899140175,20.030568847684982,59.00804006616325,0.0,0.4775072670314199,0
14.431826500595207,889.4387126087712,16.733004424683003,1.0,0.45740539090915683,0
58.78135871734704,479.23439036947923,53.22677207644457,1.0,0.8895137361272161,1
25.395246446223982,520.9439224269614,1.9267792935780625,1.0,0.36669526381075196,0
7.993406724941112,456.5310396641279,46.24614422792725,0.0,0.3042217600652882,0
47.26690601812352,817.2719478282756,6.153465707645783,1.0,0.6225893018307576,1
41.99035642564218,550.8658664198831,13.354042631365832,0.0,0.4018514995326241,0
41.421556183837936,351.80323776477064,32.43759549781204,0.0,0.5801710038802661,1
23.022953639664014,250.3943578934067,6.116491783858075,1.0,0.38874523365012015,0
16.934108232600728,182.44582865046505,35.684522993163824,1.0,0.4016390603290541,0
13.725888231072734,559.8854800898486,40.17889357244524,0.0,0.4725732907760729,0
36.15784544713416,812.077526444482,33.79032973479956,0.0,0.6537800121078904,1
18.825173550218548,747.7460410827426,50.8551612620891,0.0,0.5220699991135145,1
43.574943602813654,67.49394843009267,42.502160173391246,1.0,0.5519115590698139,1
54.84685493845371,867.4433800685283,0.7217395419694772,1.0,0.5891667282708849,1
50.75427198030725,596.6904839645989,59.68733104791325,0.0,0.7580768318865859,1
2.0616403450616083,255.4460654832818,50.09429195091861,1.0,0.3782890249192833,0
38.80353790909142,344.0611371881275,53.21299732075928,1.0,0.7741172078121009,1
3.1082914046216836,582.1430310927713,5.104742351501834,0.0,0.13331472399700856,0
17.826512618199324,637.1802860220159,3.8639487874192846,0.0,0.1915128012344992,0
17.90296861006661,172.4005717243551,27.781587190882767,0.0,0.24578576490597548,0
33.33441822567019,197.43997095807825,24.373772193510653,1.0,0.5259180790086911,1
2.603861689129876,628.8098938974233,54.42126276485732,1.0,0.5063557876873301,1
13.78039119656786,206.68434040357744,10.951972989053807,1.0,0.11634538127756677,0
56.05941448670394,336.1455727988745,59.3572586415868,1.0,0.714756309437027,1
1.7821640622277735,357.10448501793206,53.968621881410485,1.0,0.502303683272693,1
20.65819657573868,734.7935072645638,7.550986359916159,0.0,0.37991667608837315,0
29.412531102214178,462.6023353752107,16.548265374398817,0.0,0.49157640930787516,0
6.523732867449028,474.6150026667951,59.519133950914345,0.0,0.3366128085890715,0
17.509792399822388,283.487089065544,31.787373452702333,0.0,0.4792385188791084,0
37.46525573937022,534.1565059588935,4.022162830563749,0.0,0.4225213025853618,0
19.827926258069592,616.094848311163,11.546204063007785,0.0,0.37692936134926147,0
33.486682852022525,399.00938997168595,23.671713237861336,0.0,0.3515812851957233,0
56.64501692168953,461.98932266693924,39.219936492296696,1.0,0.7752862628900223,1
5.78621215739097,385.68403373444033,3.065363839557791,1.0,0.32842256295366556,0
40.26170169044959,195.35555359953736,55.119902014021235,0.0,0.6183661414144843,1
1.483179639112575,870.0292328431666,59.926353432095326,1.0,0.6196721327042036,1
23.375890643527732,668.2948726434851,11.79174125849228,1.0,0.5764944676774627,1
43.08663550344094,753.4893259626615,35.90283310486431,0.0,0.5876917277621067,1
57.388565720353036,534.7106199863692,27.672250112818414,0.0,0.67222737098827,1
27.78372839023738,259.2950866972945,46.29052327432332,0.0,0.4889659098267656,0
37.751428448820846,16.12452341159908,57.268318837678784,1.0,0.7244457185913605,1
29.26631933170203,860.8303216463886,44.84666585439216,1.0,0.7702229506678197,1
7.114498572248862,874.9944939390531,38.96660812610872,0.0,0.4807673663259937,0
5.404726434662348,204.64790738936819,5.864507502721354,1.0,0.08820017418111933,0
33.35559466203161,541.3774146350261,17.74988644634797,0.0,0.4278359336794702,0
52.46378063255175,163.86003114356706,0.4969278803425925,1.0,0.5196382870501213,1
15.380090429780475,390.0832552279944,40.739107862013924,1.0,0.5154351610694619,1
44.844943414047435,443.5536476350773,11.522523010266998,0.0,0.24123866134715968,0
37.68136867225951,491.06315864360425,41.932165464851515,1.0,0.5886474137872105,1
20.2084474849012,289.9766644175995,38.93876827100429,0.0,0.42939598305599164,0
39.42874171524195,94.24871027292531,35.17039575896162,0.0,0.5193530881508833,1
3.8318944226942198,750.7015393062695,17.830724165799055,1.0,0.4133086739280164,0
15.28902845754259,872.2283879298305,33.93285623203614,1.0,0.5000911364482951,1
22.884518456568543,620.0578666307076,28.153575671287264,1.0,0.5796012537652404,1
38.52682168750041,444.9991535496466,1.316328658717063,1.0,0.526750123609713,1
2.1727969321670715,213.1593730184372,44.94023555489648,1.0,0.4020765912041099,0
2.540683574915965,682.8277852023797,56.92020574888345,1.0,0.5280774087140603,1
55.62224039322422,467.547773031275,39.83177351433448,1.0,0.7825010825605092,1
31.770616525611988,549.7359208504189,45.89884274823755,0.0,0.6336873461775749,1
53.80069633502218,79.78311773797437,21.551980194572014,0.0,0.38456345117437074,0
59.80822028810916,430.43473496649875,29.520453598133514,0.0,0.6069393034930186,1
10.001446083782511,634.5641193704125,18.490616220388798,1.0,0.5228109190952486,1
22.65321397257808,640.3853476638369,35.035637417354934,0.0,0.5144858870239912,1
59.19700477877191,118.584853979513,12.306978087503174,1.0,0.670130756559757,1
0.4596512866259128,203.88671072420195,25.326853838689427,0.0,0.31452365445434466,0
58.93482540839878,473.5562469178651,27.28949003610105,1.0,0.8330306817943901,1
59.98228585935259,661.0399067464024,59.36811207995753,0.0,0.8338765307013427,1
45.28867300200858,530.6686441275486,31.861653919387066,0.0,0.5068096675321939,1
23.365926092983464,894.9654118280023,3.8403326414335615,1.0,0.47006481914177584,0
40.61546070194692,467.743976228797,28.661798908344306,1.0,0.5953901394310858,1
1.249710582096859,885.1156281624726,50.022070995695174,0.0,0.3320098232703978,0
21.126191686661077,200.79449428201852,58.10577396262354,0.0,0.5035820535480411,1
2.160042697031479,628.6724728341305,15.056318976816135,1.0,0.2636212181497323,0
25.66364699957389,154.25204104635625,44.392169952634276,0.0,0.5100329426334865,1
41.01134777704231,182.10246044792115,9.612303979245763,0.0,0.3999881648574695,0
1.1925986737071836,830.8488403017636,45.45354358025044,1.0,0.5648609055048289,1
53.73497482899463,786.2259593301717,22.152737837229274,1.0,0.7152760354327424,1
5.343649266436319,47.286536237661004,36.86480611398153,1.0,0.24955688009315496,0
14.197895274090378,186.7162571981262,46.56218150245048,0.0,0.2647011575751489,0
23.356446245861314,164.39400162231632,46.262323380545176,0.0,0.3563764643051382,0
6.717954329489886,80.789118858669,26.32117461287085,0.0,0.16193428950225813,0
44.88751607771526,840.4192086319705,0.6606125669865692,1.0,0.6564830808410487,1
40.774570962663546,552.0471115196714,41.97607628557266,0.0,0.44669154547500783,0
35.37310679408117,286.383479320538,23.25223337646996,0.0,0.4120436663596019,0
25.765834205205486,540.3301375965202,54.08727202938851,1.0,0.7165693724959035,1
35.730272984160514,873.2464071921295,2.7210942785916603,1.0,0.369369276496629,0
22.556739793518407,683.0800379302167,46.24961589987258,0.0,0.4782586423908689,0
39.94803187992122,695.8020165853721,19.36912324841783,1.0,0.6263380521969492,1
53.694939826518606,42.961525798547676,24.670066834441002,1.0,0.5119055959940402,1
46.38930628262747,571.0684405223652,17.796922902190996,1.0,0.6246297864713442,1
21.99754616264961,329.76907799880286,1.098493853960092,1.0,0.3160417413408893,0
53.13860241523292,97.05302077290791,54.749847246626366,0.0,0.7158020614623736,1
18.73336953609961,650.1564495441936,38.05766169095567,1.0,0.4773616469071155,0
40.766372160324885,243.701606209877,27.51183938391179,1.0,0.6341501716486185,1
44.364820092639626,260.09912248242335,28.93967543692755,0.0,0.4623522933410508,0
24.676821869949435,359.2269186985211,53.91666187783244,0.0,0.4472594453287986,0
51.649609635769814,119.01441249649697,52.98664238837275,0.0,0.6052053770276361,1
58.414343044102836,838.159374576185,21.3769208064754,0.0,0.7619628204994033,1
7.208692670867183,23.297061491636526,2.63722161087111,0.0,0.10415653831642394,0
2.732915827493261,629.1957846590286,47.28681309679812,1.0,0.46127351885763496,0
17.625039787921075,635.8696690969618,44.84921809541185,1.0,0.44393662322499156,0
1.5760125349161846,624.3022515657627,41.50804045866841,0.0,0.3467751174032169,0
59.22489118126125,602.1073233488013,48.29896629534714,1.0,0.8463403375568591,1
16.14564793885922,455.31529633241837,34.54468384181699,1.0,0.47219718861251436,0
9.39194399883442,298.01991992608123,34.18592992266721,0.0,0.25387465935203535,0
35.14156407823669,791.637987954257,54.303213532254006,1.0,0.7940083868600052,1
57.323285885987914,461.3253506327029,5.595760862804918,1.0,0.6523582729015676,1
52.35362396605728,197.2879008165117,39.49624811853031,1.0,0.6691058574346973,1
52.528846022902286,414.73484897405353,46.24108054507157,1.0,0.7537616347239722,1
11.865664367781134,414.6022175014119,53.47061710666507,1.0,0.5596761507083879,1
16.088129209451537,108.56617042288771,18.422935229223587,1.0,0.33553932025328137,0
5.291396883268034,541.1033109822436,0.09162604236832905,0.0,0.16473536326502744,0
41.90682783166959,842.0310580201982,46.26604220233424,0.0,0.7544735842950812,1
21.355549654626767,639.762365532205,32.056176599455604,0.0,0.4284501785151716,0
39.78357400687977,612.1550491305842,12.348585519832904,0.0,0.5115788837303645,1
1.9904924629395016,103.97026872168988,34.89066569058725,0.0,0.36695771941889377,0
44.51774476179142,653.9367385057691,30.340846575707793,0.0,0.5618255514341336,1
7.711984453855186,765.4997460252904,0.7420543952902703,1.0,0.30584870562323513,0
59.25907485955335,589.7309240738672,41.45726104514041,1.0,0.8635577948084613,1
16.11952170106926,461.855410842238,14.127392294565574,1.0,0.44063545601170123,0
29.30951735800095,601.8660790589328,53.81783316557871,1.0,0.8087428553667061,1
49.28982861662917,198.59090893272872,57.39493947234532,1.0,0.7178199860261228,1
37.886675747322414,121.16466543182935,32.68936893728032,0.0,0.3857908398164225,0
4.850635138054368,93.56804158758085,8.388163972064362,1.0,0.19294631990644923,0
55.53890969229758,65.18243885767036,58.115744339627234,1.0,0.8782226968302528,1
44.100882801646186,769.9180321018177,41.10060106204724,1.0,0.7017510704115489,1
45.21269871999489,777.2150462575553,53.3835293432802,1.0,0.8530203595498703,1
30.678850639545395,396.2578905596715,9.066243745122101,1.0,0.5284359134627027,1
9.864126368976303,310.4776639468808,46.20416822105796,1.0,0.5244144173953141,1
39.317789907103595,278.4647323901337,22.31918874202742,0.0,0.3529061935836918,0
18.652687485970084,163.78161097546246,25.190413522762924,0.0,0.25208842430801826,0
49.99215281650716,580.6902951148214,6.7280058781129215,0.0,0.6000643996724114,1
19.70066969105604,323.22627979005586,40.781901317852444,1.0,0.5042433362856028,1
40.222082168215394,64.72994573286192,56.824992477827564,1.0,0.8085272117108097,1
32.48712598295804,278.0986966740182,6.144183776663031,0.0,0.2265691015388278,0
9.225624139677983,665.825814716584,10.219617544262714,0.0,0.20982684683402814,0
40.950422761690255,247.20343969899898,39.56001280829467,1.0,0.39295774879221257,0
58.16967867482682,686.3845163701928,31.790394817716322,0.0,0.7329199138309717,1
3.58754463368842,257.5018446441511,15.489386544696144,0.0,0.08562181196653937,0
35.26249449936295,481.58894215183847,30.61756291129058,1.0,0.49313346559475757,0
38.8660248052465,432.60679609475807,25.97858909304103,1.0,0.5551006554170044,1
50.32404886083519,291.1004101870199,6.373481782412296,0.0,0.44690675778560707,0
19.088219448804878,771.755538249425,28.070203344827437,0.0,0.35059065088754526,0
49.79087375435807,789.9758217372026,47.244456593438805,0.0,0.8169164795318374,1
44.44721427187405,511.68822128882204,2.6775812330447857,0.0,0.4261266997642176,0
11.446766001854485,122.64530060282205,8.196368575952341,0.0,0.2538619314706987,0
44.77747825297288,384.34392031184694,0.3372887863655305,0.0,0.42384937837713943,0
26.90522940950562,5.499682049244036,7.405323341464481,0.0,0.11072985098998735,0
12.250646800276607,493.12341013269764,12.832334400890844,1.0,0.32754671646117034,0
14.577621091181232,311.18223501176277,1.945096316098316,0.0,0.2317232822460493,0
20.077300603775306,833.655877080249,33.055427020600305,0.0,0.4236426438267434,0
44.339061844397285,299.74275132454983,34.36316867001186,1.0,0.6878943998515265,1
9.17677812768704,27.72119867319075,40.83344342482184,0.0,0.3044271374437024,0
38.57091354587805,701.9866177990338,11.143284083746991,1.0,0.5797438651523341,1
48.975126607397875,812.9841902819697,12.294602617603816,1.0,0.7280700375317639,1
31.08411915188316,465.80322821380366,27.31045119670452,1.0,0.4605967581997105,0
54.4872906369769,619.3262666196573,41.98895162944899,0.0,0.6764446363932062,1
43.161276696544256,837.2153313017626,21.73870199962081,0.0,0.5900359746556084,1
30.93661284327454,537.8671725492638,10.889684440702933,0.0,0.31197670863719595,0
57.994036009418025,211.89291452809113,26.69512608191029,0.0,0.539807569288172,1
33.03881473884563,553.743490700874,11.390041230954829,0.0,0.37731421439385454,0
8.908163565113838,790.2274048544967,19.29270609729525,1.0,0.4314123254668395,0
12.866448262390302,66.7541452761205,4.811103250885244,0.0,0.09153632558388042,0
49.419034019969104,498.8724747221401,38.07562582747245,0.0,0.7354199207912395,1
51.30926122745767,629.2888850031436,48.08101848897876,1.0,0.7087234544919729,1
23.64073208109162,72.28620489969835,12.559404636557536,0.0,0.2360690648385602,0
21.60387227326649,520.431377168581,11.065243188342551,0.0,0.27775014239966367,0
12.359641991018703,105.18907669642557,31.645640069834386,0.0,0.33416816761958823,0
50.80692459213757,67.17492090976846,41.788593531091905,0.0,0.539379705905395,1
59.2023438994236,758.8840906553165,37.09518186100481,0.0,0.8486760650290671,1
56.39967292987438,749.9984758050902,42.40117446086991,0.0,0.806239793852754,1
26.57561276584435,43.18262958279022,4.710780394750036,0.0,0.313178708424046,0
53.55427934043513,424.5649797179538,5.361067391247438,1.0,0.6580894575264762,1
12.157500499626098,18.722160640696895,11.21129922988622,1.0,0.24563414260718913,0
4.250766196269189,408.4666634367909,49.33006882719359,1.0,0.5442191801108904,1
33.645376719909045,196.04758818919342,21.360311478332477,0.0,0.40452651288115565,0
20.663423518391888,306.2582103553607,52.96595403851256,1.0,0.5988494179188983,1
28.82882212251211,403.19208225733985,6.351445362513742,1.0,0.5593591022087261,1
4.352810537291038,766.734673817814,15.54728044622195,1.0,0.3327764054132003,0
10.456058297150522,345.9576516548875,50.81777396783899,1.0,0.5579049114201233,1
29.313208225735355,771.3078631667642,16.12438498522754,0.0,0.4104627403904231,0
30.38248794197324,331.4915302359494,22.082618692827754,0.0,0.29513829273290454,0
42.912002667084586,274.1036152356358,11.830793359317218,0.0,0.45280109512673206,0
44.303278381909024,557.6832485861268,27.912766555069343,0.0,0.5752222420057445,1
23.076740520682332,9.477195505639513,45.80853616456498,0.0,0.4285064599225065,0
27.09011458151584,119.06976039713054,26.499308296905077,1.0,0.44674563934433853,0
16.913333348357035,85.00951120879056,25.351309535000276,1.0,0.3419996573562241,0
9.349510451932133,565.0505638432304,35.10071966217944,0.0,0.3791757836631005,0
24.09259012706651,555.3166333396911,56.08707213147863,1.0,0.6134057343253142,1
34.885176345017186,178.41744942366887,32.47479207257228,0.0,0.4994327576142224,1
59.869826509753395,341.41083521055435,38.52456182401033,0.0,0.6606153930155753,1
44.36865501881911,376.2414677362763,54.34987612748789,1.0,0.8455591218955557,1
48.690596111509365,210.01710812262962,15.740967737369465,0.0,0.5244037791547959,1
49.520313302024704,383.2077258450938,8.318117404665525,1.0,0.5391353044567089,1
55.99336599454608,696.2497601915969,53.061895410813584,1.0,0.7950028757850999,1
55.10021315619573,208.46261179139123,15.273328632129212,1.0,0.747209086865388,1
10.61899132033303,520.7218960574096,37.0503401476549,1.0,0.5033910289082143,1
19.082088491628117,858.5375221031949,26.48297724511561,1.0,0.6435952515617179,1
15.99621920827297,746.5395889400004,3.7213988884109583,1.0,0.2801363790182394,0
48.18108884483755,294.24846188267065,7.708378806768663,1.0,0.40488653005604813,0
29.219409684064413,442.2314758719036,9.962192203340132,0.0,0.4454200082061603,0
56.71903065373104,108.88252206012461,10.801055858982629,1.0,0.5948733169195428,1
34.387040355341455,751.1790306271006,44.62955851962136,0.0,0.6082094384023871,1
1.694341111754456,401.7957809024757,36.48503215642995,1.0,0.37866048376521627,0
14.548638337166416,891.7151383987946,45.09495495038422,1.0,0.701263319706444,1
24.186180049595208,829.2109230560284,50.22505725902823,0.0,0.5508274825391045,1
8.032845340311958,238.66212479309934,36.53722573478356,0.0,0.3705255433229861,0
33.68963730488898,728.1687498556099,24.92998759499724,0.0,0.3949422808750063,0
2.8333318083390324,558.9931163300951,57.207844660330345,0.0,0.4009588885941619,0
14.604856736803317,302.46178668499533,26.051860745861582,0.0,0.2438586144491298,0
0.7052238321356685,220.4633928903521,6.665623719460059,1.0,0.10008776865047966,0
7.165992293245543,0.07400414564151525,6.441290318698865,1.0,0.14310597338777642,0
42.395501158876854,7.629791789212915,39.349948743887865,0.0,0.4190339637494693,0
30.19388518717736,595.2429301502165,59.85119886610006,1.0,0.7598473555585097,1
57.525543006018914,396.6944674319267,19.07241730219148,0.0,0.5979764410359047,1
7.921873698130977,333.82170014073745,52.69628077239486,1.0,0.5189001582273977,1
11.412205208250315,195.44816708888098,37.396495329956075,1.0,0.454676773022589,0
3.6434096556369777,760.3197913282377,20.12883388250004,0.0,0.20573953772946807,0
11.94363186752863,211.003512989746,52.97364808377484,0.0,0.4047306664159861,0
17.699305850870186,495.8996655989354,5.2544305816878385,1.0,0.4172209762347298,0
25.773684721259713,184.9744767283107,19.172154275681663,1.0,0.3659804520603425,0
14.948340216394516,302.7356653129107,18.67588813824102,0.0,0.2713519892236329,0
10.197446206172287,687.5951065323202,42.76384507059174,0.0,0.4352168747052685,0
22.807366247603277,784.743622877729,21.142844670262978,1.0,0.5719117491959661,1
3.0281629174161773,189.89924483034426,16.847575213857795,0.0,0.12173237916704698,0
49.4175840716724,166.8403667160588,53.79673120753359,1.0,0.658173118897088,1
34.21140031022221,598.7296333966141,21.643445895141284,1.0,0.49201228997903745,0
30.55134250050528,753.8580024774509,40.00564582011034,0.0,0.5002297744092213,1
27.98739657156557,111.10582558872893,17.17239002952543,1.0,0.45047730470790626,0
33.31231107464258,628.9571320558593,39.29442377428751,0.0,0.5581074205902316,1
59.607015375929926,42.4010323080971,20.08066352864716,0.0,0.4893267747185248,0
22.97000646664401,127.80290121461556,17.636601936921544,1.0,0.46631802077197226,0
34.07889166463641,874.1555770797404,59.46537235699628,0.0,0.719688604879039,1
12.560204263410702,60.3799075025264,23.016951093648014,1.0,0.1630980479548418,0
23.682712533744258,373.59270155868455,47.1676102116954,0.0,0.45128231385605766,0
5.6881950806023855,283.5037904591509,31.559273928804036,1.0,0.3345976696050351,0
51.91476407699252,535.4699134126827,0.7633196818290111,1.0,0.47443409702486283,0
40.81865667036918,485.1558504949779,39.19071495446111,1.0,0.6474655785150187,1
46.119046412615674,568.8209236261387,20.28274430989864,1.0,0.6333438778023203,1
45.72241996994541,519.144769827231,27.763368281702153,0.0,0.6837456095125984,1
8.020011476100192,203.58578238744133,23.924019241892548,0.0,0.24311555510009636,0
38.12269548314244,381.97374513902184,4.1585975343466846,0.0,0.31571010928728005,0
8.803134544823578,130.6314527958596,51.90412410976111,1.0,0.3537251587213143,0
37.088345257135956,106.2731252188015,5.017149495503044,0.0,0.4165488221087036,0
8.034268484582414,74.15298914692494,59.92942701837095,1.0,0.47411011681728576,0
9.462512890799555,878.5254399167443,30.522036727837094,1.0,0.5445517236710906,1
7.427132341245923,675.3318822765341,2.552277621707788,0.0,0.129094330830943,0
32.231436697136246,158.688143920193,44.63705098976745,0.0,0.5680810598786998,1
7.081088462192171,437.1075891143022,48.780110054374894,1.0,0.5669494487503,1
21.847758378762116,0.7638085116266513,35.646174323134424,0.0,0.4125527358966139,0
25.498219279919716,598.9923076521902,44.55060534622203,0.0,0.5092049232050949,1
59.244086321995,263.3357378696098,54.49895203107432,0.0,0.7992070533136935,1
46.83256532531295,782.5760012031486,54.03051789945857,1.0,0.8275306058924391,1
35.103254040852825,592.6065657684696,9.29883059540601,1.0,0.515327350407539,1
43.967707090033734,822.6289490637125,4.015851292082544,1.0,0.5048653636002051,1
0.6671897785126779,801.1014029616656,5.039161323432484,1.0,0.3912324049406299,0
22.097342487314947,492.7507176186285,17.708367273287205,1.0,0.27939795601455114,0
17.214621268336632,103.42708065206354,44.45738382716807,1.0,0.4326147025050147,0
39.66875601807939,404.3397133835956,48.80453722801482,1.0,0.6477542069890594,1
7.7726162743772065,110.35489288293422,59.22571128324547,0.0,0.5200779448023065,1
56.686148485578194,76.82396116856982,52.98121236047214,0.0,0.753603372620151,1
19.441109271878144,654.2837698532122,13.659418986129118,0.0,0.33204849414164883,0
52.39825747879074,879.7678697208523,46.73004239264971,1.0,0.7788782945291707,1
50.97187693783604,887.1231282606788,20.66780623255763,1.0,0.7778676968501941,1
27.996337156275914,766.384315675396,57.04836798918579,0.0,0.5931767016237157,1
0.15259519366734198,597.1809637608789,34.71299639510907,0.0,0.27387509661706666,0
7.153138336638342,786.6489094775733,45.87030556511787,0.0,0.4184966009978532,0
23.181989086315028,735.5580802249636,37.390956859098246,0.0,0.6135286869695128,1
44.28276820561192,737.43804040338,36.31261996238917,1.0,0.7444075302251655,1
28.59549149652786,643.7295440610429,15.153674224562117,0.0,0.36195190697628393,0
56.226679034842896,514.5902907679366,23.451486953775223,1.0,0.7769526509562773,1
54.367202672173605,359.83772298647165,38.75541125226249,1.0,0.8051257714823375,1
19.534240364648767,170.12806711904736,19.431683872704365,1.0,0.45267778466765274,0
59.34728345095742,567.1201591168459,52.13235715637039,0.0,0.8503415743895137,1
31.68030544055762,417.28656987596173,55.78700546455727,1.0,0.827119916666842,1
4.435823896981564,881.7377159482467,18.680191499808373,1.0,0.36115100037720355,0
2.1997886730656657,809.297177448094,26.33939130607476,0.0,0.3065177981695163,0
22.084453752606088,880.4857015191251,37.046293695326334,1.0,0.7151154587085174,1
24.90261017694303,140.28449748621958,24.401388267598737,0.0,0.3785178311320778,0
10.833551081377324,715.2997087624035,27.427185224537112,1.0,0.48030197564262195,0
54.017046433118644,59.218009234815675,21.59904281046843,1.0,0.628895754492038,1
18.558868084103942,90.14547555594235,15.95310496410084,0.0,0.2728188017737312,0
46.37021552024805,144.92508932440666,52.15275572350956,1.0,0.6078520745901058,1
13.050473824584557,620.0333807939819,41.131824047092486,0.0,0.4533003880442621,0
26.05843118614878,633.9768538878412,41.027808068732845,1.0,0.5901097907296166,1
22.96736227904952,398.8722316806736,20.13836860822577,0.0,0.3289784669404299,0
45.993276194075676,253.70370220126134,45.66993603923419,1.0,0.7989712640328275,1
21.940395060252786,122.18425334573598,13.709130796856094,0.0,0.22117332680715426,0
13.353604165077488,78.02485706276502,59.02092790928941,0.0,0.45137239753311814,0
50.2438180848571,347.6054440690785,6.599491040852785,0.0,0.4428460333163952,0
39.00735611351056,145.915580382314,18.52097422579602,0.0,0.35705373439609067,0
10.202574520125482,201.59777501664144,20.27584599408542,0.0,0.16939078008716268,0
14.27503770518991,186.9899047451302,54.635887567927426,1.0,0.40054335793655843,0
5.933801143188981,690.7144300186599,35.82318567492191,1.0,0.4575509093699022,0
49.993206795270204,40.347376017215296,57.19387501682929,0.0,0.605383197768697,1
25.142134351552087,99.4172744413189,21.267989039825355,1.0,0.39228413078871477,0
49.8366709666093,171.94719857696512,42.36514090128057,1.0,0.6093123555352251,1
35.01804466505071,442.4228940462174,10.57509534826649,1.0,0.4566432682186399,0
47.625343403753526,187.33536654309933,26.273773797273275,0.0,0.4159164794557298,0
45.37122694503591,750.2715462017504,7.738179112748034,1.0,0.605951528013733,1
27.95307806847208,339.1273428272324,2.2868362606499026,1.0,0.383171977622041,0
15.368557787161478,659.1503942223221,46.08677049729278,1.0,0.6806885569326157,1
23.420541192953937,272.163641319118,54.25722240984269,0.0,0.5185095298543898,1
31.87800250898927,116.08360950752015,55.84769501728173,1.0,0.6396803771684431,1
59.813802760200005,232.26996247152712,51.170967931999,0.0,0.6696880483949811,1
17.19119895487278,127.57409469943633,43.71618849380043,1.0,0.6059704512042968,1
44.157294320628075,659.6640966281432,27.67509021834531,1.0,0.6509157190387191,1
15.38310579139596,887.9246640154802,43.119143696455026,0.0,0.43074660116565844,0
37.941095751521765,71.97288206956617,23.546133426582248,0.0,0.4649115524813565,0
44.10864812198115,294.3647443778158,57.16315570348232,1.0,0.8420466881394318,1
0.050732909690804906,251.24711110960172,14.448314667933051,0.0,0.10057256364312209,0
43.71067924440586,103.30303221712506,16.03955999389005,1.0,0.6257410637277464,1
52.120358780348646,219.29207678486165,24.056940856337793,1.0,0.5002325241018114,1
54.291162918953994,774.7058825498547,9.03000746513786,0.0,0.5833178523037365,1
52.44539495116301,797.4158779153114,9.874974283740809,1.0,0.6853909540744199,1
22.908011560147536,421.26293074737924,44.6787355487197,0.0,0.5363248962510226,1
8.811327662819759,465.1221013411428,4.726221571692999,0.0,0.09630646336311845,0
20.48102709565181,876.3705478288591,18.331307810733648,1.0,0.5580430556173362,1
52.85344084244558,573.7844600903492,22.742278235052485,0.0,0.6758028011854971,1
40.55706932287953,351.9087633345948,25.195457682934148,0.0,0.45197566372613307,0
30.298732578223703,632.9396853473368,12.023580436057394,1.0,0.577244507802801,1
0.3687459038851637,386.8303981167201,24.140566690638707,1.0,0.30309879068947226,0
4.319470787105251,495.4166327520164,46.91514706253422,0.0,0.4704882031626733,0
33.28977626623095,875.1972946055714,7.584062937778507,0.0,0.38165008500133896,0
52.27918950011882,253.3410412183947,47.30211008909133,0.0,0.6611191395601369,1
36.60623914573726,525.6631049530586,49.457581551185974,0.0,0.3913955360183067,0
21.643807559999814,827.1138463705217,9.571467841096009,0.0,0.35901697519100295,0
0.358889475272437,607.8709030605057,53.900959264521596,0.0,0.3868374047818933,0
12.634560709324045,874.4666317422553,18.94026940377976,0.0,0.4350634175247938,0
36.93112795381867,374.03189718067927,33.25696165433903,0.0,0.3645889147712418,0
17.545954138187458,138.74483635796986,56.10213989286533,1.0,0.5387691479241077,1
32.21397183211705,202.28599417094733,1.84494581465789,1.0,0.400322195434444,0
2.4148363577973186,596.1142215338415,29.400345862404496,1.0,0.5325579342664556,1
32.38791986805196,426.11017494192123,30.74543592408695,0.0,0.4463262241897385,0
27.620369861449383,851.6594978117284,10.123226489677183,1.0,0.4928411855723399,0
1.3231880739350266,274.54414408668623,5.137271617242758,0.0,0.14323668111214477,0
49.2430891348382,470.14677421795034,24.96080568546021,1.0,0.7053827800849567,1
47.22349524153386,383.8276168935413,9.286222422689256,1.0,0.6658357317190327,1
6.907657261464932,79.91246523473377,7.5707524648721165,1.0,0.1418329436922588,0
37.56043551163564,621.2511779738186,36.432495239778994,0.0,0.6943478847667579,1
51.52989870265147,682.8861842037211,49.23378354808989,0.0,0.6476357967156275,1
30.767866423821303,632.5477116350352,44.520688398168545,1.0,0.6855666624368179,1
45.165451446505344,557.8246530089434,20.573062779684616,1.0,0.526949318626907,1
7.37824522241233,686.1841423397648,51.61920258674918,1.0,0.5903651111762078,1
3.5760445387228756,463.5218746711391,38.6137235278288,0.0,0.3622512367159566,0
14.130778863576197,494.1568651060487,11.33092105628256,1.0,0.3548258247925913,0
46.01415695101471,129.99736506584216,7.9459647652303556,1.0,0.43225955015364825,0
17.340662900761647,12.173864003426916,31.30798585343577,1.0,0.335552988316098,0
50.653530023374266,604.6463277687313,47.435709658623054,1.0,0.8585588060556527,1
4.01633292772817,276.3842117797701,30.74539400811675,1.0,0.3178154939029718,0
28.936593675854727,72.22272521448158,13.142696349221396,1.0,0.36982007199894285,0
26.181553691184668,312.5283909015573,9.606233341859856,1.0,0.38829064814093456,0
48.68304825913947,585.7429165280752,3.4041876932580672,0.0,0.5492085951399343,1
40.20608833601218,806.0571073987463,43.23077637919445,1.0,0.7339385247880399,1
44.58511808317577,678.357569326673,54.63314639177639,0.0,0.7076989627671896,1
36.432174028028776,728.4414077509435,58.98100477184523,0.0,0.7485830393636309,1
9.481876148842538,264.40579574963454,32.19997873371616,0.0,0.31808531767730297,0
45.64440119251111,189.6923245523543,22.480696312822165,0.0,0.5502298947063582,1
43.18407019783793,10.747324529665303,24.322896150128123,1.0,0.6126337089632814,1
43.87639109358928,863.3892932737342,9.830007462210306,0.0,0.5624817956963227,1
27.586995951828314,882.4667908084855,58.39230641506004,0.0,0.7322506393435108,1
25.423624438314626,320.4833814229759,8.148943389969032,1.0,0.4251039737940325,0
8.843307246413803,312.38045172834575,27.779175655278095,1.0,0.3266401886255083,0
48.920934739864066,609.7218418387221,10.268481745147355,1.0,0.6690681658654785,1
26.10724008082187,772.3664529098758,5.418680165118516,1.0,0.540276969194936,1
57.268967375414185,16.470447759471686,11.209159786182783,0.0,0.4359030713620314,0
16.299844529761973,499.09193627278336,25.51428763632233,0.0,0.48049079307872666,0
29.01350458395658,770.9884242518073,55.14874575697294,1.0,0.49919144998973924,1
21.09531689690947,403.40276293960767,0.1783814804864403,1.0,0.3114799132274959,0
36.44780422772646,787.9702685227646,34.73357647271515,0.0,0.5566018426404696,1
58.02256812786788,486.48292988696005,56.0058358388785,0.0,0.7059104283162037,1
13.341369032124902,375.4413505610116,34.906298507516055,0.0,0.3074516619232214,0
23.107711307829504,549.3729668800966,47.95333875425632,1.0,0.6379296201762055,1
17.71918680763191,771.0382745173554,21.161815201294896,1.0,0.5633745452212794,1
5.6704085711355585,464.1834101600794,47.076358239019314,0.0,0.42877086827523014,0
2.1671404938590677,365.03852811692065,28.608584545242763,0.0,0.1849248983649402,0
59.55911922566475,174.68481338868082,56.4451548548095,0.0,0.7079113333276342,1
19.822062091832397,623.7414257072479,16.74580161392376,0.0,0.3748675348237666,0
42.41872789814854,364.4953328170904,12.421054317121712,0.0,0.5248367407565072,1
46.98108576561652,282.9639928292468,37.839400778686965,0.0,0.5236129376753511,1
38.4531567415012,204.26387332633578,24.01502615905293,0.0,0.4925734908773898,0
15.906766561864972,201.0520363031167,0.6324506324359702,1.0,0.14164746038624587,0
40.24394211669407,313.6370992428261,3.063144163492153,0.0,0.33563843137527544,0
55.249026350592736,663.7320982268295,30.27902478645368,0.0,0.4962996524336847,1
27.46009937524464,719.5744568729959,52.578304491522225,1.0,0.6658294325406912,1
53.50073984752433,146.30002240123818,10.935000094299156,1.0,0.6744141369242845,1
51.67179935033707,707.3358057107599,41.83829867461909,0.0,0.6670996463026835,1
46.29642389625389,607.9107301831751,0.37924116328535984,1.0,0.4766440863547567,0
41.77394311189791,277.339068753192,24.273964603064055,0.0,0.5161199855113864,1
57.54594357282618,275.46680630264274,45.972539524290276,1.0,0.8805325621383447,1
30.07363799382106,856.6459242042413,40.06866092320107,0.0,0.49663171228578445,1
55.17390214815853,486.7001533907669,22.052832094515573,0.0,0.5444728687709303,1
5.281123258927403,785.7307456053902,21.344787884221173,1.0,0.4659615754429647,0
42.54174935596563,434.3717148187631,44.33245993494503,1.0,0.736497546186508,1
7.130965461150913,43.44842651917554,4.245262686869056,1.0,0.22671313443620403,0
22.21125341478753,369.7264992308474,49.44264133642649,1.0,0.6692724828677962,1
35.09768530923772,392.22865079602997,52.55711249641643,1.0,0.6057326066677869,1
41.55477776084094,416.65646933162185,52.98694455247715,0.0,0.6991421510980963,1
40.94667686884514,778.7818587536764,9.336298713207167,1.0,0.8364647888835748,1
10.751849649984123,425.46108434181934,13.558771030495356,0.0,0.20823388747443558,0
5.330138210226149,166.7328758337098,28.777100816142696,1.0,0.27076368648829807,0
8.550245761370672,791.0469949520866,58.139405774481304,1.0,0.6189605951221478,1
37.11440064337426,143.316106493828,39.2695174814961,0.0,0.5833133464237075,1
10.734565230078925,115.27127389311626,54.71944244567731,0.0,0.3494686869151232,0
54.974401570523874,281.4845709198063,58.542185876932976,0.0,0.5958099793029388,1
40.79083787285961,77.88830943127297,55.31481730756695,0.0,0.6165923010563628,1
18.098315705786334,388.13780717336596,1.3839259413323157,1.0,0.4652941262408661,0
37.845514225972806,274.2257592603796,27.94718804782615,1.0,0.6097337900027687,1
4.390939354078858,807.5972754922784,39.25733684195764,1.0,0.47268417479278313,0
36.28255952225978,580.5234099104794,51.214175993979175,0.0,0.6063599870295483,1
9.29975102638501,410.2054018332329,29.03711135126245,1.0,0.4881931117512295,0
37.943817656269985,777.3150268770316,21.98955022005504,0.0,0.4895384403395413,0
16.740834492675123,444.1408753388389,16.069039274246403,1.0,0.3905453388937177,0
33.198674971564,793.321702174777,9.43835136951571,0.0,0.4478616673973034,0
42.137647712767475,542.5994437489719,59.14610686872259,1.0,0.8033679777437025,1
13.182779731183507,459.60851229172744,55.46210929513875,1.0,0.48179481051640316,0
3.493497529395617,662.6298525975467,2.516900311416841,1.0,0.281741964495179,0
8.528181260008296,454.70857735313575,10.74260588252179,1.0,0.2563135578735177,0
50.2575894176279,106.88769712222374,42.04600523238795,1.0,0.5924519479183612,1
57.103482110990505,284.64618077817977,40.20682736557496,1.0,0.8612152334325083,1
34.589344905014684,159.06052255622797,5.220712089475629,0.0,0.3353566806410394,0
5.052593146492352,269.0001470156267,22.514137162711194,0.0,0.18952840536023638,0
35.90749743085062,863.1362103334629,6.366122443824378,1.0,0.49165387424528173,0
20.29546828205283,248.71283590075888,22.021331694814926,0.0,0.21940022706812345,0
10.382895211049878,169.70895908981765,52.51363507313473,0.0,0.30640377435772803,0
44.76040232540368,476.0442428730837,31.10033662955088,0.0,0.4826570952720919,0
51.90656762742576,306.7958390157787,44.577139090140655,0.0,0.7194039695991415,1
32.00515548972427,873.0671013778212,33.800546540455244,1.0,0.6568527194528063,1
34.44437789661773,705.8190062980809,42.45669956387985,1.0,0.7685789252155503,1
56.78549864486524,813.3682003166722,12.813070013336702,0.0,0.5332703080791942,1
0.16798033499340503,235.72853106493545,39.28494125410688,1.0,0.3851721708837973,0
51.39102012538525,205.00401537987966,21.019501722882858,0.0,0.4293175324325478,0
55.75382122616195,343.0297548224064,12.544770869717183,0.0,0.5309310807953701,1
50.91140877901129,618.9604418566212,29.822837850443424,1.0,0.8337307290010397,1
33.060043859283944,160.01534031404557,8.09413444867694,1.0,0.3486831490111163,0
53.46430800950151,654.2647772163028,25.206091956469333,0.0,0.697743116028288,1
29.796377106860106,458.664195075929,48.05895852543466,0.0,0.707560787487789,1
22.061647147588026,472.8843913949118,25.237835769868344,0.0,0.3863342865559564,0
29.89082045902043,691.245220786342,7.962102738993055,0.0,0.3557535115499639,0
2.58979621434112,244.66631971657526,3.964681833706145,0.0,0.06521963489977554,0
1.8034292489061943,682.6993739836965,42.160760224130776,0.0,0.34294593027889236,0
31.12124172975157,86.97751215906982,5.300455539259829,0.0,0.25854441061073796,0
35.38030381476427,838.6686421016033,8.505563782989196,1.0,0.5391573706643427,1
4.161466563482783,795.4728722077903,56.032878788677934,0.0,0.5580603804396215,1
45.80947982047256,730.9876286873905,56.554372861761834,0.0,0.8220471957387925,1
9.007739228431914,237.51858374349263,58.28355907723188,0.0,0.20960479714694447,0
12.789492307829507,476.4128542891077,50.73307117587069,0.0,0.5448306513742809,1
28.56287569435768,854.2057386367044,32.670703868936,1.0,0.6591910007510889,1
46.46581538180382,601.1735210183895,8.037570420287292,1.0,0.44225004021195696,0
29.320683981780697,879.8756850802838,15.66240532783832,1.0,0.5774510568502569,1
54.023000605828464,106.22998754199766,39.27170165514121,1.0,0.778556719182224,1
45.46635926925382,113.51449593218936,11.850936389374866,1.0,0.4611821404554686,0
33.708137959110346,14.497914389088296,56.20592871967332,1.0,0.6435387257283763,1
52.149906742800084,565.1750445849309,37.367652673390985,1.0,0.6903439940326819,1
20.806744918786162,747.4029293016546,12.306415597950231,0.0,0.42149897230477534,0
34.768802151863405,225.91558937202709,32.97629982017123,0.0,0.3383682841334782,0
38.638349687509574,749.3657536916929,31.96866705441797,1.0,0.6107840360742297,1
5.467565111697914,369.43923343399877,50.39223284032029,1.0,0.41320299502562463,0
15.788311325487744,498.69627395066215,43.46920648976041,1.0,0.5700956139296302,1
58.913987274323404,175.772385069815,13.634971716480637,1.0,0.6079005649385558,1
18.33641652593397,23.832575523958145,15.384775979740988,0.0,0.2625734209952321,0
54.56440450026155,480.26594253079605,10.669355334676208,0.0,0.4911446198034827,0
3.0377171358697264,277.5678544442567,2.8603319009975103,0.0,0.03174453939404752,0
14.99168350555024,888.3479864414205,33.853961220109305,1.0,0.7168456689654519,1
13.906938638299453,725.5938312578942,46.47887189976333,1.0,0.5820942115552931,1
0.12489290663705521,883.1214511472294,2.9664863624512994,1.0,0.32814957665746713,0
43.46556941749388,221.65269861696504,36.9451125951709,0.0,0.4411298069984023,0
14.022106960779261,700.7092336897554,56.34612306863622,0.0,0.45832922612924953,0
35.123446511110984,880.7773040769416,47.54096817576169,1.0,0.7887269224548085,1
5.752437169514042,189.56470062654455,45.28456132204932,0.0,0.3422400013498778,0
34.41124771337877,311.9626470011583,22.702970864255786,0.0,0.3392900925639331,0
29.704391317224143,542.5888679371768,37.85947850338789,0.0,0.4577249567374395,0
28.282655332517535,746.7198514887621,22.37698368014655,1.0,0.5549712125451733,1
47.3417428487303,46.60621862686738,15.998385416171574,1.0,0.5841802705280501,1
21.063748818572673,377.82661252456455,43.759602651172365,0.0,0.4194881117148562,0
42.92063701780929,150.8555419294154,7.970893107919328,0.0,0.4762031632261196,0
48.40841637760223,373.40240433966636,39.61002271568648,0.0,0.6580705054271427,1
14.618840778292236,76.5848493413044,7.514756028528266,1.0,0.35497709951053735,0
17.82749879783483,818.3162647755081,20.260281790637492,0.0,0.3956897095187009,0
36.73828502866769,177.00265587849213,49.31285206631261,1.0,0.6470166197490299,1
10.966867292029779,864.75180131607,34.82515075551944,0.0,0.38870099567671723,0
0.30587324937916716,673.085118947748,13.05350415191559,1.0,0.3165408551581167,0
36.476646146117,862.0012576149252,17.5736984682029,0.0,0.5532986786680233,1
42.230146693809544,185.09353069158382,48.33763076780823,0.0,0.48006442694535123,0
6.412682380565899,201.5824186616529,20.8236944496066,1.0,0.262001650300524,0
34.21264285954897,442.63490144361094,39.23498759355193,1.0,0.6298969633478432,1
28.46904806051719,226.22265327996433,52.9990572524884,0.0,0.487336659153807,0
30.6324925855587,639.2103091020689,8.316303302593857,1.0,0.3705619720228966,0
56.18386355757594,57.409876917334145,8.979618847113517,1.0,0.5569844866182063,1
2.5964459935299544,128.6799156473578,6.624991329088028,1.0,0.1680136611078838,0
11.072156246152304,835.2450521223798,49.644668188790774,1.0,0.526448184966329,1
4.946545548978866,221.25523177637083,5.034586760676372,0.0,0.12513761330120687,0
37.165288180865794,784.5227795184953,1.9434088248623826,0.0,0.3871931342764302,0
51.69893776919788,738.7618302642612,54.636524583075804,1.0,0.8452031541089431,1
32.243875035284766,685.6615338232797,21.844871493885737,1.0,0.6659784446883437,1
1.9106498557951923,845.9712526341258,49.850300683451465,0.0,0.3800026616691936,0
30.19284876738664,503.6995840553297,8.377890626782854,0.0,0.4118317197113518,0
6.604652771973667,19.748851445255376,25.04381482053334,1.0,0.28686415649768626,0
5.195752722395275,272.5628398739761,9.838797956961296,1.0,0.27672535329582065,0
18.21188103145214,353.0532919584374,36.881756317996675,1.0,0.49804389872678373,1
51.08001180394966,270.55551902588985,3.728745162576772,1.0,0.5854457693780617,1
41.74985018743357,441.8586442709009,53.31618990701481,1.0,0.7471058324216875,1
59.08457390817522,774.880139781064,18.97749573211818,0.0,0.6155596344154741,1
28.923944113761088,439.0831446606103,39.36186111903092,0.0,0.501574851134212,1
11.169636377573253,800.5637161905912,5.419876012318115,0.0,0.27678342628920755,0
21.78947258024063,21.14642373468888,44.95025938204343,0.0,0.3702002604672058,0
5.066209966550488,21.936605664852294,32.40748242301776,1.0,0.33254363807623105,0
24.014506837611712,405.9044680986622,36.45786996032668,0.0,0.5239676702974946,1
36.16701125332971,462.2730392492028,58.36385196880109,0.0,0.6593469944672219,1
39.384488947211565,211.80087680364045,26.931784237474112,1.0,0.6232244347681642,1
58.2040778185164,284.3638801929139,14.492255572491825,0.0,0.4586687879213905,0
22.69777396051401,822.9368269636382,39.99377749438903,0.0,0.5359286637873723,1
5.250947642805901,809.7204089346169,45.3909371579332,0.0,0.5458262239683535,1
51.80075975291081,137.0568953515597,29.620230735809468,1.0,0.5903191028554944,1
10.485724629328798,867.1184640790261,48.27864881473267,0.0,0.5110390449248163,1
19.4902455638345,515.3290905782372,24.500635705059914,1.0,0.3589674197922437,0
8.595186147017046,511.9226471859778,5.425555384263747,0.0,0.26277401261967037,0
42.61214919036412,80.57201589676247,39.88472109602423,0.0,0.5352204083823725,1
52.97181772701673,102.80380145259022,10.136037087474467,0.0,0.3672855151961015,0
12.652287204094698,82.35165160840737,21.202482227721056,1.0,0.2548498587243767,0
34.75826411622689,269.1024556204913,0.593308512963644,1.0,0.4660902765207494,0
1.4663525960648638,381.7318024965968,54.84713917106423,1.0,0.4161830440177721,0
41.111791184828625,405.2500601749937,51.949675057424045,1.0,0.777964540537034,1
8.691599451551246,894.7537716963936,56.53767813978017,0.0,0.6288642685027988,1
18.76258966828231,758.3693257316729,55.547962120256884,0.0,0.5858621286371812,1
33.171033057986726,73.71654683752318,49.49656510752651,1.0,0.6732188902056376,1
27.654527622607716,387.8923080412529,14.810971132058057,0.0,0.4103145927343952,0
46.46199383315333,687.1995468090859,51.58554977581663,1.0,0.7932642090096728,1
2.000028237831859,601.6443402956622,42.94558414133832,1.0,0.454149984398485,0
12.629955516306659,194.47228434416795,37.43729825092901,1.0,0.4444672953021004,0
11.930622062353773,436.26067880096116,47.04500194698828,1.0,0.6168798107928941,1
23.261976047979637,256.0280791058881,35.85652431713434,1.0,0.36082056860819406,0
50.98197544696463,472.7143877249567,26.943016923780462,0.0,0.5046623700001159,1
57.844835233271496,825.0328834313551,30.265066520096468,0.0,0.657297709305643,1
57.764549366397056,268.3507525644489,6.570715164103054,0.0,0.4370940070943482,0
11.168036790557663,77.27567416873909,25.029858248673165,0.0,0.31880230342186777,0
12.289224898513531,254.7703692689533,30.380544897945303,0.0,0.3753867493355748,0
17.23529677684575,396.5061262902998,24.912205997593905,0.0,0.31444761992588466,0
35.40017200157234,819.606053361331,39.95267826015753,1.0,0.6050874753550927,1
50.09406621747356,638.5672598227515,15.024061263453055,0.0,0.5257995490665772,1
30.517381094488556,77.18545754827792,40.188940403953296,1.0,0.5727834255117021,1
2.2382195023010754,872.9464933385284,11.194110370569923,1.0,0.3746366788013516,0
40.90219549729342,608.8981156324164,17.23537378390794,1.0,0.7775954151833341,1
37.16514400572,491.9488334265196,52.36865303383093,0.0,0.5839095462905917,1
22.66589292685641,490.9464199801535,53.468473434324196,1.0,0.6117265723998344,1
32.15512181028676,159.78247306516056,23.180670265708674,0.0,0.41068450639953114,0
14.391503340524794,544.2342054332067,14.669533744566847,1.0,0.4488862686691528,0
17.99470624682073,85.03254535255353,47.19542485546834,0.0,0.4059423162875153,0
35.205466348409566,861.2958624999432,46.579403799462966,1.0,0.6381525034466724,1
22.254302719687363,84.6695874089599,28.76184489457703,0.0,0.2534305806430947,0
20.536735909925408,419.99168713214056,18.935546354535518,0.0,0.3662589315752555,0
8.620672186107406,198.53233705392952,50.96200926251284,0.0,0.33075467848600437,0
52.60842205743945,696.1816353873078,56.93049751100255,1.0,1.0,1
31.02295280889762,723.8592973223477,51.85549585590455,0.0,0.7074304473530869,1
51.86624246631399,503.2384546255681,10.809150571649331,1.0,0.6124530453192042,1
35.55184715017616,220.86215605753006,14.88209015043351,1.0,0.480512674810686,0
4.430858981658801,813.4674743133589,22.438107683294646,0.0,0.32788171538651756,0
2.152445083462282,760.5808764921932,58.8772102029064,0.0,0.41822291024242625,0
10.537098412803852,21.09727201092021,7.702929408877037,1.0,0.1774175752857459,0
22.170578893878023,71.96488451136189,31.546051469366844,0.0,0.1893334159911064,0
10.287366049581932,554.0627311566286,52.380538550817576,1.0,0.5348378528016279,1
21.000360243718287,746.9541593410182,32.547362648905896,1.0,0.42103268026061524,0
54.997286775358795,589.7531707461493,52.73914011282888,0.0,0.6486673831754151,1
1.006141173187396,231.41887876086204,2.009970123417617,0.0,0.0810348085447891,0
4.5127085510455185,404.0069778836449,23.668086426215115,1.0,0.34461392762418736,0
42.74198562194216,676.3857085186904,5.063758909793956,1.0,0.47590066035489953,0
43.91566399439169,73.00054109260834,5.410363471625567,0.0,0.45330099822389575,0
15.429448169210996,224.12318583156699,49.325775977290164,1.0,0.5753100002916685,1
4.503432502440412,341.8721522275453,5.893175711825753,0.0,0.17159544396976462,0
20.29027551676841,808.1751504863983,31.103558426183373,0.0,0.6221124230081261,1
41.69551261591084,215.17070719654728,44.344388636442986,0.0,0.5195286903980653,1
16.581967342094167,505.6279300322559,19.715511670440804,1.0,0.3419381950147402,0
30.422492503581385,180.51353740732117,16.149161343127698,0.0,0.2980872296417474,0
26.175707044597804,193.86027667345726,10.957303228615736,0.0,0.32766486505049625,0
53.610279581700816,149.85598449122517,37.54951059862462,0.0,0.6786759771762167,1
36.98216046194192,520.6096358796046,48.293128769403324,1.0,0.804270962677098,1
20.744743046419647,821.5342112882983,34.71077928955487,0.0,0.34759394306640856,0
23.638771611519466,856.2355474683877,20.512146659440432,0.0,0.3876915863172281,0
7.5155556044661935,302.29617464599534,19.59060539902733,0.0,0.2711866199417868,0
47.739900731240056,837.3943737246003,49.728438328817184,1.0,0.6803537790989862,1
11.437856964038831,294.5301681967506,54.93376308315558,1.0,0.5433234370043578,1
6.807151442971826,612.1752766212014,50.761931183388725,1.0,0.5640567378579886,1
19.5177736113866,226.63622000160896,14.40103448420366,1.0,0.42399408571642827,0
39.812903420625716,207.30350445564824,28.499929810759607,0.0,0.4665634871158138,0
31.629052980851,94.2892196156118,15.691157581942093,1.0,0.4221089235810047,0
0.564620429121756,319.68035842662516,1.8546001287496439,0.0,0.03576753917283681,0
34.909278258711765,261.2205289555875,9.106812874387051,0.0,0.4768314833230288,0
44.43559886913809,871.8310359660875,36.910096180754024,0.0,0.6437954745632617,1
43.9356715522856,846.822089184078,0.2614466766378154,1.0,0.5825531047516416,1
12.307382146649662,319.82604498126915,54.216133410443014,0.0,0.4361192616143627,0
4.533992487149073,373.93246466244057,39.97499174564761,1.0,0.3438544748485069,0
22.392462237656638,735.0683855205001,33.563700032514824,0.0,0.3443221558288483,0
12.679074296571471,190.33609398509603,35.09138175491773,1.0,0.3795525289421282,0
57.40240091679063,240.75506630988377,55.819564236216735,0.0,0.7208003021969456,1
40.92224310538446,152.14603981948565,19.828422243857375,0.0,0.4186540265651221,0
18.40083943477754,873.8210381892942,14.226146439398839,0.0,0.2785967606879707,0
49.424760478814505,150.85175995764178,53.2146895845556,0.0,0.5726331283258081,1
36.02207288095778,110.28017632644548,31.144232323754235,1.0,0.48265278209689466,0
2.4729207984889245,56.89999522453374,31.8974478888003,0.0,0.23013757442605887,0
13.035000209152765,821.4251764910757,12.881215849826667,1.0,0.41194530356398923,0
15.471049929208663,853.2656274274732,58.40733939004775,0.0,0.652558121609288,1
54.95544056608314,883.714228681126,30.14127591119084,1.0,0.7803822381884361,1
38.390771921613684,464.678581958439,40.181763794408674,0.0,0.47540220330174054,0
11.313493467020965,818.7277296307703,51.57822631409486,1.0,0.6101297900123548,1
50.83071213014753,136.64528847467534,24.001749476224656,0.0,0.4446036760643136,0
23.301894390945016,440.08183346167806,2.358771065996066,0.0,0.302027816050642,0
59.48065957364646,62.08796702684257,29.60528862214695,0.0,0.5245412837270064,1
33.2105860895925,175.20797075094515,11.49720559274239,0.0,0.30742506530003477,0
0.7418661725853082,48.41316222239623,28.192936335382235,0.0,0.27340256241480554,0
24.213449545007173,227.18295902496584,36.00376213674706,1.0,0.5361595648201731,1
40.258191392593005,148.49848194708295,20.13519794830409,0.0,0.30789147900883257,0
26.03934627991387,869.710325054331,11.798096903073878,0.0,0.516211358008221,1
39.60052519279942,707.0091328444132,53.238323497748155,0.0,0.7408404585487314,1
5.6222845857799815,161.21310222287914,4.910890404765338,1.0,0.19306173345528838,0
0.9120056691343947,385.35247537580796,34.63498759599475,0.0,0.3130846705804164,0
5.608317436569079,251.0033939903852,39.660562436156276,0.0,0.24099146712875238,0
38.28583506438551,101.02710958347608,31.376482662364104,0.0,0.5012564862738397,1
13.325922201918381,242.59997710529666,42.39040070150302,1.0,0.4759039208736934,0
49.02481772227635,364.4694452940967,11.125592146289144,1.0,0.5369502839295951,1
47.44457689524194,724.9096446823712,3.7556962127748506,1.0,0.5993068429846173,1
7.724674301715247,660.3869390366374,20.600829054971744,0.0,0.295200340139501,0
3.484485646931399,386.0912465909812,52.60998161108208,1.0,0.5171305193608752,1
40.07742174716752,28.750697549807214,21.07311387647409,1.0,0.4336466562751602,0
41.97127377074903,885.0871866104403,31.749315415595543,0.0,0.6121009368472906,1
53.23397863504654,640.2489575645761,20.68712161036754,1.0,0.6931602026884066,1
20.988976345714523,729.7921114019865,0.6383797046615292,1.0,0.5184435519702475,1
1.6021540594804895,670.8364224509784,42.378095716800814,1.0,0.3642985431209947,0
45.32205019820505,469.15425056018375,35.50400007707313,0.0,0.6165897813881236,1
35.870959974512495,654.9811787703843,41.21729146154235,0.0,0.5258375518428686,1
57.24696163576943,700.2999440081616,18.972082475724225,0.0,0.618785936943228,1
18.230473609852094,635.737101447766,19.86263813754665,1.0,0.46449762358083485,0
0.5876452075985372,756.5125896518713,6.863260608504027,1.0,0.3101522296297768,0
3.377296343198921,711.0602176987427,17.82384447457623,1.0,0.42428740930906117,0
53.08010151932593,6.458419375955604,59.73511502963325,0.0,0.7128973247965608,1
21.22406950155675,550.0309561296133,54.98462146391556,1.0,0.5093676249122516,1
4.457339384082872,53.53091412885398,31.546370385508425,1.0,0.32360372671214294,0
1.7229605934897152,292.0632392533986,21.958913369824987,0.0,0.07335484665015113,0
38.334765579549355,785.4852171759259,58.09062404706725,0.0,0.6386943844171213,1
21.62303907843839,603.8397609302633,38.1440648408431,0.0,0.475228680062193,0
44.527545682576694,184.31973123244578,2.561338291604247,1.0,0.5246972156758772,1
36.47064201026605,581.3740575700594,10.71454261567154,0.0,0.40016504492275073,0
13.864898574222302,449.35844611088214,54.45226001387476,0.0,0.4699637590226594,0
36.492176679865295,528.147583412934,54.30841934021862,1.0,0.7752392924444117,1
23.692569697256484,287.1166523533593,17.01765045704154,1.0,0.36699129182087004,0
40.270769384290155,150.30096091661872,15.179725177840378,1.0,0.37425347133180575,0
14.761118418407706,107.22307720157383,17.70649774514427,1.0,0.4005609727268751,0
18.17583153140792,73.38535828937312,10.787412827296219,0.0,0.283217469023215,0
10.127354762378324,891.1596778014242,40.08442889681622,0.0,0.4428699738290735,0
8.028567295197092,335.6720965144924,2.367207652530443,1.0,0.2813263634670882,0
24.193543233034887,343.18774214784304,14.084269225157755,1.0,0.3662542969623218,0
36.812103322838944,581.3620034707272,17.253334940403803,1.0,0.5911627661285571,1
35.16160073621363,170.77593402111484,21.90021130613768,1.0,0.43256818980774253,0
11.419896870578338,545.84024146596,12.080740561430328,0.0,0.40326603352065904,0
23.288957222691046,260.8606440893221,3.2679649886252204,0.0,0.15238221521820655,0
26.24294290700532,323.15880873521417,36.788340689707205,0.0,0.44994750065006966,0
13.07223300302664,700.7990046488752,40.85924586797848,0.0,0.48279395792765123,0
37.248163324817334,557.1817861416799,26.29139178357776,1.0,0.512261988474325,1
20.442518088938264,155.6014388180294,12.104605000942097,0.0,0.30709349567325017,0
5.904290873693108,35.49907306872662,6.682788414141063,0.0,0.030278489371487298,0
41.02405542162696,873.8854212292606,31.030207744537773,0.0,0.6842376472334606,1
10.37315020274721,259.86638225351993,16.060876071694686,0.0,0.22413762045851776,0
21.160143667728654,752.8075100850649,54.24844151032757,0.0,0.501102942812055,1
46.295551766694075,36.48928945947293,27.39960960074744,1.0,0.48963451446737216,0
7.642689302350735,603.8808529119337,45.31019145529435,0.0,0.40259423706891706,0
33.025909328091196,572.3816187796575,27.4830386747925,0.0,0.5026622213842854,1
35.441227377939654,367.6109531741621,57.584913803654025,1.0,0.7251868665065425,1
16.204227172654214,806.2936090880964,51.628083706229084,0.0,0.567726088291786,1
6.801933477148143,457.88252008627813,37.99499191896557,0.0,0.4764172632320497,0
24.27634010257173,804.1335330580104,50.209010766032286,0.0,0.5833988316782797,1
13.960309375411983,248.12076982861024,48.42186088401485,1.0,0.31040716993350215,0
23.04183239584087,145.9074610764874,8.947441751490901,0.0,0.184487637264791,0
8.413003245066768,895.2690687223137,20.073110399907204,1.0,0.3727660730220893,0
23.994326561482684,664.5765583521211,41.68954580733436,0.0,0.5148134543600463,1
55.23716781545082,32.8383308378696,22.072487760882684,0.0,0.3794156621659199,0
0.535405544280505,343.6376667027424,25.292393419855998,0.0,0.1860368021871211,0
34.359253560820896,883.297509493706,36.539070875858926,1.0,0.6606867115468306,1
25.021019145781423,113.9496820272149,37.328391172438074,0.0,0.32433484806705637,0
50.72126643697486,321.2869389918352,52.91585621541151,0.0,0.7158526789021341,1
46.10298010313311,620.7728204798353,56.08351585904053,1.0,0.8471873374093166,1
27.12188536887557,746.4829517168547,53.39283241784671,0.0,0.6356722335760733,1
15.350887440574454,719.0132089890983,39.961704407333414,1.0,0.5774669685029105,1
56.59041033830621,654.0419182797309,42.20727509127584,1.0,0.6811384726770223,1
49.228326111305535,817.8136686913463,26.39391205406409,1.0,0.7541047739320873,1
52.97161536079367,161.1505575125395,14.77718215558426,1.0,0.6328174597245361,1
5.1502702719534765,211.79073724213202,50.1934870157894,0.0,0.40050326013455084,0
23.597233780782204,68.91000349412879,53.258060573939126,0.0,0.37869196116588566,0
28.069008328755697,286.11668761833675,43.710023134339956,1.0,0.4778235769849759,0
17.68242055181718,180.93299085870305,22.59944348025201,1.0,0.42880015423494156,0
13.381473925789951,688.0103038099162,27.141545713753096,1.0,0.4653561535485249,0
19.528520000109864,327.29073695791215,40.138504858234704,0.0,0.4257445716977913,0
10.252782676929105,0.7368685328830393,18.50983915937421,0.0,0.1564475819048034,0
57.38152875144081,867.200765847218,57.753092588719966,1.0,1.0,1
54.08215311954641,683.047849019361,31.374318500432658,1.0,0.7279663103301235,1
37.275998025936765,167.93878806020928,30.459142102431805,0.0,0.35739113552165036,0
34.36515668431546,8.014122788828548,40.096931318201655,1.0,0.5746868939061036,1
59.41905616050882,721.8066806959355,15.122842138356509,0.0,0.6667044444042406,1
29.927280493301033,65.70621915411095,22.054086407428223,0.0,0.29147209489048204,0
45.71142658849102,27.492150151600903,56.015283412894796,0.0,0.6541716653977168,1
1.9536246137787838,828.7323616772364,23.23273435207507,1.0,0.41023307417159005,0
25.4651523869877,651.6695922833507,31.168405419234503,0.0,0.5535179438388913,1
11.498889186910768,448.6589671404735,36.46579624907464,1.0,0.45045382484541674,0
5.080371825216057,66.49407213371487,29.037959689164662,0.0,0.18441757424599753,0
50.54823367688714,435.0096728707562,10.607680426685206,0.0,0.4046645406207284,0
43.88181318820911,258.4292207909176,29.229726118137222,1.0,0.6513388970994097,1
21.295313719282383,463.40669132359125,28.69786163120066,1.0,0.44028234664952937,0
7.314168583597316,4.04431908061974,53.05738712499067,0.0,0.4117978854991558,0
47.8793885255381,548.5155787139666,46.83997507317714,1.0,0.8220175361483524,1
21.132561132853233,590.1966137981432,47.78311119829612,1.0,0.5589063856448572,1
46.90072827765169,538.8315807085443,32.42191685285605,0.0,0.6711673238453484,1
36.3485615525358,558.5455780519894,18.939706296663942,1.0,0.6013220353297912,1
43.25657836139092,539.346501659662,41.89577910042874,1.0,0.6057387884737622,1
35.85897805281396,746.3346848289589,32.47406939643592,1.0,0.6575735819645318,1
57.65215681314249,768.0070317063858,30.998840213324318,0.0,0.6590005529188827,1
14.431183344896514,265.486876743929,31.884409919645385,1.0,0.42998903925984716,0
52.328098337464084,868.1629429388694,53.42249521359413,1.0,0.9861247861535322,1
37.466112578517404,593.7717183367173,17.437517185586554,1.0,0.658392459852172,1
41.740092053310065,1.157500784391241,4.790329187517603,1.0,0.38931862533579675,0
59.04292750788438,396.9996042448536,39.2746820264155,1.0,0.6170133311715259,1
2.038580901204887,545.7563781122029,32.68770486203602,0.0,0.3957922119332905,0
16.083859123213045,710.4249695548492,0.8398218331919738,1.0,0.315872475317828,0
43.484550576861466,258.65672370479433,45.944818641020845,1.0,0.7442897305487892,1
47.33691249964348,349.56259261875124,16.493107824102356,0.0,0.44703741572528016,0
14.973830904171324,127.67569148357009,20.46488108585339,0.0,0.21959469854812388,0
28.281994300831865,202.56304917767173,25.988239159665927,0.0,0.34790486458885134,0
51.546323024664055,728.9082687853937,29.966152835985092,1.0,0.8005819581745888,1
58.43506688034105,299.35323466970567,34.26145016017064,1.0,0.7525691236064446,1
58.30358094872711,689.8073941980143,24.86473814251014,1.0,0.6907818771862992,1
12.5523166379879,843.7741832372171,20.83959299593456,0.0,0.37119227404326616,0
22.77749171370135,899.0603218812327,23.326140260679548,1.0,0.6960415863391849,1
25.8138633905426,861.4509085014128,21.76314677398732,1.0,0.6925193368713799,1
29.101204689157257,27.822059638920017,50.82660041977445,1.0,0.5310666346425403,1
51.59053733555838,664.6280297309854,53.89680861502422,1.0,0.8077846874701295,1
29.06045217190798,837.0220859373289,1.9515461437862736,1.0,0.49023053982865883,0
17.605792809870625,709.380896004082,58.605884402087106,1.0,0.8202480694969934,1
37.9091828433934,628.6120483848097,24.792180259207257,1.0,0.6052425241036381,1
47.31138840956008,367.81202634798865,19.18660405951123,1.0,0.6446011163426643,1
36.372142225889355,366.03989559718,47.51565937924292,1.0,0.6272358335750918,1
55.66480828155348,250.60003762418302,50.29855542391127,1.0,0.7868104166958819,1
58.85116106660956,665.5881489830688,51.23429649655362,1.0,0.8397285569978428,1
44.82593610260442,21.48687505336444,46.011901730586885,1.0,0.6682768746175693,1
53.28260984697173,38.99882229329085,29.260480244820787,0.0,0.6490965694255244,1
5.220700534788603,448.25421405017875,6.708257966379625,1.0,0.32779661002052424,0
34.865988377327305,240.35616220944317,20.08859541210809,0.0,0.4001315820608879,0
1.4292776021281606,341.1083566495225,36.99483679008127,1.0,0.42688815562154686,0
16.222129116807057,576.1000534429643,16.044686858622377,1.0,0.4222136430248426,0
38.54581467619482,245.8604524419191,32.64911671636686,0.0,0.4222324821139807,0
41.21055717135693,437.31382771699515,36.96571802101907,0.0,0.7130564522710221,1
49.72469419020986,456.5497830636933,26.576823890554103,1.0,0.6703487102019329,1
50.31572309648421,71.91505875589516,30.587229620302047,1.0,0.7082831194321276,1
16.293374400886872,876.3609039178056,12.771615213672792,0.0,0.2718558772801041,0
26.55438065711809,734.9121053201119,37.06021943164733,1.0,0.6915630649848858,1
46.272053117852366,95.85601252372842,29.520264105835242,1.0,0.5678327333747372,1
12.542149898310521,329.26172298853373,10.762362458162485,0.0,0.22747635016717815,0
52.807723413648766,671.3301019433642,47.32207881676464,1.0,0.8142233447073409,1
1.890299750228397,580.0815099057098,18.921417752535298,0.0,0.22724109053188088,0
22.640942376557994,55.67467365374831,17.946811753689975,1.0,0.4546547992244083,0
2.5191925995532882,87.92086985177775,31.270241873675594,1.0,0.2799693896514148,0
16.910452938587913,478.8137264202273,8.88150646086901,1.0,0.3615620431417223,0
50.52440054881288,14.037925907083936,42.33427214420887,0.0,0.5489527851443899,1
59.02267930910304,567.8147482242387,32.66712834767142,0.0,0.6836553919319782,1
25.579180737351138,743.786821058142,2.035978753177794,1.0,0.3752167832040506,0
14.202958500919395,801.4112605200507,27.230090160116276,0.0,0.3168890983462459,0
19.407906292823554,693.3541786852451,43.50911055493713,0.0,0.4826647220883137,0
50.3581460180067,43.50786793482846,10.590245604584602,1.0,0.5886564472128601,1
11.607869688973837,195.67757093312323,7.920844971497325,1.0,0.2507983849064393,0
46.119696633351,348.03277410788894,45.96235429781944,0.0,0.6005406347321329,1
18.570372133166362,850.1272224744908,17.353043916656773,1.0,0.5409021514431441,1
14.95541252366057,699.4406271198224,30.24631388142733,1.0,0.4755290871568302,0
53.7899027826237,464.57364705136604,43.45555322749454,1.0,0.840532243155068,1
13.186304264997304,158.93357455334365,0.01947234286140853,1.0,0.24165387522176762,0
56.494239360861926,524.4032141871395,46.715407502812894,0.0,0.7361489732408267,1
26.588596677011843,292.47153523029635,5.870794092798524,0.0,0.28979846863194497,0
59.781045875778446,326.87209601914924,22.44201075123032,1.0,0.6552686419337034,1
43.857851615538685,868.3025486195017,46.39635112705708,1.0,0.8747484977395961,1
50.10743483435793,293.38804049088645,5.059016859684817,0.0,0.26833696350136416,0
32.631581883696185,414.8944753915921,36.66268203316878,0.0,0.40340952293343113,0
58.21173807621761,334.04968318616193,45.52859113672414,1.0,0.8282800500366594,1
42.88784179703419,183.45044809605744,0.8015315654520339,0.0,0.2023924647035143,0
26.237829359201264,27.04811634885209,23.272534447196122,0.0,0.3075477692544892,0
3.4189229461519277,238.8979226892815,39.07927610393787,1.0,0.3804525337457769,0
11.413835358052612,190.73062214012532,17.754496978285943,1.0,0.17478489551939053,0
51.95166383649515,193.8762153970731,41.04817712116673,0.0,0.5569408196792837,1
56.52918504187865,163.96111634311333,25.681532980551076,0.0,0.6514129711606161,1
1.8671428185574945,609.3101952802716,34.93810633230889,1.0,0.47774296543638106,0
24.642162852753973,359.5060361949942,47.35993161581163,0.0,0.5349885588344288,1
26.85250243464943,338.8534835347683,41.579570345306706,0.0,0.44112859514858527,0
9.660757070023893,25.085480249866244,47.0001465852341,0.0,0.3450943940884569,0
2.0065544286399972,23.60217011052521,21.357757983509053,1.0,0.19818721566273184,0
51.69135961527384,881.4621669402694,18.408456237506513,1.0,0.7200202435457711,1
49.82705498017484,800.15705519509,21.544685082135075,1.0,0.8298193551244644,1
53.08117341573277,786.9899753001264,47.530948434452334,0.0,0.8851206926035013,1
17.853180052561406,425.989155941989,29.678732562616432,0.0,0.41956982818002764,0
53.226132900813916,751.728073776951,31.372582348557664,0.0,0.6420981229005198,1
58.47572683084358,584.2337628044348,15.955645325758844,1.0,0.6536166011153167,1
47.78288730566338,132.76853560076094,38.71377030209899,0.0,0.5098196627236252,1
20.76830107095793,514.8991382665988,28.106694428029595,1.0,0.49527275763621953,0
22.492932819403023,512.0275782150359,17.935969394281955,1.0,0.5207983031347903,1
30.047400253523378,244.739894400108,37.0594705590825,0.0,0.524143253375502,1
54.86986754698692,548.4035313711486,27.80370089750909,1.0,0.7906829911995541,1
29.9924318311429,535.3099665449646,9.607753796905975,1.0,0.4682413449614479,0
25.595242559267795,144.87707750797622,16.21023324556746,0.0,0.3727941659825306,0
3.6889348170755354,103.31854866520287,48.20169157014654,0.0,0.45393654025879016,0
19.51293845743885,576.9058236711659,2.946748227339402,0.0,0.15939689003081864,0
12.68444313872072,686.2962109049486,32.886202909069034,1.0,0.577334703407821,1
28.391608106794543,594.9715580266007,20.918247090325927,0.0,0.4401096400293134,0
28.570658200392685,517.8738625899036,11.9594588818155,0.0,0.41168854378590725,0
11.68462480654419,579.3268012908165,38.7365760395601,1.0,0.5090925002002501,1
5.1349559533458695,466.89196111205626,38.29775319982833,0.0,0.3637580375996031,0
38.02455311039455,350.0054738583199,57.75365617661704,1.0,0.6866916762409814,1
14.514436742721275,106.3850985299643,58.56329305688936,1.0,0.5012047057137514,1
39.81206782572456,472.03043253099327,38.010481359743466,1.0,0.6678987256548924,1
34.10881650813445,895.3415910881236,31.267687758845643,0.0,0.6894589880431256,1
52.18675612747077,646.2710734771564,44.174049508155086,1.0,0.8035281080295712,1
15.780695464330744,119.7319457199059,26.28078862578093,1.0,0.3945851514295441,0
58.30799506679632,576.0846145580568,27.328671307438878,1.0,0.7292990289735996,1
50.74498534376015,172.65452737503364,0.15810371236645082,1.0,0.41503285872808127,0
29.686703031222226,557.2225867518298,18.28399871192055,1.0,0.5326722031838382,1
20.891250170207062,865.3752097400859,39.24846602096064,1.0,0.6249620369197625,1
12.56858198237871,843.2693273462578,15.671827685316797,1.0,0.3015939536676125,0
34.10457679444887,420.4966564598705,14.636980310567623,1.0,0.48505976134574036,0
11.056497002035307,59.05892969483143,33.76511921173546,0.0,0.25344514404236473,0
21.296005057068122,294.10478369427796,51.69965153581543,1.0,0.5288855122224438,1
3.805928132970333,332.51694306411974,58.91018594873156,1.0,0.48442820385566643,0
40.080705845429165,413.0538413723787,30.401562197749065,1.0,0.5700172062167731,1
36.11211949414926,295.9060714581172,34.53719077587775,1.0,0.6756672933777453,1
40.78376416643892,778.5976011453881,35.69130036455763,0.0,0.6370813361023462,1
50.62649863067817,563.5341783982199,30.228850658972597,1.0,0.6850667054751406,1
32.97760016789259,879.1965689910008,35.939859199654016,0.0,0.5761370092383442,1
22.292393919291097,431.4812841543686,36.38338886006983,0.0,0.45943107108625825,0
15.106898815846572,244.59075530542015,45.081606372066226,1.0,0.27839767300980023,0
31.27770782103356,641.9010156691037,27.329748061236643,0.0,0.6722201310072086,1
26.239991439963003,478.20042148583644,35.67180079996061,0.0,0.5756305445323316,1
26.321066689737343,715.6216410749709,16.808283588893204,0.0,0.40950629315196013,0
16.07035487942127,142.97704296875867,44.0788465137247,0.0,0.3711061567394271,0
11.801446234199284,435.6319260185462,42.44951776790257,1.0,0.47557010783349724,0
47.680267679893795,876.179992308873,50.656120234981756,1.0,0.8825686006281732,1
58.5096044436017,93.15925010063529,45.352036613956685,0.0,0.5985939777225991,1
40.10447610308853,175.91881487204913,8.60440560764778,1.0,0.5817438337935358,1
36.24416704646481,217.54660480959743,2.3722148757054806,1.0,0.38698349179559766,0
10.239700414259117,538.5551193223542,1.9530969645419205,0.0,0.27986208952940456,0
26.751113717842692,663.5680648979459,25.626716040633994,1.0,0.6201416871398858,1
56.453339539904945,491.9454385903173,20.777110572589606,1.0,0.6845476743396772,1
57.688454934280315,282.15595128297315,31.4459863272336,0.0,0.5923706129502219,1
4.4280400461518665,840.3277046188315,29.994265813924944,0.0,0.32308715024585205,0
50.50648298432666,89.59932581402641,22.435985819170085,0.0,0.4720281248338393,0
13.0053486170257,278.3295570134878,40.57114525343121,1.0,0.42717737662570493,0
56.710591385769646,262.331099095728,51.2590780690821,1.0,0.7835491529288422,1
13.550851415835874,237.00097071858679,45.62044485562142,0.0,0.39329148203695197,0
46.31978130904985,134.38681676367648,50.702608049032015,1.0,0.7799686919931933,1
57.435611212691704,868.3125218998583,43.69232616684393,1.0,0.8924258158993288,1
2.808260954530415,864.2596831214879,41.41503266524136,1.0,0.5528460729416406,1
0.7657733710606074,547.7248986608191,21.416610734464673,1.0,0.22952673918037653,0
32.03580996497489,805.7990488419632,24.036480333811696,1.0,0.6637401761843997,1
25.87594309067149,260.0248676667152,47.88586740281582,1.0,0.675455196594003,1
56.474221286177354,786.9154252416853,9.0859134655172,1.0,0.5535705057322032,1
17.55538035750994,671.2124953243266,51.06448025233426,0.0,0.5346592375661692,1
1.2195268336474796,713.9557376487628,44.80525411953046,1.0,0.4898602761013648,0
52.17328341252558,629.6239035737884,19.871637766044305,1.0,0.5171676759485268,1
36.085048831745816,9.426342764806838,2.8053536052771633,0.0,0.4368351385950697,0
30.878468817709056,661.6140585280174,14.588734393816331,1.0,0.5006818829321611,1
37.83397824336623,353.1372021028434,17.292986368910878,0.0,0.5857682614210142,1
54.25016923330588,556.0988968586705,29.833391123877938,0.0,0.6433058723427146,1
15.723078590868733,216.5466138187735,23.38373857792163,0.0,0.3688046117019322,0
15.060200940525599,805.6849062487695,9.375513453887674,1.0,0.41520248515051356,0
59.342480140756834,841.8668537032714,22.77961068670575,0.0,0.7457998427313176,1
31.095234493711807,652.9332466469649,33.314793703531656,1.0,0.6384290585778459,1
2.0357373962419167,826.9700877470988,10.228847377603618,0.0,0.18400613470670918,0
