dailyScreenTimeMin,avgSessionLengthMin,appLaunchFrequency,socialMediaFraction,bypassAttemptCount,doomscrollEpisodeCount,riskScore,riskLabel
698.8208832148074,36.982633896897276,93.73375947654507,0.13671861833555277,19.321988943182316,6.942509473715406,0.606383114182017,MODERATE
400.6018113793266,10.389781176048167,64.30047194914096,0.7991550886901845,13.464246319678312,8.420327420896246,0.47863451189336215,LOW
774.1521487211304,45.96470071236333,14.43499363945562,0.988185924852333,4.690439655146483,19.693987659032697,0.6274945656254198,HIGH
630.6575458628339,13.357877414635853,178.38398550042587,0.3603895406182187,4.370963348932758,1.6838818052690585,0.5189609044892656,MODERATE
93.81783962000809,5.815708377930623,32.28449708378367,0.8653496142399302,7.530807345388754,2.233022541651699,0.28511342962021863,LOW
878.3038929567127,40.39475884088001,46.70021702071184,0.7625454707608623,7.575314264485361,8.70740682628149,0.6129929631736426,MODERATE
687.4143347714141,52.77450255368361,43.22892148653658,0.9115852947587482,3.4168636520283515,3.38487309369496,0.5369874102818512,MODERATE
709.5972316964888,68.47763720610504,163.52151179674087,0.42437247658092936,20.866516555287202,13.696603212825975,0.7952662453714385,HIGH
124.02113308123583,62.84400876238998,137.70022229751194,0.10130150482382427,7.065665696701254,7.213550646314051,0.4564818381371399,LOW
410.8434847270548,68.7220005077673,82.86203409964125,0.11835620636492872,20.05616256485147,16.924149291225696,0.540923502351382,MODERATE
340.0102415669973,61.04543289485035,172.0207230773828,0.7631984204580421,24.33625455248628,14.972210985663084,0.7796191680991865,HIGH
834.8208400752557,56.55591235558501,10.44822516077307,0.8633318394983679,8.299035155140654,9.416135891972967,0.7209221469585099,HIGH
583.0399568717914,1.8008679621152708,160.96699823867573,0.457016740937051,24.255774844964957,16.89958783120677,0.8242032173204572,HIGH
742.2578358110387,50.46208263292763,11.816493088180492,0.05957088923714593,4.780019975867644,2.0163768996311204,0.27574605091191023,LOW
404.6386369563247,10.518062526990297,71.01239457228691,0.06670604035978966,16.186332692267133,11.621980091904563,0.46473602289555743,LOW
212.24246238845143,5.634703454270744,10.666873229391658,0.5986003500624237,24.779503728821574,12.102659336196261,0.4546694865763943,LOW
503.580460444093,13.356560016346776,179.81544952462568,0.9186243502149701,20.209297863425586,4.920422276595946,0.680403122142661,HIGH
66.79735793271604,66.04008075389827,164.67572094760772,0.3995835137059165,5.742519668816614,0.9924265298055746,0.35293010527722224,LOW
746.591743073398,59.76410205490169,105.67901298907537,0.6506198151991558,6.433316302027503,10.70397924926894,0.7304726768699108,HIGH
572.1813152186377,75.95302001121178,39.99417874568595,0.5420077689567715,6.560765166773905,10.273540991197017,0.5916120775528705,MODERATE
684.6980886759827,78.33912443338242,50.54321281034699,0.8897578444520615,23.574815939499345,13.07223518700985,0.9388964616727252,HIGH
325.52811163558283,71.56943492354459,81.46826252422454,0.8323876116422353,6.135289240697961,4.258574818540691,0.44205438933284613,LOW
873.921241711464,11.501158027182933,58.77765266612989,0.19934856016940372,12.74038285250344,3.5928672351280366,0.3720065728680106,LOW
804.8777979767559,70.39223653307344,4.8151890728543885,0.6775430985597185,8.747232376585853,19.558317787113708,0.7888155260128091,HIGH
702.761312395648,67.25233364830298,118.46982545296709,0.8475031858095382,9.031735006362918,2.2737699056915006,0.6583434138545528,HIGH
183.22844998825113,69.8157829289161,110.80359483270092,0.930249381812539,10.205446869893816,19.988171720426248,0.6437021911757467,HIGH
425.3816933170604,12.983163752202822,162.87161587617248,0.589927140525222,8.626123605183903,14.399535483048409,0.6203862817412211,HIGH
48.98535155063361,10.226554394092085,86.35687317887562,0.17591123516051665,14.998188972595319,12.586444766205274,0.30599969813718236,LOW
147.31764794011758,73.98090148714245,62.70290416191142,0.5582320840844456,10.63678982691854,6.795669909719546,0.4829975275489184,LOW
617.9135683857846,14.732305281625857,92.56157574228028,0.6658190116583507,11.025289150089899,17.356062057703753,0.6390681624107906,HIGH
672.8383187579573,30.121116752365495,35.850403370355295,0.27248906152006747,12.649849470491203,18.201232245804174,0.625068986895517,HIGH
871.083661866447,37.02280311003076,112.97172297663677,0.9730014821256897,8.904463096086394,14.437679999876057,0.8587024515871273,HIGH
299.9845687429552,10.83095969853559,138.83588601943893,0.22932625130807394,18.86398956215617,14.19777158355342,0.620751330916192,HIGH
339.7091383710333,2.6301087545712454,28.469646694248894,0.9113525217310383,12.587058865836823,9.863092656829057,0.5080736129751774,MODERATE
427.90467203546905,79.53314711160218,57.99059595672392,0.4251807575246427,12.730278298897455,1.5566973072112145,0.5617650953601607,MODERATE
178.62950958501426,70.25592234196192,156.33637530658535,0.0005541648329039361,5.246128580784967,19.980580880891953,0.5205500830715194,MODERATE
125.63013974856976,73.07469641870034,91.49018300545411,0.5432890733499786,0.7709189328101884,0.31110762456018737,0.3097699066213769,LOW
433.37738434108104,23.48048247249736,96.19875975528086,0.6282858659173466,20.231877902127724,9.907947987713463,0.5743747777449582,MODERATE
211.94932065528687,18.388024246889685,130.31106727254993,0.8693633532082976,21.387046180141596,7.342686253757195,0.5716605573888697,MODERATE
606.1344552674342,34.643458095858705,104.44281392461744,0.5405632384702634,6.03116991636643,15.52264717380446,0.6587056514696061,HIGH
399.06520779637435,36.81223014926254,13.45477848521363,0.09412938215273159,9.000807537481661,14.71560727617226,0.33232255207505007,LOW
751.0835944914753,1.4423556702750102,144.9091464234834,0.9268135593062778,8.950447922071064,12.560994149407776,0.7303151289340388,HIGH
633.2359407820018,62.5609958922268,166.18765066747574,0.5653547909254732,17.105308380807017,1.4947708524474579,0.621241242286252,HIGH
288.00631083001656,79.73669601321937,10.536624705355386,0.271531191972179,4.680898013831328,4.736988954819545,0.24713387753218297,LOW
750.7112232417289,42.76657873806506,22.703706405901627,0.8988586164884939,24.467834558913164,1.8831685966280798,0.5725825901233513,MODERATE
726.2402781721537,31.67243690598365,126.653561195139,0.12091347236703431,1.5465368807072415,19.579527234319045,0.5529202564538821,MODERATE
354.8557573368553,32.02739956447506,109.20083392010007,0.09748283901336163,24.34418734963859,2.5556579157728554,0.4958698253401178,MODERATE
266.61201249791725,8.590093441595954,69.47054281594251,0.5350090938005817,1.7195521981564958,19.34385448634847,0.382559852179988,LOW
617.4209985377282,22.02678365075693,97.52550816032648,0.6248842278062096,7.937850653030834,2.254243448861568,0.37751806561565804,LOW
134.37971041228573,40.668490302135865,126.89760367218952,0.5109591673914732,6.26733126080751,17.2446068824622,0.7181299919466401,HIGH
187.9183002028464,35.11599208964109,91.30128667668635,0.9289920471124323,6.4908570105441905,11.492603495556189,0.6152386741164307,MODERATE
16.552420078394906,44.057744913705704,26.093710109781213,0.2628208347260975,24.866737165671918,16.63451317206134,0.5123347315838527,MODERATE
710.3626959769032,68.07618624235512,17.009049214858944,0.9902350758760617,11.458793795224073,12.68067916464696,0.8104668115665656,HIGH
601.7172623669086,18.794141913269346,79.55571359872033,0.01934933444598741,2.9877641215798665,15.37674334210217,0.44939677579241866,LOW
637.5971869774382,3.1854702915986444,166.19637165494123,0.11853399466015269,24.55699912414672,14.616232009284873,0.633119102200984,HIGH
704.8488376095514,4.0198101773365185,100.84247227282039,0.18567630602741203,6.066639332969187,5.203739537784495,0.5071164767537765,MODERATE
418.43504022912254,11.599335619241812,65.12139235419498,0.07957572705452665,1.8136760473056623,18.70096585007419,0.4538813515422636,LOW
516.1796643980754,46.068155799547796,163.65840434426534,0.4382178664290145,0.6045157389421102,12.872922084493153,0.6190199157991935,HIGH
134.4193283336151,64.84659999299606,70.56515595602991,0.8653721757121197,11.58076904559774,4.041682371506035,0.5588670877150355,MODERATE
111.93176544701636,71.0576692031699,92.13722008725316,0.8207593268801304,22.958309204981653,6.120840605746778,0.5223200549507725,MODERATE
604.8786359935198,51.17394295602273,21.853380182541095,0.7447568560476171,0.42401185669749264,10.661020143710314,0.5079572482898606,MODERATE
429.27562346738796,32.84831694362058,132.99476924796923,0.007409401935457693,18.129410775725617,17.636534689883085,0.6892138392608458,HIGH
513.0601347682581,13.206661944335647,126.3542293287251,0.8657060267562281,6.510545793765013,15.935062399920888,0.7022056965744754,HIGH
690.8489831002628,32.712048816034844,143.1696747218199,0.3964990919552148,5.476511637956266,6.040960134200017,0.47066035151604824,LOW
574.8993048005258,27.2607955787149,59.20924510356965,0.7316377545238789,17.594744634243423,13.769726245481603,0.6384764990416126,HIGH
502.6856665856163,69.73204458771389,79.05352621284834,0.7269186844637285,18.696831612836753,0.03313660151148534,0.6883599957719284,HIGH
507.694373063418,39.45083081543797,31.133166363368503,0.17752102721853613,13.975381379954332,6.652820949818976,0.463257431689839,LOW
280.51558727572484,18.869476096407777,173.6463728212734,0.515394847584326,5.05638587500693,16.791904483336467,0.5564152836492069,MODERATE
37.42787276546607,23.81528427844661,16.407845186010995,0.9261809589460742,0.15770353250427194,3.024023958116302,0.2952236952625642,LOW
398.6784764168025,11.781142998872431,117.1733813577905,0.26304863008187995,18.431944824463255,7.067905276431241,0.4971458209647192,MODERATE
200.980358809381,73.56825047646136,127.24107362716833,0.7150278480015348,14.990362359810433,0.0208663414171939,0.5037670852445362,MODERATE
373.5904929149262,4.977321852681015,29.23482878352536,0.9580510392938707,10.563655853445928,0.46265452412594055,0.36026840138663935,LOW
769.5287352086679,2.0148536359156437,66.39285384365768,0.3606311756293924,5.339548794825663,2.920379820053305,0.4721451749967768,LOW
218.20614242015327,15.45612574862263,8.719655450484506,0.38763367269165216,19.048359860960595,2.0372611059710954,0.3463191494234176,LOW
61.889440103268754,65.05904741493943,100.63287810800874,0.45256250920857355,1.772381742703541,9.79458687463989,0.46092433945888356,LOW
260.43166389957696,42.353876143855416,179.09392756542871,0.8090392416694437,16.067560130294417,18.000087321817624,0.7535264274130492,HIGH
271.29844441234843,50.44161970278192,77.94940727116644,0.43928472173616095,17.209960430737738,1.6928341280567838,0.5510523867833368,MODERATE
599.1056981069366,29.26080235784305,178.21147144675564,0.4862459560073753,5.5814322470353614,17.39673739032684,0.671173596593814,HIGH
505.7586155837377,6.425560858384433,23.59435086180429,0.2223174897702772,12.083122831698883,13.363156766469935,0.48414665478766583,LOW
707.6694061047081,68.63649483688128,71.24932744493543,0.9883450653521907,13.00498423498761,3.377897508567149,0.694560587572996,HIGH
601.2390508913749,16.159647497907187,162.45172963867645,0.8923541539698983,14.782048089764494,5.794729884070042,0.6239422741265264,HIGH
371.68430668166275,3.6116768430640604,157.92849121668752,0.6002543130284576,22.529699192796212,3.883669651117747,0.5481627892872066,MODERATE
734.4781423527709,46.2436267387223,58.92289243869137,0.9605600714599187,13.660377500256965,15.785969135111886,0.8072259567391371,HIGH
158.6058987178565,7.579848410383485,122.47129449453136,0.68699776674738,1.682961476352629,14.502007125436254,0.5121101943805991,MODERATE
30.213745089135823,8.565186296926903,159.62267070884454,0.9591056325191628,8.624297629206653,6.088186926553341,0.5765903790610316,MODERATE
90.14259609032116,64.22978548711949,138.27106644142776,0.16153586673962972,15.70817117134991,1.086686591891135,0.39513580046101543,LOW
652.8998220308407,39.837157556121646,113.49723925099222,0.2254574069030808,8.328518435719056,3.3748151994493547,0.5047819127331101,MODERATE
421.0707349237348,20.079167727524297,28.311035006244037,0.885182463638394,19.19850570291127,12.597527226523686,0.6106814143001004,MODERATE
153.5318833399056,28.541487445401984,14.06748197013086,0.41987439162662055,4.747635152356866,1.8074561282360668,0.3367343447643866,LOW
455.92984984199353,58.61003732861055,111.01737018716442,0.3711577041025681,3.5751278605084784,10.729310016848215,0.5583575129223661,MODERATE
145.5577714147199,6.241977435771545,90.54934415835035,0.7543353563840106,5.775816743149684,12.258580243510853,0.4793654615907179,LOW
629.7251338191851,10.201968658723583,43.6085620919357,0.6303256601693596,21.90212513244669,13.755072169357604,0.6360790333203886,HIGH
407.0790852608873,49.684700764255,53.40579329766541,0.34407159976724266,17.023367526376465,2.5071149003116466,0.45028040676905506,LOW
349.1088912258694,48.95076702290147,71.1836047190524,0.3978605875527269,13.001216287968232,9.194117617195698,0.42578422196287785,LOW
278.3457593416101,77.82451257829437,89.6982325299285,0.40838375830015416,7.50843213866475,9.267932438459475,0.417181298210101,LOW
570.9515078758108,30.589409019180522,70.85635546682585,0.12633132806904424,22.964770998588495,16.70565193936087,0.6065209256682962,MODERATE
332.0132233925175,6.141132547023753,70.32520930338802,0.22955392947017839,22.219410083061046,9.374340194046829,0.45992534430835313,LOW
88.00842819132988,43.465457353120605,21.716173224732174,0.5375302816025037,9.985011366685898,8.13591520819925,0.39189566257486796,LOW
115.02525288725863,51.429398129181436,155.94068486770644,0.7818271522784995,18.8180959417689,2.469208981012081,0.6443467514883988,HIGH
866.0889214490679,12.028620077113677,110.03858063827887,0.41904828442922093,22.839097894835035,13.889287022416061,0.7339091443437357,HIGH
818.6368147297703,44.67609590928054,27.152291043760123,0.38335279958595914,7.833835264278083,12.395789626931712,0.5532826577028125,MODERATE
632.7393490915671,16.6236026110029,76.8735181151505,0.6505161535305172,8.217958590679933,14.33899700761689,0.5918847118037517,MODERATE
246.62426569897244,67.7336745726044,75.59214825328864,0.1572538638802129,13.64515731886789,13.125665099343633,0.519497729432204,MODERATE
872.5669758394743,66.97775816692254,108.51113724955296,0.3807503244171031,10.209164721877531,17.505676554337224,0.7156608014769668,HIGH
703.0883045295571,34.9406985838769,109.98766159503035,0.20813623619699384,19.036989392565435,17.54692212546056,0.7495863525932811,HIGH
648.0322683515061,77.37271205051151,116.49476251937746,0.6516462343279148,13.423256670910472,6.153665153757308,0.6771170519973547,HIGH
409.9317369079719,78.40213608152959,125.92464726454153,0.11236401491607739,5.296386465508804,3.6482411817390226,0.4464555560086365,LOW
252.29499004219153,11.21083602686194,19.50037425709394,0.44782281960244286,8.90968167951794,18.52955002595113,0.36128008189699606,LOW
95.78795631661437,30.049390581764943,55.581073902533355,0.5961820570924085,16.780976310579334,14.260798111658758,0.582202444466405,MODERATE
813.316132924019,48.42539613368492,4.105259631908353,0.8336754428782402,1.3358560955134129,19.419548004296477,0.7097072792547975,HIGH
415.64089795191387,7.702186956934106,82.38083066238855,0.724551276426105,8.5541793786157,9.939114072014858,0.4301265396144115,LOW
190.10339466775497,31.229784801316825,77.86798393162142,0.9428631210138628,0.4024027898420518,19.244867131858193,0.5450677076200926,MODERATE
282.30139549408074,21.63259463731067,132.4445205021267,0.6798784072529453,20.521673908027168,2.454375878067674,0.5460596093574909,MODERATE
525.5054163582874,76.21196745636962,30.913933442807142,0.34918963490017985,2.9297482936985975,11.807291240263352,0.49469040399906167,MODERATE
167.32777681591622,33.51528000368617,114.03750782546645,0.231723882514422,1.9301180212843798,9.934706109324566,0.40076459170215617,LOW
772.3867128422143,61.250997825253485,55.89826142949724,0.05658240365884026,19.664825416656896,0.052898429706655925,0.3822749423202319,LOW
685.082381553337,31.549723717461728,69.36304899093615,0.27758761670996657,2.2376715652223127,3.857974293578974,0.4568018023345476,LOW
650.3220307963337,11.413153563088002,129.75234836449027,0.13684868884670076,17.106563568523704,3.0694430244666915,0.571236225833572,MODERATE
394.5628053998423,69.18897088270695,13.807100694669984,0.36922477774168183,9.496589393983578,1.2161857692310774,0.44727736128358764,LOW
568.3048682251745,1.0329364353452049,62.35813711867809,0.7025781392526055,20.54248647297351,18.96298151156085,0.5959140567009955,MODERATE
529.8471923323347,5.419329043981552,71.04685819499768,0.6920340242131459,4.571281362158477,19.307343695423164,0.5388931628502843,MODERATE
588.3634753837898,29.786368065866416,129.1191268214487,0.318166429363942,2.1104268389385226,17.834999932134373,0.5291092666562478,MODERATE
85.15544581450129,55.26496218598018,36.66117029765542,0.5085523706160879,5.710186306102913,19.77761742947836,0.33056746434502016,LOW
380.06858793184256,27.99463932797128,170.5869258705929,0.21677156980179912,23.303375870257796,16.613284347353527,0.6017560079879251,MODERATE
47.03661473708431,6.238712592057022,179.5993895501543,0.5029767185340183,20.728024329107924,18.643621402033876,0.5081958280701684,MODERATE
449.65182912762185,26.109362664997757,147.5849152067899,0.5100818762301141,7.144682685839291,3.952622590671453,0.5233966514142466,MODERATE
303.5764789761789,20.353487860222824,54.64853776197153,0.30129683891840187,5.152853529783161,5.137677186813607,0.2200230590651206,LOW
138.62652809078173,1.4281641856376386,119.83213107904098,0.2594677962405897,3.9210471969447185,17.24132198394273,0.33084156621650623,LOW
102.02864127307096,43.24935114125174,15.883497673930018,0.9795744639816819,5.530085150726522,9.589274579252143,0.41665113724837316,LOW
533.0036692381638,10.215027264790699,156.9589975114654,0.5371235110987537,5.126098585582486,14.33944854566889,0.6413026248546514,HIGH
161.82774199782864,23.71220681493662,93.36272395558899,0.562076631577316,22.20469671232773,11.23818183929847,0.7164893512212931,HIGH
833.3569053553495,51.653996587570745,32.58261077124165,0.00779409036806189,0.4996477091041479,6.112774802047656,0.4203119537226917,LOW
527.1444143333515,58.2841394170152,59.60756416154476,0.18184078163545014,22.00306274026246,5.696696955841145,0.47543346527217645,LOW
318.714126036005,21.81299452162578,144.3329512633475,0.3566219618200228,1.0356177084263674,14.963592031881971,0.45166786979285073,LOW
535.914787418461,27.006300014153485,156.77059136944132,0.9659807425187686,20.67087076283692,10.641902260585802,0.8236702985354966,HIGH
30.295445216430775,20.505829812069752,94.0286962612618,0.17524173428705758,10.64368091103966,7.187713612455977,0.24208733932754029,LOW
863.1176997848863,76.59419942497917,86.9757585556105,0.30328971132686766,1.9301388654368563,12.340793970479329,0.6760910744139463,HIGH
439.2500588791812,16.051058432004822,135.38151963303343,0.9901569937849792,19.975130179811586,8.398751691807849,0.7247582911541155,HIGH
706.6343522527548,15.471267687060426,148.8879424308213,0.4811086423358961,6.410992714963984,9.501496864948402,0.5905076028246281,MODERATE
83.62969993097033,36.15778837069103,137.90757941885187,0.3184077754702265,21.950701315522476,13.558194026961509,0.46811945270422317,LOW
443.12591444596274,15.955202376844962,69.81262099192317,0.6343589204868201,18.806441355191122,9.15930403941299,0.6265383604849862,HIGH
446.7292249755236,13.379968046563043,115.90471132806816,0.49630228451644387,24.54426182418241,18.998812257154988,0.6081033812135629,MODERATE
844.6655449277347,8.574483478385753,154.46742358049605,0.957449091641458,20.79682226577255,9.70385266624379,0.8320056702656399,HIGH
518.837966614707,51.573528600551704,28.165153494488102,0.08319504799204525,6.024035086173429,19.23645641044891,0.4516247456882438,LOW
431.4055669406889,49.35449813724979,70.4764666355784,0.7905479205176613,10.23038000900683,16.95376309354894,0.5548885977584135,MODERATE
247.60834015178528,52.36286845835934,11.134780213672382,0.279086378462985,17.41575753753465,17.81854723634674,0.48548188996436514,LOW
305.09640763487147,62.090700632742305,74.18903413804458,0.8066693309902316,7.9016239068627785,15.265506595408036,0.5516202305743184,MODERATE
473.39843819966865,26.78228301061349,139.23849302143816,0.8477203405828664,13.662590466216171,12.090512819281097,0.6609539392658088,HIGH
400.6311996714916,73.55547495534181,36.268091373180155,0.8492228580233985,5.941177970538658,10.653353217489332,0.5875028384338963,MODERATE
29.23475109349408,58.92316427443173,97.99780005126468,0.866695698888422,16.57377152716568,11.033102418698459,0.653937339540914,HIGH
745.3998125329784,64.57197849791376,7.548846282507058,0.7181275067830907,8.553349531810483,4.029094825528601,0.5486351403276577,MODERATE
807.5830869373924,57.956010942310186,161.6793483409668,0.14240414671486024,1.3794509584269588,4.287897457792917,0.48557055170956076,LOW
134.8216892087636,29.31799598917238,147.7808403871808,0.051902593498776906,24.194351558660355,0.6832365648949934,0.36012218379010336,LOW
503.09216774975397,23.35956655694816,94.86924532988479,0.3407652437808578,21.097589222043517,14.911206049571696,0.592194192408212,MODERATE
106.63240961054476,34.378848496742116,127.33587227897902,0.49506985861107744,7.592919315220409,2.497270119266617,0.26511251211004705,LOW
608.2936828054324,8.665398482135318,19.600993511525743,0.3026209007395526,3.2406200047510825,11.642982626537881,0.3981074046958078,LOW
260.2980676167174,36.65115962370982,152.29249985512934,0.742206933925596,18.38065433163285,2.7584619691310697,0.4927876220942642,MODERATE
596.8861448757925,4.408137664523947,129.0318140618471,0.7224434777679247,5.516819544434368,1.330934629071685,0.49556374136954634,MODERATE
657.0252067153256,1.311730842148365,22.47416401378941,0.9719245011137444,15.136351843310674,10.671887370954527,0.5228209932896751,MODERATE
694.0962678067148,74.58841621850073,176.54338203626116,0.4005730904994095,19.47697820857439,17.46191785578404,0.7345709257113876,HIGH
105.88944190074794,55.45761198644354,5.032949512953955,0.7857276608097634,6.810596584581264,7.120288702068118,0.4445825097221542,LOW
825.250542172471,45.38590881821155,113.50344440410646,0.7411999707403069,7.11591587812723,18.384550176253104,0.7571391479503905,HIGH
214.89045189644392,27.94706111442157,31.744144416606197,0.9887495172422937,1.5403166166305575,0.20614276341096138,0.23255679921946493,LOW
43.2971749968,46.07250316012086,129.7471192102971,0.7736152512093648,7.996203938319685,9.314780167461358,0.492124450559878,MODERATE
503.81869775842017,71.4344863307282,13.602719460411437,0.2835745307020622,14.936276711620696,2.9352888217051154,0.45861228754312733,LOW
340.1208326375705,52.53803058156531,15.517058028917784,0.015272399127733927,3.894920651836081,6.315609773363462,0.24991862091804082,LOW
748.5128713878477,48.596077838326835,84.46622156080068,0.9681661544787779,23.827069857429038,0.47463456399460036,0.6881753828155809,HIGH
729.3438101372286,37.35615573476257,178.9276943069424,0.716069043844747,18.06039333384637,0.7069497440399508,0.7025741468724755,HIGH
292.25361461221667,28.310065421417782,50.49640691894657,0.8126066279358483,5.097522181738409,14.256273740219001,0.5197852346536236,MODERATE
858.080461612073,56.18522199981523,110.64254077541754,0.7932441544287523,13.265416811412372,13.090801550637241,0.7572551258873111,HIGH
268.91687594470557,78.49749434024932,93.82923431298815,0.7357610899931691,9.786022102064507,4.166709026223357,0.5274122822998708,MODERATE
468.40084501622596,34.555857788126616,151.73941012742833,0.7514744685841753,9.558828927216915,18.02297954916034,0.6843179251664693,HIGH
237.80893060516644,31.984211117121863,52.65753977922367,0.9294581847738685,13.999704992155431,13.759538720639737,0.6998258820204074,HIGH
843.0787773435774,34.82096431683836,100.33504414735603,0.9141112819284737,2.703766474707092,6.723462004634411,0.6420719076508954,HIGH
156.50095764799616,34.617973475928,171.16160920382737,0.37922674583998295,5.38284064628508,8.153063574242303,0.45429773055630984,LOW
49.9704512591728,79.25935709611112,60.532859692154304,0.030961523632847876,3.7420076166612137,5.851115938630384,0.28190169444363516,LOW
397.2363834027038,56.83548234323791,79.6535990545224,0.0386815934960667,4.349479858925304,16.611964234077984,0.44884551440357245,LOW
893.214252009695,29.37557148763674,160.09758329615718,0.4466383645234687,16.38043620113841,9.879198685958638,0.699344724249709,HIGH
803.5927669668735,30.348687532311082,60.51729544496795,0.8349795299004072,24.904122193948126,2.7061517611050645,0.6920108763577026,HIGH
676.2611373166848,35.032957054780404,69.14060386945297,0.8476112266155218,16.27765288229617,4.03427491235578,0.6636626724438548,HIGH
802.8053168818872,3.900262818855526,55.43726678910799,0.4043895812299244,24.618088051409913,5.9315814677537855,0.6861499115601161,HIGH
805.1675093310982,42.69749575967875,145.90611618318806,0.30161162534796726,14.425183889744863,8.063063492553596,0.7204344112121362,HIGH
471.78394074393964,65.09909517029841,167.5392677083626,0.5066014444315459,7.082715489752675,11.85279803518405,0.6913857945848204,HIGH
291.1768561294058,53.184855663393336,113.96669963937612,0.8325432068699375,21.807620760927552,19.28329960314072,0.7880081973046353,HIGH
697.0910645787793,16.675246894161788,112.6297934954778,0.636496119677168,1.679777379519312,5.238572875448093,0.47281994095585594,LOW
598.8785242193073,58.514705068891224,70.81064792865834,0.13980581365953482,2.56069846034897,6.56807131415154,0.3616617896354243,LOW
342.55537869760195,57.83722990023039,3.234591173297904,0.36223394365855777,23.690610221921247,0.4790400099264591,0.3558587346334793,LOW
94.0753345747486,21.740598036270768,32.13483018941962,0.5554259151915379,16.254629983843934,7.451039100973594,0.4416515722057353,LOW
674.6427541006332,50.20709789169787,27.39146547165197,0.538262431287172,23.224050597523394,13.501549324693851,0.764723751955563,HIGH
243.58985917134956,49.26497361663296,21.742878503533575,0.8306340200887075,3.3221630027780584,19.261224225009997,0.5523692199052377,MODERATE
843.7637039750635,67.34322228463834,118.07446957355775,0.9321717638406569,19.206523838941493,14.803790577068858,0.9063096848840427,HIGH
224.46381175505942,11.74971263484186,25.406462474909777,0.10046309417525578,5.8702612646668015,2.3599302532556155,0.29176278701158115,LOW
119.25455984622256,16.392241856410294,16.328477504072744,0.2244075903458883,8.58385460750887,17.800772045352662,0.3073459173657671,LOW
749.6902781911665,39.39159079765661,69.48208967457262,0.3921569106394216,22.474784410865922,16.773582577611254,0.6399087697504424,HIGH
146.4230417957997,4.4874667624922555,45.57505667125384,0.29639808145102786,10.281383731914277,3.780448879144831,0.28055916680061416,LOW
169.54879426038778,33.83194161053482,27.10903766882292,0.40829049495844283,16.76341492366888,18.686857529694315,0.5625442802248157,MODERATE
543.4506844535507,63.26930431797814,27.15688972498367,0.040721228615231975,22.181901356046147,14.281980889504792,0.5190165523991557,MODERATE
788.3602163453434,12.74843712473586,46.860821514115074,0.066013270162815,21.77184820929533,15.656346781658648,0.4843253830395205,LOW
184.8268524859702,37.33595021798546,97.09610764431142,0.8383614779370744,0.22268134558290353,9.182793283352224,0.4708872896127535,LOW
286.18806888108435,79.19176943721313,136.69911241633397,0.10258178411188701,3.955381891892201,4.013673821933381,0.447831928532875,LOW
701.890306034648,40.96768106056429,153.64701914213296,0.8240751119947495,22.965540978391633,15.982104290775364,0.6880044416073952,HIGH
874.9255191942609,40.367582105645155,135.5037951032542,0.30651200180303506,14.060396708056524,9.548854895492912,0.7515143078002265,HIGH
455.6596557200847,45.14469311420928,113.45017348704657,0.3092233698888558,12.004999721991256,19.34860692173407,0.5272270412915359,MODERATE
138.0687772706132,15.694345256286555,163.4647993759875,0.10074702812680714,1.631446456758681,3.066690381567201,0.3186545964189679,LOW
22.403296060299375,12.625946732189597,94.03288768943085,0.013263381483498704,0.6263060234362822,7.108070278523941,0.07953893723394413,LOW
214.39386669898118,54.511015700093566,114.37087451281076,0.35528860844538523,23.835368425442528,14.71094097602647,0.540730322750604,MODERATE
127.32177383000372,32.26557798255584,74.68007850940444,0.8353569062939832,11.846277062623548,11.445632330105704,0.5691106412913253,MODERATE
613.1162195154432,23.902623629022585,59.60177195765354,0.9199554645380619,19.66043288761515,8.665501474823259,0.7501506857536402,HIGH
118.4309291193927,3.479937973671909,60.37640852356436,0.061585556130329566,5.500034833736869,14.03221074346455,0.29035869521936614,LOW
460.6336391423634,67.83798927710012,27.548793426500403,0.030908063805608732,5.926798812305137,14.667021237750237,0.5885289525637407,MODERATE
627.893567722169,3.5539804017417866,143.5909794706194,0.15880062013033347,14.006383009855162,11.54598026320016,0.5039402751835851,MODERATE
527.1937822066031,60.24866680258223,10.910887095704338,0.7662898086856959,21.900645901210407,6.3820679683803805,0.5531575182306959,MODERATE
187.80032997745127,31.177096160887896,121.76865863384909,0.20488276602347477,7.2144983901148905,12.375189079241405,0.42334102025564757,LOW
725.6708283022139,48.29633702986736,155.7383745178294,0.23081037439446594,8.219999593895533,10.904850010435842,0.6153427850565888,MODERATE
646.7123453580634,20.566562054522823,90.03967411038073,0.8889426978912893,13.765707655491779,15.953120024030024,0.7407722282733287,HIGH
667.6957634848321,13.276573632333777,13.565939949637487,0.8749490387585347,1.000139294193228,13.069156905882881,0.4781837743154929,LOW
126.64139888600879,43.13765206596084,77.68672563300346,0.6702892194201687,9.469053706131797,9.935434949642314,0.5210430726150543,MODERATE
120.1408852488067,55.95379790137734,62.43756191594062,0.16401378048147897,13.907072241042401,0.37409410442526214,0.3604438608707389,LOW
835.5306703957918,16.443970300666578,177.4115381545981,0.38114918965157185,0.12067005640858386,3.338806377367951,0.6023185226656529,MODERATE
363.8445925041972,35.47235684717257,124.73647108979104,0.2361774061591052,15.950087929149003,6.73188584505451,0.48336164107999163,LOW
277.84433568503636,36.127742653020256,130.12340506437667,0.6718455818431287,1.2740244538685803,12.027572512000654,0.5471098856826068,MODERATE
444.83980036286465,18.06235277727756,93.33301849423934,0.7799310541806278,17.998972993293,15.847175038933553,0.7166096710056116,HIGH
599.9491493595883,45.63890625391835,127.98515154513527,0.14213372201755559,20.04196152300817,19.199082358543187,0.6882797313261863,HIGH
860.5046987718032,12.528919255754351,130.3402048332681,0.8979558329070189,20.969868945183016,11.996107883080523,0.8121637641902257,HIGH
264.937141925029,41.270184692167824,12.878239653552768,0.46282590718383665,16.834702670613638,14.57687990762624,0.39142455488635486,LOW
833.0795020877041,9.96108939791396,40.8465678814314,0.7950058544949483,14.039265114449176,12.42882409926673,0.667983678607605,HIGH
32.12494733376812,39.35785029955586,3.321192421770604,0.05163760854196231,7.689037355279796,8.605554454401979,0.26706424057852923,LOW
504.12625767087394,25.61632533516899,92.25552566121436,0.36058118701943764,10.615342964166018,12.19353373355769,0.5364299699917585,MODERATE
574.2378493961658,36.72745707444126,157.76817401564875,0.014780947697325186,2.1764014257549786,8.013459487497324,0.4132308253213991,LOW
104.24868933817044,35.26619939601076,110.11026171046377,0.7184847314356495,17.6775389349317,9.072787756603134,0.4622888173034102,LOW
134.90224138688225,72.72671670266884,90.53714747757998,0.07945097023118519,0.6171092008619705,18.220077765148417,0.4233699285524859,LOW
383.0117441915104,39.70491239656056,166.74788672230454,0.3382857910264445,10.335927113435343,11.277193240564927,0.5758538563545386,MODERATE
869.9464018074317,65.66141340627308,31.82711347289395,0.7817486806388066,12.655267541834883,2.0082188782522814,0.7131191603004574,HIGH
540.4778723785918,18.826539040025505,14.354171160225741,0.748966478432914,16.25223795008666,10.47531349053571,0.475955574956348,LOW
840.390667224188,28.814540776106448,165.19772681733946,0.6402896203728426,8.579972285161919,19.06520429796703,0.7310651711464609,HIGH
725.881214895544,6.932061070022083,162.5979341304676,0.6940206388413889,11.069695822228539,2.0008573651839456,0.5131420088347398,MODERATE
425.96962538420945,34.23907579089799,123.25207503211796,0.6512313251035727,14.684400298535019,19.42374616243601,0.7431452014890811,HIGH
708.4394698344469,53.82729107891955,45.0302700151933,0.6412759590068303,23.07936977087007,19.752807007962826,0.8218292544404093,HIGH
25.874737739519084,67.2151956946423,174.58776042208237,0.3496546400413997,16.799303279270788,11.214263325282785,0.6801615630417698,HIGH
107.1381571215041,45.70727803213326,137.99699697288497,0.02816570407685559,6.360860064257751,6.648774589224398,0.393189169656816,LOW
748.1914672456353,51.5657408978532,121.62713046165578,0.44182584981578,21.181590514983586,0.17269347675785696,0.6898598176907619,HIGH
719.1672086093939,15.004099131738904,40.90112699876515,0.04545965159034471,1.3766117950596068,0.3101001897425859,0.3018736322475282,LOW
217.050260350126,3.9392770204417107,92.8429617223277,0.46886739512364184,6.807476549616736,7.761908029225502,0.4127669085089236,LOW
482.3849356331576,63.543363469007964,148.24114719216297,0.4640789767297566,2.7037946004690756,15.661435878708073,0.6399010723817367,HIGH
549.3540804230097,14.196018387861624,154.9865802270792,0.17872153726381923,11.175966010756472,18.847470450641225,0.6234147182377732,HIGH
782.28766886065,8.20239330708744,101.49599072842697,0.7842616303691861,15.923179768838262,3.095566102412395,0.7545188117532826,HIGH
546.7653700314659,75.06742335162103,94.58009802574828,0.7042093419104312,13.274883031821757,9.755052107715533,0.6880416890045401,HIGH
377.1886966535755,77.11818776067494,125.88540526706765,0.5595395407009442,20.28155505344985,10.034512693664205,0.6878050700746945,HIGH
343.0237986323926,49.68432603659708,95.55654313193264,0.9259085801216873,14.187204108426835,7.60606750791397,0.6472237711182229,HIGH
389.0350568724238,30.91234454229618,75.7649058137533,0.28718711321021084,5.816673656424909,10.799121325669553,0.4287048683592977,LOW
590.218612766177,66.8259237361601,16.290003044965573,0.2620322214649935,13.410546529210679,18.500444636157972,0.5877636393201969,MODERATE
782.0666622595692,17.172876787497582,23.56289195308884,0.18343581555238897,18.38723803831742,8.770583010346364,0.5071649497314084,MODERATE
413.9682250479068,34.921993866944874,137.08930880791945,0.5444397877816999,12.573834106470988,2.75559456182747,0.6024834814826817,MODERATE
230.5772110267087,29.204366621047537,5.414867567743984,0.2053571826985805,11.049238709584744,13.308991349133468,0.4338091992412918,LOW
220.62950306784722,73.10329926859285,10.362599617771949,0.8688955784016181,13.227433834998134,0.6274904906680323,0.5770340700677539,MODERATE
673.9527094166673,73.66241581361962,162.93120047746876,0.3043097704838039,13.701454308988378,18.8023052898331,0.7377189800819569,HIGH
736.7461994472802,52.41998817956964,127.01548330838858,0.49093101023606045,7.763928271490805,18.797753121806476,0.7299770138887678,HIGH
103.69749107017121,9.748471081542657,1.754077222632156,0.5295107649301624,21.35565877645811,1.8428520716586116,0.3341551431650466,LOW
69.23738269010856,39.093230383005896,56.85576400952222,0.30764654743549846,5.192075369422733,11.017736916807632,0.36266453846985963,LOW
539.0459607432421,20.380940931700483,137.63400444660252,0.7384196210696882,0.8208030427071633,15.947807368250956,0.6836183517502818,HIGH
140.09418733150147,70.90833739157407,75.75054319592876,0.6920729362337565,18.537305396436647,9.291569594920375,0.48509441976613604,LOW
743.9511295061437,11.93382112227995,84.914810291602,0.7608110282212446,21.05784427497345,9.575432691018456,0.7241008407996827,HIGH
286.19785979242624,5.290511792995881,83.12503192724391,0.605920469790994,16.068406824248957,19.404000070112616,0.6779165465276036,HIGH
138.04602034431696,56.64989365045618,37.18205818336828,0.4601822922598777,11.723628572814174,4.6101618595955,0.4753900871998082,LOW
829.6637205138308,36.809599922484075,130.1290673837887,0.4489170965425162,24.380136156093375,10.526203777952333,0.8274961256614844,HIGH
157.32323323439758,67.23082612064367,19.438133163325165,0.7165345616184655,9.2690059260925,2.2993632293509947,0.4467494742782247,LOW
263.40087328076265,6.895740862375629,91.79794789285413,0.377035241055516,10.147446332363296,6.048803005576793,0.348138867779076,LOW
146.7159217209322,64.28501447601955,31.422093115225756,0.437259781112186,14.777818681533251,17.018088549784814,0.4729243939432621,LOW
112.78615666216592,3.949445474688508,9.329372914310923,0.16367111922203437,10.760672085071162,14.32897314955079,0.2574903924471789,LOW
28.82173453943163,3.2175309412026007,26.640655316043123,0.6796304563213801,13.882459417209272,12.240075737913346,0.33364687427261375,LOW
59.3019141561915,37.44394438675135,156.61095359980177,0.0769247492347932,24.164092813334317,2.2777712989612087,0.4728089585661451,LOW
165.4309091329089,18.482011884771495,32.53043199570255,0.9905121608804818,5.937467306275848,17.01397099074037,0.5871499831933827,MODERATE
57.509920038186095,47.90377785351592,50.82808841321074,0.14373757716961566,3.714073144860988,5.9621859443525,0.28793478363890346,LOW
536.1179963387644,3.0395425427061644,25.71896709145271,0.3829783961184263,10.58878083486629,10.699656879016358,0.4816941554078503,LOW
615.8359288515607,3.795773846675304,132.6625731967388,0.23778063289828133,12.599964080092002,4.669493968602811,0.5057217303556718,MODERATE
360.33110658050515,58.444731197583295,80.73540093891377,0.29065812598384155,17.829914609372235,10.414731371384509,0.6021083757230891,MODERATE
293.01207628732396,17.60304783689262,169.91067191746768,0.3224532493040646,23.879329515771865,11.242790696781329,0.4555392096851493,LOW
459.0283509497848,52.85695276919795,119.91410022237453,0.718336639054379,17.216758426739176,6.809368835126097,0.6873149720441953,HIGH
788.7543985888016,60.24385075855992,96.11867046713213,0.17674927315444888,24.679378890357988,10.118432939191816,0.6625252549784211,HIGH
767.5071478717633,5.687162092272428,118.53693676144205,0.26385654217933996,6.158467333590653,8.121047516960061,0.5056478730894173,MODERATE
48.69280519138483,61.8105624026749,8.236143594529885,0.10120609027044414,5.222252217016626,13.94990820372505,0.33336963608244813,LOW
171.53358454090642,22.2052762189416,171.1681865630356,0.3314599987140767,7.6633687724693615,10.877826663229257,0.4212884803714907,LOW
220.70293528291245,31.774130697780112,172.2009002646874,0.941241743360522,19.678098065186887,17.56152200618456,0.681729098348826,HIGH
231.95494249066851,7.844496191330019,50.4290364714398,0.38010898268333726,4.662868062099246,0.9928391504078804,0.20007280730708324,LOW
518.3970600510677,67.25176868582336,113.46489141102091,0.7773383040465326,4.904751241710842,0.5327731733403551,0.4591450821915898,LOW
380.47355887584115,45.29757411973535,37.14282870103755,0.4617039380000941,10.293394015361516,3.7709870539110413,0.3496591429143584,LOW
53.83616673555865,40.8685569499266,98.99745123348215,0.44959968431203157,7.938607184908136,2.3715315185536356,0.29323287482053867,LOW
342.5165832290187,77.5158300613177,138.9712738032664,0.8239709440034146,16.16195222859527,10.517915455925774,0.6332512784452415,HIGH
476.1401243586971,27.42595503531299,169.2280887401652,0.026819453573774465,22.2541758211127,4.002681031719694,0.5468219778480388,MODERATE
100.48799358430722,71.37156363165899,61.719829264555266,0.8648864992094799,3.4665142960474933,0.3209724932083491,0.33604466352524154,LOW
751.7781128718182,57.85534260410373,125.13744208465431,0.485208451600186,13.668873173735896,5.6524411085618205,0.5616307250698351,MODERATE
56.24606115394279,74.35372273232687,129.24045346814512,0.35112718518405917,2.2100179428278466,10.184060754812732,0.40845386190004285,LOW
833.1092634260752,72.71636216823431,40.58563540848868,0.9068349509589009,5.537335251569872,14.285102961052441,0.6564958514902172,HIGH
98.2106960060892,79.2913545970595,113.5967515373172,0.33985935177353543,7.727538659884078,8.767896137698576,0.5403247845416151,MODERATE
760.7817069219999,11.402463410935447,118.32041076461202,0.9776973550861962,14.47757364366827,19.25428656753824,0.7975408893110693,HIGH
813.3612980955792,63.88529497523601,137.76962303594013,0.9363564992829547,13.87197480632685,3.9890532454074745,0.6925553124296058,HIGH
881.8179057220675,64.55505404085275,179.9905590843615,0.267923212216742,16.076656291994638,10.281239686847899,0.7907338498215684,HIGH
723.8030334434983,51.90550872610046,8.201594127340021,0.3406027198236815,20.472660430693455,5.063674585100657,0.5570569810378293,MODERATE
703.7350112864827,23.03001570081796,37.212602818282896,0.8121675460170514,4.680746953185769,16.13335817369006,0.5920828521102777,MODERATE
581.8101156360374,77.24671345863689,26.96903931363358,0.19561008226472643,18.584561936520114,3.755169221442529,0.5890171695132442,MODERATE
703.3067555745348,17.149348893326557,28.64369538330575,0.7319515640715224,16.67552387360984,19.232021750522847,0.603304233835747,MODERATE
129.7514654877009,40.46645489031668,82.31051025133173,0.12915114700852326,1.9927758731324712,14.332129912445437,0.4297501628134733,LOW
487.1005519933972,42.197481912715716,158.2580436337158,0.205605526745966,8.617383001316789,11.137301622871101,0.5397314245698822,MODERATE
467.65835446946886,13.784518242047067,81.32146516312815,0.5005058095886677,0.6924837220418562,10.646961413354186,0.4367447082122115,LOW
773.2392082690762,58.07977696432603,120.65799121235997,0.745881726816423,2.2546095435279274,7.249404717961411,0.6124123883354883,MODERATE
421.8914353782291,8.020505970238942,68.39334651290922,0.7394286435511823,7.09467000141652,0.42052120332009,0.3557649024117694,LOW
352.7296515293146,55.754724528890165,58.21973344068961,0.6089222722467452,6.077904110858806,18.30247531839942,0.5342073185947518,MODERATE
579.211311401028,68.04062420696032,150.32809808439856,0.2721126738959059,22.504344235969807,15.898746723510826,0.641212937872258,HIGH
247.15235257575299,28.602317581509563,118.3430043111971,0.4153778641434195,22.344714071870094,2.6971616479682803,0.511222266010236,MODERATE
134.3938857490216,57.04424387933682,63.810256566773944,0.24621426658416035,14.44668793941713,2.441592123855112,0.3827849723121351,LOW
435.31077388113374,13.385146643680136,164.6346867632425,0.27701742504079685,18.37588897715262,6.162013436972311,0.45065113467759393,LOW
381.03153804944765,67.82997111477741,90.2335701560584,0.32322402069856615,24.990032828318807,15.26278808198227,0.6937025184507644,HIGH
216.98724707069758,76.21050418570475,34.70117976657264,0.5988477110335224,10.254817444938219,10.063300603735488,0.5759457652555591,MODERATE
337.08551100246393,13.062801786482375,87.49671338171493,0.2075948885511658,13.060635651572644,13.084197667267892,0.427495322529889,LOW
336.0892803453602,55.65689844381424,121.77119939009216,0.04256951918409757,16.27874847612892,0.12388559993997683,0.38681311605697716,LOW
301.47105232716547,40.96065662796554,66.71315347685305,0.6924546517991628,23.013955310467047,18.47409096352652,0.7187846931949714,HIGH
347.7230309569668,42.98844721475791,152.03746779329543,0.021806400605820286,19.925413768103283,3.313716259088888,0.5233344185092307,MODERATE
620.3115774557914,56.81268776945437,96.43277252849207,0.9707848178590684,1.6105444381684904,6.378025506570239,0.6145209368062541,MODERATE
274.2200623684439,39.61049944757854,84.72989560826947,0.35028551024667065,17.823757103007473,18.943011303853055,0.6247678779556236,HIGH
854.483554776653,48.42578496939962,154.70934476420564,0.0065813723191826545,6.298388256396012,14.657870704804115,0.6648109147490122,HIGH
825.5497373889783,19.2411805334988,83.86228735744139,0.8845853114145206,6.372542413538729,10.221334109129563,0.7435523338223488,HIGH
438.01028118706995,30.90202112260179,75.17941539129615,0.5998045333368279,13.680956126312388,17.258320286068095,0.6123107748941563,MODERATE
302.24147245417305,69.35398765564867,19.565234764695777,0.8173922948410067,17.407521280764445,1.225246134315403,0.5301496166206969,MODERATE
486.5369629487028,9.682298420222462,65.88604631539677,0.43502471563596545,3.980695562709935,1.5258566588773292,0.4067279594313726,LOW
765.2188350085258,48.208445613757554,72.07164580079163,0.3541818830139334,7.862787024098441,3.1032183766807875,0.3656645209446494,LOW
590.8027330984908,15.558677916556327,33.33139514118367,0.6551894430479303,17.90302510625141,5.29142066339511,0.5993970714212123,MODERATE
725.9087268728989,67.87662823594638,106.22035310665702,0.40600087489112846,3.8000498302484726,14.180593359002618,0.6164592187942999,MODERATE
484.1228256985088,46.744472354430435,26.747730628512237,0.5562085980209214,21.242711908741885,10.648352582321934,0.6284509324920281,HIGH
573.2966900481824,32.84085383095142,41.040472160096485,0.27782287811474393,11.401069854060653,8.5208916662968,0.5712003735416886,MODERATE
266.45849662239095,20.736149218493615,101.43546544480017,0.33264540673077503,14.649756255212845,15.651769818680092,0.5134342619256137,MODERATE
664.0549144561588,35.51073123598112,49.14805808572793,0.08219076322172136,2.0099599593873556,6.3432119672349145,0.3488774559673944,LOW
190.14008788188931,76.65137374781764,115.50062751297524,0.7813719867183654,23.862531107532845,1.7091491779260926,0.5850975856027588,MODERATE
628.3703346484634,41.22753388974603,124.6018507928061,0.34885082697389713,22.68830637428306,7.935327666342649,0.5689385375287412,MODERATE
776.0399708100457,38.089673004288954,54.9309834985904,0.9749991454311245,4.751967903001591,15.328225471122126,0.8330945309169546,HIGH
127.5715251983741,59.95563126652442,16.64239498791287,0.2597588241187918,16.57755691322243,9.481714303430994,0.4183397877126446,LOW
556.7979690823087,30.94471859572063,88.61187825537638,0.47505268026952574,19.82793046830807,19.5429586499407,0.7776413229455899,HIGH
94.6352159246418,34.766492040582726,17.628817196435268,0.30553220053839114,3.0491850459007264,17.122546071672538,0.31420043646684515,LOW
655.88690916157,27.618870794157907,93.22718699277239,0.6939253749156737,14.436338985231606,15.819077168984917,0.7091604735678373,HIGH
85.19896475293301,12.92266067102192,130.99299374108386,0.8083659196204206,21.261348253459968,15.463611994766906,0.6930470256525447,HIGH
842.9864422035572,57.3909279220094,112.0390326732738,0.4870107305178776,12.667852436017874,11.622481390066282,0.6697212757006904,HIGH
132.29305773364393,69.96944219680627,81.23990777695114,0.36692755740621197,23.094633498120263,18.02299404221057,0.5829237232743286,MODERATE
863.4034188590815,72.54181929017848,170.308680073661,0.7447513190638463,1.1950474230153163,11.797442251004464,0.8051403229505224,HIGH
722.786916715736,70.5834321049846,19.212754721708517,0.19145504406402525,22.980267074341842,7.4507301357157925,0.5574547872617712,MODERATE
538.3769839750552,36.690920392601434,158.52026973723568,0.599466338212132,24.43045119319054,3.9180274678543614,0.6314429715846617,HIGH
706.5354531202968,23.441229184052506,144.22306820277535,0.7336244602729196,3.8985525243279087,16.26189826003263,0.7601631122945379,HIGH
717.6522066949465,51.39597621846505,76.13320588526064,0.2692696113790727,10.77375491522725,7.4227459978601695,0.6416332355930187,HIGH
851.964085907424,76.4216880405765,28.36322377022788,0.6556993401140194,15.519123066533341,15.81806468779961,0.8413701565972923,HIGH
235.5111849168766,58.437001205319795,28.90015465419778,0.7352261450869261,22.33095720721878,19.660056404145728,0.594171944819934,MODERATE
535.1675468688952,40.09303636562237,166.0032311729607,0.1174166294840725,3.9881543222434535,7.974131970161526,0.45456511893534074,LOW
94.59378583231708,55.415877386562414,42.833134905808556,0.3239074843391698,8.350698951770214,6.814825421602501,0.327091922722194,LOW
558.3874730214679,62.03049508389736,157.46671172982133,0.40630604793418834,19.948245292525492,3.40185571610339,0.7034162459933408,HIGH
162.44926064258203,73.62227164491759,91.08984436752172,0.7759573970598979,10.250114067797892,9.50703202275573,0.4887241259404257,LOW
512.8060442104733,61.29404456380018,83.65049997419862,0.56750513291254,15.123586869361013,13.080369242325352,0.6065051829066735,MODERATE
519.4631574901262,35.22205389523654,111.89251689750391,0.4495614731369105,14.000138080416539,6.255734742616328,0.520483195521633,MODERATE
424.7267861532923,22.614914958773245,39.491995837888695,0.31877244867089605,24.329292391914898,9.713312179387273,0.4423837139582193,LOW
475.1422802066793,40.49065151363771,77.67835065668523,0.004061367224883705,3.5382805979204375,10.741455970030898,0.4567232945870711,LOW
689.8918171058633,26.92605762383227,168.98871454608243,0.020220090963587012,23.71101405219039,5.504746828651403,0.6326458949844642,HIGH
721.3277976957393,75.4784028223373,43.64799028719622,0.24044622573625862,14.103767892197014,0.4702288128111931,0.4611626895231744,LOW
448.01636186213193,41.12930163254701,165.96345703947557,0.11669060583509261,22.60380645138315,4.312478350684843,0.5400506655587873,MODERATE
543.6381629551249,38.292450541156654,178.96353569304299,0.11958659702777541,2.9485534212259745,16.062992726247735,0.3990406689704248,LOW
838.8002497641907,28.50750123423417,10.291386665513922,0.6027396240664463,16.03757534699719,5.561246862639456,0.5452380019307826,MODERATE
116.5628937659993,51.51315223303642,96.11686294385551,0.6054553232201946,21.002750908613592,0.2764386546645192,0.5608196986816241,MODERATE
114.22217365109834,42.084051011054875,31.755654645170257,0.044772109437343,19.672037535340007,8.498973133704006,0.342416334814359,LOW
88.06102060058389,11.194864908962266,112.28685181624523,0.5939352518004133,0.24845806335614395,13.649424825772874,0.34547163145245824,LOW
595.4983236860697,69.66741705560908,178.12813313546275,0.14581859403370157,11.305136655305018,15.04818879277227,0.7516034373222066,HIGH
382.56138770343773,29.362013739360076,161.54168027985884,0.3772257348072394,2.8836681092137995,8.277966800372534,0.41154556525667807,LOW
699.1460603662405,35.17369596669418,166.54787462753728,0.9896838596675823,3.8206276944434348,11.437167829734548,0.8244188839570352,HIGH
607.3959578446475,17.247697476422747,39.18961658286578,0.5220053632204489,17.65719274952128,14.910165030558133,0.7853182280271755,HIGH
306.937604912132,44.718458401813244,98.07520820118496,0.034188013362345115,23.914488238282253,17.78483004701297,0.5528126060100484,MODERATE
809.5462271517669,56.46234993185805,43.03475193469616,0.34765820167920825,15.852436029580039,12.797984717851701,0.7389894493946207,HIGH
688.6536108928806,70.61206032944922,161.99702265639957,0.6708981588367661,2.559426520113986,13.817255356339409,0.6207487353657231,HIGH
250.7760974100564,5.07700553280875,35.216564760290126,0.22459788463509,6.0999147963789495,1.973502556575848,0.11661199417757807,LOW
334.1308958171281,77.89322086625089,28.55864532124676,0.9644492369585763,9.471859935597864,8.40900575368861,0.5157871056056232,MODERATE
289.85158238179395,56.60160161960818,3.1771110768093593,0.42529369789091553,3.1339387794061144,17.77917699711835,0.48090377082822733,LOW
150.2743672762497,23.459596068509875,33.56866695550528,0.021087306742710532,21.19920255937654,3.2144011188982313,0.2982680595099265,LOW
141.52720156255057,17.15350564610332,34.967549586961375,0.5405661646129588,4.862629580519321,6.199188422694187,0.2958034997124173,LOW
843.1534424044122,24.390945573713235,14.870743567084485,0.676189624352537,3.238776930843626,13.5592712881827,0.49276484915952734,MODERATE
399.73459310689043,70.18233438164894,156.32565751095544,0.45599117705173564,18.142116803832874,18.041479279649085,0.7237206661178801,HIGH
351.1546422718948,24.01982368248008,140.6196077566062,0.9281708397738662,3.170808781639281,1.1808073327611979,0.45470576654660677,LOW
659.4202807228663,37.56286963002162,46.55218802515896,0.9019321674656063,10.25798617871284,17.409839528309625,0.6328525865181843,HIGH
502.1638280750809,56.753306285136375,141.20312889270525,0.13896007315275782,12.88770761877925,4.406454277657623,0.4746364699479849,LOW
843.1645882862314,69.88719923418695,76.56745387662689,0.07994816734445687,2.0057323423724323,17.217116218002563,0.5886905445250611,MODERATE
704.4683295793591,53.02712182534223,139.81813537332502,0.3123089974307902,13.894705101713217,17.78471129913266,0.6851044205442834,HIGH
436.6389120708409,60.49562652621939,58.81836967849606,0.6081326622676865,12.00410006374946,15.509648506811333,0.6337926577603975,HIGH
344.95993139793535,14.692816907380493,102.07310654133,0.6015953143153395,16.710406968173878,18.476330992044176,0.5059007374866916,MODERATE
888.1020749826466,70.31521838759997,69.30828700979617,0.2716430997250232,5.47864824934168,19.22316177851489,0.6761916633063417,HIGH
648.8066100432427,22.781815505830743,34.593971247200976,0.9511005467770005,8.915728601582845,18.503722054960075,0.6630545927455371,HIGH
856.5632474034186,11.14187496046474,105.82828623635814,0.30733171671553405,16.49138347649946,10.262581405820315,0.6213568016107054,HIGH
115.4459337231668,78.12329893691287,135.39871319603535,0.8041994361011563,0.8899155560265964,9.273535263149824,0.5354033824704884,MODERATE
766.9749744797965,16.92955411087872,135.80617530235264,0.8319801805847017,2.8948735698419883,2.104125199610576,0.6289541018295661,HIGH
576.9957567521748,11.795505636160142,64.7758058791446,0.09843501892734252,7.088795782877094,4.321819379256007,0.26383685799826634,LOW
118.5102937182502,50.45565110804114,93.84940654464322,0.23255291218085195,2.6589093476796997,13.047307715924841,0.40973144276379864,LOW
533.5496199726064,26.19018881019153,137.71636914673044,0.21519150795024367,0.9878117251327062,2.546836452921075,0.3179187817983276,LOW
620.6257649438494,11.534587209258971,10.75506941954376,0.9196513167747996,24.68456056619211,18.847610590638592,0.6807874364119597,HIGH
20.949390440856526,48.48856826005421,13.868011660853995,0.3511049239389352,11.393999554555359,4.540919906904395,0.28569180135926325,LOW
414.3429860391544,60.9598329505566,68.34387045500185,0.8364713333915073,13.342100127490555,1.7586197940854942,0.5596972081073218,MODERATE
744.6055649647258,63.66267156236537,41.00141658418506,0.47801800217727497,6.372622409551287,4.70490623087914,0.5762612283913277,MODERATE
272.86953255623996,13.285495479969518,68.06163749948945,0.4572190441940204,0.19218104801198566,0.9782317903415372,0.3130419783923213,LOW
418.1077928007105,44.992498367255436,17.781801294872615,0.9034213575932442,18.76810463520458,3.3217925040080876,0.621517061893722,HIGH
403.65957309042494,65.28059128383539,106.96943749087646,0.44090140719442705,18.093824555707016,11.753681271466704,0.6297272279454201,HIGH
278.7153783838175,13.725873902510635,121.24155057298944,0.7448519172309263,24.313518572234912,5.783268771883472,0.6156934504178528,MODERATE
827.4132870088432,17.406897889883318,142.73945091300922,0.42437750179036715,0.5275520601202732,16.023208509762927,0.6564535953161491,HIGH
705.3516915340491,1.1905003971025319,117.44360591548352,0.1018697365763126,3.425518359766222,8.094674702514821,0.40785263886579365,LOW
108.42368578653834,42.44609835522776,71.95226970608758,0.05309479449744814,17.80352621910697,14.279292204164191,0.4649015968425909,LOW
897.36084547544,16.379854052094124,168.35215224239653,0.2082401769786979,8.251840933563889,14.165877754574815,0.6482519219827176,HIGH
792.4880216338933,58.21516348242503,131.0134308690103,0.7222680362271039,1.5943282877610376,2.715564820169676,0.7016756866362097,HIGH
262.6785096989947,77.01489459379086,95.45494300299282,0.3736497201004947,7.5239534045919125,1.131627677298217,0.4549496587726723,LOW
754.837955898235,17.491683630926552,38.02622309207101,0.4541075813875254,2.1929231373575635,16.83987979958684,0.5008679262572218,MODERATE
104.71338336553075,52.27866392931908,117.1665226257826,0.10187639851754826,20.94014389027849,14.017020045890003,0.5177856523628099,MODERATE
899.2032101220724,17.7349224552224,106.91797399038613,0.6230375997880595,21.92332888511499,3.499618183918458,0.7377042980363495,HIGH
602.4594151348178,2.422541859396616,123.31606980982083,0.8034482104019519,15.922248049676863,13.599837935637373,0.78074715343835,HIGH
588.6112638473293,60.9257813429522,140.8213329901859,0.6246832440043619,9.639931400934298,6.5893595935349225,0.676167350905115,HIGH
90.49224701587815,35.286369455420534,164.7938817971021,0.9846140818253062,19.219731143406563,1.1350816717261947,0.6243122579170356,HIGH
808.3597250179964,75.79616205965759,170.8811298531081,0.01634139151247116,15.789756583478484,4.5752545519489685,0.7061422323431376,HIGH
35.809557851977786,43.20858468932904,113.80320488048172,0.01566982725052124,19.799549479854647,15.116097051147054,0.4862863610216046,LOW
224.33697165662088,13.441146649079034,173.90613039984845,0.5000056031150403,12.772683866746402,7.814544965786214,0.5097729345650015,MODERATE
137.28946889830516,36.53218090198495,164.1446094211016,0.26640805887705676,23.958622612267092,10.897240390748928,0.58809714847461,MODERATE
701.3234672160745,17.0284517896753,1.4679699057245694,0.6865104053510038,7.250842362212384,2.7308435854026514,0.40573697671240977,LOW
186.4017622194791,70.36431254223939,115.13352645803539,0.7932101535531324,15.104623186255669,1.853209070724482,0.6560771465519292,HIGH
820.4680221464879,55.581351290114455,32.94602436029738,0.10243590878299969,20.20131500776889,4.785044776828848,0.5313026281203888,MODERATE
594.0794450014662,27.957865567721583,53.83948514807121,0.9173382027462357,22.3468204720755,9.450752975684297,0.6867964653215275,HIGH
42.184812340279635,42.697805501764094,54.252535752670404,0.029922937806101113,23.66870724725894,16.939823433874633,0.5573683262072083,MODERATE
14.832552374543411,53.888934868829246,87.48020549504223,0.6884039277944968,9.87527431614081,15.267832327585824,0.43119654230933435,LOW
55.97554614281504,62.845759614988594,2.9450458608125896,0.38450076625728913,17.483568229269185,3.2012882264708242,0.3705193164136504,LOW
549.2734081064776,7.331629579772794,43.20755703641352,0.6674392128098823,7.254928049510087,1.4294321590317183,0.36102705172372357,LOW
723.3188116648796,2.778988517624496,6.2126512958107565,0.09763632161089653,16.234482690361798,4.510154908714716,0.3856061652659387,LOW
222.31201035837574,10.041763076421296,117.44998326374358,0.9370803194387888,4.6056576284757735,17.046569694094213,0.49168570485384805,MODERATE
765.973870201535,32.204708503632475,160.18247658601715,0.9374083398400184,10.53627961955694,10.316949869443413,0.7505674289821357,HIGH
60.93642673640174,37.869822196485266,179.60417010991586,0.5194008141761117,23.005926892047913,16.13805162618425,0.6343520247982923,HIGH
722.8578297410918,11.780468786894023,81.29168362899544,0.5095845340651446,20.272657928746515,7.391644018723829,0.6293025754013591,HIGH
835.7379328533295,33.48109789406882,47.56525874265335,0.6348081878137043,12.412653721599254,11.808861892492812,0.7128910117391121,HIGH
697.1764752028987,35.88820012258461,153.70554381479394,0.5800689505475377,3.671133151220063,11.89465685823728,0.5144335263406941,MODERATE
631.3274977409872,9.618107130521448,21.25537463974463,0.5435465668275113,9.964290009103276,12.534561902291113,0.5029286989994576,MODERATE
755.802394603291,73.416136855463,175.3887776090492,0.5891911488859332,3.4669744647225222,9.40302549272673,0.6742128171034257,HIGH
45.73465659688912,48.3325282794289,128.95590439455822,0.8586301721786694,1.7131909538077612,4.784792024853499,0.44998637282931186,LOW
189.5860785399593,31.694306906046286,91.20430510076713,0.6110667795807843,22.662784586130005,8.569696981879495,0.5532463853961105,MODERATE
121.18207458202234,41.045667494304325,18.300446181037767,0.19583435479674471,12.285786800975323,19.495169128891593,0.34977091229168306,LOW
459.03258127175803,25.82160143103573,4.2570724920490814,0.9139120403792083,2.2347178213008467,5.442245027209768,0.32797825151429283,LOW
673.2174342126716,68.49215149992284,98.4712633492671,0.21596061858284576,17.91671478487047,14.496566657033284,0.7093478210175113,HIGH
570.7105416729949,46.42618828391179,75.07924083176383,0.16516169479102483,1.854537527974326,18.894583066760042,0.43836502884819945,LOW
767.5066787881221,40.09676933708993,151.83694449080457,0.9970578290638613,9.904135428591543,11.325113476255723,0.8278076753508355,HIGH
148.13956327257088,72.9599468445522,115.9726808651252,0.21341669445302824,5.757263570313412,9.78671969001573,0.3820486116197355,LOW
663.8127718222938,67.20039616049135,78.30944602272942,0.10009335865940738,4.115757079955406,2.4167558952453194,0.46779508311634754,LOW
181.80692687332464,65.2113494226421,41.4552637581137,0.5620072108693006,13.338730200125152,15.065343790963707,0.5479753915340059,MODERATE
250.97528867284223,18.82312713431569,86.9955753773491,0.8271937436749931,17.992240331501904,18.229820281061535,0.6350036308512548,HIGH
641.8151805803604,13.096725806000185,30.175975902722026,0.06075071986330216,12.179743369444706,19.61369630765118,0.4578607505032977,LOW
882.3822585598268,55.517625057307065,120.39526658270017,0.4901041752182733,20.520061372310415,4.03315002175507,0.7066626912508422,HIGH
554.2738093195919,38.02273825097028,109.42550397137104,0.06850234045698911,22.934673138465524,18.40110826029242,0.6168603399889004,HIGH
58.50528034225308,55.01330432359064,146.00277489459032,0.42869111788928294,20.17952761333458,7.40535908750656,0.6336181993587475,HIGH
558.5149832355042,61.08955133677819,81.46573973136745,0.343960128770325,23.912291378587845,12.383050266728794,0.577472512298005,MODERATE
47.691990906348714,24.329767080235325,50.878087411927694,0.13712941813305646,23.22589928714694,4.473012724466676,0.28711531909571275,LOW
796.8896831164673,23.487384216701887,150.71476930320023,0.9310210234302159,20.812920970030568,4.967795425160646,0.8459507856778905,HIGH
641.5246737395524,39.77569373439651,124.68847758131936,0.6348869794523638,7.315815015079316,12.379163165199598,0.7128690563647317,HIGH
164.08378331602788,22.610395768593293,127.50094036662365,0.8430563005782071,4.358301618342211,9.69665760716323,0.5867920058029724,MODERATE
91.63169518353628,53.71632680527976,95.52713828173586,0.9059445291815099,18.17528423849616,19.287966633779757,0.672865768715946,HIGH
173.3445737034839,59.99170522457663,157.80017206475026,0.9301853309884875,21.138225856814472,5.289278416100569,0.6049603736564609,MODERATE
882.2241898032313,38.29107673820631,41.77324783740492,0.7481146163693787,20.57808796588743,17.56073323612242,0.7184900078745772,HIGH
418.11897178805594,58.18018148229282,72.90287253817279,0.3069483152341973,16.090561017701756,9.209493423830487,0.5349961270297681,MODERATE
707.8320440238531,41.324567956591316,143.52563032800344,0.8289326188553535,20.74670411879442,2.6910813126074062,0.7850703099381551,HIGH
576.4034244759214,57.31686603539373,24.80000145239393,0.5201829114820699,17.679154860382255,4.782534314884728,0.5396080455315218,MODERATE
519.4477034631873,18.7724915758623,145.65159924990243,0.2716539218267705,16.634146532572927,15.113992352193026,0.6213979164833568,HIGH
139.16592665189424,59.36860062871031,64.11454451082041,0.38577380999391975,1.164412441439047,16.532674975287378,0.45900729484574165,LOW
851.9617636667047,57.4947978531044,23.465162126435686,0.3012235307731086,11.511863198549099,0.7912667873601165,0.49731450379934083,MODERATE
278.19494293809896,22.061850856885034,15.167757910806,0.4662040400030274,0.8461528397382012,8.200592731205855,0.27954170416781576,LOW
524.4353220687125,44.921708292173825,151.90214065691842,0.7813351381209122,2.309251198744,9.883453009284562,0.5737713771413293,MODERATE
632.8005906842689,68.56962176207773,140.37218266698878,0.48486734184253344,13.525116328327606,12.300667113145597,0.7833997011344684,HIGH
587.8175081683249,20.71228911082268,52.55940082472344,0.26785857809098146,1.1869758473556646,13.012342830002272,0.49562361511420333,MODERATE
847.1290246290114,59.14240293715943,21.828831873508598,0.08740307467903075,22.830509567891873,16.611174717231844,0.595025423125995,MODERATE
142.11070102885162,76.36337065460408,45.25496226075153,0.8557560871295988,11.258523929161951,5.467791276677209,0.46837443626470227,LOW
462.43393721777846,69.43311166084763,39.124786789167956,0.4173686067763447,17.499166242863726,2.2385626452877316,0.5366717540407728,MODERATE
369.59060775928174,32.72008653174181,132.21696165290348,0.4419225453746177,3.69487956157607,3.7297354728163135,0.36813172685853246,LOW
432.0101692395301,48.96941090606294,39.58579209988824,0.7637215702325718,21.189881252624048,18.736924623318693,0.7083590867551772,HIGH
116.10359831599271,79.3498406059636,39.68163539640489,0.8497264958648096,11.951672908318162,10.933642569565087,0.5192466999744455,MODERATE
129.34420278676114,45.90655549868176,6.7759957172951175,0.5111449079746705,13.969397990321575,4.381897847981088,0.294783317286819,LOW
257.487235745319,10.08718059199896,107.83788420740373,0.6323678338085871,16.212104496605086,15.717295451973188,0.6964087051816024,HIGH
281.18709734713985,4.589029627522112,124.32733913784321,0.23915670053898352,13.49745632192204,11.740148010251604,0.45117921239698777,LOW
390.83386017640146,63.43484626977824,117.97479394170702,0.9350679455660263,14.079678056371131,7.346555979661402,0.7172896221770118,HIGH
553.7789168625992,34.46663770674584,102.77924895193804,0.5679212680617419,18.613083223899032,0.3660506039092537,0.49400949617103107,MODERATE
574.819914502254,20.49821835970636,173.9274158425095,0.7196048904951929,20.16178426992978,15.655729207537574,0.8709177473118382,HIGH
376.5116979611575,28.466090422214812,85.62019367969879,0.11421305435257079,7.654151585463439,14.34883131726789,0.5716938425547062,MODERATE
373.8169673915404,60.832456457169734,154.96443495370102,0.6369209523577165,23.051232376227702,5.2421330335372,0.5870229468058334,MODERATE
203.68938876029617,37.7545395150725,116.63577395754365,0.36894978240353316,8.847416977393832,5.312399482066505,0.41600007361152774,LOW
533.5925610840173,69.61145990954425,16.064987383122645,0.45006297517849003,6.8081401549460265,5.429760590115256,0.5300659803781242,MODERATE
292.1664110723417,59.05912151343824,146.00583451471996,0.6821620323424028,7.785760553158946,13.408395595085114,0.6213263419041644,HIGH
42.093252506853695,77.94711788518858,105.60554896247747,0.7963275432084448,8.962878934695723,5.883545678266011,0.5264478258921119,MODERATE
382.37603929960574,71.19179757639762,117.9810930192528,0.34936523833503175,7.9232651452399665,6.207255100639606,0.40810753934174826,LOW
431.9780808302516,21.10922973109472,33.26071097666949,0.8732368522346308,21.093754422119886,7.532379877819981,0.533610075802315,MODERATE
210.77765270174777,53.06567939140171,79.31072685148197,0.21899030419169507,14.028817012949554,19.604026525453516,0.539960352057732,MODERATE
519.487560478683,2.6228997277233663,158.62426291299687,0.5628982332626181,24.19113454843386,9.20196813882751,0.608886334353783,MODERATE
513.5369913844097,79.29743122993825,39.56218356245044,0.1512654803347392,2.0988893843931655,7.5475071064331445,0.3731334956533523,LOW
634.7819411882306,21.619482595405128,1.0223582701576648,0.289249772394387,15.349504351242906,9.400459552887941,0.3784040077592501,LOW
586.6741491590769,53.51881239626314,47.09405946902803,0.8954114693972594,2.400607433325214,14.38407009693692,0.6692433378384834,HIGH
590.6654203037181,68.08313607476566,88.27009840257774,0.011556776074954644,11.471252117013206,17.673814705990466,0.5000602686536223,MODERATE
291.43059512339835,13.676708355509744,148.00876975104393,0.9156111886454469,9.56837556333469,19.816036324967776,0.7440233240202433,HIGH
710.814677567499,67.98246808202785,116.14907120262981,0.32840203391386014,17.01937287779918,9.721284573402286,0.6508341057395598,HIGH
498.7385014037147,1.9674075974749714,165.51236094333447,0.6957954198770839,18.636120332029897,9.202860679534503,0.7021596108727557,HIGH
393.9621937101022,35.91619390874718,82.54603326139294,0.09171829443416779,5.952341301642447,6.606231671867118,0.41618147728804233,LOW
567.1511080375408,38.29097217995994,70.95592490930967,0.6412714623366417,4.842870411797592,15.58185229256229,0.5379409364713491,MODERATE
330.9850276607263,30.553166347440136,42.42386077063267,0.9094612797651885,10.487760813181197,13.111723359965533,0.5366620878466075,MODERATE
466.33792770001486,47.32439495773948,40.03318473249964,0.555201925399983,6.049682512571852,7.26729027145595,0.44198894418061796,LOW
665.6680627491761,73.27254554750793,132.7636715644428,0.36212149828347584,16.915600178030353,10.370833631926029,0.6857351784290872,HIGH
798.8985691840999,26.83214002972284,15.384283025110333,0.7935776200961938,12.942441244071953,4.11641546570328,0.48723890975831036,LOW
829.7409055927205,46.761531086147514,44.44573168510855,0.7127254243715928,20.67442544828495,13.879872972619543,0.8018359466197807,HIGH
458.2333034129583,70.3195395337225,159.5752514576832,0.11769256092193647,24.531801056966856,5.042470942270542,0.5519699456615739,MODERATE
473.0448521191065,62.06663621300888,104.26882643983787,0.6657015368766365,9.452696613011888,6.990921380451192,0.5945518926417827,MODERATE
721.8846655798145,4.2179279196341835,9.339182023231475,0.6646558460848796,22.79991793689532,1.3623716138345743,0.5612959552420547,MODERATE
289.8611156523391,75.48047036608531,127.0616536510316,0.7519211673596979,19.4293059288584,4.397408758997631,0.6769322605594952,HIGH
755.270302487111,4.685105436430406,91.69614382780783,0.3163068651402565,3.7280852876347996,3.897651016497643,0.3891097991369894,LOW
449.78606540050686,47.511919475572036,153.95938922214478,0.401277981640796,20.898207679800127,14.70613367015787,0.7860911872673132,HIGH
113.11248465838887,46.45293600489802,123.15566318488607,0.9600380565358119,12.037682807568398,13.889355768796287,0.691149775841485,HIGH
74.13264089491989,63.12482822548297,1.7959392480241647,0.5734569207777928,17.729021780004814,10.762876177098393,0.434038438669626,LOW
759.3739578251221,12.727001096069236,37.82729660431079,0.5085049770981446,17.565290107992475,7.741130229395232,0.5368017044977792,MODERATE
59.455446047121335,15.170260972953598,47.17550240112516,0.9868496922020976,22.14914009969304,17.788262391751637,0.6453426456443964,HIGH
259.7441781589538,60.41644768633048,126.69957975993536,0.2295576318960557,19.029117586247267,17.681666954462976,0.6796917704471541,HIGH
307.3757360463758,12.810875440518382,92.16723780294687,0.3979369100588197,20.615593452947298,12.056703463979666,0.45356496302959826,LOW
163.96505622051848,38.08616503818553,134.79310197931818,0.759883561595789,8.022798478430163,13.158960900469,0.5243710293166031,MODERATE
289.3650991237704,58.80019912666362,92.8032285822398,0.7131005812860445,24.328438149049916,15.929014113805204,0.7505019209016437,HIGH
670.9963843853262,52.44811237383181,59.60184531469157,0.9667006430758821,16.539804050669595,14.455499172424751,0.7132351853592903,HIGH
23.067730768462983,17.63773070293452,19.555255760855395,0.6543003408030842,19.342291111966652,4.498029643751615,0.4241625133542008,LOW
746.1843478234109,25.01286043620076,37.26935566170379,0.31309497324868596,21.472032137817703,10.067214033923147,0.7027146555454085,HIGH
772.3277409813568,77.54901735604224,72.73963438187702,0.39765196705467487,3.0945804852724774,3.037718074034481,0.5293809540994063,MODERATE
341.31280014047786,36.444978992235825,99.71032116453839,0.08971292401678987,8.41027186223502,16.18761706980996,0.4249758173289364,LOW
146.71548016396497,4.5121406384740625,169.01609517112144,0.9237202583220797,20.898399287164477,13.071537276981882,0.6717771589520356,HIGH
544.747963071122,18.34720705784028,43.90991169490371,0.12866802274619238,23.049549778306506,19.581824349545006,0.6041604246939646,MODERATE
116.50857471975596,28.052372083285174,120.2292041609564,0.5457037240764476,18.902335551321812,2.73019372872924,0.481468756527341,LOW
334.77823135964474,79.95966293927228,28.305718157300998,0.40139512461746796,12.057723288766455,10.202953693468084,0.517259225047638,MODERATE
863.0019710018654,24.91263225067657,128.76180882409778,0.13422361303273744,6.278056590154257,14.480206765227514,0.5657903936441396,MODERATE
895.9633805994371,3.0852720538210527,3.030017008772245,0.2929922536247981,13.125687248170253,17.34684665071703,0.5051168308470261,MODERATE
697.1733533055811,41.52080462687154,118.40967103740121,0.6335690159041251,9.932505618789689,17.067954624775926,0.7747375861402738,HIGH
286.7557438294819,7.604825412944189,30.21596055189986,0.03125149111086578,22.140769907308066,4.039989208557739,0.27149310081392475,LOW
622.0218937578223,22.651340296962026,33.27807590216738,0.9659895333512928,14.181625228531772,19.64641877319737,0.5274030872494342,MODERATE
637.8116652807713,79.39827091142119,101.04446636330933,0.9090956179700506,9.801658796396026,19.62685575283999,0.7540928643074081,HIGH
355.17910869564827,56.6664429954822,68.19866671765952,0.08460144632650302,12.46199801263903,19.38117295663147,0.5343743346346707,MODERATE
580.3908847816818,5.002663713346758,85.36362194859969,0.86835354835389,23.339188593082053,12.272256193911964,0.7547487620635167,HIGH
19.547604028351856,36.44625076875188,56.291109977570166,0.3285712185482469,15.331461963284504,16.638705169476772,0.5515721281004683,MODERATE
196.0613161559949,14.559363497679094,171.6706018655702,0.0675044485257742,5.724485002890822,1.5206721540160895,0.30204648551284324,LOW
477.32858964086245,10.71262785576758,53.0274419146581,0.3061128342918956,12.501939475991804,5.109208334162279,0.44078236830928896,LOW
155.7386607898833,47.37816765455536,98.02648902765449,0.808887494217285,11.641455924856208,1.8399180093378176,0.4922722240960472,MODERATE
157.65711241011493,40.94681528157704,153.9296444418113,0.6658314521679224,7.760106877664458,10.111214340846058,0.5730246761152512,MODERATE
754.3108185897117,59.68646016092515,119.88836539468699,0.23855960067038873,18.407487794264824,19.29460319022315,0.7403574162280828,HIGH
890.3283723884089,71.49219203031691,58.777073509728,0.7191764765702419,6.707173736269819,12.983415004644103,0.7377931574082808,HIGH
504.8127909453191,20.487866737101292,99.88616632266067,0.7078211145105391,12.313724874055145,9.225042340458662,0.5478664883902364,MODERATE
756.772060484725,73.91636694577636,15.855411595658207,0.7428613635069439,11.02616757337669,15.856714718654047,0.8130051287108201,HIGH
891.3862812503826,41.92135003177354,98.67786608467691,0.5406566676637397,11.67156668114456,11.006724070650511,0.562940299274432,MODERATE
136.02034082620946,21.447958536624256,78.218646815284,0.818945652120703,14.169388936844335,9.152953339007908,0.5452294870442986,MODERATE
408.93859579637245,67.81708121010614,136.6701335661465,0.6413622179569134,17.082431651439947,12.586563620367237,0.7445937777808481,HIGH
359.3897170993087,3.8068635242927775,152.77460892100697,0.12539920974439245,3.5749960671439234,10.236013737314023,0.42646520102481894,LOW
81.24386244510467,45.201240820363886,36.73135737489159,0.810255987755335,7.208127542595754,12.83090424785936,0.40667616644879245,LOW
682.2438537873226,58.008101267367365,15.594927077476587,0.3237681050444665,19.320919180739093,16.052740415089833,0.5489145436943762,MODERATE
396.0633343171078,23.118237285335315,70.90969964282557,0.7050347181972936,22.693633809665485,9.248370230912261,0.6324187387422097,HIGH
427.7009714294571,69.21586148749421,96.61292306789792,0.6751317060918057,1.1164246509380664,8.300424974199299,0.6148572193295976,MODERATE
144.09894669378377,19.982480505280805,68.44754874838904,0.33591252103671,1.834139377526331,11.17331074522671,0.34516285702490335,LOW
171.02472048547264,67.35006833580739,113.51244960865633,0.16168365848868216,23.345742021582076,18.09507268221719,0.6387030545291579,HIGH
817.3222237190313,7.205052142764122,91.51157906971444,0.6949580879403576,3.6985223646608945,8.4596456751782,0.5402026450263185,MODERATE
49.73768918710821,13.634279757606073,168.65606020505106,0.84902335307941,24.482228263427704,16.954994399753712,0.6753754169920009,HIGH
217.23853359989855,31.097782128250742,74.28101107420716,0.8382313169345351,20.70555329484832,12.34325741162893,0.6973016147370478,HIGH
269.9328039799302,68.47038551105616,15.766456957796251,0.626504841866366,3.0176106611913944,0.2479429318510773,0.3176610877162301,LOW
446.2758127374119,12.422243845015812,55.0463687843244,0.22740726973478476,2.563126330576609,9.524051430948639,0.42305626993999984,LOW
531.9362039831684,70.15962094374508,109.45500136302077,0.31620996730295114,24.432423246621855,4.210708559110974,0.5052547973712055,MODERATE
449.02807850709326,19.148790602410703,46.828492650668416,0.7546276809393766,6.37056999205671,3.0073272015108743,0.38767544107804175,LOW
84.862647755625,36.74816348896777,49.14893287320845,0.4108539297069278,13.466680041390457,4.688757726439792,0.39530895088790113,LOW
226.86403410958505,28.86601793656668,61.783474640000804,0.7324974184681805,5.905892579249928,14.248386943056797,0.6164188681816656,MODERATE
760.7936624386616,10.33197190254736,134.5593786037209,0.30944999259312567,15.016862828267847,12.547654497987006,0.6507521309844004,HIGH
577.4539434258286,75.60046942201207,169.2838489386191,0.006318246536731964,21.0007135977755,10.737062566641027,0.5969778531951428,MODERATE
587.7426546195042,35.61608496942487,63.717417458752614,0.6034900646563243,16.42272965994443,9.905370808398947,0.7318624664968729,HIGH
606.4808972627059,55.53616964713937,35.992359117128046,0.6009163551054006,1.1654164736160266,7.783560116538089,0.4856813704857423,LOW
688.9836869451809,46.44614645645846,76.29401443791144,0.6275546827799966,14.879733590843747,17.73135790761934,0.7601227645927189,HIGH
61.71654873208813,40.635557431324386,63.97930504335308,0.26818563576848187,16.52541586499916,18.649084761325927,0.45528951077658647,LOW
336.281462590025,49.70963226099107,178.2144596280485,0.8110709503115889,5.022450032028672,15.288755950756606,0.6788418040273437,HIGH
490.17941738289403,71.96904218999188,84.03241827472065,0.48746683883036535,19.05294751851985,5.764490929969853,0.575991663486407,MODERATE
311.22627013462017,56.24567767983466,122.59172015332366,0.7623879089848471,15.672334240730706,18.2772816486348,0.8528617261322988,HIGH
761.586197225596,43.06592627696247,164.56806392942872,0.6110934643762647,0.23867942585135693,16.382707535747173,0.7655889776011537,HIGH
439.4895326426916,51.96969089261213,113.60202234813514,0.41607081480232067,23.763876825500084,2.4805288548843163,0.6787754000539035,HIGH
694.0785546188474,48.905148160212704,45.638747010653844,0.679626846640612,11.139489758984453,6.833551015442765,0.5483962939064267,MODERATE
768.2938100242404,35.216575391418736,109.72640706465717,0.5749773560120556,5.8094739504034685,6.552118726581901,0.4830835220977612,LOW
459.2644197841133,50.356356800305576,72.93586415565578,0.5107111333978873,2.1549435479211287,14.600935623404556,0.5231996349734306,MODERATE
819.5014970455014,36.04201421296892,76.60062662954645,0.6485605259193069,9.36072349003304,10.477971211799279,0.8057680623282812,HIGH
532.5403070779128,60.851535851881074,176.2991000653025,0.08593897636692938,7.6942277762893,5.3376916869483315,0.49764140537034063,MODERATE
766.7441259620124,77.54408619826056,50.867791433478615,0.9102610893554288,7.44882853736952,4.615892338434953,0.6977253806590038,HIGH
313.1258080764566,76.8293632422811,84.93939121961763,0.33508204608236036,19.83002853312713,9.150100862008996,0.5122345573948158,MODERATE
453.94709309302186,65.83812712757346,29.616201180156853,0.2246929635870294,16.148028887534295,13.319140595225619,0.49733138708529756,MODERATE
482.95582649407413,48.53895286769933,32.95941156470249,0.771796357676178,3.326325273275094,10.174518682154295,0.5158917746377252,MODERATE
103.43194714750281,60.1972270575885,109.02371191136427,0.23122188709251823,17.701852592378906,5.220670186386731,0.5937557301171287,MODERATE
364.71173096437116,15.065815325346797,135.43181175933591,0.99576962320106,18.08705013533136,12.399701419327506,0.7803363024310463,HIGH
826.4305285709917,38.84245812779988,114.92631737741529,0.42049254156344296,12.856715756521405,19.97824615432405,0.6022126723635666,MODERATE
571.4406939246207,21.32707643431778,59.94183562463177,0.2966244086631433,24.89417538384871,3.5333750251002183,0.5289621229827676,MODERATE
167.98085836890107,1.2761035076384206,11.67165288913854,0.062065072626073525,7.086981828202607,10.567991513686856,0.15986470953805693,LOW
311.5815156925484,77.372268399094,85.17723132461589,0.04180417736382014,1.4613909570096006,7.513122599430233,0.31987705255913734,LOW
180.52667859980284,69.24403638629546,91.26426790381956,0.09514056114036795,0.7201552537314054,4.3683176499064995,0.33701230123500076,LOW
32.09258730072956,41.58219085912422,138.94663782480754,0.005032828812111867,8.013701447797022,17.509844582835257,0.5116232031186061,MODERATE
835.4398080685837,21.07803076140154,115.6118316502599,0.3270899794059403,12.447949302091308,19.155410050007426,0.7580378850756013,HIGH
408.9045221486156,55.7450416057397,156.95529434057664,0.31045440010080594,1.955776477297047,7.003915650890367,0.5160863134893358,MODERATE
283.7062144544997,35.34928567944427,141.15393528642142,0.4300917454385892,14.144965229396856,6.945811625937923,0.5562519897671012,MODERATE
542.6447004863855,64.46461314039325,66.49212330215948,0.2329229232410981,22.521764131157447,1.835241703123105,0.6035155729768945,MODERATE
16.509866100783917,79.961930704295,114.16763481092099,0.06274115794411983,19.921570368474875,12.35506431643923,0.40944508859769513,LOW
257.43967487472435,28.577525991699737,134.76428877246767,0.07116252795294875,16.81171409813728,0.5309071380192854,0.5047058231942974,MODERATE
635.6997844720144,20.307840434765772,172.28158608192135,0.18214637530518296,16.54329236360108,9.924208372666467,0.5649803709887751,MODERATE
574.0550980316441,22.1232166147859,76.601037109382,0.3165895268691147,18.25751414582053,3.056290653589242,0.5094155667640395,MODERATE
883.8072933128566,8.374353408773086,117.04247662369335,0.14799205021551232,12.355159607048458,13.446365693058427,0.5881084636020583,MODERATE
562.1183615956592,32.12964952351227,71.28682651541251,0.36511782361442935,10.04499545219588,18.57820188260115,0.5002217050653964,MODERATE
434.9802275286822,2.376579164635835,133.07124401769187,0.9222201533621982,7.66638757785669,1.775653768459855,0.5377022140242158,MODERATE
687.6749812337669,10.037249034700773,164.24677766458976,0.2616030095296168,2.490459119942215,15.554809616192845,0.5810019616949077,MODERATE
813.9618060480072,22.463964034540954,165.54145681380393,0.16839931701264688,14.054063625447688,16.611362055497633,0.6821709186219944,HIGH
651.4193925793329,13.629159296848977,29.118665612364296,0.6647762530022318,11.812952104481239,3.524126143781312,0.46910811690149823,LOW
867.2579889589479,58.84056886055729,37.533290974137316,0.4908810379606986,2.9725723834626128,18.452846032640842,0.7234766643159195,HIGH
705.9846019569777,9.342778478564124,136.13237169137398,0.047254015809257144,6.70674371396742,12.41835678777665,0.6510569602188209,HIGH
781.4532800531146,69.41353429693746,113.95076958368995,0.7878073311663888,19.68007275451163,10.698738830058192,0.9047777824232082,HIGH
111.5526233534371,18.468045793165278,163.0142043470369,0.715342971853776,6.390101223493322,13.428250095647734,0.5517516066086838,MODERATE
661.8480176644711,9.578658740753847,57.17030013538084,0.9772983617403412,10.642978576149604,5.7621826940316945,0.4801588168952969,LOW
401.6789425793581,1.7984249100694236,152.79572519518106,0.9383066195622957,4.032691396439541,0.5082173346244012,0.5182192906998545,MODERATE
502.26238414603495,57.50119534144957,123.39587840011092,0.584248293625244,4.246165299884963,8.84102447284171,0.6274182642004316,HIGH
592.1511444392975,21.27272292914482,35.98667951803131,0.6860212935806126,18.9086429660666,14.866928074100372,0.6996155823979391,HIGH
873.1354538679568,41.25038980588421,23.642492050219428,0.40950682398682714,1.666855028630232,18.373007852446257,0.4957160871316264,MODERATE
886.2744924741459,9.817667687100304,126.78752475954076,0.8884671865290465,7.125653598229725,8.602076345960734,0.7421113940203239,HIGH
266.5231384842357,78.83837793566369,29.36461077764397,0.5528088251993479,24.521112249792605,5.27295383203489,0.6057581530160449,MODERATE
663.0406127197454,10.905394386526467,143.18489811402353,0.32555132633504547,11.89732284721913,2.6259100555986414,0.45566933088416983,LOW
677.4853487623891,33.542148204708376,100.72001218278979,0.009491491909582539,15.15533356837013,18.709886695470892,0.6396948067695954,HIGH
318.3786465686134,68.2803106844228,86.35920418083937,0.5864497649769997,16.019740019162672,4.618901517572402,0.5041907299858642,MODERATE
120.24409962915671,20.34606892995214,50.319697429934116,0.5254338905148945,4.903466982646035,18.22142464706024,0.4011499799024992,LOW
46.44279465429059,22.090771042347697,177.1083614915499,0.8118771778631032,9.233552349204347,3.675124071233118,0.4103692762741056,LOW
701.8353835009689,64.8714617553679,130.26791285298424,0.1870046263066364,10.017665944058587,0.3626547833009863,0.5081547729486989,MODERATE
445.83277021704623,22.593832918169003,140.27339284251298,0.8154012678473412,5.7670800224642385,4.484406508496588,0.5246319642763425,MODERATE
887.1307508504843,1.2268335764902254,138.59925605209554,0.015283610255563573,5.849595298488294,9.855790737605965,0.541890702623506,MODERATE
423.8263760123512,34.805183918706035,105.53878831461078,0.5873133776997324,15.196732662548138,6.974099901195161,0.6285195496408409,HIGH
880.3461113757178,1.9902815645995242,169.20609271063913,0.3968524012448811,2.7118897752903437,18.154414731687424,0.7052542462155942,HIGH
376.3026419527133,72.87359042251998,105.50404910549915,0.33152052134239174,3.22863616248118,10.90169073456323,0.4639173496780241,LOW
716.3771139983756,51.70324471015845,94.08815973364275,0.4332959671667206,14.332551221378983,2.355389720400005,0.6061161099074507,MODERATE
85.48915235753053,47.058127031478136,49.99416919369324,0.22359148619907265,11.233451678180737,12.50663973251476,0.33883289922951965,LOW
504.3609220226099,16.925571358126685,51.43072965165955,0.18342565309997516,15.298336645654961,7.778937026190766,0.43355474885107476,LOW
723.8332104172946,56.295748648862265,132.9022191707858,0.8051068840014496,0.6739878594525323,13.578826908048999,0.7196557048145195,HIGH
832.9844838257009,54.503116850589315,60.92336847348938,0.22775830023064736,17.622893181911692,15.723533931303205,0.6410560867294298,HIGH
742.0989506495141,5.776622340103831,131.43922338125535,0.736971994496366,21.247241045925517,19.711028899332543,0.8152626063219797,HIGH
42.90394720904506,70.58687593403523,171.53450982785367,0.7113605444426323,13.103507468285331,11.532921175611408,0.6077052526026361,MODERATE
341.7050837629934,46.773655671454634,79.63603118339783,0.03340041570700247,21.02100798981533,7.335013407368864,0.48587019208773097,LOW
53.341640359327634,63.60488360205021,18.42129007545591,0.8810724201875452,9.991566318241517,8.672007029539351,0.5436541555613534,MODERATE
107.26123909195663,21.77021169817869,120.31182015796908,0.7893551300933803,1.9731064704017087,8.052434879323682,0.4120611924407053,LOW
611.0220095140609,10.641776180522877,2.7046226734919276,0.7960672494233842,9.438604262978442,9.010746641165362,0.5506835759442053,MODERATE
644.7997947174114,56.49351628175598,141.8736303077411,0.8091910522190269,11.159209708040299,0.6011733718995105,0.7420628127218667,HIGH
698.6114076489474,63.71673221415781,95.0919079499306,0.5825532290750638,21.638442550246285,4.946564774436917,0.7758944656914518,HIGH
780.2563277695399,31.49664915592402,88.66206451754923,0.9933808668877622,8.367912829129608,19.7552160893567,0.7444956396214972,HIGH
668.0940069440937,2.871689749988588,102.93014674340601,0.1791521404774551,7.877520633222909,18.56029054254007,0.4682512127712152,LOW
722.7757169749025,65.64206794765529,93.43712936431415,0.07233593094167479,22.200435862109533,0.9657793484112376,0.5131890525183873,MODERATE
53.577701742718524,17.281418600104814,58.95613165148806,0.704167472379422,6.274150081661789,19.5916175533518,0.34439969057319875,LOW
218.73628389275572,27.78352340990157,51.3900948325843,0.2939372373956862,16.061163390024188,15.839083252726141,0.5250658368840293,MODERATE
563.4890183039687,50.63024961439329,75.33824545167724,0.6082332239300527,8.165842823030985,0.054942522751217915,0.5347889630913067,MODERATE
773.7315211160926,8.896422817692915,161.18876146288645,0.39170161293884265,23.786397242114898,18.269271104277042,0.7517041966158292,HIGH
14.00511119629662,6.687665524938589,25.2313123020239,0.3335241585010035,4.740623152835005,19.207384626276845,0.20971593830171312,LOW
468.0201144835513,3.0305979544466664,59.13286280689841,0.8932486245948724,18.098457096867023,12.575160361357145,0.604286795354555,MODERATE
612.7857854343135,73.41454895891698,35.42177660294338,0.1420434586119319,13.75160273164783,15.76658003555448,0.6593626696459091,HIGH
36.35048732446576,25.599236797223796,77.45751883599137,0.18898565439364912,24.46769549352677,6.65063310812924,0.4204724872146085,LOW
367.20644622251524,53.19204639425342,24.89621702304764,0.6678408528700807,24.851410944983492,11.446425230978301,0.6541916210611469,HIGH
807.1150444314902,79.14958467240163,137.18241488849955,0.7826010127651298,19.84245251059823,14.630998982762353,1.0,HIGH
607.7353998817142,53.88661269139354,19.520663272638874,0.8322144919849215,2.5864016403332997,11.225217854652815,0.5853736807129327,MODERATE
221.5159433909316,42.48248887263822,120.08191475749146,0.2311497163422519,11.725173608167752,6.092101472512377,0.31414302141268735,LOW
768.9752053724022,42.152674747861845,48.9201481515552,0.8821134182894539,21.362824327663215,12.984005426091167,0.7096253066140902,HIGH
319.7479668344677,30.776454727988583,85.52200943752163,0.6095506564245553,15.962082277281722,16.76837851175996,0.6300428881816185,HIGH
769.4767573182129,48.38259282045174,36.797845147439915,0.8232184189140432,21.974234837103022,16.720164297052577,0.7835881015683985,HIGH
276.0598494958259,76.74451977411064,131.7100386261537,0.06852194020321967,19.984155249886985,2.643419338606545,0.48330110826788675,LOW
535.3850232860026,63.255478662166496,170.74140207903005,0.35689433598542153,7.824012015881948,8.908415923636731,0.5993003972195483,MODERATE
363.27666029557236,34.513902745625764,40.69240644334627,0.5248639844906688,4.876634484290437,0.7747844603620413,0.2950481524460794,LOW
254.59429517200965,27.263141493570128,171.61442418059627,0.5769570325822859,8.064097483650107,12.6553328887379,0.586593496680325,MODERATE
799.0362303329636,70.7989908402266,59.22401038104668,0.09907155407370616,17.398624776339467,4.843244296825815,0.6497044472361192,HIGH
176.95837692614728,11.727080224500911,100.8546429022904,0.5386582446021755,12.02662440355595,18.607096760823637,0.6183543383304017,HIGH
85.48231619982916,68.11723530017984,126.58460124431812,0.6654864330930246,1.096205108554743,12.365118854888191,0.6160546441980296,MODERATE
314.31497530563774,21.151064146044256,36.66908227566966,0.3615950857646727,18.561924547154565,8.012352294847485,0.388072687969216,LOW
648.6988414009951,57.5347096262975,80.61274480044035,0.5007392442806308,1.1174216614215804,14.62926378553374,0.599046547929664,MODERATE
728.6141293188907,64.69142588121157,13.141119038864966,0.2925664216440599,10.232606541197361,4.147833903003406,0.4607901496469171,LOW
898.8815993594206,38.682724863814336,125.77262590901557,0.8705002718719854,11.557109353037958,1.82863611717198,0.738910707363514,HIGH
273.7622307399368,16.190434115239672,75.57428543068164,0.5992066066900263,12.575671288620216,1.747630615490483,0.4005239688295049,LOW
373.06833650684115,67.73665173352765,160.60437134248676,0.5512738961358957,3.47727220601029,11.656103196957066,0.5865109160942376,MODERATE
131.77093744636738,30.033159259211864,50.044548054591694,0.9443574258777101,18.694754532711087,17.7773709134831,0.7007720632681547,HIGH
521.6360173644998,26.333740578119023,166.3246370539829,0.6649315236601092,21.234305758036424,4.455162095638063,0.6631729115757928,HIGH
897.8462331639963,41.29127840592173,26.24613219822926,0.27982344153942806,17.44751379473269,15.200967715222752,0.6731511120024597,HIGH
633.7840990073861,35.3718130472095,109.6469974164851,0.6417530811939492,23.77676635352761,0.752470513673611,0.6443175737441091,HIGH
539.7394279679008,54.96112514605921,56.097664197120025,0.9616234566532215,6.437515984488148,7.066801463953145,0.6401023841571376,HIGH
359.2084927003967,11.838626861440565,33.53890836063844,0.023558255927298544,4.018252347169457,13.07433019116139,0.3533230294196496,LOW
824.6158966541437,35.419482669781964,17.814753737730623,0.6265910070109942,1.6823815269318838,16.525011251573854,0.6726552513331666,HIGH
452.255770556011,71.44444308679111,118.3600180303355,0.15683496088644933,18.03799339785138,18.863835608577123,0.5756499395306842,MODERATE
129.58655284862473,3.8489540457383105,42.73706005340494,0.8164595110663893,4.052681763258595,12.651407299182,0.4225673114217529,LOW
335.1868322472288,37.129728319112786,103.53377976071754,0.640684529641257,23.45453561853717,9.253484651243976,0.6172338824855746,HIGH
69.77833527451253,53.1820253444316,176.31595138751473,0.9369894929695665,14.958761913173499,1.2127278403587383,0.5504713171113671,MODERATE
189.76134354301558,71.12917587631684,57.55716583003615,0.6695778620974299,20.103391657431086,5.512952936824349,0.5914861218630153,MODERATE
25.72521508992186,47.909111927720886,7.255025711294457,0.017218893157644688,10.867460326337719,18.462236116437687,0.40654512767052264,LOW
413.41912568514545,66.13425742790696,26.565247976959274,0.5103538444008343,18.371146596798802,11.657930861604234,0.5551545942512707,MODERATE
574.7408358070995,18.59259049778363,22.358639684599567,0.9036680636161553,11.091278284737749,6.853545766336628,0.6366882909620427,HIGH
315.5302915172279,28.871945462000905,83.92775136973721,0.2323030041713291,13.469095195350619,4.97633746676623,0.3255603376842045,LOW
384.1397766396966,75.42844964031536,134.29245196925228,0.08289640417988486,19.339543325476544,2.2731405537531213,0.5541017997600254,MODERATE
863.6962528316726,70.99203393432222,54.06354505495265,0.7198878692218418,5.953838888562044,15.032099570251187,0.6641746614591594,HIGH
679.2471782016748,45.078285632407656,27.105855981047938,0.5025085669391199,22.11273782779225,8.247522730766175,0.5735942414829425,MODERATE
491.3624068810066,38.56357868579277,115.69725117287793,0.047595261394701605,17.907470724240326,18.730987307512187,0.6053586953300059,MODERATE
263.2413788495245,36.63432392490222,54.9112573840144,0.27991523243942407,18.663503364899018,9.087834223913102,0.44742919499813855,LOW
808.3271509079657,5.644383263794267,103.95549252688964,0.3267486476430953,5.9540751675624835,16.367531271929103,0.4120733546072919,LOW
219.23643402378696,71.49779121256879,168.1477941814226,0.667861477987502,2.253184583637069,2.604752464876212,0.5202996996731523,MODERATE
299.5550301598426,65.6338111648115,53.15110493184819,0.4716002207107661,1.821411281392582,3.0181525455342895,0.4161080166628695,LOW
819.0676848364242,37.0438404335015,92.73599899304207,0.4871903265610852,16.1754139957918,5.4642382948425645,0.6315068578139602,HIGH
481.2924292037144,23.0757578448384,145.41933253998772,0.8066036995945775,3.750059560817387,3.824693188638799,0.5225303044349415,MODERATE
670.6629749819992,28.090727907695914,124.81754213707543,0.2784170985014631,24.979786259863847,19.534811745137613,0.6795972524781906,HIGH
535.7628668057519,10.729686283958268,135.51459328547426,0.672572741575309,24.026191526014546,16.16283501312253,0.6247456157959281,HIGH
591.5608960184506,58.021389563152084,139.28991809924193,0.36755730482872495,0.7294189237672971,6.968244867878306,0.4296718068368991,LOW
276.45112944819476,44.97691866783376,97.6449676397937,0.41837004754660434,18.126439710981778,10.396463143441752,0.6164038218437405,MODERATE
224.82113484773,19.4941704031667,96.95511731450544,0.5559024131707608,6.5193013428933275,10.66496233536456,0.518599480088086,MODERATE
297.0181889801121,50.21744019413749,129.6812349002721,0.6956468048022921,8.522494622763269,12.144181099933958,0.6510251077987101,HIGH
148.342992034246,78.359186926143,125.87904035032646,0.9451952608993744,6.007760926005365,2.0723349566576488,0.5420858574023016,MODERATE
788.1397851088186,10.669215702618157,120.94032186131363,0.26901116255827295,20.76364057772196,6.97960330036143,0.6645285231729167,HIGH
262.08977059260155,37.2203158394009,69.40210989353679,0.10374521964207539,22.343808143864262,1.7185959892674196,0.4305901318140388,LOW
509.7255610288023,40.03854685284801,149.30913356327295,0.4287919226726037,1.0100389188810066,18.38130437340551,0.5450054670132495,MODERATE
714.8572383758229,14.176979892080391,43.28031719738918,0.5467159988176729,6.750952829426293,8.069077472201862,0.5070831213901892,MODERATE
707.6034573443851,42.99483666878787,28.876021977135494,0.22800360403922315,11.217461557952127,14.540340884895421,0.5421765461089686,MODERATE
400.16377013993167,48.87220342529911,62.78403722171058,0.890495773964752,13.045550789600219,18.416528190084584,0.6574160445799607,HIGH
433.8690046421858,13.430218566661129,46.43579203248712,0.798847015879557,2.1911719535866654,6.188746521508259,0.4883091469280947,LOW
895.2845565521721,13.223188021701235,119.709669684365,0.49366391344219385,20.750704824394468,1.7569839082135652,0.735677642075898,HIGH
610.3917545113314,68.65154853506672,42.352195355842994,0.45006393303558867,23.34949748887678,6.724324898126159,0.46778387517867126,LOW
735.0282143749156,25.599607496933544,118.51168106480554,0.04074125670461248,10.071627074164999,13.419750846051805,0.5551697984882682,MODERATE
813.2730326051164,50.796337579211844,92.86688027650113,0.5368897327762764,21.43085199415033,9.995949330052857,0.7282085322816514,HIGH
710.954954244112,50.51507297834191,28.288562185471473,0.5957470954238873,16.90887225158912,1.499071356648276,0.628269840956591,HIGH
174.80961700867516,67.29449917102816,47.2529312776631,0.8916317814524498,14.79359027701391,1.4039247351173145,0.40907126917857123,LOW
510.33195302643924,59.451675867290355,94.38909439027688,0.5010980657464822,20.476253748494006,13.991232103159973,0.5371314204317985,MODERATE
100.68580000994494,67.40553824162394,132.22584940234196,0.15737742267812926,11.825740427313185,14.730906780480153,0.5751798214121129,MODERATE
591.1006926419585,50.39196838240259,72.287044307267,0.18005690122334894,13.692901649523467,2.190155618876779,0.5285918652762116,MODERATE
860.2609910871518,36.50711568060552,42.67704294986916,0.1598674185234309,6.866646490235287,15.894357846662917,0.4539815982605055,LOW
466.3315372270991,32.0917551837329,53.81899942778819,0.9385348740555611,17.80461899302755,6.911182414314885,0.6116351010232033,MODERATE
395.34551865231276,30.94335156625343,18.025976879938035,0.7933892573604072,3.976555043701935,1.3641827627476744,0.46650751787544686,LOW
41.90004876216523,34.05305473482347,5.501760695151718,0.8247661263200536,6.079039118261495,6.677220782441282,0.2858039166355264,LOW
864.199324873006,11.215430920147854,175.1901468474369,0.840433518810454,11.998023855336609,14.60950217592869,0.8039742930840108,HIGH
101.67238887584132,34.4927113092502,18.257378251498853,0.09563464258992527,9.632812145950856,13.11556478164474,0.35522881949988505,LOW
46.56039304131377,31.766147669007072,23.354834774806356,0.7021768561816121,5.989458429015851,9.62941754796908,0.2844161073802373,LOW
228.99928423939525,3.731161402140286,156.90257122925604,0.7043367125220251,4.7972136631659525,5.593053599517875,0.4148003027578802,LOW
68.32208618736036,22.73532967078086,119.76743719374718,0.22482170793074496,21.522429420215378,8.358623653548614,0.3525522593006048,LOW
415.0548797464685,60.40065100447713,79.05698309291341,0.4906657702392374,14.771472434733326,7.632213610457567,0.5625136199462942,MODERATE
469.31814311883005,46.6577001413604,117.17518962492706,0.6624308841184847,9.434816475301243,7.800454483066364,0.5509485324911144,MODERATE
288.1872546354397,64.68723224372638,168.36228341194342,0.8973364369126305,21.144511273739948,9.793859008278524,0.7649157839684639,HIGH
55.35482949164859,43.872355506080424,18.788538746991364,0.11042551092998354,20.629012167788318,9.105676753626614,0.40755583391953576,LOW
109.32432774181176,68.47261747254613,44.62427386438447,0.892193154006635,2.7721764225956793,2.049378114383047,0.4761356140077996,LOW
352.208896411036,63.88930086853562,154.99377222126262,0.9224149665938393,14.182140660330752,5.803391323623144,0.8305408740482723,HIGH
63.870321235617155,8.764481041237524,140.73444280889817,0.9236098348240473,7.640322918310316,2.5821859177009743,0.452283046434852,LOW
631.3888557928229,78.1835030732634,178.97195315873716,0.00483489210517829,13.520871867273785,12.041924291736752,0.6182227323274614,HIGH
194.24828195708267,2.1650483052049743,57.18967789792245,0.22099877275481883,17.94997042859309,8.456300341998144,0.35229120929549534,LOW
278.84369621743826,48.15020499643987,170.1346650877996,0.6912452360253712,0.21268974912167227,13.43851415873793,0.5192032703378191,MODERATE
360.7719416885068,63.60840923602422,62.520300801805746,0.3217397809882776,12.839187764392367,1.752064036767067,0.46152311329317597,LOW
380.7825734315416,27.219637048221372,129.00168122220327,0.06108329151586278,7.2933085014936365,6.898181455523462,0.3797357027687374,LOW
11.478029830572474,48.28701359147547,159.01098762426398,0.7629420805492708,13.350272503953661,3.607034740004833,0.5533363681900884,MODERATE
109.74263018884082,29.607679936948415,31.569995051246753,0.02859219246508682,2.7460536019584785,1.8417542902591588,0.09824473021672234,LOW
777.8604617293814,5.788583025592651,37.80931925130085,0.4460213279321439,20.439160455881165,15.468935582108923,0.6112644480261044,MODERATE
11.097425635598238,1.6684600080571415,104.99159799779005,0.9475760907554891,13.591711300025757,2.6187324266113365,0.45424390146696125,LOW
462.26894667345886,8.494100378783877,152.04463383635704,0.4402328263640848,5.276586260916619,3.498298361465142,0.43964900171955906,LOW
445.6567857914152,8.774357935483696,15.13196680475799,0.9118872854028065,19.242118223750595,7.33555397423382,0.4306419484995961,LOW
306.45380329946767,49.260292414106246,153.30766494630674,0.40900424592922047,0.9445607079872798,5.855255802168111,0.4584322087033875,LOW
393.8810479303402,42.54335324603855,62.41857478857228,0.3466861091019595,14.820584740386304,18.396373767556835,0.5182825366231558,MODERATE
704.7172123986601,36.981600713678226,73.71456390107782,0.10738280259902344,12.544040665391638,19.77292869902168,0.6553133089871473,HIGH
758.6712985313112,55.66179657259099,61.835136128072534,0.3580909090271992,0.9911253815017729,8.448014027587092,0.5739738784582533,MODERATE
241.71020363957254,2.329264823983423,164.15490292477605,0.3369864900218065,6.242636830715901,4.022696681592621,0.23429569096202693,LOW
297.01649246127954,22.407695031842742,24.412184458328195,0.846551185976985,1.92851102202225,9.962233725856596,0.4705927286058132,LOW
225.8097391952161,62.4140257717226,103.79513213056545,0.9199151742159861,18.309673312606648,9.913372074717216,0.7063970323231049,HIGH
437.07842649044795,72.88819141485236,27.51134643201672,0.021930085753329887,17.644274248848983,9.320772788969062,0.38221708710652413,LOW
618.0999383163435,35.628591102768944,167.2184387869766,0.09825641054700074,2.232449201207251,0.40672457706409926,0.46350581482146413,LOW
213.14505916244428,7.437234430938842,143.82970512287588,0.6432284670901832,2.7301796164663497,2.567539089350661,0.3097359774052683,LOW
304.35481042883134,64.09957039905055,42.853650092732934,0.4847428880904944,22.00705533893132,2.820171774407434,0.5659856975541385,MODERATE
838.042309654344,70.92846422854595,54.30230998777949,0.296878635047096,5.021186075074166,7.035222031410083,0.5011580358084148,MODERATE
53.226667963792686,33.67916138480384,69.29124370531927,0.259907059716328,7.591526780441815,11.615757377956111,0.2732768893828842,LOW
420.08494866321394,20.225065059701883,73.56976387788313,0.22467458951861985,17.107004109843345,17.55687054544071,0.6671576506632512,HIGH
643.2866570211322,4.473761789612678,147.30437169513786,0.5254508692581371,1.5180805647284301,4.4671237521408695,0.3906505138285229,LOW
143.90407028615192,47.69554292969362,102.05147060034507,0.017479936487160064,23.691412793957063,15.424001156204154,0.474153600425633,LOW
52.16287780487885,72.87968975443744,77.60292736561932,0.738884376468958,0.5752251773782496,4.524157187245854,0.3519244216619467,LOW
133.00278075829237,54.55315401610573,129.78059359160716,0.30038800789073106,21.228562781644186,0.6523340259379506,0.44459949792020814,LOW
827.7526422423077,26.062639233684013,82.95781286554137,0.42683145123557054,9.022651413948859,12.997166638183161,0.6668908536010949,HIGH
18.241205820799838,51.78817761890738,23.954963022377495,0.5270521978420586,3.750998058183347,4.292658615558489,0.29496313369469107,LOW
177.6065575821031,66.733404188394,20.240563984245576,0.21135960272764898,9.437276976760398,18.39310016681168,0.48980194221112433,LOW
37.84232648246365,38.59057468860717,59.34624568333574,0.8837026474237021,24.32103873713841,18.668388275981588,0.632574202797682,HIGH
108.46022613036091,65.76013070982924,108.9137725331158,0.6820932551782672,13.224444631953473,2.1006357602446935,0.39338696946533547,LOW
561.9328650991837,31.960864456641975,25.136597649033963,0.8702963420696663,1.4820046638866657,3.894373602512551,0.4818508612607306,LOW
225.05862877778634,28.531948609065882,99.47401655483591,0.47545060526423466,23.538546639265732,4.208272176426933,0.5068375163124273,MODERATE
516.5987248833023,47.05610144440577,49.2601264207633,0.4324604579894097,3.5890388658127828,18.228770123409376,0.4881500429616425,LOW
535.2738906618523,37.71022699786402,125.47900139388422,0.23714256850914162,1.367190260005141,1.5604761105191578,0.5254343437917918,MODERATE
765.9974464499034,78.19184171642557,6.059023510570345,0.5448403612074593,1.1356477036893908,15.023360747795904,0.609523842018608,MODERATE
14.219839691567788,41.7947644587258,84.95519423502257,0.5931635733179066,20.658372443175523,5.754092539771198,0.5409934628985397,MODERATE
769.4988188147064,31.4285902843657,10.355282673547634,0.41992337704183724,3.8254802347818058,11.648691228082,0.5508836510843333,MODERATE
561.0159869200069,32.19974990715436,60.16089177428237,0.14538256031263896,4.474572367966967,3.54564115808341,0.33281406049739226,LOW
154.84170263341227,44.28725609843622,3.787950827351362,0.27310446229560315,23.602883763334457,16.130593153146663,0.5105474054309516,MODERATE
697.9142754404028,29.038051002647435,84.96867814344971,0.014251509517366756,15.290278634856968,13.41543881812945,0.5857573331136117,MODERATE
771.3874721936213,58.10962155522994,138.29584045756408,0.31913876781791417,7.135479030878603,0.4229347576799447,0.5241790327276092,MODERATE
236.2945005412,31.07237128842963,18.939386756524076,0.5807589766242067,14.66136861919066,4.742651085377281,0.3325052952589097,LOW
827.726376003386,31.3474065354942,132.60486186693086,0.9557110978370051,6.0773129627341795,9.327005260009457,0.7318502984216322,HIGH
414.4671129658055,49.74088670076757,105.57095280952728,0.17789679638942857,12.356629447575433,10.623509034992614,0.5661115060616714,MODERATE
547.0477643566561,5.806902942984787,91.3243438913476,0.05546453052747968,8.365561352082814,16.545429593365157,0.46827206301213326,LOW
886.3380849197029,52.773038531096546,108.30750394816324,0.2963112878714621,15.565663427252078,7.739291461512494,0.6695387448570822,HIGH
331.7671099888874,40.89280515553628,61.125586579526,0.15679769816860312,18.970216766715815,18.536888126136674,0.5409555915093874,MODERATE
733.7118177799005,36.78906302864469,128.1507801245238,0.6955189968940562,8.712687966261711,3.8777080259934538,0.606543955461533,MODERATE
293.3752148673291,57.820986265928155,140.56018570381823,0.005749164526665629,3.5978256909551227,17.154259655753783,0.5844209741812415,MODERATE
721.300034794927,60.90220677838402,140.30207194005106,0.9808670922728795,8.893515129185506,18.085990600510286,0.8572298541669167,HIGH
544.6531877877518,67.85460820958428,49.233302301470225,0.8556666752623509,18.95387209496452,12.533739337387647,0.700507079394076,HIGH
202.55656875060728,30.609446544578333,118.0493547344836,0.49067059207537866,19.677043016429856,19.350476170251632,0.5090445778679096,MODERATE
378.4832234724204,26.835977688017106,27.509134908404477,0.9209422198069069,19.638773932153082,8.211745925656517,0.5725632972827639,MODERATE
292.6957145835699,57.43302601806704,89.6801108337318,0.6280593326572771,24.364310319191524,13.9856632686688,0.642483727436025,HIGH
79.51646984152386,46.96258387209522,1.4706375506536467,0.9937648766891695,20.619570384647325,0.20195359176963024,0.414383879095277,LOW
36.55294538873076,50.91232216179351,35.65202986249306,0.2783062014094674,24.214325764755774,5.493609085221909,0.4471789053834852,LOW
318.366003312391,44.88630966136099,114.08040673403642,0.9969061426175135,15.669809603733228,11.327380126579076,0.7067614776476547,HIGH
26.940391557563057,62.042748833104504,157.51070943136017,0.18024729212207224,5.7337092139870345,17.518675220758333,0.38512129058182026,LOW
157.28410424777977,16.0132301908801,9.776065446898352,0.35341836763904033,15.204907356117648,19.058513450823845,0.44927457408593513,LOW
655.4131555572732,44.90125848657034,100.98094979920508,0.9353240803400945,4.945851391599118,11.588667449177212,0.5916200663520312,MODERATE
640.2011997583933,13.490041326546756,114.98272859880046,0.37054228525371846,2.1331563354463015,17.117410665165217,0.5858915120293435,MODERATE
667.3365439470706,33.17290320398836,167.89798563171158,0.20983637706986658,7.533112678923548,15.984648181590336,0.5990348364170268,MODERATE
292.2663223056811,53.45551204986991,118.27073924144722,0.05948710547322911,9.06938889715429,15.47347978190125,0.5186065512953771,MODERATE
802.117316834749,39.95265705681946,19.44285374226217,0.14895820972210694,17.722198415912484,2.2291738860321675,0.4784208050572931,LOW
538.5091877453184,30.98773139710232,27.26721941546201,0.3552234403211858,9.076917781521162,9.572779896794149,0.44511196646744955,LOW
122.16344415449761,70.91263011183288,114.8017790707726,0.4212320524687089,0.07871002989996712,9.72518946002019,0.4412752434182505,LOW
137.9096086954254,62.053231445300796,39.59592214061865,0.5424511344202396,22.923532516722236,15.749164672753954,0.5889131634776308,MODERATE
626.8549299674344,42.576972015029625,167.1666800030346,0.8135879945271807,14.735104772461602,11.722150247777641,0.8868412403407091,HIGH
163.92010343344947,76.05419929836354,165.8030089406736,0.013414849818384145,5.268951885042999,16.39705399942452,0.4983245407581601,MODERATE
461.4905044080185,34.52485786536452,170.80939896814118,0.8411161312305768,6.307190638200922,19.12901159241455,0.7080795908106855,HIGH
892.6792835765525,63.257761279460375,53.43851679838261,0.5772493430231092,3.1035059149365525,11.093277079278165,0.5929947501592406,MODERATE
13.566768212672153,14.266962944312017,129.33403352489665,0.756478058284502,22.66366870552319,15.834220675896178,0.6307946307352167,HIGH
24.75602368882566,23.577605691737162,119.67948934133807,0.7569792207075243,5.755214701134268,11.211199728432721,0.4106788680525914,LOW
893.8452779181508,27.708760925382432,7.373076859461204,0.9032026793072856,23.51617838830979,12.514053610072345,0.8111152885993909,HIGH
530.3285623794073,9.35983946365734,48.536148665984065,0.09338020883434817,6.607783956062979,9.52012654421242,0.27661705688251453,LOW
122.94987821147669,40.64258039100936,38.01124461262484,0.5715152883564049,19.981279911279636,19.19190727537339,0.5013102114886188,MODERATE
808.5989577811433,16.188550595993156,67.37473971116285,0.9090295283948207,0.2613038104156057,16.351546165059048,0.5409460179216277,MODERATE
793.5384671136461,51.10068526652303,171.59661526159528,0.7192063140382192,12.081839880430326,15.03882764050232,0.8514521376963585,HIGH
487.21836766912395,16.017296406268443,152.36269337354256,0.09658491149653792,9.23036332512314,6.591666504586524,0.4326042399665712,LOW
563.3949065760734,10.756994329802751,53.52300185492157,0.6139643108797569,8.364643973346997,9.708299815111836,0.5419350779475732,MODERATE
253.13660043577994,77.55785148031504,95.87564406677883,0.7998809092009446,24.803907342256956,17.25817949453036,0.6632373684812397,HIGH
54.96252977108458,53.0009841590774,35.41563576401248,0.2748617863056988,18.021667784265144,18.72766474211914,0.5100871636519552,MODERATE
539.1651719128693,74.97962226197059,50.660684620972944,0.6324932350167138,6.394447977500203,19.95100020909692,0.650315485619094,HIGH
272.33212195045905,39.70113556746532,12.63558157366433,0.8404122213941442,18.811043871019255,14.68858479930832,0.6184829528810856,HIGH
600.6227315277132,3.6387945820065655,116.02656366411375,0.5238669559081546,3.23921930606374,14.616771047378482,0.5555910473517035,MODERATE
754.2582073899151,46.37532246408407,118.58881863484288,0.19418720084542562,23.148211353511698,1.8775070117579484,0.6081468921987698,MODERATE
26.16288408378401,45.107982060020966,151.0917901238164,0.5496821221167442,10.65965561672734,15.030816654683454,0.5172355120224407,MODERATE
540.1852594702974,2.183072868990924,157.00777460347848,0.5880039331549485,4.766572798954344,6.934826291012774,0.45249387279297265,LOW
215.8396803212985,69.03812150774469,29.650632455676384,0.4028527722340598,6.820512103763965,17.292470715977732,0.5002156338402544,MODERATE
787.7607631343833,49.97768376869755,134.00432936317472,0.6796166245275972,3.878720997523602,0.22501558197869587,0.5675889280676113,MODERATE
235.76141084002734,59.83060238071554,25.112666276092487,0.4333328946883943,23.263949866147545,18.68771283818056,0.6000966343296349,MODERATE
553.5854185795223,40.019767386443654,67.89498710250015,0.877405087654474,7.647340313284742,9.677616808816854,0.7014290144042293,HIGH
502.6513476797542,49.853792594752775,93.28104630910059,0.7916254675121819,3.571272179335891,2.5591151030743053,0.4905408225467351,LOW
362.58818505273155,21.340121565053412,9.855114621586607,0.8047718658491501,20.322519371558208,12.01997167727595,0.5349946584474372,MODERATE
613.0824796038168,77.92686365372313,29.060704366636323,0.5260767052732854,5.3314780419225745,13.840717075557624,0.552869204686134,MODERATE
655.9349748967361,32.656880596265545,49.52978189821683,0.19634782059067057,2.35375875102351,15.595966334871301,0.4840353382074291,LOW
514.5746378342542,13.823803085672699,23.83007700451989,0.7244218191083316,16.70987279123443,14.036950455218138,0.6282998035743899,HIGH
684.9957910944312,5.417318051595559,168.20323272493363,0.06892135157943158,0.1851421241076956,11.067505882724586,0.4615578647537892,LOW
885.2411976337145,51.25758271374432,52.60913466759382,0.5175749361529872,20.81051484188043,1.6388805053373234,0.7631866136072537,HIGH
383.15242523171656,78.68700824294001,90.70972794709556,0.05297908148151742,14.06773912528649,17.257967508685393,0.5818438359854072,MODERATE
467.97891617812246,71.76776525085626,179.37962858869784,0.5284186873570117,6.170460539493619,19.668089887137914,0.7206811643074693,HIGH
21.09819136767978,56.46626083142667,102.42903917069266,0.6859221691289052,11.839843930608602,15.560139721364799,0.5758054327565079,MODERATE
718.4654151162367,79.257236390436,74.65774372358315,0.4191982464192985,6.560373752678849,0.6948435083954596,0.5624588735280699,MODERATE
473.0047596709345,58.10343270132641,167.43284066044703,0.4169031665543206,13.321428036857984,15.113957508488674,0.690992344135667,HIGH
373.085673020903,27.80083874871028,40.82709821062293,0.12279385027416034,14.291103030103788,5.392820737721835,0.3313363850417369,LOW
93.72404714956227,48.496232511753675,33.13063261012872,0.3018496052983596,19.29205399826178,19.242003696525813,0.547746006029844,MODERATE
801.7942152911036,7.301564756359361,96.83022205830025,0.4442737205850066,11.652185501890433,1.2701512002861626,0.5033104081461556,MODERATE
361.5564436360952,18.512916727580727,77.48701107181884,0.8635621386302259,19.66594529853477,1.8451678565942675,0.5558717739705398,MODERATE
617.4976224062061,33.98567863835088,143.66050783946824,0.8979799023390764,1.7310917094313705,3.6274067474868965,0.6488761776844737,HIGH
142.9429991676542,16.943660991480577,8.519797393481738,0.9535801020075854,23.033573295224233,15.063162219023265,0.573039001745175,MODERATE
865.7791702915189,76.32658017142548,111.57292256960837,0.10026369712668037,4.637718074817288,13.028099244162634,0.6131979406103389,MODERATE
168.8131680214295,79.6522046128273,128.2115665787199,0.2962108112688876,20.91443349016068,14.54473410996756,0.5947390541677559,MODERATE
187.59237368054644,30.30393768961157,174.97310018749008,0.46291291875334795,12.365794593121942,7.077684882842075,0.5691624864204012,MODERATE
774.4947458963653,57.02908990009869,27.091612842930548,0.6417438243900523,2.6179351548628826,17.591515136899094,0.6013111308627854,MODERATE
822.1986422863188,33.213887722396,45.07753614899471,0.7027984895994934,8.995060189722365,8.92512152432013,0.6087560811471283,MODERATE
198.81119269573827,12.021227146510306,167.90733845089437,0.7860162886189165,22.958265362735006,2.682288841017524,0.5730497325817094,MODERATE
428.12279047559684,27.617220968466576,113.8825633415108,0.49587381006015385,20.86784888499413,15.349480746668554,0.6875434491170839,HIGH
662.8104650609185,19.436364198537394,7.810776859656583,0.5565842666268949,18.05789452132561,10.59076754429775,0.6262923214755696,HIGH
791.7455030916135,26.91817941218616,14.844576403784437,0.9605706890515447,9.496147024669153,11.868220209943484,0.6437202285890868,HIGH
347.35689858320166,17.986713383419605,141.59386035235264,0.24002827978969588,14.719770337651376,7.702416245158692,0.5800404126834668,MODERATE
470.147343295992,9.875264405601465,102.57793522369842,0.8037597428841746,5.803049273423689,14.214390802390861,0.5729642332153247,MODERATE
670.127605362564,18.17684591963062,102.20937120977842,0.7118180343574544,16.196087832432145,0.7113590843785333,0.6002100661759129,MODERATE
660.7110192209879,72.55480551455759,158.49595015272007,0.14008983672810615,6.52350813983085,9.823515314685956,0.5862131488469043,MODERATE
706.8345157232155,7.732512386345769,44.15652756744986,0.9264916927181045,20.725170488171525,8.543171539373164,0.7874339894949258,HIGH
517.2410985909585,26.655774856663527,29.717145746141576,0.8553561561264484,17.612455619945145,14.9295606329217,0.6402636907950345,HIGH
103.10743615624993,42.74754166570819,110.8712646243524,0.7795046528967262,9.652240437757618,5.317384189769858,0.4748227235622072,LOW
814.5362288814556,29.00649983809019,158.9537344800451,0.1267735837535593,16.487048294230572,4.674228637720437,0.6130973007040417,MODERATE
780.3595599957151,41.89096050649209,48.47986539550365,0.13967053109285044,8.128403842166868,6.396645411826851,0.4583739515315923,LOW
720.3067178783164,4.430184758513963,122.951691297652,0.6831984581985744,3.8913237339821523,9.610871812193071,0.5987178331647158,MODERATE
98.87760467304925,52.237001035785845,28.27584670263108,0.10727001517909873,5.879598713824389,4.197547978874856,0.3223586596284965,LOW
191.91365670247197,45.51482532292876,31.771656553417657,0.11331560590282908,6.792200850405708,13.684140271168893,0.3768915079429753,LOW
671.8043249458102,54.796335002520635,162.37030035742998,0.4002794669541091,5.665415388612383,6.632225206614411,0.616201216855508,MODERATE
30.59468417793233,45.81336745035172,22.115734088241187,0.005377888775621842,16.95890000238164,8.430544130997092,0.3052624884294894,LOW
881.5099239994789,35.59438301162739,5.357851061279847,0.7214834028159948,18.49153396787459,11.151868541728412,0.6584391508954281,HIGH
345.65876551655583,28.661181841232512,139.71434021183038,0.5402069931748266,11.428480091896626,7.537506686324134,0.5524201323636656,MODERATE
650.188154984833,18.88838001788232,65.88920918600728,0.07817414921465082,24.694847131180357,14.024541377295865,0.573025872570211,MODERATE
799.9382687543585,40.5053504177224,72.00188084418143,0.5435827484623426,22.275515131963537,13.123903962345176,0.8081793473394231,HIGH
361.22060045357324,3.058143737823051,144.174500538567,0.054087872876927956,2.1762546253138533,15.13669770986305,0.3629340801819893,LOW
294.0279148537028,26.931025419846733,33.208506692345324,0.0706961059982324,11.511266407703538,10.460091555649457,0.4470100350927947,LOW
551.7796047194396,54.551911191597824,117.40852253226538,0.485466190151454,22.7119177132538,7.348437091015456,0.6637896826466093,HIGH
527.0805426357651,9.588646135222382,57.121570861936576,0.49982325051564513,5.506605209618617,4.022554221056875,0.40076501823362914,LOW
374.13458008606943,5.968408143242758,19.664054455785102,0.33899477289320334,9.459900638309241,8.73772225131862,0.28927752272124674,LOW
545.5795327222605,52.52210981801786,124.06179276564573,0.6217714583118317,23.673686403361632,17.460293567059587,0.8117471475810586,HIGH
842.4894189141803,32.42420297024567,58.04088008461756,0.38735840265479105,19.40155936722572,2.4205219762487706,0.5210395171479225,MODERATE
426.19982839767084,64.34417788740112,156.12213466613267,0.5869605790129874,20.8081250213678,4.308035121258187,0.6938654234367079,HIGH
185.10054086806187,75.04759301373458,165.50738139151025,0.34978493739963423,21.98709443495732,13.30491617309647,0.6677513795167477,HIGH
345.71332476587344,76.60619584487358,152.98026538385054,0.7149669646589756,4.2793918103224,11.49903393003926,0.6105714158804213,MODERATE
360.75521450787556,34.62183545764016,58.700962790947685,0.5792861174595676,17.48185043290072,18.32371052323103,0.48340533622295095,LOW
126.68673679333567,21.881850717727552,43.34828976037845,0.16004354684222755,20.070032252895764,0.5806654291080626,0.43026222346393506,LOW
154.95563549355387,49.080485360655764,160.81131499099615,0.6862688551777198,5.661987459048373,17.570325727945235,0.5386210322376791,MODERATE
619.2602453203727,50.627241148330675,82.07751011388656,0.7839359225334585,1.0839964366504695,14.50979838455589,0.654101886287716,HIGH
312.1352012459234,50.16524994999584,127.68541051688482,0.06587406795608264,4.458895356999576,15.510333742580835,0.44540753473685135,LOW
859.8595687516688,26.420510483791613,149.06239205250353,0.6099605953006095,18.535071780206653,7.573341585270306,0.8166371154013131,HIGH
226.80110336916061,6.036387176966939,50.70591122134023,0.7904296560130725,17.357265932675805,6.146504470311058,0.44679063413198383,LOW
98.04280954329185,17.590382267222317,22.31843960032744,0.11465289777860344,22.293153696666877,0.2875566796881768,0.20785538497167028,LOW
680.6190610702296,13.199134813756466,112.84413383844816,0.9016524197350311,7.92382553323297,15.748103289611109,0.7375558176991277,HIGH
794.1220862069043,10.788127316881507,106.64441378161729,0.414798786252756,15.543601530872984,3.231064307729068,0.48695723798977775,LOW
257.5208876156242,74.17638236465427,49.36581300588507,0.7378398210987182,0.6698351329528118,4.5225834987889435,0.3894493901531165,LOW
189.85841046447538,2.0939640319434663,105.66250312797625,0.8990498468292674,23.377107630828426,5.531228948936107,0.5851317054698885,MODERATE
175.3318600352676,48.546761399669414,142.47394855162338,0.9896371508702831,13.862315154906485,17.393486480382563,0.8113499066208963,HIGH
474.59094821619595,75.85042986347081,63.65196583959881,0.5839250640312897,18.709633692458535,5.758007943102443,0.5441860103177661,MODERATE
426.8908107096262,29.444197072036104,44.37487168767742,0.7042739285031542,7.095398820904925,8.513664667618158,0.4471314073134431,LOW
240.90145747053546,42.640749044624535,130.77521723611056,0.2516996741174199,2.04885932795654,14.946890465046978,0.5008814318233948,MODERATE
50.20407412058948,55.96690941453761,141.67109098604126,0.29004637218538676,1.5705514686931377,17.845420015466743,0.34796627539716163,LOW
438.52729289038984,26.05640587800087,171.81780937853674,0.8507694269025948,20.366509820820532,15.823650541142907,0.8592384929877916,HIGH
863.8057893956915,38.734507028872684,27.417862302227334,0.3982439036523395,3.7986487851732145,10.708277337123677,0.4721763922410628,LOW
590.7420886698703,65.5511251762874,160.17827423798684,0.8224339544280378,20.60004628590764,0.043583966546003605,0.6925171204845947,HIGH
451.0008353994704,59.88309755714082,137.95268720299254,0.05059681453845277,6.631641608437041,3.1568455936769957,0.4622817780330552,LOW
108.51594588635834,64.86750350793442,126.64008351962893,0.2182534217929124,13.531801218669543,5.072055384150866,0.4538333906744113,LOW
234.66829858913266,78.99987292658483,57.03659962507769,0.17009408897015288,6.547914820937081,8.275311079910889,0.32621246470908993,LOW
272.348815121343,30.25587051995814,4.9725382626795875,0.5270674697024573,1.2520953403959478,7.2437922924988385,0.4168528254382006,LOW
690.6751618204386,60.020209771926076,91.85153844738018,0.08053054755662958,13.556972680803714,10.288126864180942,0.437871585650689,LOW
790.2726095655112,48.61998080105665,52.1527183909432,0.3438704374213081,9.178010265882383,8.24055055269907,0.49168039106077355,MODERATE
812.4612496741303,53.66177661047451,52.87796238787773,0.9862451098505963,10.877749570470407,14.521334084519292,0.7397317015710572,HIGH
886.2660613431711,59.450038481801826,166.95780531748497,0.7942171367003721,15.0389725993898,1.0446141721863023,0.7049814399389767,HIGH
884.3063479630339,60.22877403875887,28.381431677524443,0.7605914129199614,7.841517684187934,19.894563517458202,0.7927724219167217,HIGH
858.1692281635035,70.97386679429076,168.22759594670913,0.13511469944054277,14.095135818182221,16.86117705074559,0.6567174066973859,HIGH
73.92170504756709,28.596412343648375,91.18140109192245,0.3645591065820133,16.444329660752697,6.699333344769649,0.5147779415012401,MODERATE
132.63624697574662,52.62502713284094,151.0519904149077,0.6805879712872539,2.238623348434157,7.936042165438371,0.487828736699299,LOW
280.9752085636693,23.142944096151613,51.76217528810196,0.021625237243396267,8.752414173821304,19.274134187071105,0.3018159697321709,LOW
502.0794461173707,47.970927704241035,114.47179887116759,0.43397649097612745,2.2486824543279798,18.716085864420663,0.45277938856616207,LOW
96.31032094787658,60.342836073582305,100.6293228344916,0.9285897892227744,0.1733396911865942,7.863471310829542,0.47845501889154635,LOW
762.7592924439068,63.48908580676959,166.42573000579225,0.08233980689960785,1.2807538176266953,1.19231657547189,0.44451380674704044,LOW
558.912999378805,34.189835736140694,33.094418404793366,0.9062593387060004,14.805369730017324,19.75932733535322,0.692109568390284,HIGH
492.7043180489624,41.18889763290743,37.61801026390385,0.19452162452103605,2.107631764159365,13.075067605926456,0.39300249168060986,LOW
157.12707779688913,27.374138242443657,170.86462750218448,0.18910722334413121,21.712539787869684,13.860036208647506,0.6203120405801366,HIGH
235.39737221617565,14.35387137663081,18.535667120712798,0.19543595876354314,18.986102009611425,5.49190922163302,0.33161276239920434,LOW
152.67770223420968,21.580875010210043,114.60816195887536,0.9312560823032116,0.22045677289092847,16.374089394876087,0.5028062410197711,MODERATE
768.2205104373708,73.05882338708612,11.840976265530308,0.6037449943936627,14.331129906337218,11.149637527156472,0.7100225068124592,HIGH
529.9627954544842,25.40859385033596,14.781354653587995,0.750788945296873,0.2562978136782551,9.404846676440693,0.4549588159531932,LOW
664.2651904924737,78.0059873501032,107.88962497940821,0.3664076060846715,2.729870339460125,14.824039818793498,0.6693491988353906,HIGH
273.4692479899229,20.076768732015157,99.6948652255765,0.8732509359731118,24.706231913274348,7.43798951743913,0.6723218218377893,HIGH
340.41484700856665,58.12261591100253,103.57168957689309,0.5819371359149375,11.425579857406284,8.588096357372667,0.5594246301970651,MODERATE
370.32091833961505,46.33836019217502,85.78372528243978,0.5998349332065411,0.6802800424892258,13.046536560148452,0.5172813900151793,MODERATE
686.4133248521911,56.05273391245909,133.88232196410726,0.7523210520781373,21.25786296479989,12.791728402549257,0.8850667461973172,HIGH
697.3941590303656,51.8726777821253,178.60174800931685,0.7736426233391618,22.933620759351676,19.423719340279554,0.7257566897195686,HIGH
194.0640394874882,56.833138104209546,50.36484310387365,0.68186357158629,13.709585995165668,11.257026185357047,0.5412830800686039,MODERATE
847.9695824969081,72.53821682640125,58.895700449375774,0.11890993359587532,17.64855255575302,6.419708985727615,0.5865722921012867,MODERATE
117.38325032488089,45.51409018893603,58.82586807943543,0.8667265927332248,19.50302842168972,5.748777549394715,0.564800191255011,MODERATE
807.548653357031,6.360053849415621,137.62514138874758,0.2608991160852637,18.366794189390312,10.680380128073745,0.6071923494630923,MODERATE
99.35212462833027,22.395209321305064,63.29477470114734,0.9961941583429196,12.363053036088345,2.391178836065053,0.5080934323670654,MODERATE
245.44043192466688,56.949299452292344,122.13593509729446,0.3855079317685932,20.817110981817713,11.76197816484098,0.5814238002718324,MODERATE
763.3658971004817,40.031895610078195,80.81387270513527,0.11999729759892763,13.183213020336654,7.805098815648154,0.5197104093638103,MODERATE
169.74794438801783,44.33560662695526,109.79703539711923,0.3160865025891958,6.487581679659033,7.0399415703457935,0.3703038879450934,LOW
378.07545886587314,48.12985597504303,149.39375173207696,0.5735342436006973,0.1016778712145755,3.849547080215554,0.5558251434342908,MODERATE
410.37477695027235,31.227712565781026,93.01650507220282,0.39144623820241986,8.964748111974385,9.90826724870132,0.3714040495462946,LOW
228.2804859906566,62.13774648194056,86.05600295156029,0.828681688969221,2.06464178599671,0.7526588244236021,0.541464584421516,MODERATE
642.118229189028,58.15925582782733,48.78845046534924,0.6822062954204763,1.5819104658807093,12.143678516998387,0.6710834376372801,HIGH
767.6878379679614,57.429653563256,93.34692014574131,0.21345056560408382,11.730605787594179,5.7109816855462565,0.5428692703608893,MODERATE
788.3718744714589,57.50950374876063,47.971796850819096,0.5388533049632954,23.591860421152187,18.10140053244742,0.8185122329018631,HIGH
311.9967097055392,71.33828213068558,151.9990668235146,0.7875320001982344,2.637860701355496,10.527237896303978,0.6216172675648728,HIGH
482.45685091615485,48.03602957601868,70.60666080822351,0.8912337515525645,6.8437499999196465,15.611744740358038,0.7550560710276584,HIGH
231.08169944042982,77.3987037602597,24.110266098456744,0.3949443349080416,20.751954001663872,17.023777250212643,0.6203158814289057,HIGH
227.86888637962943,10.416222066860394,43.95418749881844,0.924464720151439,10.045741158756952,17.5796636364208,0.6624800906368271,HIGH
153.51611593821247,50.924759150915285,96.69008267663887,0.0359694596194714,18.97009328093008,17.41261979881877,0.4272836253866952,LOW
846.6169196186881,57.637197128927845,165.0154653335257,0.6766912021797683,13.55835826881571,4.509374727633686,0.7601355473729996,HIGH
800.3100574589662,38.7004124653944,54.800508244885556,0.7819847448421914,15.098282821189729,6.066311013568817,0.5545662438237944,MODERATE
701.849254861646,23.76846253009798,48.32513053377677,0.4251413806420554,4.028584093582496,14.158762237978749,0.4964199355176067,MODERATE
470.71875394607883,44.45295876417683,73.77421043101423,0.010974475918825943,8.807055147428036,10.752367749777283,0.5811961381338565,MODERATE
446.64104480556597,29.815066742965513,174.2280516142942,0.6870351602694771,15.54388600588723,12.186645756514999,0.7199492117286069,HIGH
481.4736429024232,72.8208016143575,152.29432172858236,0.342564242537991,0.669204914219132,13.554586299774215,0.6435339797318453,HIGH
487.54553208360943,29.186600590127135,27.79056324236979,0.151812954692514,4.708162868534604,2.285052299530239,0.3227605329383397,LOW
396.7611453809444,14.880852423468198,110.86183839094727,0.15710877651581034,9.662365218192468,3.366128784955491,0.40356496092036653,LOW
127.26180127394004,46.534742073070774,142.7436923985822,0.7691640558313211,16.864864719471427,12.756724500993531,0.6299883560005449,HIGH
121.84082905299702,32.283414719049176,138.47385110527253,0.18738942421244076,12.739719651059026,12.50742639727731,0.43959042706036666,LOW
857.5022471026581,8.575953439266442,88.50334302407623,0.48409829814216654,17.968303318524853,16.34863226456732,0.674736950043683,HIGH
439.007376031852,45.62254572883476,131.99781803565355,0.9703893596565586,18.171551134281565,13.875636785091856,0.6276574618281695,HIGH
858.3529171656181,43.48986648209041,105.46200329614408,0.7588186978683417,0.7763684598559528,4.153532748270791,0.5956740356801209,MODERATE
155.58342116199788,14.682569844022414,37.05865193054428,0.5471936487147334,22.542810331604937,1.4014473404248484,0.38989032209641017,LOW
503.43073131554087,48.21341534782759,11.033601673935046,0.5282753526241997,20.605378803571135,7.8204954516304115,0.5191978703511485,MODERATE
194.86835548286993,45.82135893474163,67.14044272901036,0.16732744154661705,6.77670798351305,7.425446957348926,0.3449607034594142,LOW
235.33429945267537,62.115397220285686,12.087081348609637,0.44642357501527385,12.113123004966312,15.34832069384342,0.5350081126911146,MODERATE
36.74857509744912,29.564024457568113,71.70739930183969,0.1448996539063354,7.70374878847972,13.429667152456503,0.4046935751950925,LOW
115.86844655878807,20.652002369427503,149.36934128116602,0.08358211523104353,22.66605397849937,17.444049161999907,0.4588112610647834,LOW
825.9950827899842,76.14637107069127,152.12865256424107,0.10913723595923452,9.570474788490385,10.085235588536321,0.6118747056596171,MODERATE
296.1643624192752,45.33618429984026,7.099231919863196,0.6066111566517781,9.901328319649547,5.7739815801928795,0.45828525082087884,LOW
551.2349986039865,3.1440567518502442,13.44684868419945,0.19355298276185628,22.79780093700845,10.085007490988609,0.48713882863491886,LOW
423.86257747045295,65.83622304482772,120.9062086788328,0.14934551499108384,15.017347366349295,4.310040251148171,0.5975506240081817,MODERATE
366.4016082682977,16.54388681259632,90.49976639465378,0.8671309620969873,3.44674040602351,1.2106121506673806,0.5030483813754141,MODERATE
483.3786212980006,63.096869094021635,27.735152298739965,0.12201296323445288,15.650421027366423,9.993661024522325,0.6402247520753015,HIGH
176.64266070765396,56.707831745321215,145.18980157404468,0.7056351139087991,19.861193596030702,8.27210228137669,0.6409445928899178,HIGH
889.8574696824231,77.53628421678943,39.752813124449524,0.4170002621473965,8.446029173596614,0.6445810663135121,0.6193914513112244,HIGH
738.2940031464381,77.28076482596757,14.988716590532228,0.5790797377649594,13.17513870780053,14.425474940713315,0.6109361349413699,MODERATE
670.0370231310486,22.678439347805035,135.16177771990152,0.023355414497008287,15.671038853416919,12.887022480917384,0.7421652546971343,HIGH
427.1957743424177,61.549516916650056,109.85454945912157,1.9239516578783977e-05,12.760417876498906,1.4760434066125327,0.45885267902234855,LOW
146.06063869243903,26.03155177661399,71.60525023290693,0.8172485440189244,24.978112736733205,14.200471531219845,0.6410034164016981,HIGH
829.3926138634754,50.70663716753795,124.99799047725269,0.4754411585097663,12.669821176819509,1.6564459071112325,0.6915685991283628,HIGH
313.8344899697376,48.221940711412856,164.1371432757253,0.07130693644919273,16.08432480590021,10.353132661004496,0.46920098511230723,LOW
54.59495383027105,5.308937734072009,7.118657255229943,0.3434561031905483,19.83973591404493,12.444937192343009,0.3076376275640541,LOW
314.7392723614595,1.4093582369932482,113.35461934388503,0.5063544362507856,3.4145796116688136,9.979710990939363,0.4312846629070161,LOW
717.0667571413371,5.563357152989951,40.0519461657852,0.13549347684699975,1.097757999507254,14.94811724257797,0.4416165697558375,LOW
564.2107830395053,11.107421755007547,85.8706590295077,0.5463379497775377,24.32474646893173,7.711332438803784,0.712647069655489,HIGH
678.2463404229251,21.35454681647412,76.89262207012315,0.5287507198372642,18.306478743786755,4.259111415425114,0.5177980395699616,MODERATE
716.3354916375159,72.64946263616243,70.80636054238083,0.6028351663442258,9.832049388103531,9.728159640635813,0.741352640667568,HIGH
198.6396038616829,41.97198135238822,35.07374194429569,0.8102618052554386,0.4417198936122274,6.844738704676536,0.3746333996732009,LOW
832.1671513229304,63.95444736842231,144.6743386236518,0.41277881338686184,4.159992523943357,3.0255270000876067,0.5886240698809934,MODERATE
399.8107465991316,67.22662841646944,68.93418470205835,0.8885600284600712,0.24369481707407215,9.421668963095817,0.5369774019294595,MODERATE
578.7221478451065,59.06050478865276,159.80813070762989,0.4746737529099381,9.911431656410013,4.028608049670545,0.5903830074576676,MODERATE
12.054807602200382,31.919424829225182,64.48562085742185,0.4571489642143127,13.87138337733301,9.405924027192455,0.4395406430564714,LOW
894.0979635859485,69.24489211343764,151.30868869756844,0.6556856984039794,4.014580027373002,11.850560439826623,0.7388935207499195,HIGH
259.99778350809805,59.621930512352726,98.45947334291913,0.6175212153247837,15.996432742744467,15.643952178659802,0.5743871704717253,MODERATE
65.23616482073817,59.70896402899914,70.0269170399028,0.011434938758926094,23.856031313152837,17.06331968943946,0.4727488644543865,LOW
417.8532169674974,72.22437184607998,127.02176641304129,0.9824305902241949,24.76126154956653,13.36326615884865,0.8433548277041728,HIGH
124.83675089201715,48.29441432415701,141.8111778040126,0.9426935861444679,20.829160787486174,17.870843899910646,0.6592104758876889,HIGH
145.5707720402424,42.75737996701196,87.40165145913224,0.2812859424965558,11.097097707277149,11.155783803279778,0.48252606572928,LOW
572.7317035968871,71.32284205016894,77.15025668065309,0.558583340165752,13.685234451822618,14.20864512836539,0.7535726939923497,HIGH
359.7053784975076,36.90247652497155,104.35799569664566,0.7704851735896495,12.582674408467367,15.407252123651904,0.7467983408593604,HIGH
830.4486806379456,65.11408498627858,105.74424475252356,0.9204678240979582,3.8916681359987324,16.49691882378101,0.8055478374601648,HIGH
294.04928020118234,5.253862475139811,77.16077963798904,0.5859066401244994,21.360354275634105,15.03702899891584,0.4713948397896834,LOW
656.300314261672,1.1019056120494486,136.62165524123213,0.01894013293818242,16.894773423176154,18.048282518600644,0.62872573215594,HIGH
420.3784928378678,42.73510667874419,72.55013914793162,0.6806779475372453,15.948390404723764,9.457096452018042,0.6615986444592694,HIGH
597.3566580050581,6.815339611494037,82.0867033759662,0.09307806889903891,5.508279208411973,19.069642196688086,0.4171428899470175,LOW
543.7288674772315,78.14689806279202,109.35196214603272,0.6711777735375999,3.828982469201106,8.00573190460226,0.5895972867541301,MODERATE
430.7777357555084,1.434592749144103,177.645953445589,0.5874276020306337,21.82566192586373,1.4038089644494423,0.5751122670482168,MODERATE
855.554374215749,57.73382128339306,47.662813871524435,0.6406696279148097,4.485348715555371,3.642309777558408,0.6721192335238776,HIGH
315.01514205191074,20.227390967111432,42.51955118416295,0.1892576989854008,1.842961696431325,11.165317815065634,0.30624301214398536,LOW
167.7395961118526,77.43660841649243,32.662820705823904,0.4936098628119563,15.640130028242236,0.29175815481836676,0.4487608900623763,LOW
613.5037141830471,31.141790399603796,124.4105143611559,0.6179567944667287,17.608581432738102,3.1478829522663965,0.6421924971806959,HIGH
762.9467295640388,3.155390674845347,81.38794009789498,0.3002929114141628,2.9905602577835504,7.481546979183776,0.45459987454255113,LOW
45.82582854653214,3.127925467293836,70.56053487329518,0.18162326142349772,5.1714851329746185,12.48594227009653,0.3675059356445385,LOW
410.1730926961857,44.7164963662504,37.53217697264749,0.22268073888629913,19.71909487653848,3.3110024181973596,0.3945296267877761,LOW
804.3140438217204,78.9502463434712,160.51376955519757,0.8580166691097794,23.23962999336301,11.497283899034628,0.9098573390752795,HIGH
677.1605708413521,78.40210926861184,80.32797330480706,0.4645435202950007,11.912217925995503,13.262912687970479,0.6731824540436026,HIGH
892.7088676828891,27.644564810851996,109.77710275605288,0.6610733769765537,19.800124321310005,15.27318863148302,0.7286280554154381,HIGH
482.95829232154693,39.13358828592286,21.142794514362585,0.5148888641489952,7.985002946977001,13.209575146437732,0.5810518768070696,MODERATE
597.3961897330246,8.936008658027472,20.327026786597294,0.834127251874082,17.58084851835028,5.001655406763897,0.5892316978798008,MODERATE
279.20745021275604,42.251971623346805,13.056462957855247,0.5084948671472862,13.93051148553672,19.947204104579615,0.5143972630014113,MODERATE
853.3066837027332,48.37642632481358,66.75494847005454,0.09332531292163071,21.080272839462314,17.764973562886816,0.6725799308153273,HIGH
336.03858481531734,20.83387158329436,85.64670179235218,0.19798469353315307,19.397527396280882,7.470379239051419,0.467675370368626,LOW
667.2745342910995,49.35704043729873,44.779488751413396,0.013265415172021178,7.103397044643842,0.5837932381615119,0.4050194205661235,LOW
368.7947816659829,72.07572738400405,63.59227355203842,0.8315242830597276,3.736380523728444,10.574164495816085,0.5628756446276924,MODERATE
510.0188477560694,1.0754713404549618,2.1205460902547824,0.6632728333076844,20.191419314359663,17.30379361835893,0.5293349526676749,MODERATE
650.6064561691761,19.085768170327615,63.84483528178967,0.7592019181216655,0.81981427488034,16.438865308874487,0.5420474297964406,MODERATE
462.9513950587053,17.58364550259111,22.331668934721705,0.7150202346962508,16.975970310168723,17.951140774580637,0.5917943658323811,MODERATE
817.3068309494626,10.787010039672335,23.98082162892623,0.8244796887366972,11.897856103428433,19.390325141171793,0.6029737616048835,MODERATE
383.1778792557511,14.121995806231048,1.8065914632405922,0.9869695031172528,1.8824826406705548,14.260562821301948,0.4992467297641107,MODERATE
585.8939003475593,50.44709108386562,125.65212132565414,0.6534713299105729,17.2140305543324,3.247950839589042,0.6070051706085458,MODERATE
314.70256563704817,9.112856821900769,167.69979555483974,0.25226560296043865,12.07185216996726,0.7282627468706848,0.33815624180563353,LOW
373.2594347256016,59.34399711263701,112.25665539253613,0.10139004220984416,21.502533256108656,3.028145642622717,0.7005136821763542,HIGH
401.6445963278616,71.07478465411229,18.220167295095827,0.5897479283946525,5.215798227767607,4.021997507508783,0.5364942462921006,MODERATE
121.96824629793387,74.20043021009116,178.14725144125822,0.7707570612808127,0.05748929587086615,1.2278059860936774,0.4572599084374128,LOW
91.63407436251596,53.153889331256366,175.6297455868959,0.5615717142012796,3.2621704465474717,9.069034497506692,0.5409847979536768,MODERATE
604.0660316006146,16.594316440055664,84.81398188269048,0.3035547680549495,6.740250820547139,15.677554265318221,0.5922997553617892,MODERATE
593.4107871253166,7.738429467652723,20.30859009472697,0.7197348479057359,16.30610921038488,0.0850359080815366,0.4503065507566731,LOW
599.9896456469847,19.32997135075297,130.0123364268496,0.4479724960696646,9.066080687894893,16.072526346989374,0.6430317084532138,HIGH
27.59213635499559,76.99461767701835,173.10280860253525,0.2865891012923243,2.956172832632359,18.506146760617412,0.47094434245403277,LOW
300.6266899778841,77.02527093830626,140.38722914082598,0.841084488024411,24.53933657924162,3.039719140317463,0.7426297432480539,HIGH
186.05076406068525,31.171591829549023,112.7323109682056,0.576518781118207,2.7056861302874378,0.4269231718862265,0.42916729936933073,LOW
702.554766064171,26.737531746706498,110.3389105244228,0.28344799788628994,8.87800857583309,9.587298874692529,0.6507212191292735,HIGH
775.9610572425559,41.290835998466164,176.04734244280755,0.3286043343189188,21.915106412293138,17.370604211541252,0.8025720330370014,HIGH
229.54553573127112,24.043359225924657,14.088361290738732,0.5716651153847612,16.315384339628682,14.736628432192166,0.6280710979619893,HIGH
604.3857513747079,78.3933336807895,27.77052750672208,0.42292359399195223,7.994947796053814,0.6939818378202811,0.4320682293220887,LOW
125.13289507786426,18.476489811941615,149.71524860840293,0.16051911813440112,24.258669491092704,13.465288292774336,0.652668625261776,HIGH
254.88574778552487,30.162271892438717,26.975241377236863,0.6104699323920799,12.527463857693336,16.354898489065327,0.4818741739997319,LOW
133.40250164774338,34.92029918031408,69.6100711602963,0.6891100660522453,0.20274739673810105,5.4209929714768545,0.27825693436485766,LOW
262.33348227331396,10.88005782341181,51.38836683380031,0.00010879628343452019,0.15408340378342267,13.068267045539843,0.3913663444098862,LOW
610.5155271408573,31.243161314840258,44.576604242830385,0.5368693160933826,23.5252332396685,9.878979191415196,0.6514232407760198,HIGH
820.1909500648746,68.68172688805589,5.604229248408375,0.5771614798825668,7.029515761894692,4.112581330951935,0.5596224502100019,MODERATE
190.2449430525255,12.088519115083917,102.35897617273119,0.3320640542289681,20.301624150901702,18.03018798739537,0.5168331970404586,MODERATE
492.45034110614006,47.13773411526879,72.8218742291895,0.33873125903813384,1.0890005471141828,4.46016729657019,0.3494335243777342,LOW
634.2380801066547,33.12433390674133,99.73464806202502,0.3176588823293208,3.6729277320314004,16.809508489849986,0.5161716719137713,MODERATE
858.1009969521535,14.472401363278925,55.506968963053154,0.4453280683279859,21.41948774599683,14.033103917167866,0.6908009290835117,HIGH
552.9538297695847,1.97455699148726,169.521493054713,0.8119398788592999,24.852282921013302,4.4181802286569605,0.6448470596797738,HIGH
237.0451686143688,22.59412097570212,106.85114741123341,0.4690260670929287,1.2980732872567513,14.226464696080452,0.33560913972616335,LOW
566.6755596534033,5.8844878951421515,173.05606132927576,0.9936487066810608,4.190924334223426,0.5200983667844516,0.6443674504583199,HIGH
295.23713389343436,30.76470923244208,63.6510658122999,0.37615867476683296,18.07279727004736,4.7254315899014525,0.42465959367680883,LOW
878.7542677156199,65.0065786002483,1.4098271849916542,0.6992622561673052,13.23757390708746,5.708100146841179,0.7007719106215731,HIGH
365.7117602956368,57.855135609331384,140.84653612827685,0.5489656713907635,10.149151152863531,17.783798725659437,0.6260820837151082,HIGH
620.0306714773027,75.84331322443958,149.10081496635496,0.7622886211225538,4.861688448803742,18.307749790609623,0.7587780738678604,HIGH
30.672548288615047,34.73421796962846,11.507908098860147,0.8883645690097632,23.63588396552774,5.419841297067993,0.517595919511633,MODERATE
366.0546870599323,56.916310488756366,112.9410918947551,0.5116832931203175,4.306713811669208,9.493171377333795,0.5827578321456025,MODERATE
788.8457758570354,53.5619960460596,119.32219820018152,0.4944792091786463,6.631239145131232,19.632468947496644,0.6965732751511484,HIGH
553.1024255455887,18.146657949502504,27.086362201514188,0.9427190298935199,8.10745310524342,13.319550590733815,0.6144707270012413,MODERATE
405.10916889241895,24.98301791338002,99.90189496061203,0.9336595726300138,3.464579910474483,1.3942479248825679,0.5142529807917082,MODERATE
842.984374497796,42.85653313842306,44.532599641709915,0.9969967295932273,13.40582640585463,7.828640027182185,0.7048410074112341,HIGH
770.046094771034,63.935928201467824,3.944854873608394,0.15647591528779492,8.533126893171476,8.428765391121987,0.41723588318082594,LOW
296.77194970241504,37.48320602257167,156.1770851773251,0.003568723635277493,15.196187513390555,6.127933297555765,0.4282468384254568,LOW
494.64807781679224,18.991581357866654,89.01343564953707,0.4373103020731042,9.196452192127033,10.39826407661959,0.48714503202349546,LOW
445.94358792229184,79.48378953214922,140.9241390630173,0.7333401633600479,2.910588225703023,14.720414413131966,0.6743203970025452,HIGH
572.6602251022275,10.13072570193981,130.39785276901046,0.07285601012879983,21.814934428270302,13.830013509622923,0.6948268265677459,HIGH
307.35902759329247,76.5152236918149,178.8732417216007,0.3736016321733858,12.741301828307062,7.030963387933631,0.6250800835574654,HIGH
227.34245068164054,64.9146567860086,79.39365929831358,0.5814594767876022,8.046262249591779,14.732794677016834,0.5136004060581242,MODERATE
822.2779333774271,67.27258802532029,77.53155860953478,0.21254742505116575,0.4091188068644669,10.681479212483008,0.6542504429845934,HIGH
832.2483045536707,63.798489064228455,51.43424650215947,0.7311419977782361,14.946161772081682,15.390264330262955,0.7717604081501254,HIGH
760.5573683281613,17.445504363065137,112.90135119917542,0.2295376549757513,19.562608249479933,2.277780253031665,0.5957810416296536,MODERATE
880.6019433804596,50.9740078142241,88.01413759939588,0.8406720152138185,16.25153125542819,8.09520020256764,0.7169279188467522,HIGH
673.0424579439228,60.78323518362361,131.4482408633587,0.348273337677957,19.692982870813967,7.892994794879627,0.6758675011442792,HIGH
690.5538334201797,59.909177576030466,64.81559402101547,0.5986484473971104,3.874645947985489,7.036056270956326,0.6259223546073289,HIGH
688.7051818467503,22.45366427298213,24.421208748069336,0.5441540071000059,24.292574465394104,13.960677546188885,0.5868995234356764,MODERATE
437.7407915386528,15.308431633330832,155.37594592938228,0.2964467164776038,5.283332201564633,11.14257037815404,0.5031593664462477,MODERATE
416.24245311770176,26.921715729249385,149.22040261167857,0.43907162380935616,6.669489989335936,7.717841052109218,0.5457549560744543,MODERATE
223.8013857726128,38.90771394981395,63.829033493718214,0.845973091892193,12.808239068718805,10.7260461802169,0.4980974994641805,MODERATE
583.8890829797685,46.32867901803045,124.57295743464786,0.5483442856258971,0.12988817434212152,14.08785846450588,0.4987115828533602,MODERATE
267.4949211310777,67.11907862321367,89.1401202233345,0.05558696082733783,11.061212202962967,13.502548946134269,0.5423452960703921,MODERATE
239.44948463509542,61.75370398866467,137.21400538646694,0.7130322909213239,4.893131880320492,15.21348239173541,0.8006785438761919,HIGH
531.5056229454888,54.41589152765477,70.83369399094772,0.18245249779619366,18.725452960506384,17.02950176534515,0.6544031366845552,HIGH
374.8843255202884,21.815654142478085,96.8794231350301,0.48606276350684774,18.943834604542857,14.787837394987072,0.6570794816253678,HIGH
204.78238182722265,38.831559415860525,11.349082627589757,0.4685388807071128,15.393371116011236,3.6027827030359316,0.32153864769326046,LOW
736.2898549100197,27.499434056108925,32.30888670426656,0.48648692855027864,10.54212938300592,16.93157760689406,0.6844272659462207,HIGH
775.9072281719946,19.559326184492196,140.93604379174343,0.031014006325993937,7.75585042322276,6.640464601730692,0.483764455096464,LOW
159.25257251322506,1.8093834702948768,69.30022130894507,0.27238851920142493,20.68654937122531,13.319510570056474,0.5212837333501575,MODERATE
16.681259191999885,27.817495675084558,7.2838709370966415,0.05073547271889456,12.677340480343252,19.819394767081377,0.349655449462425,LOW
309.1556719911426,21.233185149455096,31.006895142438452,0.41495670262089157,12.411669648646088,5.892841181620769,0.41981391708329474,LOW
719.7846437558698,46.180283830378514,74.676047743325,0.6213367272862155,2.8358222220663585,5.404218645137817,0.5742636742156969,MODERATE
756.8647409485487,5.921839852413264,129.50644615600217,0.6540741257092842,5.459576196397895,3.643269036787933,0.5783568169089284,MODERATE
133.1128724032838,22.371048140105888,66.06382248349433,0.06454800365952551,9.012232297958128,19.681559091073648,0.3855184698856701,LOW
699.1589520529155,4.536789709084813,134.38825003381754,0.11888910496493899,17.471321069596037,8.538711008844164,0.6223778328251384,HIGH
112.97670890539221,51.67201445656145,154.59284512581993,0.6615067786628703,21.13177477991022,15.677309214361992,0.6542794719649774,HIGH
357.15570523931103,45.886975126921364,62.06345394282256,0.5311876495533975,24.821506920748988,0.9847900762626582,0.483307252504252,LOW
898.7624683606051,27.660921822883385,144.26722718294215,0.833412008228574,10.685802536315038,3.608480023528007,0.7954175144050785,HIGH
181.40583267550974,12.63943343440796,23.711639201503928,0.20514216721434186,11.330108680794337,1.2636886234302258,0.2410339798379444,LOW
147.02758849408752,76.67566678873008,75.33575098782705,0.12034228757638321,19.151513528050568,16.31270056689859,0.5117726051246202,MODERATE
386.29229596664624,47.16700334370046,18.46366893440507,0.362024146137347,8.030674410625382,2.13106993664524,0.41371004260236927,LOW
561.5049881131766,54.64995595919336,10.402509994264854,0.6370671349932716,13.51294940035301,18.463231619544633,0.676717451880833,HIGH
840.2816963477954,42.9765515082867,12.550400569894995,0.4859672413553534,16.925433078401113,13.275149273444189,0.5818978716336238,MODERATE
882.9308195244005,64.7161265640502,19.750612847612924,0.09859326609789898,5.906242767615821,18.190758227279836,0.6074918795898393,MODERATE
71.98016656634123,71.81402391430159,150.59494029153538,0.07129208892642425,6.989748734633777,8.177172971404492,0.4254383590330234,LOW
132.81779043963576,31.234132944212753,98.31820513043051,0.6776936271588566,8.904765929726643,10.513156927320292,0.5351331916849882,MODERATE
713.7567967674346,55.51199966621824,170.58248561208492,0.29696821141672347,14.442120875736098,0.5514456467974371,0.6022604601595892,MODERATE
250.8626155210658,19.16111127916536,97.30205393493992,0.6694824710171956,6.760386337405622,9.318118210469803,0.5002046731872453,MODERATE
797.515662960661,52.49654872580104,113.53932848355923,0.2949148830766559,5.204194562699843,11.81433876028759,0.515017818831629,MODERATE
600.4733989338872,32.533294768147655,34.02262904414825,0.3147942118435425,3.7377053943203427,2.0118016070000944,0.30203160726476247,LOW
109.54187411880268,1.535746352703092,97.7640026934338,0.20981473141334872,20.232747446335946,19.624705415036907,0.5152191258880997,MODERATE
750.9510635823664,76.48670160538704,69.9691562357955,0.9837169615230643,22.149287431595216,0.0878202869224376,0.8704371050803497,HIGH
166.9571782071875,69.6068820975588,167.72692624312626,0.016070290093560757,22.61804864325035,5.349012216973699,0.5222191299831476,MODERATE
386.9109012648919,23.976087477336243,168.17189762494075,0.12725243386163487,20.540841765281257,12.312431617676339,0.5477247140897551,MODERATE
501.4445864178037,79.82282782439599,36.531251637901136,0.836290180941736,3.432230579403231,9.952766059339355,0.5677678189632096,MODERATE
455.68187268144766,26.053086289966195,112.0034246449675,0.13816173406052112,2.443798532618602,4.78397369705138,0.3142875050979824,LOW
620.6849948974839,37.24869073026691,115.23346873180506,0.28069689194107317,12.479108230593706,19.735073531883355,0.7136734313457753,HIGH
590.8911940336371,68.24946306777895,101.6937792229852,0.26278496827765907,13.035673826458291,3.777548070106005,0.5465565106803105,MODERATE
892.9173849199689,25.063111754915226,23.255017731131726,0.6969855822578815,18.320579811501737,11.367037942304375,0.751221766162071,HIGH
899.4854992095271,36.5926824666125,118.06874207251427,0.41120117803982403,5.572018841405227,2.317681560861935,0.5512974557833542,MODERATE
469.6488683457204,53.581386202737185,144.03626600143184,0.8405878226309893,23.273741746447303,1.1227949632652834,0.7535061158920935,HIGH
94.72718739516895,11.30693682702183,62.79546005971029,0.747427195739074,7.7482448248804205,9.757435235910119,0.314064796762572,LOW
657.7805360821593,34.3656791266457,93.10475464800415,0.5311013312078162,14.445223772836949,16.094001317023164,0.687706023784021,HIGH
879.2310296127644,25.44338505156849,21.822702396520743,0.24906177561907428,21.605340185544705,10.626300570879973,0.6316454365268486,HIGH
293.31048498982807,54.46517016332062,167.59327935617796,0.7924188095360315,13.086202712181134,5.872608710496325,0.6164135391997569,MODERATE
420.4759083954407,11.741581814769372,20.607275717845283,0.8659905540945066,18.838936120833434,0.3345938613682753,0.48908218627282557,LOW
388.05146308575576,19.385786848974053,38.29950209361622,0.836282511108605,18.725655010182546,18.810641960887104,0.6499157715422337,HIGH
55.76304755566713,57.19872009644614,54.427647168206256,0.05171376761150204,19.750531162748384,4.23769187130757,0.4280591318566997,LOW
608.3153437888659,13.34172520820507,148.81645281358192,0.6979586828554397,20.276206626173458,11.49143711099499,0.7712658064943232,HIGH
324.47054861093636,34.33952171695129,126.41740976992153,0.703938636282077,9.811573682966415,0.3105251583428248,0.5092029534647423,MODERATE
710.842848422037,57.31757704531688,2.255584402555353,0.9430755398961711,9.088906065655436,1.944091289291674,0.6118908398577974,MODERATE
750.5868670009676,61.47200236997042,33.857516941534485,0.26347836672903346,20.087452504128407,3.4033902918270886,0.48486931660938554,LOW
740.8954000720825,8.495613115061808,135.27706107535042,0.7863468295099255,14.492759820813706,2.2462773324862484,0.5856611694935167,MODERATE
380.8327382554933,68.30765314413877,73.28637388914541,0.6890965001623133,15.192832095861883,10.615073423670186,0.5472622973357681,MODERATE
296.17565719440057,58.19381178926734,5.692222311639538,0.8787269711888662,10.297931269851754,7.941068299616088,0.5451176607803798,MODERATE
676.4504939036788,27.804272506771785,173.54112121928443,0.6933080303141231,5.040366466837648,16.025700338304404,0.7237926265792556,HIGH
723.2365961200235,61.34042533408896,28.07069141636061,0.8524545367334454,11.423264231408478,2.3240834531357057,0.6789374828246768,HIGH
447.21912728831586,58.53561036191206,92.37352856838214,0.35957534703699456,24.241161644226725,8.621360234682404,0.6356248244604195,HIGH
804.7976073873097,48.47040689416246,45.44858147842697,0.15762442073210237,7.2716719811994155,8.565018545482769,0.46962582535708763,LOW
138.07873950991686,45.120012699061704,133.00700832033937,0.36335203464592425,6.80020603435344,4.616235999512021,0.42203939545545427,LOW
792.3712138964745,59.04157562306725,140.03397172946455,0.8150516888452446,3.2696043922266855,1.919229692782105,0.5389826517859049,MODERATE
95.52475734497433,79.94153223473091,72.10245223095586,0.13164997767862274,12.029511025245682,0.21325626336250458,0.29116900544804347,LOW
146.63771462860637,46.705627695954945,118.8624822411667,0.6379451792950779,7.213259897353927,0.37655772412220845,0.2795199963460767,LOW
485.11761181382474,64.88871186921759,163.7241716338209,0.9875560551846307,17.178093274911234,7.972500649299878,0.8021158668499915,HIGH
70.09144736679937,59.79762366793105,146.85083221017652,0.8950148757955442,3.378114541718802,1.0855457651487566,0.4632029047060732,LOW
56.99832024609822,68.60886376067224,75.26669145843972,0.6711833283289502,6.182812067389162,7.891151170861037,0.4416927315570138,LOW
10.461682307477913,76.40746404934693,80.02421364749819,0.792630326828162,1.5462762369897494,8.748190733924124,0.3844586028279154,LOW
398.3218271278942,16.2535733894044,159.75121105083667,0.11647645406562168,1.0367726164943387,8.907719070367131,0.36083581523945,LOW
699.4152543500845,14.071311275214187,7.152731276315387,0.4988337625135698,20.353586812558955,3.833109426933352,0.542399136114057,MODERATE
41.00613174912494,47.32179444477717,5.083271444174918,0.5319124232729915,22.64695261563813,9.974305845046183,0.36459295672898706,LOW
590.5092697546113,36.49430996803385,37.837366140138954,0.7826957596259232,19.097220884219716,7.846345648374409,0.6610126981782998,HIGH
742.583312500406,46.08709274061437,149.14427439867652,0.2825933457115659,21.62908675564493,19.790539599288937,0.7271825141217768,HIGH
159.52075523430528,64.04537602435518,28.425160583478945,0.10648528644172695,2.1649036884255874,0.9073803603924024,0.1157145077611058,LOW
140.70872399104977,74.60544392389046,52.06499200575512,0.698113842587167,22.453357029488778,1.0775701532169735,0.5626869919749724,MODERATE
776.1128665222772,33.975850190686096,113.60329553509146,0.4925941295713304,11.65099591176954,16.490597668454086,0.7879945788096361,HIGH
742.5809028555843,57.71667899794633,33.97946300098716,0.8422940597187164,19.21609557327123,5.320380136677008,0.6569696274636578,HIGH
489.6581719751263,16.54713583947134,55.257825082599645,0.48148969353868487,15.393932210439043,3.675729491371049,0.4259047652345887,LOW
739.0878925716424,43.22960399900736,84.5773781550514,0.8462707791883289,8.746745401953493,17.489705229039174,0.7188997919413785,HIGH
92.55290890780034,2.722577444661074,41.83156179446093,0.507835001818419,6.619975817987631,10.654581967646923,0.27963023148042215,LOW
361.08855096549144,40.79629480351466,178.64204943205002,0.7826985098229143,2.9532540573342816,12.315793261651729,0.5758435003093274,MODERATE
666.6398249346719,44.08158027091449,30.256837100506946,0.7207451789197666,10.316277537025965,0.15921362524304872,0.5274471694943971,MODERATE
239.13224379832738,59.10018152648817,153.1387417807253,0.2660825403801307,12.352567903238604,5.215020086359279,0.6332189197649445,HIGH
679.572733845862,52.30929842635234,85.14786983827072,0.3093983250870408,24.577877356098433,5.1840595969162955,0.5917397730619278,MODERATE
458.71895790782435,29.313342010158323,24.113138669913734,0.8991955225192293,0.932261908218196,15.217843949353554,0.5906440909671398,MODERATE
677.7367292739274,1.4527411563365846,22.20902213210193,0.2310071276300043,14.753729055476825,7.711045029525434,0.45626255505516905,LOW
423.56487769302333,10.123384016212965,90.5529940331031,0.6975005562609415,13.124870548209259,11.548705634486609,0.47081823650441285,LOW
337.4348627974177,77.87179162787874,64.28011069298863,0.14512013199730467,0.5724047577613967,18.638071670336732,0.43400467018155103,LOW
205.07840266598276,73.86431950690915,42.99381154122587,0.7551583712492418,8.243558275062993,19.693542979025423,0.5502548794979863,MODERATE
195.45761387716337,26.68235988341048,172.65010555266903,0.2232898495793264,10.573185575103897,2.5465868434737904,0.48266602963498445,LOW
678.8268214085424,21.449382253987128,83.94497357334117,0.594065372751316,12.356744043480209,11.117342124501393,0.7094430412439519,HIGH
115.83020975022484,35.47688720151296,167.25716566564665,0.5642434877370377,5.8364021497614775,13.982838866386778,0.5583503463575992,MODERATE
86.52429159874116,55.50526233935375,30.35595096560257,0.20351425303351622,0.8525054974357016,15.641055743827213,0.41534928221903256,LOW
166.89931486969584,29.18938613997992,33.84042603417219,0.49140332112568985,7.346077821495098,18.40216387921377,0.4205474100668614,LOW
166.05839519399046,6.316213970761288,107.68895667869883,0.8792480254429207,20.909046060839703,14.56674441398622,0.7001387654571032,HIGH
742.5657842981408,32.82081230310732,49.307740028411246,0.6805293481520264,20.196446907109596,13.798703948401563,0.7274987572551473,HIGH
364.67089489204903,21.586530564033122,34.103876154415616,0.992654399099166,4.51876936254165,1.0819534587460566,0.47414946816638937,LOW
891.4457270508293,26.66947088568573,17.94868398898268,0.7845542609961967,16.15750414144147,10.896383180282028,0.7535657132112041,HIGH
132.11801943364503,13.87362241719705,14.652449984982326,0.6434554343030048,23.091184369341796,11.97530853520411,0.5136121073035312,MODERATE
591.6504448673426,53.048365486206144,135.81714098900332,0.5632020641554181,4.302692273712894,13.929951933963649,0.6180215724369889,HIGH
409.36926140911305,42.603843726372766,51.50720320019716,0.9374286460287282,3.2169085051961614,11.66726591012607,0.5321727546486081,MODERATE
359.69717726039585,22.39818626633299,176.13702844206665,0.527013437352529,0.5536566689175737,8.189002018132669,0.5175819017679735,MODERATE
788.8249371581333,44.75513602319307,33.77868181876334,0.4026727706358195,4.310286617405798,9.749149386748117,0.577754557757683,MODERATE
878.2801247872757,39.9239199262118,64.44595035426877,0.8344935793691034,20.348814445639718,19.34639179097951,0.8361067236967954,HIGH
786.8444733090191,63.88201366871621,68.10864288733768,0.9402444189203516,20.34974350405259,6.5820768656334945,0.7581482425095641,HIGH
181.1476043412684,76.52275727787593,90.52734989989256,0.47891689190017117,13.511301925725244,15.689139316665731,0.5963026748278244,MODERATE
206.5101498759513,11.32297020931382,156.84382054732217,0.13723852361260258,8.339111923348213,12.148802363913216,0.4174208294733052,LOW
593.9057523946063,70.82916483373064,150.42386758358953,0.6083728182121688,20.169510475049567,8.876618732592563,0.7487290186811215,HIGH
267.28438765799064,56.67895812450727,2.7821832246193634,0.7408822619290649,4.875381086389341,8.286370187332219,0.5520599431016255,MODERATE
663.9053663947161,55.71173007853448,74.256656985529,0.3736360831834403,3.4963497524510223,10.744532545199196,0.5198675074226046,MODERATE
514.1143792205837,30.56977087425531,149.20067485626416,0.7478788575646323,2.230255448319021,15.995850026776763,0.6808042416709045,HIGH
500.30880395645863,28.16874744172876,1.0354076009811248,0.5310513426422911,21.283148663060278,2.4430030856246976,0.4680878264849348,LOW
747.4067631065193,1.4455193009788407,96.52148342706565,0.30135613040979614,17.871074505482206,18.213147601324923,0.5642793155121896,MODERATE
642.3741668509832,78.59418509634732,47.44613621864314,0.6295212284428275,15.614657095735504,15.482936986397423,0.6320841545105399,HIGH
33.65421084758961,48.91396075747085,74.88557031433601,0.38894756551638476,18.186686555271862,6.980565342280604,0.44430122578287534,LOW
54.01863205995396,32.78396128999011,76.23454127830664,0.786825503955251,3.5869673050561905,0.20363158564056016,0.21408381400450519,LOW
545.3870226858539,43.95773692948211,71.12404488843508,0.0030800279168585742,9.619727187279913,2.104514501487247,0.4900482613700742,LOW
442.7109473038252,4.201635693604734,160.65907187581607,0.8181781159533115,20.352880735353445,2.8879068547156916,0.5931098444661552,MODERATE
241.56434325526234,14.71842546804184,97.02698600554669,0.3065752775307602,22.919137737027487,2.0716005535653736,0.3899046429596219,LOW
382.60391771017345,50.2454340721088,162.77066356520928,0.9596265634799805,12.827390848058531,2.0555795898521234,0.7154491903376964,HIGH
684.5401836722459,41.626676645005986,131.08689091052182,0.7591648676243634,3.051536152074466,19.20290357724892,0.6950066865436738,HIGH
745.6842213455577,63.17891101128301,63.85049270434701,0.2410402847657891,24.46293331031749,13.169200349328644,0.7270017428778737,HIGH
509.4885304221393,53.04067254518163,89.34789899726293,0.978799158731481,9.875713534768998,16.412774533527568,0.6959009311469858,HIGH
352.9788379628217,48.513418402371585,70.78467833874721,0.49958059199672167,7.97486660218571,11.256275245607693,0.5185783246678416,MODERATE
250.92011773064525,65.40599064011975,149.31479579785756,0.5229237972645977,2.9997728928744305,12.389693969814282,0.6237472617322914,HIGH
474.5074389846356,6.39278533860015,34.5800083428025,0.9095181340938654,0.3157405248678774,17.619966404077513,0.45136718061991243,LOW
290.1271605222991,55.580056918071534,168.61779852481772,0.9184030674817854,15.091833478799519,5.239383945637794,0.6991146862714654,HIGH
512.0446719720284,57.53166634983222,104.89598447109299,0.6968825042166329,15.310775465860482,13.890492835813424,0.5822486145841413,MODERATE
612.2206204335776,22.73792042472087,110.50467376028703,0.9784496395622537,5.856028418051512,17.9861795802318,0.7733740884300473,HIGH
68.8104977182614,16.45632128250416,93.50745064510286,0.32887030958741614,4.049668903678927,18.72584527704697,0.3516156478972913,LOW
10.950043870245041,17.894345561023933,100.25486939104024,0.23233658440193283,13.200220012473341,8.880964789190829,0.36206951853261815,LOW
198.92665356826123,16.653128211127544,120.51389953968605,0.02925672144720559,10.885171376465467,17.134244140000124,0.4316858423027181,LOW
806.1152329697151,42.37879308138397,118.25131066305389,0.34634493847778747,7.591350950729972,10.077191252621935,0.5672930985844392,MODERATE
585.1987792734177,11.714478597900449,39.3323289077236,0.6026333433120848,5.4558215493555355,5.157719581214493,0.3611766812890146,LOW
163.04471322395034,53.08358305212868,105.25678879628025,0.3053790499166307,21.482646456449412,5.019181425101317,0.5287372829644553,MODERATE
802.3349260230207,9.301182456952795,64.47813288323121,0.5796202571320945,24.595698977637486,9.03533029610067,0.6792989740184462,HIGH
428.2607868557326,3.12428158451024,115.0284247387153,0.048385752163867646,8.88954330956809,5.157770489411233,0.3065718289633723,LOW
433.721663444008,26.223929153223818,99.06238986795746,0.3540910646462311,17.453269652454175,0.5995728656872412,0.49589457613493,MODERATE
842.6323300199631,16.156918174910246,33.162708134536174,0.7480049064806945,21.63868035821895,2.1109398571694205,0.6337104380742906,HIGH
62.943156043172614,79.10430237739651,132.51737123948746,0.10432686019096704,0.6734195203865395,16.984402713032182,0.40213169073743854,LOW
201.5086644195595,24.936707748760174,82.80540709882875,0.7148374556555155,22.701622012404616,17.650175012655254,0.5422005663527113,MODERATE
531.336479387703,18.543062796015587,99.70803785921852,0.763311113009489,12.478724821744807,17.460877100901623,0.6629820773167138,HIGH
183.98299352798364,16.544816056437952,121.40307282154151,0.5687615091168737,13.9187315100585,11.074246845765847,0.5476801740427201,MODERATE
614.7790381959725,30.534379479475735,117.86404753116753,0.8860875530709696,13.496832991187485,18.704347128088536,0.7537652434496981,HIGH
200.54213750968097,48.86206273119465,135.05825879611797,0.9545635122256511,6.073179835223716,9.98185223763036,0.5694499747526448,MODERATE
98.24970383294476,62.77367672865631,38.008559427118016,0.03467748295371187,19.556036024767803,9.250894346254142,0.4377272939625354,LOW
194.21679208034737,29.801523571702404,20.76003083898689,0.6790830240705407,18.30845931339254,9.487643129547774,0.5649324774450215,MODERATE
386.2332905021354,50.45170742338036,120.78314386670765,0.23717450247352945,2.394808725458325,5.082238664897092,0.37545144969433236,LOW
166.7630862640411,39.082731964071606,43.2413054531571,0.4081833090048276,14.069789362538582,12.27006737872193,0.443787383253151,LOW
129.8759021817791,67.87313235401848,21.514271470418972,0.6231542825096992,23.925655042627266,8.979022705589358,0.6843457606315221,HIGH
775.6508787348573,45.95430039551638,24.49151121288403,0.7122722703254765,21.778936085655225,19.49315333739542,0.7629809420593893,HIGH
295.153511201604,23.901442078448913,56.99122217801302,0.8401909297412762,15.647609283718616,3.4396279240765315,0.4174729723091914,LOW
331.0752310012457,56.58339331708221,178.5298816008149,0.7053869182835928,4.967333594026685,1.534085170418067,0.49554144626657504,MODERATE
59.1906644560926,65.78509455381666,29.149598476988217,0.777398993863311,8.680578250667557,7.022796388545098,0.3899606860989177,LOW
328.0589649168282,37.76981188435324,54.43804465142574,0.5990711993594116,3.758951736525562,4.310998254083913,0.416759706803467,LOW
245.67838781620588,78.98858187170319,165.8114131869036,0.11705908372162488,20.54826537473996,19.83809169709126,0.6558541940344025,HIGH
553.3317099341918,70.44865345611376,173.43214330220368,0.021430314885293344,19.466770781812816,11.171565193237265,0.6179100641229941,HIGH
192.79736492844194,16.559418903573828,41.96296164612173,0.5297830489215293,22.75895768339192,7.1943526045088895,0.5590484355229993,MODERATE
800.6452532259281,63.15371390034275,158.6010327720677,0.7155410479518,1.5848886867732475,12.854822741592926,0.7471524697256273,HIGH
837.4032926184041,48.47514830363152,25.866312069619443,0.10886558844135674,24.117837041237305,9.062230084206382,0.559783616388712,MODERATE
98.84964088734327,43.25009252681894,137.3150176227923,0.4292959478756153,24.160683414557322,4.176502784374092,0.4394975098772361,LOW
105.58863109683372,41.6011483397859,3.328460755879505,0.25617739675564477,16.86024483875906,7.890386145891595,0.303065999260658,LOW
112.6405299187793,68.41948027981189,73.78491363413185,0.5670930501369078,22.043706241000212,5.727087150114296,0.449046437303028,LOW
561.4166381161776,49.25895032337243,45.27300200241248,0.39050275242382804,10.96094682956604,12.751851556347987,0.5499655860134849,MODERATE
118.55237814656437,43.47877281924496,127.01743453448297,0.2014675004341464,7.835107525139323,16.33137203579209,0.426314057003515,LOW
768.620262957937,4.859932633885877,3.874047512578059,0.004392713739444609,3.859211400120863,5.251541962014887,0.3415125497153738,LOW
681.3016482947243,36.41592671092603,84.21740538322442,0.32152509538093055,0.789486747868845,12.42653344376373,0.4817584966499176,LOW
739.6298838318414,72.73528340159511,125.71449542934342,0.5161621466863124,1.049933818118426,14.169597240827285,0.7215414092235486,HIGH
478.1938689285586,57.227201618224896,9.36017231178274,0.9292090830034592,17.289167690102403,7.40021632491681,0.648269272232909,HIGH
897.0427182520466,5.025364266436121,161.63463260126505,0.22747601488632896,8.41436663775728,9.750712948528161,0.6368210168619023,HIGH
49.31584162030353,70.83539028993235,65.65433592396435,0.5122550659636332,1.3515418639313466,7.176333481861194,0.41665285830798643,LOW
367.1258181256409,66.30671048878727,30.58258397136142,0.5664965344743514,2.80505773965386,7.45809936591475,0.5547059061101903,MODERATE
298.3036353544962,44.18805271399271,41.35814478945249,0.649227656858986,16.632094124102494,8.924330838431555,0.48557784016296646,LOW
854.2944938542505,2.770031749400237,61.664161251702915,0.32856635087445196,23.467005382553538,5.908458514402451,0.6143112171983033,MODERATE
523.4062530628577,45.43193982467025,36.50914322619029,0.09948181948997747,10.199454807947747,9.766599329345363,0.4664781625054757,LOW
727.5099592458055,5.312534944187663,92.39359695082132,0.9213562401822422,19.441439187362473,15.044904445434055,0.8345824103839179,HIGH
161.60366235608177,26.309937811360953,114.29478083338472,0.9527554288535945,24.339545252852016,7.885954593683846,0.6262874475279882,HIGH
880.9843880713906,50.683859893316374,78.58398949011512,0.4382311382469207,17.707482472357107,18.908756028500196,0.8334931314434488,HIGH
453.7891967199205,73.12013362669178,77.43875483122689,0.5805749619178523,18.075160833364592,4.359910573418002,0.5133946411455083,MODERATE
449.36814788087474,29.265855343498817,140.92421396699774,0.02902639327931711,15.397519854542999,8.990094975317627,0.4576527077896026,LOW
874.0874084057067,68.94187884779281,54.88199161946144,0.047215641115174845,24.441912867210807,12.033700200001835,0.628136436641607,HIGH
348.85180148325907,73.55051982164079,112.47562126939633,0.07666741582658188,7.495150858891933,10.86528842931841,0.4790374607728578,LOW
363.7972718539437,2.6624665561278307,160.83296372278159,0.738746314848921,19.57471127401795,18.938813396299135,0.6965172726809613,HIGH
530.4299054963936,19.91479918244999,40.65107135218618,0.2272344910893498,10.37695155530324,6.486560722322805,0.35571319736800894,LOW
123.96682338753037,57.0791216389724,111.96223067437785,0.18444722297437843,3.8854910522648947,7.552644466800724,0.3214818499143971,LOW
295.76620750655087,60.79060040328432,170.68694862980638,0.00833533275678433,18.48430936828679,11.913631390661015,0.5471407423019199,MODERATE
181.95540697616616,32.00093116714727,95.83335063702634,0.02289754427358881,20.735047867778746,11.9273378731083,0.36784694056017153,LOW
101.92229640527415,52.88361440905554,175.86469254178633,0.4053837523349929,21.58997798612724,15.74881944960979,0.6284702765875225,HIGH
780.8686996346079,49.36053077160078,56.49824190907856,0.5416779306771917,23.04696237368956,15.890314929852279,0.7469482196280043,HIGH
534.5047378534537,59.442221966483736,102.00860678724946,0.5790591817679196,18.62278983079175,0.2174191688464866,0.6243920576356621,HIGH
329.21878445984095,57.77401579186462,56.67539946497056,0.457911181180915,13.190463878517534,15.283987634663113,0.5892225026677705,MODERATE
373.71574585637444,7.783793041238546,1.6657770870647144,0.45956127214283826,23.467385659987634,14.35737348218046,0.6050504526209542,MODERATE
394.0519132817456,13.501764294264813,179.51814997977283,0.7531421852662771,5.239141903795252,11.715403600810763,0.630939064196798,HIGH
573.5027721087913,11.485444633485963,43.9707521786725,0.2895701346001175,1.9327440856103246,6.339735023920778,0.3925085991157068,LOW
834.824758425204,74.66592551758269,175.18525535737496,0.23771781800893954,10.790643009396621,18.14112133280188,0.767757775041587,HIGH
840.1738614947144,73.16986921988615,117.89287596983574,0.8543241880318309,14.555464688635542,14.764392525975254,0.8965064109028629,HIGH
358.4278617822904,63.99556929816063,162.8041160017945,0.6892638077160851,16.999734624145784,5.1457480698500575,0.6469044589458305,HIGH
303.0435890420149,10.220766293400786,174.1292917226003,0.47686644908287046,20.38554921197743,6.104403998777097,0.5583468363275119,MODERATE
411.431385164877,46.367446123647284,102.64142793521495,0.275404825534007,0.6689161239141261,14.209114188588778,0.6045464970937173,MODERATE
515.4614650813584,15.791219461098262,179.9447506299252,0.13658181957861848,20.051158525268548,18.353086375255344,0.6336665453810576,HIGH
421.01794119027596,30.102331067145396,138.35205376029123,0.03742119674997646,15.003216987039394,9.810823567139748,0.4363673933583603,LOW
596.2905347368638,22.100210854355623,94.76280554074964,0.8523653579912417,23.823692510943633,17.583993806873465,0.7991620328007898,HIGH
503.41513080798967,66.4855475375098,118.23484787016857,0.5933855013971914,8.697435574259984,7.642289799498833,0.6621758227355721,HIGH
295.4368365577277,12.411660562022584,35.774572961461274,0.04582949291187932,15.42446148671498,7.903274953132433,0.346550865201177,LOW
317.700417128743,52.048154320195984,2.97483923782263,0.1585873978947544,19.163710157098368,13.718824035099944,0.37238906576797876,LOW
346.9475809281605,78.72767843831718,46.96529322167844,0.2795642681532241,12.909885518832853,1.010753696554063,0.47735714131694984,LOW
94.22939374195593,55.277312077037045,78.85978424786335,0.263071587713814,3.8976893342388017,2.778436616270885,0.31895329962411556,LOW
157.79574284843608,7.259445631549816,41.821413048253966,0.5483909892212689,1.2449943004994828,14.568500207195607,0.3410982799993527,LOW
653.5712839093936,72.72011065503946,93.01242573952943,0.3994436231868651,2.785016533479301,4.841709841006558,0.5836902761089998,MODERATE
356.2960732546512,51.803294537478095,118.7720014582153,0.8822166042619666,12.372614558694439,3.5015811739223768,0.4806716957077596,LOW
200.93968557852784,37.04856738881108,118.38709898890674,0.7194107006078214,15.990219337657305,1.7810544877675372,0.5207937581276529,MODERATE
510.778445411623,53.115705804748366,160.98383306543,0.9107325693100795,14.26302664540452,4.497089442758346,0.6731839052140003,HIGH
682.4301928013502,70.44450210733832,173.97111827049454,0.8628186251594522,17.822903546059557,5.009418176879434,0.8735746534443367,HIGH
239.10590248738055,38.693051005304696,160.43440739142002,0.9213691334934555,0.9748660893616284,6.823226125846875,0.5511461380513085,MODERATE
745.8429949121326,42.97439714216611,112.01131772309978,0.9800114502887644,3.40851803822744,18.76659107000176,0.697552152204569,HIGH
835.4793250662941,36.74334453821833,37.831783671812104,0.31169643805946257,19.02850272371474,12.892370134528433,0.7189142746694006,HIGH
541.6811308757183,6.734722679569552,169.8777574914169,0.20968060385365994,19.529559211938945,13.866271966103835,0.4818159400050893,LOW
605.3634165025059,63.17854002726132,32.30001066334787,0.16515236221574314,17.55734585794332,2.6549677874018918,0.5116810805250434,MODERATE
56.792631387519286,10.986527747705276,28.105501469373266,0.6280884650157843,18.635751081630218,3.853333771840175,0.2893277977233281,LOW
851.5127030094968,32.171030812776515,57.84490969507287,0.6809666981764003,24.08600216255825,17.973422009742077,0.7416584752010074,HIGH
359.31141349579997,31.559004803010605,103.67539547955359,0.08783749421064657,23.60546684382577,12.686182538192881,0.5298331019632047,MODERATE
832.2713564854326,23.123222574852296,122.98360112545896,0.8210715967326342,16.11204601626702,16.193019906505562,0.8679210462203235,HIGH
525.2899970277159,32.798062945659055,3.379389244868843,0.7830665314430982,7.983364468439305,7.149252652725084,0.6150228445997665,MODERATE
14.110730970561573,49.82271972021186,140.26598663783528,0.6284739332057888,0.3527472718982544,11.544137463595614,0.36398711139435014,LOW
44.302379397857784,25.59959766440923,32.32849928661635,0.43561247946963344,15.790203022722066,10.044152237281967,0.41930036831920664,LOW
615.5727370462306,14.628443078163839,54.07078842083079,0.1536572883759959,10.782596170926695,4.108240203263702,0.5235876257665997,MODERATE
510.77453231042045,69.68003333007405,58.65352391742163,0.5055922709318871,3.67568629495528,16.495390220964772,0.5359780452359117,MODERATE
33.61386911340617,77.6957793387137,60.507833802874906,0.1591692955414844,5.381443700114843,6.675124800330958,0.2701074385102757,LOW
671.679365487923,37.22812208622933,137.10580079549536,0.6049787850889335,23.41323289774969,9.33774910151869,0.7525991951279891,HIGH
768.4093499915717,26.83455727522228,8.329040834190142,0.30996473032306915,1.6555635164003102,2.659861940465571,0.4038982971167053,LOW
451.81155937098436,4.751084144480117,36.176689492225194,0.24730626230379682,19.68676939032166,12.767133913872488,0.5259936677811625,MODERATE
424.5241219179569,3.9112717081941977,4.9951423762882206,0.44105137995496957,22.551233278651882,15.82270887319386,0.4887552352372218,LOW
14.87106686281846,32.03767765598676,140.31560275140615,0.5807128002586647,17.20868811695709,8.2077661472956,0.4767175704718299,LOW
710.1182441193033,74.4891194457763,177.08629856735712,0.36746406557137945,1.5335410328900345,19.56264020113602,0.748888793605935,HIGH
304.33729940403384,58.72597492872359,119.05894150871501,0.9636034011382877,21.146323070430252,5.151679166651912,0.6439532977588631,HIGH
792.0996216064602,28.592284090791225,106.63491338446721,0.005897635925030231,16.3322235265228,17.461611515333733,0.519264763619357,MODERATE
342.02392292666724,77.47566758938282,163.543852196542,0.9128610184476774,6.925822484297201,14.4243099375585,0.6306239704488154,HIGH
512.9193404613279,34.87187435720273,46.63676355906342,0.0006840494826374499,15.741384571400339,18.545232527972143,0.4719581037689609,LOW
250.6041914974015,22.866626773997012,12.896752619702934,0.21671193866342398,3.4135696242044737,14.812964268878472,0.42289343975320853,LOW
152.92359820057763,34.68190633322422,92.28461299002662,0.9963512248545622,17.691188824079042,9.897045554482935,0.5495345377597113,MODERATE
699.6680340093819,17.711914931722788,47.602417868115346,0.7280953757136894,22.57489045396591,8.26940927062202,0.7289557510814146,HIGH
451.96552617319065,70.96546284586286,81.74360902788146,0.6444983717140085,13.042031615459356,16.587989735232846,0.7545670102287344,HIGH
487.47425213950316,29.532691522997535,82.67767325414387,0.7260928808553971,23.802648776104938,16.80726945460289,0.7175776910961775,HIGH
869.2201985987446,52.97954819505139,58.070896508184425,0.4082961870193744,10.952374195510703,11.778078355747013,0.5013667427526669,MODERATE
867.5861218777168,31.73472870734592,88.05210010336657,0.7842097313262926,21.439175794536364,14.042486531699577,0.7431004533734914,HIGH
771.5214883151391,72.23678201915304,69.0471866184324,0.15486803291827955,19.341210396931842,9.257150722804646,0.6005562574527715,MODERATE
176.97227056087988,51.74807938553478,21.237621283955935,0.793892387395598,2.2107378585820374,4.3674261336339,0.4764463263505966,LOW
538.9026979284062,39.57189933222266,156.1439016256346,0.9395266799110947,22.81631444831885,0.9996095785249803,0.6700437706408966,HIGH
791.5512079434283,11.439294565325742,126.52799488301045,0.8576868505065581,22.760691346040332,13.07410764535205,0.7576291292453134,HIGH
343.27290343955457,72.25141636532413,8.394286834971457,0.7396609533033932,8.78539664739251,13.384260652950616,0.5567516612773185,MODERATE
99.98448768267062,44.1985325934699,21.725770123563834,0.651377313161677,19.835972041881547,13.305271234176672,0.4489540438136266,LOW
731.7569829935304,23.519184863951985,18.2760902574523,0.5210921653216274,5.615936124635679,11.248149310336107,0.5053786033881413,MODERATE
438.76956071233275,70.35622445351963,12.052094914580152,0.3952232795361881,0.7598271476991075,6.848017227756165,0.33162509260479534,LOW
512.3094855196689,5.300793764158216,11.571162875458038,0.8656535908598395,5.198428277917502,4.840732814825208,0.5756109928919886,MODERATE
884.1084237228815,25.81207646903616,29.123107595579853,0.6474585746480768,12.099695978593008,1.314096498307853,0.4807027698759654,LOW
550.4181731397242,43.40944369496966,152.76862412685713,0.43490031391469874,1.4441875870922882,2.960174656802561,0.6088964349328526,MODERATE
388.23165324283025,27.84533254742015,149.25376001947348,0.7847917181143582,4.000154577785101,12.565963686299133,0.5409737597736279,MODERATE
339.286087384006,38.66200617492977,141.18321907483096,0.054103754038348106,23.760949834539584,15.361426910796004,0.6205629237930186,HIGH
381.6811704621006,21.880983934147725,111.03246467040452,0.8131192509329653,12.346022779166535,18.15245675272373,0.6821347703911826,HIGH
115.3751840290152,11.276564183698875,130.50534602524058,0.8107021727444602,20.5775132445366,1.6783352287884257,0.5167749020037871,MODERATE
717.3279969916389,3.9114769507312857,133.1881367404148,0.22852941332232024,5.165568731064749,16.28052476105925,0.5657831262806458,MODERATE
755.5680037864666,13.45407862805921,160.18700378507245,0.037671589911896564,2.2130423272694406,11.948395572786287,0.5644894485771926,MODERATE
263.1134497703339,76.28277460796014,132.08940230480204,0.7137079555297965,19.513701400268033,6.026327731510701,0.6750082358174946,HIGH
280.3789903848502,46.456847533602335,132.82621613575282,0.19987162842971606,8.720845714971729,14.515854902471084,0.5234347330590764,MODERATE
788.1574881379837,39.62784989695817,144.9305299157136,0.9960217907210658,11.49511088393806,19.78708066167866,0.8111779880103697,HIGH
31.333616419880357,31.361583305150976,100.58751921104611,0.009182445242662762,24.803225636389335,7.588352827367486,0.3787920772897491,LOW
473.20712495283266,56.96519153268744,39.13215341762705,0.2297919812489907,7.913264398105574,12.548758198713251,0.4774153432999791,LOW
422.67138606653594,12.159498596581374,16.133103484861437,0.04206239727249772,11.828644807166434,5.216651988505698,0.28389754968955944,LOW
624.2128249248292,22.814259544560414,76.00879730835989,0.7826557354502195,15.870283292944046,4.100561592125997,0.5977238454375754,MODERATE
155.41861313301447,52.81626745343647,17.4117352318052,0.5786954921738933,2.226719518202644,2.982625538215331,0.2236188681771485,LOW
604.8143593076868,38.84608480223301,31.305421648225277,0.8484345345459142,17.910802575365103,0.6430721717333943,0.5023465607461508,MODERATE
345.29326700864004,61.83731057776801,5.267362105475865,0.9626133706729274,11.293275506875892,14.476209236472386,0.6670782423210504,HIGH
560.6561525709814,71.87167767257561,54.73692609553527,0.6101148603754043,4.375361938343186,2.9191792781523795,0.3497460383524866,LOW
45.68455878677057,66.04643471828183,174.6296102099613,0.23175350361801195,10.763546492511308,13.525458687242583,0.5960508274492415,MODERATE
420.93720549421334,15.55240942659783,68.8286978069295,0.09264944079761006,11.516696190037834,17.39217749704609,0.42573831195580936,LOW
474.80329564431116,8.226148606631304,44.11977648314355,0.8662610449795003,16.018424372708036,16.931992570019503,0.7250354152638501,HIGH
200.75049854093808,14.385807443058832,73.21745640774344,0.24511325501859726,23.428345409663347,5.979300632265825,0.48186116786758726,LOW
134.26505221941744,62.898924636418215,54.93959511699526,0.8935182246980773,19.126639721550216,2.4881239262269506,0.5172951384370659,MODERATE
177.74212968094824,73.19265606992413,121.62395130417657,0.8782875996142749,9.56125101025887,8.861289664467101,0.5904677796814494,MODERATE
316.2855594763798,74.11046054860473,114.56955024747543,0.6278092122702602,24.24120538189315,3.625784169863291,0.7043509162608769,HIGH
96.16103288142459,24.5590473602652,5.894380490918818,0.6039958205751598,19.770779308082425,7.470157947679718,0.49204370564604677,MODERATE
853.114618199348,67.3869688630711,92.52684488941453,0.950826468526888,0.69879515181554,11.376427379359924,0.7822270526936662,HIGH
370.4447147312774,43.362607266745634,7.479744093903246,0.7560151017849487,2.914660348002371,12.886939218955977,0.546804573937632,MODERATE
729.9829462310066,66.00055601950838,122.24802468815521,0.6832817711805739,5.450279051119591,4.366475173775381,0.5682946347633953,MODERATE
877.2312395668736,44.32082254802008,168.50969118227925,0.4357407520184782,2.087589575171647,4.5459222094388,0.6128958052067014,MODERATE
81.8543992024378,12.525564362550336,163.440330292208,0.48399844573688366,12.135680480424544,17.31934862509409,0.48378688104900947,LOW
589.9858264621447,7.258344534774696,37.82246806427585,0.38892109833166844,8.51795105480416,18.897755083899124,0.4284369318424004,LOW
785.5540871996805,76.62031278753783,133.93348144212942,0.9463210203599299,24.32313659328396,12.848921568030125,0.9160915429904312,HIGH
574.4686462303882,34.63840195809474,142.95880881626118,0.6381192131932713,11.818402431279324,11.136464043950093,0.6530866349399672,HIGH
391.8332480080973,28.69113094688811,155.7217884265798,0.7803635877237778,5.303871504393351,13.161465098073437,0.6173498866096503,HIGH
393.65795829776505,29.147943696696522,47.468162073293264,0.03719973508255059,24.26827110602944,2.5724094795359886,0.35172509866497553,LOW
41.95000854654943,30.93581850656229,81.69943742901665,0.8524263021418429,12.847044785601694,17.940780827151677,0.4857530858136614,LOW
485.794668647455,75.65474940365272,40.649292797549684,0.4176382974445806,1.8264942834165048,4.171913383391594,0.5079114071374222,MODERATE
894.2532671402943,5.953662404850893,5.351392840803256,0.7371603748161634,2.0218655254631095,13.393612192188545,0.5540343984713708,MODERATE
863.2496981150214,10.405841703201633,118.96326038782733,0.04002531482077565,16.88231704858445,4.439413318845816,0.45359589823217994,LOW
45.95531366952523,63.38246972306609,78.23198760287306,0.8938731832859649,12.369897225687879,14.11583066662505,0.6138249445261145,MODERATE
638.1593332302444,44.40334981587096,45.41292162087854,0.6598455895991945,15.605770361222396,15.068676287506209,0.7759016144782259,HIGH
278.57073136026844,11.154403878915208,152.63160656663052,0.4575007908713272,21.241500204805376,14.82091938496594,0.6883681353272924,HIGH
813.6603465314616,3.7223508054885732,89.72683455627731,0.3035580990101162,17.03459027440518,8.573970490669327,0.550908874008362,MODERATE
50.1521236812579,18.714513514058964,179.0437242210537,0.3110241424487178,21.544746450636964,12.140650429732995,0.49818018804834474,MODERATE
842.9279507898617,21.604048279111414,143.0110510220751,0.30339812447639936,18.567212248878743,11.959772822946563,0.6606371965408359,HIGH
755.3534119711214,2.122829336396717,156.58880475272966,0.13102585274515222,16.859993824847656,14.406257076339825,0.6024271313457608,MODERATE
114.57890020481534,18.071152528638276,139.42647253478324,0.463809538029077,3.367468533891324,9.980017308170659,0.3775482433799841,LOW
63.24366021239628,59.32719601923958,19.96055691216127,0.45348635413406857,12.070690321873457,10.145874211112634,0.32989880544849176,LOW
752.8898212509729,68.5792614813233,12.640191117007051,0.4119366592900674,10.827317316679352,13.688169301652561,0.5825403469306502,MODERATE
148.62432716737564,71.96063055180771,164.79910029798896,0.7030942374846186,13.51738370754672,3.4030181631584,0.5853723733901247,MODERATE
486.0593561485247,31.80320857883993,25.73729665912457,0.4198148626784175,9.778571504123565,13.04959661813491,0.46827900756372637,LOW
825.0129235120514,26.233684346381054,71.02948097069259,0.08900371683362063,15.510931212014043,2.9646193383398534,0.5064195281852182,MODERATE
515.0288210588978,79.98900700842312,110.17407106851162,0.852059622313688,9.81139686090592,14.496700322603731,0.8305765576587077,HIGH
363.53763831081346,61.77789562280551,38.92980463245722,0.42510086514726597,13.940447149896299,7.77826230070813,0.6110971335215047,MODERATE
406.06428882005304,43.450814391696795,41.32602282369205,0.6552856542859299,9.871882747071256,16.79165428553509,0.5705105793302779,MODERATE
66.1742819264452,21.126943182462334,84.45720027015639,0.9298963546902862,22.544183833074392,1.7682375328715882,0.5433742345317006,MODERATE
872.189566011823,26.38313077792327,65.60022137132697,0.7674151028658048,9.335392017495414,9.210469169885924,0.6423091742265007,HIGH
286.48222472216366,41.71378355752159,122.10704439654498,0.5387988711782038,18.27331269331828,3.344348843475007,0.5152154340186113,MODERATE
178.5335075888399,43.8245506634693,14.438638998192323,0.5450222571757909,15.343379235976453,17.37726389647746,0.4410429293754971,LOW
264.58209863795184,2.080612897620548,88.48780183652971,0.8495310370914068,9.63808819854585,2.504960211091065,0.4332952915582692,LOW
868.2921434534162,76.79260673644649,32.192525271077535,0.8236322930908063,20.19077671118831,9.703905598194245,0.8351387224895745,HIGH
93.91458760432623,46.47289354077352,109.60377661113391,0.17865273212742383,23.189179235216788,2.105024574719905,0.34183112066778654,LOW
781.8997060460514,47.54350130832153,21.80217922510142,0.6265010815184369,19.012108298647107,15.954249077873389,0.7053264733587573,HIGH
639.9810660172885,17.706219566551717,36.37610410876505,0.8657156584351113,23.714701147110983,5.6407915155012684,0.5919787579883758,MODERATE
748.717069451535,61.433987125298586,144.89612792895312,0.8033074270090629,10.90766729661816,11.881183934221976,0.8159680937336214,HIGH
878.5488109274278,59.243897087255576,43.09489121680447,0.12471601631229279,22.84350141619471,3.4028739529890717,0.595361356986912,MODERATE
759.5176434100159,8.517479898976362,132.9346956440948,0.43569282233667683,21.905574273866367,7.032117608334687,0.6846154237032951,HIGH
849.610292637289,48.0045554085337,49.87822324418618,0.5182331046094028,19.05968288325597,2.2739434567695693,0.7342911072421112,HIGH
122.9723785439186,52.997305881060505,43.06992343685577,0.2578095545528367,20.88001737884574,11.01662105892945,0.4229211966732894,LOW
718.2518229986033,67.00988579133632,54.54870613574686,0.6794993855504149,18.253340990257012,0.06906214151056522,0.5595568595857641,MODERATE
495.65136773213254,17.281203134499144,158.686825211672,0.4762264925613292,12.807711557206252,19.86142982649088,0.6640229502553907,HIGH
493.711079621076,70.33314894770606,72.09265302127432,0.29750870865296564,13.810478778548504,8.325577254482754,0.6341627641572558,HIGH
810.0402029252571,37.457004664900055,44.63313484923129,0.33686452563411295,10.442169441601262,12.588943941483851,0.5018453822901447,MODERATE
874.905398595573,8.625365925145939,97.05846579174745,0.8566683550066461,16.607317212226675,5.735620090489755,0.7124011158720737,HIGH
637.3061075084311,9.344076499359199,70.02981270953929,0.8661998054842552,8.11974694459019,5.064963237064024,0.5242757859909748,MODERATE
439.8151666298877,16.626551840180397,142.44535603912772,0.8123756574128377,18.49148693652489,16.922698702629216,0.7871100491159767,HIGH
416.19943353264233,23.337305772839372,178.28976567803196,0.9138688211829366,12.627884014137333,15.163657756105843,0.7624550798055657,HIGH
353.8438969286318,40.21605855232417,95.25682523718422,0.9523065086814588,8.829697882646274,12.865840555144544,0.6426838877660542,HIGH
331.82313631966974,60.15134462182023,81.86305267986003,0.49182791077990895,3.6806979551318926,15.04609815852084,0.5734975031709306,MODERATE
358.44108909914394,15.75134625953515,62.40333629818553,0.09670362234966712,6.388147724946474,3.5062630595627753,0.24481739346848386,LOW
89.8803793735638,79.41949176546339,175.22763307635466,0.8000710073097888,16.005009073293156,18.68184494371848,0.751471575941727,HIGH
78.91811588179002,13.760232609854695,87.50770640483807,0.6334319284066284,9.24623263887508,9.09490980257232,0.5011666604742693,MODERATE
704.0841610463574,48.35085945004965,32.861437928552846,0.3805171902296016,0.8292281547955249,17.374233356607732,0.5351337337024936,MODERATE
407.0048746990012,74.38629443383586,174.489647063857,0.9755331526238872,8.24345074280054,14.721138425353624,0.7356575854275432,HIGH
838.3091948047122,66.76808640726934,172.9979005538849,0.33868520270363645,9.158942474486523,5.718425095440958,0.653213921744378,HIGH
554.8766976486177,52.18324693138963,78.9947843679787,0.907633978666102,5.857522019255046,11.386337982943406,0.6971699914592183,HIGH
41.30662414413358,57.52394674648098,63.32529633289933,0.5925844480586421,7.157875718440337,19.332915965448482,0.4896444740059553,LOW
150.19577377255672,11.602244509723779,122.79830295726573,0.036641984075884704,17.62318570572131,0.7417627627492007,0.2561901679050162,LOW
193.17961578157673,1.7633812470596102,149.37741941062416,0.860335108080148,18.656661347008722,8.529634599578335,0.6570381944540296,HIGH
878.4050617067979,35.29775396446944,90.2372516787514,0.7622119752553009,23.972474149798227,12.410791938298944,0.745398338693259,HIGH
204.64676127495503,8.071995180725942,60.21552539849298,0.6424875463293921,2.95220663675996,6.79792120880399,0.37105019146048634,LOW
469.02255189636566,29.262452391113122,54.94952794447941,0.6145871400769716,7.793125109219471,6.358321952875967,0.3588289442753572,LOW
843.1974691597745,18.67568069200927,59.46117217138084,0.21883549265590296,1.9261131495208832,14.973832615488627,0.5246103015037438,MODERATE
879.701529623778,73.39139106807868,22.1278962819114,0.21448612919934473,15.33259334754295,18.326537890325252,0.6550107490819371,HIGH
220.36078749135467,70.52442392163654,140.37305810758235,0.029172428396792793,0.4097073325951439,10.752566641963746,0.2961675875869222,LOW
53.71470293753571,65.69648503394967,19.787815569925424,0.15413746305369103,5.133908533585788,18.96419473364961,0.3730766964880138,LOW
146.70563095860507,57.40159957470502,72.29829459315964,0.3364812642965028,14.674501117773794,2.0255739501116365,0.3377013479584054,LOW
66.3623460452767,13.171682399218133,150.45485734821483,0.54072489634183,8.968466183879805,4.549407425480196,0.41522233059338454,LOW
183.6605745721794,4.821026669732975,73.33495532885009,0.13080855749772202,13.60940647726831,1.7542388928093722,0.250268865382929,LOW
516.0270460863245,52.657140770520705,53.762361828745476,0.557572180273368,16.005937711605892,8.710685700493991,0.5057387465943338,MODERATE
822.0794287031212,51.738392836832844,170.73741656078482,0.26332012121179527,20.973501696458598,12.534294386328458,0.7155772446886262,HIGH
488.1248064879626,30.184518495603996,23.6513318824089,0.2539611249423619,9.8218805329254,4.009438411078852,0.30768379263341494,LOW
567.1307054621818,38.34224664841217,159.3888485984209,0.9479442074063794,6.9724228659655,8.970773638227069,0.7521285510668666,HIGH
189.6618539324916,39.64280167080116,12.111746973888025,0.9923445438384673,13.47012833779494,13.687891900339142,0.6140969138679087,MODERATE
722.5194223997266,19.954322486974004,75.02176490061002,0.8114385966009274,1.7420326918607232,12.789745504934281,0.7313555737684463,HIGH
559.8321285699691,25.819162340699286,114.0780689341182,0.05439198073340168,1.0478555690425828,12.585638965269386,0.41678074509080365,LOW
779.0817779815251,34.05277481841662,67.23687076136088,0.7286317105437284,11.305930875247464,12.120645311386706,0.6459606956239967,HIGH
854.4703652351478,48.65114336301559,96.69454935210105,0.17842573179831767,5.451968750830679,19.732206423678736,0.6349654003109778,HIGH
319.63169042336716,76.509717275374,37.516298319105616,0.5692213137208905,0.1804143803342012,14.278430056361394,0.4574193910129263,LOW
90.61536209654102,43.54028415200416,102.85717862656378,0.8937136292090883,16.984261512659586,18.15346000870236,0.6201929742130788,HIGH
211.0767725459364,58.76194885391292,25.086010324963627,0.3801956317441467,20.40388841863573,19.034604262281064,0.5572951185536892,MODERATE
399.6789934514951,64.75308708924871,143.50124058003416,0.9288416850672329,3.6969642613986804,17.19357647648171,0.7532963978355333,HIGH
851.6673501237813,9.967141583375733,105.49839450614124,0.7083722173393127,14.097556855034945,1.9033618256082518,0.48360994654545786,LOW
346.6957419123396,52.59684873676134,87.26584855257461,0.30101181335766736,24.599623820531967,10.584890390360899,0.5469318301166668,MODERATE
695.9881601621793,39.086746900099534,10.785356454121555,0.09491719887943995,6.718892084968509,7.630249627551855,0.3186868995944637,LOW
491.02425603197196,46.22204443758348,90.45960612909329,0.8153512847683572,18.270368303001007,1.9413691519435172,0.6056490919266387,MODERATE
172.6998056835691,4.034937925754523,101.87892803466201,0.4580594084929953,4.052564440336329,11.284179246912116,0.41438343993663646,LOW
295.45336586857195,72.59104318724343,48.55448489988245,0.07269348815996746,23.302324539580738,4.2564905583672985,0.49961557844732946,MODERATE
591.3407776703086,76.26994781646056,122.28867102257172,0.10312235713505202,0.010839629643125126,11.63474432013854,0.48731214058516115,LOW
608.8395212695552,1.2750719710843286,14.740961619720185,0.96696138189548,7.3682545057352415,16.34777778209135,0.5804485790189264,MODERATE
396.9361746600511,17.81053577127936,38.35534557928074,0.24300195449556616,24.410812960583442,7.876761327581699,0.34784888708220973,LOW
213.49458636928205,15.235339723007048,133.0211846010381,0.9665911778573795,16.767255950040713,18.996571446056226,0.631455670396539,HIGH
652.4970337662819,62.72305686510826,27.352777187758324,0.681159579697904,5.296139984958509,15.329370508411886,0.6356553637245342,HIGH
160.29700703531614,48.2483246698338,44.95323871244828,0.3004911018286692,19.784139545411023,16.085641711169476,0.4440495263001105,LOW
843.6360257599626,15.009359400441806,117.50310727488478,0.38372787424347876,22.452139489008317,2.2458277710070207,0.685640164519565,HIGH
177.23418534246426,65.30370547018997,131.46266498218912,0.7770384441080013,12.18177926843264,18.837461668086227,0.7057994185536332,HIGH
105.50800292094318,28.924514872654125,10.21657657759433,0.4354149789253958,3.900591330191139,0.6905832969012393,0.15486851309055816,LOW
452.90645510518715,37.407693227155086,23.659504972146497,0.07475077766428628,6.46482555582025,16.877904077750003,0.32845656515753796,LOW
472.3991423176277,31.59722182033099,80.85512304594401,0.22981412956968694,23.577852932393508,0.5930132583960712,0.41527289092775654,LOW
462.2916941526379,42.18903630885713,107.11029512496314,0.8603449729972243,4.02756992614168,3.2491486958921723,0.4786218717782905,LOW
398.63406551156714,38.931255037469306,82.22684094786433,0.6961741369781531,7.797670923798291,6.3069018878302625,0.43868973661017535,LOW
895.3852546183514,22.69213621033297,116.82552871330466,0.5010161111747662,3.6384418655282387,14.755211350102408,0.5784540304151295,MODERATE
442.7897452768179,34.53992696201338,136.32273026743064,0.24549566861561667,2.6401477792633243,17.988408320456312,0.5142753406382942,MODERATE
435.3724568584496,72.75863483848971,170.96834870391453,0.4745906150899969,13.050626464751467,13.329975268199743,0.7334114655609195,HIGH
385.37179581595956,40.72863678186036,63.62864765017104,0.7888490577775146,9.917732282361369,14.555371020809618,0.56690852736573,MODERATE
69.47492168430199,73.39452642336767,30.19575356229943,0.08154319714217184,1.1542109206074513,5.795456514641799,0.25790097923277716,LOW
537.7314017231583,44.4600367776192,48.2710367675885,0.9947678187352218,3.6298719176613954,19.507530176484632,0.6189183603511561,HIGH
212.89131727863236,61.736566167868546,27.521435664270598,0.8597625438589355,0.941459489686508,8.15468435992642,0.4802611829108092,LOW
577.4719924038544,24.19371346311732,71.56996991315198,0.3179657828482293,0.6147487409506547,18.25827607248046,0.43329127378501153,LOW
55.24178113414467,63.44266571350822,157.18954059638023,0.8705767138822167,4.461752345178194,15.585085496564924,0.6388238539184089,HIGH
883.4345201151715,21.881407425813862,63.12372155303983,0.6817145299032963,18.5912323087677,7.345331105822561,0.6860921447314815,HIGH
427.41452032127825,2.544447759794868,27.639263697844818,0.666354427099329,0.3692492052277063,6.862705174532204,0.42959234717400907,LOW
808.1122807157216,13.69758651103775,94.5512858821115,0.13970976894422993,7.611935621503968,13.589620098326895,0.5822787664396334,MODERATE
433.24944417731194,2.71057712753091,178.55794318216508,0.9058946407051388,14.119701775945803,18.80942600074131,0.719780124359766,HIGH
63.69442853105734,75.81794870942286,34.68443814170794,0.4503417969213752,18.5925892108986,13.44688925280477,0.4270599030192389,LOW
741.7700560234881,79.99818461299785,140.2396163644532,0.8032277583398165,16.94729747397636,17.148540555266877,0.839644284450866,HIGH
586.8835194037496,61.21619082594213,148.38125089980016,0.29952379035940946,24.710611045015476,19.325656327570353,0.7130963735408496,HIGH
705.7637723408112,9.542124936375423,72.83956348667932,0.3080036656024979,6.890681560539452,6.600052578755693,0.4024848144671959,LOW
391.07117852289724,72.01669136627932,111.89970752094996,0.9646891799819122,0.0034682000648655897,10.769830500872835,0.6153337149520036,MODERATE
577.763702379514,59.75831847802225,78.39484768446276,0.496659924663433,0.9554818969684686,12.182162753302773,0.5712203340486436,MODERATE
772.0438133789806,27.247316716764942,47.95652164065496,0.059890713383002225,2.4379677605006256,4.343533113500673,0.38491649243437037,LOW
571.6482441559799,40.67995503290564,77.27526521295249,0.8357066470320501,24.380942214600097,15.950975343108668,0.836769883087585,HIGH
319.42953500395396,53.27898795969554,18.056934456782813,0.22723002234973866,14.251207357543697,5.235162088912883,0.4237346588421114,LOW
599.6513389859178,2.8999875781884272,127.5451443452998,0.8787537528090251,19.9842133480732,14.137492859183583,0.6818738869128267,HIGH
607.9502278665199,40.62173205589172,149.42555266164544,0.9164398779738245,24.62697540002051,10.47648413294699,0.8256540812100438,HIGH
864.9223966308963,58.859239227143824,56.024588073316416,0.07276601323800314,21.106697122226937,16.733421013346398,0.7289793762875353,HIGH
340.1119661720856,15.869804379810292,102.39935156401687,0.5824292275743849,10.190396909135382,10.231101231794572,0.5883760260514207,MODERATE
388.32277308757676,36.05945530486731,42.55458723505912,0.9815241055768463,21.897035888030516,11.733346048797848,0.6581661865501048,HIGH
732.7894354564827,43.06988020560973,23.815420580933296,0.9309196146458651,10.843772912660397,3.621446678574034,0.5814877717967992,MODERATE
460.1284601210397,59.10966438477934,119.7877231550766,0.5252432860575666,2.8492011118348675,16.163735214997022,0.6792804094297619,HIGH
665.5500528730024,77.1918431526555,25.005259774916315,0.6804931952692356,13.703283774391812,8.042487330052916,0.6283387280701689,HIGH
419.14142336369696,68.01376829233902,140.97425338790396,0.6042620351590746,22.89368351969671,11.59488957291864,0.6410224691964603,HIGH
201.7906762133034,50.099955198166064,49.64406422641541,0.20325334623970293,19.613457490735172,16.92117532261034,0.41467294425825263,LOW
673.2314200750997,47.10761331194993,147.51389734747627,0.6529975745215713,10.048179208693545,9.587783022101883,0.8136325738702936,HIGH
126.72810057439183,48.651748752740986,66.96231881588642,0.33314118350081323,21.371657104266255,5.489292885708261,0.3497481804628261,LOW
186.73946054286418,44.06911277012213,67.02282408309428,0.33797192919582497,11.604562369849633,5.3081484995479356,0.3867787883816944,LOW
567.8742346779457,5.689667540454961,135.35252416037468,0.4199881609405217,17.11436817294922,11.326520139703838,0.6713268320227931,HIGH
675.0701221709421,56.165415172468194,92.33757365974934,0.8521768833377191,8.328379219044379,5.824081112450433,0.5470087151629942,MODERATE
806.2722193123553,57.59060721023864,36.974959327367436,0.23834582576190755,4.86785016903114,6.770998488635134,0.4299204177364991,LOW
252.6019827001436,41.48594861909517,153.22313010156486,0.2507916667454335,7.83676009466692,4.696103245049448,0.36601564872625714,LOW
108.54459015449336,69.7606208268009,61.88742445320096,0.007339913606552173,21.879090786732945,8.92573670805353,0.5389471727449499,MODERATE
860.8815269751399,54.1225074177776,19.397040190073866,0.15500686891893622,24.744274619657535,9.321643827780164,0.7290961736636075,HIGH
147.43654833970677,29.65050797070434,75.46418704119509,0.9786792874049365,6.597920761159795,10.518410234337864,0.4696306966822012,LOW
185.92361420662917,2.555853934292106,103.73915560737254,0.43386994550647584,4.134085321572975,11.857092002021009,0.42753696448396555,LOW
269.2832136670345,5.673770073316726,110.16947477509845,0.19516469231417843,1.7770682256151278,11.75809993415726,0.3781772900031199,LOW
481.1583050833958,28.792062669701117,150.5738043093838,0.9656818107569426,18.845488905971504,7.345037814348658,0.7143687219738108,HIGH
795.7147537703295,37.506320690695944,97.91182145903196,0.027117868036942494,13.200006386549498,18.0135811708628,0.5244567716871171,MODERATE
686.8859602295815,14.182818441165578,41.044176469055664,0.4841663866400632,13.902505023432191,10.233130520100445,0.6854399705232637,HIGH
640.2602229199452,15.956936207387935,47.838273201727546,0.8046021356275161,1.1301596610743425,16.642322597155403,0.4516033979790301,LOW
165.91070539184327,19.186697343567566,19.05046530469808,0.7728252046136382,2.026424787287859,11.14757381545289,0.3881994763236734,LOW
328.3375420581171,62.66055382652554,132.73044777329085,0.1892172654958194,22.86557474108907,7.412263938217258,0.5413452460842587,MODERATE
435.78038421714336,61.93173943518994,19.963536823456675,0.7077896733777648,14.418270611596798,14.772960708847698,0.6913562624747757,HIGH
141.2090986021714,31.252179847688524,109.4404611771884,0.62228860864585,5.480167030847616,3.5392016493704803,0.4500084218755356,LOW
253.35243489273853,14.61678614516727,107.85358353434377,0.6752762161492667,5.186532413202649,19.39360640272144,0.4634175216100312,LOW
284.4165515180314,9.761762420014069,141.60513669858904,0.2661048156277367,6.022579653657035,11.446051215829895,0.3973847618612232,LOW
123.27581651284493,7.883215651726685,14.358716243690377,0.8107343880317858,1.5939472738096732,2.083313384874297,0.1615260184911745,LOW
499.7133257983493,31.911060821050395,37.32113048849967,0.5592375093087347,1.2440812906642618,8.42716529810878,0.43777774823268245,LOW
637.4750949065317,4.5978522323684325,163.8116654871418,0.7250780475053348,17.999633740653127,14.250764993956107,0.7888453756932337,HIGH
72.23915201440647,27.357167932980467,103.43039247370018,0.9395735098863645,6.593920361205089,1.3621943497301658,0.39232915362661797,LOW
438.1995605692033,76.96112616074986,82.92654814670405,0.8554972728905285,9.611624881716374,5.22760924099178,0.5778154976650728,MODERATE
706.1679637883376,41.09286463319305,134.83405151774843,0.7823374705269401,13.434073129674983,18.487483320239658,0.9089139118945874,HIGH
675.7112147676777,65.98892788997993,162.55295074495933,0.28964874943126273,8.001602360747004,7.124059622583411,0.6713230844063504,HIGH
735.4150556346912,11.212009725736527,48.07872501396926,0.054083112658117494,11.969660331204304,3.183252567450887,0.4715672294995697,LOW
408.9341635218403,22.17822381036668,162.36413755723046,0.5746444629894164,21.62526635487991,1.9676539170696339,0.44353972998278,LOW
740.2958035494761,75.7771691189767,20.4563380612949,0.03451305321939124,6.102487036371404,12.381253081496562,0.522557020238097,MODERATE
224.27023338069984,31.300599857787862,176.00526554364816,0.7141897742187122,19.78149182805946,11.162662620230403,0.6784794890337498,HIGH
331.12139966158867,52.224084147417464,30.508476692830218,0.7368216712962707,6.598716368316573,12.954832595601145,0.4550620615489474,LOW
166.95646301184317,78.11401555384457,48.656309979810615,0.5629112612386605,4.67369019594035,19.16073516734278,0.42713561297084823,LOW
426.06124009142894,44.512232750128106,18.29031527640378,0.16815191254134287,1.8164687350191888,1.2023652728973433,0.2496022202845957,LOW
358.93341994974446,25.12232998907014,144.8580947327015,0.8757214345683765,17.105038031026673,3.9534203636233656,0.542647433340552,MODERATE
224.42513360873784,43.02392802021292,177.1775391054605,0.595921232004772,10.290845195103888,4.6764864827267765,0.4753590279199654,LOW
679.0848312153955,5.316338747137886,54.15879503398849,0.5148919500741098,19.26067284798496,8.541777388564988,0.5450199948977039,MODERATE
289.3236271793655,9.877220053322603,59.2845409119211,0.5675917595420547,3.316778275826632,2.4205267982285217,0.3481018806338261,LOW
252.7958538297938,1.5665172991293237,50.93740270502046,0.08288708681363088,15.083763831503703,8.1973984461833,0.2886517898982739,LOW
126.4923944569406,70.85259328363534,28.714229938471593,0.7404370547389264,0.32467611812632136,16.323892574449026,0.43534319569921887,LOW
400.55131460373434,54.03115388306805,141.95251479622598,0.06077558388904403,5.845749616977219,3.2731565483456238,0.4865045985567716,LOW
279.63851966519877,24.5680514454871,11.868851361632919,0.5783881585159083,15.241180074911101,18.331609327535034,0.39976908121990073,LOW
338.65282879346205,18.47175211737706,174.2315693548966,0.1692570870704544,1.4009669205130082,18.22506830128735,0.47697294771180165,LOW
220.03756373229186,54.96305149146461,166.98947888711965,0.20770193896633393,9.43071871155515,10.259744611918338,0.5371389817528055,MODERATE
689.2083859397114,73.64303311803732,22.200596265880105,0.23325425070783934,14.041570500666761,17.203151161391503,0.628654298620515,HIGH
837.7029791456985,24.631988193116744,95.78476936667634,0.014305638488458672,18.18966409906522,14.230016297812337,0.60649238599063,MODERATE
453.15934898211,26.40316964155576,178.7203931973363,0.8918388311136772,17.641401374210275,7.134769098878948,0.6301497213457299,HIGH
582.268596773341,68.48501729030806,153.61884557966832,0.8042352714898573,3.704514997763056,11.235029967799125,0.7937845505081382,HIGH
781.7833261799684,71.57668945481643,129.00893694658214,0.03128644766643218,1.879258830003752,2.3323311104789046,0.4248836609418728,LOW
898.9583772269561,73.20888877955251,5.020509233921446,0.056986087999466806,9.408959994995014,9.915247453976296,0.45321936875618585,LOW
556.0296714095506,24.159182432528887,13.239562720915213,0.7828768474766945,6.02015101275456,16.599581064399366,0.5512428363902198,MODERATE
801.9037252204831,10.504692840111563,143.12906062124193,0.006803287569701055,7.6422848704221416,11.704799953850431,0.5008444271891384,MODERATE
818.6613394345213,35.75980818788482,68.38362890018341,0.46899891370814817,8.562116221588353,7.640612273337595,0.6386463782004834,HIGH
714.3918241487838,24.365424346153304,120.64930606516953,0.10729725429430803,9.929445182519036,13.271192818730892,0.560029611803116,MODERATE
420.2289380550681,70.82546667813503,133.3135112407253,0.5916322270185582,12.965010409960135,19.53710887442824,0.7791405664142699,HIGH
82.22706037727039,3.894160402480045,76.57096777699094,0.9983404178844073,0.232593343189344,1.3496305857625113,0.34630985174561507,LOW
24.066944341719122,51.076557101265514,26.665333375439534,0.1720215155414816,7.4500591112246,6.607286448294256,0.2511203417143315,LOW
434.7085636218029,72.588327894101,70.21831605117892,0.9566838473593954,6.609178496739338,3.118785228854708,0.6223581359654929,HIGH
449.9399348458098,78.15695897767921,156.91767117503022,0.865478543935945,5.905575813954486,19.1389503494541,0.6955091633525156,HIGH
372.5525251980453,52.36031734454541,60.2643544467242,0.9858549681437812,19.715479946983248,10.918037352796883,0.6795593153662218,HIGH
515.6689426493144,76.04391360476802,12.214250224428577,0.7661886336025185,6.2824499163077006,2.5933826816139183,0.5045425121165465,MODERATE
501.4248059409401,6.977097547380316,172.6845236760759,0.856994251453125,3.774116026391497,12.243401169694605,0.62794409443314,HIGH
754.5856065190967,29.38298933370294,122.84116670632245,0.5945976395753259,21.295650153425257,10.008403799447887,0.6969018560601227,HIGH
106.70482190341355,1.6884610888119616,97.81335859682429,0.8672840811745124,9.573537410812142,1.1864093857824876,0.2933566034009706,LOW
210.40812283393547,78.51351800307465,149.4102150559416,0.1115122558794126,4.600849929212145,17.290293277707857,0.5098942124807452,MODERATE
715.774431274071,72.31539182256924,74.59776137938016,0.7416543043684255,18.78019639148395,14.183925247578117,0.7483918456669898,HIGH
764.5748118290526,3.216151943607907,177.33572712789658,0.6287235870011575,16.429358211799645,0.10477590656524871,0.6062596856247011,MODERATE
895.3935501225724,2.432479386321512,154.50557942221045,0.05984648273786475,23.63249417546611,19.193445038738158,0.6739404072203623,HIGH
786.8916945845049,29.990590034402924,51.21750875642235,0.2915903713486512,21.944889489227116,3.1853627258368444,0.5032391692350223,MODERATE
802.0101162943746,21.424499376481243,67.41758970479754,0.21610680037251984,17.357884048644916,0.005240141621207783,0.46935041117917503,LOW
289.7696689406153,67.90764990215767,50.35799059152178,0.4051754507988504,4.024778138094401,8.545431091962175,0.41808861254798735,LOW
367.478854268345,13.678267858477122,119.02201086983473,0.1983533415237314,12.079530960952829,2.815649307787451,0.4376409613696431,LOW
248.59574329029041,63.46130755336773,115.44041566106543,0.2748296441519851,2.9697172552578395,11.402958579712415,0.49683862067288914,MODERATE
549.6064643915169,44.802316299262394,94.52855135877635,0.29603013524284605,13.73495701555831,6.228592303862726,0.6624952772981689,HIGH
845.5367652442642,30.813949940994036,173.88542704853674,0.5998108951245305,22.919588923660577,3.7035617310852187,0.737032403049225,HIGH
316.73038899533975,12.511861176936922,85.53727658380646,0.13487376007013663,0.09557367642791526,19.706899469237456,0.3261879447156343,LOW
505.7315858744907,79.81761317081401,141.2863085611852,0.24110123472210798,21.900369906616383,6.654580323397738,0.6277755842115522,HIGH
273.7066711036017,49.8209035528014,118.79902597462389,0.31714806098009884,13.48295185647171,8.29466529449271,0.5547094441486228,MODERATE
161.12197665770967,35.71119637287155,93.75510428589563,0.4490679382760727,3.7812379972878314,5.884802775460933,0.4324590525141536,LOW
183.71512153860354,30.3190769676658,8.535024190840296,0.03808863282998309,21.39664354196338,16.739739622493012,0.49501522889435845,MODERATE
61.57135663893565,72.55253021983756,118.69160926380356,0.9992114520727612,13.422408690627776,3.935681554704058,0.5135727302212836,MODERATE
854.8712354782391,65.87415284707012,116.02452008544434,0.30039200255202547,11.204142552900029,2.553150559021118,0.6851286509534231,HIGH
368.56285157179036,65.08367728108968,23.35244503206611,0.2873448607356126,12.492954229768458,17.62915518580112,0.5177372421095016,MODERATE
752.3675938818762,49.679679364029035,143.46878058955917,0.5548705865911876,3.684289392466636,3.667195329502173,0.5418584934045033,MODERATE
616.3832306938251,71.14857003296834,84.59194093666254,0.8540321793221162,2.818454376469176,17.158760168310856,0.6748265744386184,HIGH
180.80983365586602,24.642991397643563,59.02213657846076,0.4568093680607973,16.538911567844625,11.563555223126706,0.5508642561288304,MODERATE
166.16139945538816,56.59278467789985,148.48873006642788,0.24883920083974587,22.010296726130967,16.467434145156673,0.6632856091161319,HIGH
732.6694993443849,32.95137164895951,62.46340175011044,0.5658755031953543,17.36146777775559,1.4031614014771132,0.4928768174062932,MODERATE
245.59342245138825,48.399905876215676,112.31129163980492,0.4829425500257297,21.019629748505057,19.272418190148237,0.5812503273549853,MODERATE
822.8238134947584,79.85408704840273,111.60674946071211,0.4230748270222958,21.11929100491189,5.995254162963737,0.6465135696549762,HIGH
134.64931017364665,78.77745767335016,10.452270880614787,0.9838829507842233,0.8010143448425266,1.1725389399232267,0.3161344929995633,LOW
613.1606668644779,41.49690230092841,76.68721987287415,0.9959502644685649,19.273872475130634,15.297715867928714,0.80391705618416,HIGH
734.8817496675312,46.33521272102114,40.87739623782021,0.5619438284575938,19.302314263137458,3.5690747961915803,0.5347542075654774,MODERATE
219.37818568992404,71.88841976184678,36.723148480289005,0.06800392707181091,8.749424150129276,7.022237494815018,0.3175971490808807,LOW
255.8245534763438,78.86522128859454,118.23817806427056,0.5669175804828931,10.246225250165885,11.893125221955799,0.6781427694445453,HIGH
868.4218086638895,62.5100164074603,3.042389156149913,0.9524721483828853,18.637250003141673,1.372327853199613,0.7702594766856113,HIGH
245.49186875808087,6.149572178731826,174.46513710039486,0.9256925306946854,24.6638685217614,4.038671097324864,0.692733075847815,HIGH
392.66177441104253,26.48853901316525,71.77499007486298,0.21550084943132264,24.695629035999247,9.781444660444599,0.40139861587932757,LOW
394.93887798570586,71.82842485370432,54.48583159163801,0.1901194820302844,11.84607153531329,8.438059407578836,0.5690078567360404,MODERATE
235.20092743741836,61.69984796218796,165.67541758880486,0.1522558550115699,19.738768511349782,11.15146778211449,0.606758693620376,MODERATE
700.4540669290105,59.636412610929746,88.11431343712525,0.8197843494123475,11.651537315766806,14.572657104935459,0.7716664000511171,HIGH
696.9459154739482,53.765935206983144,110.96422001586471,0.4900550569894735,21.648978710134244,7.059845449661486,0.7624141009656782,HIGH
346.7030326591692,33.8058441209583,125.5572840060161,0.3380465706592457,16.243191525464905,8.088113888878908,0.5847095430651307,MODERATE
753.261954061853,32.856064307231435,156.98261795371897,0.3248071688397004,23.416009773111917,5.4476272349606525,0.5582390980805766,MODERATE
199.6366916151121,64.90566651967328,24.223816177253042,0.27541324295438785,24.931004033754377,6.79394010851224,0.41248661565241296,LOW
13.832140344233995,24.208643049440603,15.61591905747223,0.8826197741144082,8.254691508571893,1.0205834602346786,0.2862416417635424,LOW
518.3389522296095,55.101717943376904,178.87423039591832,0.40967989274710515,24.48309533280308,11.602482652787796,0.644965116374297,HIGH
894.7292174826168,58.37047335049257,2.590200491066619,0.2440177356418809,17.31282417076766,3.4555745081206624,0.6059116088663091,MODERATE
44.3934357459273,67.71992315956078,127.76686089708964,0.7104048060652784,5.952155005725815,14.325734755708678,0.6556428992414628,HIGH
195.1182856005299,26.27096166585424,110.38069979059317,0.6354545568917983,0.07779874799568598,0.8438693247593698,0.34045706273954923,LOW
471.8340318135049,59.60925208021796,99.90663288594088,0.7153655545940952,17.09596230884175,1.197518780997815,0.6233124163239598,HIGH
730.8472554359348,9.412701908716263,141.6632046932367,0.821956114529865,5.559492014008294,5.693788651054177,0.6100241977155997,MODERATE
89.24738451679737,11.906876587200472,178.6526576267471,0.10123371456891939,5.784465526164897,8.768084901929647,0.35034658679905684,LOW
361.75884184541593,33.96954717369872,9.392562047413003,0.0019887414501447154,13.80420162130015,13.872167042416294,0.46992835488260354,LOW
674.8974625605988,5.362836332064536,111.00095818312927,0.05056624115615416,0.7731480423383924,13.843668107853144,0.34411219274286586,LOW
340.6734554816618,75.86816739576173,129.30320266849006,0.7067932591488119,10.409231379755116,19.46758169208563,0.7166143325623595,HIGH
178.0644142233187,72.24976903023948,55.763135804970325,0.9344965402497134,19.9843368037684,7.032889732377803,0.609956030173287,MODERATE
183.99128638296273,4.865761946541609,160.82218790084667,0.33110538201636686,0.681505970219709,1.1870193343768531,0.24641826205289444,LOW
374.9434203543449,67.22662602949002,82.80171861949842,0.7811941663944435,15.598539476162701,17.225287821472925,0.6734699609878017,HIGH
436.6811965772431,41.201059753112,30.441644689398462,0.7291845108686693,3.9594914570444004,14.612753360110569,0.6444319900071959,HIGH
777.0148318562524,56.45506818151044,153.93899906763372,0.9780615792859199,21.57098435960133,1.3624385299830877,0.7260260462481509,HIGH
581.6046525255142,71.0675623745568,169.78368605601125,0.4707930814897019,9.767173222526788,1.6667687783678176,0.5754262137408381,MODERATE
624.4577395187963,46.58098447913819,18.813170388005105,0.1660729672868939,20.303058225437496,9.532719492589905,0.6353783427475965,HIGH
884.8585826669572,10.189840922485727,135.550875220665,0.7652314005877423,18.095506600471463,6.832899009204059,0.6638496511681888,HIGH
376.5406618678666,1.2037102284403138,39.48754523057432,0.8188188640214393,21.94587814894983,11.927440938320736,0.5452194565403993,MODERATE
368.9854188917242,40.25680104786428,2.2032769627548845,0.7073000757049153,12.921497372094414,4.383218288679734,0.45012988959698425,LOW
831.7788012759729,75.98933843782444,47.6498742964845,0.8631816732797791,12.15282512945425,19.18678249229518,0.802801077630245,HIGH
228.82927243450217,46.237127857442474,154.0288605045137,0.3711825833199045,0.9357633091407191,10.242700995500758,0.46551584725226,LOW
659.5355692095513,30.46219190897011,26.27191394428809,0.6903150032235489,13.345352192746265,15.01437669820377,0.5832276180141044,MODERATE
681.5700930141398,3.442839349392155,24.389730056724442,0.263848639163062,13.049409186934954,2.5156895255525202,0.4102613495729603,LOW
97.03131772644434,73.28337396497783,133.28953940982797,0.4464401459398376,15.159869563817002,12.33850083265115,0.5788940035581988,MODERATE
426.72595106728977,26.845376207785332,73.73837530307021,0.24249216915561822,3.275540968283422,17.30359580899082,0.4903375732563921,LOW
188.50059947618308,56.677414703892595,27.57900698369376,0.1545336726481451,13.499197742373529,0.45981264688135903,0.36330055100135733,LOW
174.98399279421224,55.84473896680573,42.170067390308745,0.035953248001988736,11.350807618501593,10.799723907223528,0.29195795351372844,LOW
422.80701831195984,21.05676974813108,143.2337445724232,0.671424258192334,14.899399781164243,4.935232477391471,0.6458048180290343,HIGH
267.5924396821778,6.038423010397301,112.56511342038552,0.8752730882774165,16.51375207682389,9.567775952896664,0.5716224493634413,MODERATE
718.4937983870251,31.415029915075642,137.20625028940324,0.3144194343112684,9.035585220791573,16.319902591033543,0.706835817731329,HIGH
817.7683533375293,26.05335009313879,18.501409778858747,0.42923538344772716,12.60132661041832,13.801413985477238,0.6228876826376888,HIGH
724.4213387066454,56.32025551091374,83.00066663009854,0.003546948302573516,9.877445482514194,15.08998259599798,0.7015543158063406,HIGH
246.76747663328206,65.76281715712729,143.68201888985845,0.41285477253144887,19.137248336333446,4.233657039152929,0.5767565144930806,MODERATE
253.97961038286144,18.5731879739423,48.576902405449154,0.2813221150820844,19.910592461109825,16.65039858349689,0.4770676728386535,LOW
236.708231604546,42.730254512338945,31.28482533930912,0.5742000301246013,7.323534927249805,12.279842322326292,0.4259316566602874,LOW
130.1839054900501,4.208059443664771,69.3393169932774,0.9085171828510621,6.488648456028693,1.386042347213352,0.29225788937898955,LOW
849.980547612303,17.92621001174349,60.67501531714175,0.5061525691215125,16.958077653511467,17.25418697768835,0.7388033471401336,HIGH
367.82254035979173,61.17916682044456,34.19962741991444,0.6755326599028617,19.350405132932995,1.1151048088883009,0.4552871979012994,LOW
209.9736323458276,63.67846731863672,171.7561416387703,0.70548283980562,0.2716372894545932,0.5754123760357022,0.5015282972196035,MODERATE
763.5372349523368,62.33595261269246,87.47461441542379,0.1524319121747465,10.685899536805652,16.67494355090347,0.6335332248809535,HIGH
365.2838193654335,12.24864607407334,109.8456677436765,0.34657060781182614,7.693271960335737,0.26047413118788443,0.24921095817852396,LOW
41.25396188760325,44.53174347000497,22.678136666177515,0.11314555126499592,19.163011348140035,1.768681886122705,0.38097573558511094,LOW
154.12799752217177,34.39396474102725,110.1962807755408,0.4407466037885903,3.5885181155208667,0.3390600339119998,0.12356170108707906,LOW
578.9328029169914,79.32741744681215,100.402762084315,0.8872856816097436,19.45616257501984,17.605574850416442,0.8196393411031659,HIGH
706.7856940128344,52.67151965560855,167.81534967137284,0.48093435073741364,16.53516542378644,0.8939097694266729,0.6650218712527464,HIGH
197.7316057549545,74.8809652202626,74.80470739189583,0.4561529832189264,21.073239343122303,7.453596289682114,0.40370099214393007,LOW
826.4820744468666,12.482674095666571,140.98911598524285,0.2093235457952516,24.75608368517377,4.339847398737755,0.6387616880752286,HIGH
767.3874368464263,36.6189885749181,55.44839514471984,0.31021728008705585,11.913878001255584,6.833220256759063,0.4958629890885048,MODERATE
765.058871114362,61.95700040836362,104.63032378269062,0.9365995725349083,17.48528736813226,5.8118522893194875,0.7655313735619749,HIGH
212.61842065130057,30.060760514401807,166.92770110671142,0.3029953242620417,17.749023461514835,17.757434515815437,0.6797680256065098,HIGH
54.97702989855136,50.96817119613809,112.88776462584244,0.7313865855500161,21.114331233869734,15.374111113067448,0.6669921758876939,HIGH
782.0069501394995,41.424471617519195,128.297404394205,0.042141664914475796,12.953129546518843,17.70033751791147,0.63552884138716,HIGH
282.162203577325,79.3624233282214,157.80123001126367,0.12831396009449791,2.691193514200976,14.400852310196717,0.5031074315475973,MODERATE
560.835579244438,14.735930665173825,166.65096103227512,0.3114779163048982,24.48407387723722,6.606961804215452,0.705542225488467,HIGH
686.3705264936498,74.89254693108009,38.281202661349006,0.9014208613602253,1.4209336143467977,3.7169023911260557,0.5694105188329313,MODERATE
124.18100007489694,32.72410535046045,36.05500766162415,0.21929165487905233,24.059362671767598,10.595589607879717,0.36972244738621435,LOW
704.9461355219527,37.97144434380626,99.53522671667265,0.7267446100850079,6.383955642132352,7.133367083341988,0.5816639170982448,MODERATE
845.2751984753486,42.75954881150834,179.19743135883866,0.16752446689969003,12.312098025320232,12.868259957581088,0.6245136033951836,HIGH
658.2537195143041,21.963957405252806,88.7372658726296,0.6128420461181416,23.76653759359466,0.7786518422137667,0.5500164203343867,MODERATE
402.6882461476967,77.12893796625265,60.23198839551347,0.5868282307512812,16.916513503286495,14.259640576845985,0.7484082353323014,HIGH
790.2435434890156,73.00748921354837,97.16976821302285,0.6219479011396724,14.639033630129248,5.9911835399559425,0.6870765033722521,HIGH
479.4372907645775,77.85950291669765,12.526843566710632,0.2862765216625305,8.147321472086796,9.244810094040227,0.3679678489266994,LOW
672.8461257569112,79.75664620455231,32.72001188547462,0.1621029969525829,7.310151115609556,19.57227911534583,0.5710427358797716,MODERATE
740.2502900341576,53.914207519296795,27.656754705025282,0.8864857491370483,0.8194416023146661,4.311508892210256,0.5132906487614619,MODERATE
676.9240469121153,36.68315416865383,5.996882567718285,0.5694439375014824,14.658305673783007,2.3531116545979103,0.5244595764487563,MODERATE
266.190839682857,68.20797821820808,130.27600224510581,0.21204316972093806,10.752531639532378,4.196277216714648,0.45006800075706876,LOW
114.88107180618967,2.880585349070746,59.259943709266416,0.41332905319543534,5.60752992376517,7.03007051306578,0.37571707482121264,LOW
222.12129113223352,66.91791953236677,31.167999712334073,0.06709149292520689,9.605353109679388,10.724705789426439,0.32707883066284527,LOW
457.5586939125144,40.28559591266953,92.69163492408659,0.4753761166023742,23.52355520302639,19.6045247142031,0.604155694208522,MODERATE
459.6964608408553,54.18438213959001,58.8965486689996,0.4238907761829688,21.21000296108421,17.397667658102122,0.709950650961497,HIGH
528.5534708899385,30.5496388460581,71.35018097285615,0.13272623737339362,10.760182476303996,14.29912890853126,0.38993493748991587,LOW
361.6406354176229,30.121229155478453,57.480195254064185,0.44437233518254327,24.498825664221823,14.410590897377816,0.5745238950513132,MODERATE
710.3333294905246,3.5056550720601294,1.713049070230955,0.6395323395927058,11.552944324146386,5.6756679285212375,0.5118855274831345,MODERATE
822.7068378090149,34.47936500389205,124.21086673098759,0.9284904447334246,8.728546955377459,18.55938281148563,0.6654214593063809,HIGH
229.58529759672942,33.25998143812707,20.81359569339668,0.7031851939595246,9.69801523871869,10.791043216354312,0.4611959058390093,LOW
665.5056637546803,18.75849704757763,40.226489074271534,0.5024352863697594,21.865417162767965,3.2504123742871704,0.4380336849968104,LOW
613.3949487650898,20.53853860964163,35.06675079792584,0.7700511178611423,6.693868764774535,19.006050320722906,0.47255949629986016,LOW
475.5505443585903,47.147026854958426,60.31474589426864,0.27993528135084556,5.552569073934424,10.130518309610785,0.39771445135767325,LOW
177.79190814800262,26.103943960620743,29.67538462984774,0.6687815984448893,24.013683103825876,3.1102429262071274,0.42333713411987295,LOW
717.7567101386114,66.58990081236588,63.10443022964378,0.005062166798474488,18.356722699993178,14.70464332588596,0.5934019945994249,MODERATE
864.9573942096611,9.799423441708253,44.544317899584414,0.07255113044952544,19.094520369153365,4.675802130186472,0.5570271667748896,MODERATE
652.4343356879159,46.633950779428446,11.957505257861571,0.6242656364617828,18.507259971360252,3.7533387822074205,0.5657196767976685,MODERATE
826.8953969969033,13.643533443989085,156.83077291339944,0.19254957438795972,17.072684071966524,5.351829517190727,0.578812539824828,MODERATE
885.9248858037198,42.731009526732045,55.69901817066935,0.6887295862647144,2.281199189359823,11.565528962439679,0.549542940915741,MODERATE
323.325100072922,44.65112506907518,18.05550420137212,0.6367532645038205,18.841971180565505,5.851789192051924,0.5173031648197518,MODERATE
578.0189621044399,51.741517235532605,94.35322183243001,0.06366674940792472,6.223047503398005,0.8162694752015853,0.5222176921884085,MODERATE
431.8001364978894,34.7665708345586,23.06631778801578,0.39249666659466986,3.310131605215205,7.749941091761947,0.3321082961570035,LOW
888.0995847082747,41.2485001252111,139.38368306077558,0.6130021983069558,24.575074795395235,4.687752047934117,0.7237519692625566,HIGH
93.48896336687517,15.295256670422171,12.022451839931282,0.7134816315833584,0.6965945852233785,10.228946839093968,0.24842800826797132,LOW
377.0136737245299,37.57821262917004,84.1698350400174,0.8160841605267474,0.7909023393379622,9.191232073497668,0.5770925155885719,MODERATE
789.2297496292402,30.469400738448954,169.94491309072433,0.3304429016650259,7.747813311052084,1.5616614982599808,0.6017450443473766,MODERATE
262.80566636859874,53.624357267698365,29.455460604856018,0.8367160422547844,21.105051580661257,4.906280948132046,0.5268981203971221,MODERATE
711.1356370685967,35.3509161562224,37.04499316608414,0.3542544260056443,24.448603033291853,5.629685568167499,0.5223598487608754,MODERATE
350.6770148744276,62.5679904274374,108.48321913974361,0.0069868412000030355,2.9631930720617206,9.694732643754694,0.363742813807272,LOW
882.1809005022409,34.65337578732168,176.39387881556576,0.6100058998370137,9.885995846173726,16.444376654763907,0.7662776858645697,HIGH
796.3415544170997,19.625922664942735,70.06459894312128,0.24166859715793232,18.357545712994245,4.372053971942167,0.6010836768660204,MODERATE
278.17511831972763,22.621408797728183,117.10747160711999,0.1243813019935277,16.138206194967996,3.163733436371108,0.407292900647413,LOW
695.471871048691,4.577532782239289,28.264754237912474,0.25835781000481406,5.834416972896622,0.020431550352275618,0.3898992849509469,LOW
309.80232401160913,43.6535860374719,115.8100868543101,0.8279139980794052,8.230148501922901,12.1300637834626,0.574643637180593,MODERATE
549.6629277918263,66.63958982812542,46.22650962692588,0.9140013082601819,14.859366296497653,6.512797120116676,0.5099783526615375,MODERATE
596.0478838700299,61.75982483858804,110.77848174094818,0.961696623870241,0.8851639278585871,13.403107050289691,0.8553285355729513,HIGH
748.3399140862774,35.58536784073924,16.87035624696609,0.302830363000251,18.955724433871204,13.80284788849172,0.6246969641818061,HIGH
31.76124838499324,16.493508056416466,94.96945488525391,0.4559287081890496,6.885122981872824,0.8940704873298055,0.3292062296355013,LOW
205.9405231255467,69.21527102049878,43.49549404651003,0.8025261028081837,20.708654608067604,8.368233943101668,0.5440624798889322,MODERATE
643.6068514238351,5.485701689560404,123.02585789596499,0.3179026885070444,17.091721045519677,19.359653947214966,0.5597905021343537,MODERATE
511.5356809028882,32.53859529099702,134.83289188522846,0.38514318631294653,16.1353630216653,5.5028759416151996,0.5846338237030874,MODERATE
451.08851959901733,68.67259624833214,152.81751297013213,0.23727448922964212,19.184028023603332,10.591008694609068,0.5452147435360252,MODERATE
59.13686147010261,32.06095830493152,178.63877103651566,0.5723673193517258,1.8783630404193064,10.756271412742251,0.4389353799787608,LOW
319.965536280696,10.312162189799833,83.22450555792852,0.6592666988253103,6.499268297022271,5.211025147788404,0.4777825918487199,LOW
779.939206400477,22.010010527317892,121.03640068011104,0.31843945508659643,13.043436691018181,15.585127378213677,0.699250828661989,HIGH
37.49462496206864,48.40232589769292,4.2978452091297825,0.02423051651156427,19.428908341322114,0.07365726897723635,0.26132622265017674,LOW
362.82824947468276,13.010836707871098,163.01057896181177,0.73590781336997,21.226393816455335,4.535810136716938,0.7133352779448774,HIGH
851.1819760269876,52.73989082054611,111.21802304961564,0.6165972893465903,9.552591368385595,11.850545471935803,0.7567696752943525,HIGH
55.28385374506302,35.61479256474041,76.42075128990945,0.21899878560136077,19.84119127771092,18.34587333408456,0.37851870640189744,LOW
677.2381184297267,27.416770564821228,78.74198095415647,0.31464767516577075,5.506852753420388,0.19062306247880523,0.3979936494519704,LOW
239.27522840201246,20.033112961329945,136.68122069851083,0.9571135892696773,2.0608810793519226,12.017357233872257,0.6749529752241619,HIGH
781.2818606167685,66.04306888268005,150.19113063292502,0.630203545009286,6.16458562668018,0.06733426049390534,0.6078410533474334,MODERATE
674.0005012738349,32.33724184960872,145.61475806035847,0.5954777563913846,22.578704060596642,12.456349173851722,0.8805359296352059,HIGH
798.2776020639429,59.33986198289199,92.39465289541725,0.6396907374635434,13.60091051471382,8.231908217956757,0.7728619190307158,HIGH
202.17306348382675,35.78806021835337,67.43524812467767,0.954444534793757,12.033727752375196,8.68908597058341,0.5232554259120045,MODERATE
482.8505517885584,8.257507764055575,170.25154569338085,0.3398590734929948,18.583367248606486,19.350192480122022,0.5820221335852453,MODERATE
703.5502497815727,35.799972038213575,114.52171493386757,0.2809159761051555,0.2523232873764103,13.644926873093805,0.5723230587007583,MODERATE
228.67277126553307,41.10733459912535,98.31396020996387,0.3767424802692244,2.9575779674292644,3.9282926536513196,0.43941964401817357,LOW
215.3642116878231,37.16953328597677,108.09908883306439,0.8009490940772275,2.4900681440342938,19.946744296681214,0.46027976281933386,LOW
34.19209881285067,65.48309522811353,113.7461049653446,0.12095887438997588,3.041677776872562,5.133554637307096,0.3282134511496387,LOW
863.0786116381526,72.95725657439932,128.64004625513581,0.20682469795268443,11.336259117470313,13.718136453197658,0.5944850591328505,MODERATE
641.9150232486148,63.15551534167168,100.0200604123687,0.2282455124781988,7.017072864118854,13.605899908922831,0.5811461194857487,MODERATE
575.6487150690646,47.03977027466582,157.68860844788867,0.6363773911870138,19.64312519482326,16.994500347764976,0.7036230851477132,HIGH
672.1553031985419,43.774546883836365,154.8888443549952,0.6415830246292383,20.975977943934897,7.97733750480141,0.7898221501636842,HIGH
483.13549763894105,51.92466637976906,80.16413629285789,0.3718863833906445,23.12348368033336,13.919290262507417,0.6147520834870455,MODERATE
433.75910077046524,23.738593418710586,31.16796407047104,0.27619227255126044,4.901559980014983,12.5188214775933,0.4703609310697691,LOW
410.08369459993355,65.13590084574612,104.22137276502704,0.7546519313195151,12.571292109780268,8.728399020702597,0.6110835654425609,MODERATE
579.9908987722407,68.69100603068921,112.1123744614816,0.03172656694982934,1.2174454785627231,18.319148448091667,0.490733490950931,LOW
189.36612809922104,22.110155891364613,94.68494373771861,0.7387377107480936,5.997703128355167,5.0385918670848895,0.32705560256655203,LOW
800.372238563234,72.32263844306613,160.41342857603996,0.2102739943708578,15.376934263144404,4.485471526654871,0.6841297919805399,HIGH
732.459610385146,68.04988519534173,17.650626007361495,0.9027770569478313,10.559807882946327,12.607765104101283,0.7237529948485953,HIGH
321.1116141923101,34.53445463111831,52.44791236550088,0.41369324572253197,17.267481178494727,3.8053327655674107,0.5003109001494551,MODERATE
524.9622741631467,72.8110159653269,155.97638249174872,0.6422969033424438,20.980684513851834,16.599896136131136,0.85448038597482,HIGH
135.514296955513,10.514680511109143,169.1549830309748,0.12096930976784204,1.488377722107087,6.793505122367797,0.33018257908826604,LOW
875.3881606609023,3.2109381775031287,77.24058837175977,0.253884408450452,23.465324208551475,8.421989503633755,0.6313056651542974,HIGH
813.5744919909523,28.481479221930293,35.483272749527885,0.7006085943555602,1.0600832166574203,13.646317151835445,0.6211661485859314,HIGH
830.4887807842883,45.669420207360254,76.23897987527833,0.5503554503322068,24.541718063887064,17.702033860013458,0.8331582996970613,HIGH
305.6251124560719,28.763966548096427,82.65379373092034,0.7704773809645575,15.940793127302989,13.79934961647393,0.5301741996887416,MODERATE
160.5298895707416,75.42335096003741,94.0029186910965,0.5634023397607519,1.0825004821819695,1.8841044994322198,0.34773876020190475,LOW
198.4772254850162,21.12210809535646,50.10920135274825,0.5693311807322428,9.840720454392034,6.761219750250387,0.2948998875179527,LOW
90.10123803012998,23.215858093821637,56.960305873911224,0.8582589817294354,6.4552114304350425,15.001258314670425,0.5091111733261586,MODERATE
116.89846079023206,51.15138139104355,118.35018601095047,0.4246899173058407,19.96430869042889,18.155012847211452,0.7165126644855847,HIGH
73.4610354245124,1.305246704994948,112.30115302839845,0.895044719657504,5.636379232289887,12.67654236054164,0.5354347357665239,MODERATE
890.9425315923374,58.47700713601334,119.51635020564488,0.37221524804499895,20.65531283632732,11.9231005875955,0.7562452164039746,HIGH
75.91133819847549,30.82008916435942,68.53401199236701,0.32859420677004747,7.808535010911139,7.584391156202146,0.37012098111661484,LOW
127.96245204675812,78.24208154382039,61.225774091480694,0.7794212767397787,24.72859178096429,9.561033194301867,0.6169803272683024,HIGH
746.2565900757554,55.621989849350136,63.92542246215607,0.011546399496328519,6.760227677134828,8.644550934739705,0.5044106687382317,MODERATE
526.4137929012194,5.1249814515051035,171.26059090265065,0.1721921198388039,17.124020080630757,1.1035295310591064,0.39133168135098517,LOW
699.2313120667059,8.317596890615917,71.74887346283379,0.07176573978778289,20.004843920121225,0.43705773806678394,0.5153348833837061,MODERATE
571.5116869176629,7.965280447008525,109.49769894448868,0.5121050930091584,5.411485372782962,12.348076684729698,0.4674068416390458,LOW
795.1358125927637,76.25715853146356,94.5889305028104,0.6280710013285961,1.8938936246793632,10.19677567510455,0.621437095681437,HIGH
578.2360997106191,55.04007175618943,157.84370506301408,0.010375945862507119,13.781187039234528,4.897816075372661,0.6042765295583349,MODERATE
474.6913326838043,34.78087457582592,67.07190733952675,0.16146354854033784,16.926976576011256,17.8550192613383,0.5354976266260537,MODERATE
644.3472274475567,16.838132500522452,78.71185553975452,0.30254135859570563,20.43190459798341,4.131898000651639,0.531159512161495,MODERATE
408.1795490949774,70.01753996842845,151.86017769201567,0.29422633522860153,6.819098655367145,14.009976509759,0.6135613942641817,MODERATE
317.99680238521387,16.922918286035895,29.811412911353145,0.09713271689452296,21.80714730894713,15.767258219708872,0.4642092915595602,LOW
426.2106826806891,56.82765810158958,107.3787240696787,0.17284745605053642,22.894166222633544,16.80453950542452,0.6545566603724503,HIGH
161.045553537719,61.302624562082336,72.58356916824091,0.8470517609723712,19.47967444744539,16.790598770794077,0.6928655482255369,HIGH
718.9488395243953,24.277831019577253,177.45668904761575,0.7005811416140039,0.18992124482244965,15.883635109959712,0.6737121069245184,HIGH
242.0263653889907,40.88826423648074,130.12775690731092,0.29609438266334664,2.180409948014433,9.156003463939443,0.37470526970073953,LOW
146.64307623997223,18.616153303153116,2.8895710422969483,0.26340746431608497,24.94343384538798,12.4782311992798,0.30656606713496176,LOW
229.25349518707185,30.93544293898435,151.26582817994924,0.08019920215335186,18.348717357879572,17.154227579067292,0.6248034593893639,HIGH
759.4424350772933,77.2456174641207,126.86915845645478,0.3489059373979838,15.669790922362465,8.405787664023405,0.758629847013125,HIGH
303.8791530819809,55.75790473769999,101.41200388929315,0.3980695146276614,22.53405020275376,13.417099505731434,0.6575103481601436,HIGH
620.5843838602511,67.8825222890507,43.26699718329276,0.9041816563874451,0.9910366310342422,3.190726619127775,0.5448012565345969,MODERATE
772.204571283608,43.707366145872534,27.727680422976558,0.7431157140152099,18.934446560301264,11.293852231092972,0.6503269537509397,HIGH
79.19275356328748,19.884139629957136,113.48352175165682,0.4791537743490074,16.36693924798251,2.8209180654435784,0.26772372634262936,LOW
690.8717206084582,57.31750867670829,79.74930883366375,0.13485726879007998,21.205520786123078,13.2058198615189,0.6493013443610451,HIGH
283.82226507733674,40.544868902454745,155.2300358893722,0.6561616490083292,19.447605840808897,7.536619064786974,0.5301012628182077,MODERATE
202.793904123798,14.971060580457637,47.964869079703156,0.9360123127710482,12.123271392903332,4.556858686833783,0.46048711589253016,LOW
623.1222926831452,33.58196127983861,115.11607657147856,0.07804485200735378,1.7742113223827376,7.2148649503549915,0.5126759979100436,MODERATE
819.7189942325781,51.15237730228817,45.54290356196416,0.8486077678614282,22.735038511824413,14.028342451680025,0.7673020181470639,HIGH
272.5670957540319,59.09121667789682,114.90075715769862,0.18011455521915753,19.08755614770351,18.160668481847893,0.5800249909676986,MODERATE
516.2620867920439,20.214442875337788,9.653690956612685,0.7012809343140619,8.909901618624671,0.22561897391525365,0.32677466244461384,LOW
267.9523613260475,70.20378980859715,71.11562939977483,0.18385603724341693,24.598206180862856,3.3569589376691633,0.46389080942360245,LOW
503.3141712965209,30.98453745889956,31.910725239969494,0.6000135548873039,7.777705505064953,14.114666805382472,0.5321113706768619,MODERATE
563.4572072823631,22.419800713527124,109.46218532400195,0.23762458422922306,9.264015306527648,11.37469723471084,0.463166338148264,LOW
553.19849602326,16.414484380844257,57.694321518813986,0.5416980621532729,24.366892472048708,6.383660949227703,0.6060445978442551,MODERATE
564.9562689820439,64.52953541783492,139.10433856413812,0.6001578691456771,16.702776926488358,13.035265061402555,0.9240256067095968,HIGH
130.22101507359645,28.979001422318934,21.512390516973266,0.6185203251071434,21.979872655904455,17.343751252729017,0.5988180450139794,MODERATE
627.2510179321804,39.188523203146836,100.56213897854438,0.6827988778067459,22.193853668375073,5.159573450624,0.6607422203374089,HIGH
610.5278171783988,18.602766061546177,107.2683374665562,0.06902957538494248,13.411208397996063,9.713443546149847,0.5014364279596264,MODERATE
617.503428773026,55.20119462234559,4.956633849891813,0.7033874038379369,6.674170489468898,0.41534682594128736,0.42184048437869737,LOW
75.92279193744864,62.701639196641366,7.441442242239253,0.15459772423541351,21.18614651513754,18.919919590884064,0.4260821715235048,LOW
407.68656974859584,27.814594667313987,56.17499084671529,0.6770324531369266,12.547189177116866,16.03287465451414,0.6457008341777208,HIGH
374.0412675206995,75.66127144434076,110.02450365473227,0.12403761423740856,14.10877591833042,10.101810736760052,0.5991749503419377,MODERATE
87.17322044244723,3.418238155258651,173.31076913403496,0.47941471055175533,13.53419908457223,19.839959818698986,0.4556160877101061,LOW
207.90745582816152,11.502505158649187,17.25024828797068,0.38676842598180583,0.23970151023537667,4.404372589678762,0.23573775400632963,LOW
402.4567423002527,47.51417549327878,126.86613640473422,0.9673463566432673,1.1467276228470769,14.87941097971886,0.7283942351520989,HIGH
671.1866157736932,56.411142101821994,124.99618585997706,0.6308091657444566,15.409608148106743,15.390131308596866,0.7645259102867578,HIGH
220.98524851635025,20.80395617121566,120.83588958712235,0.08820591325131477,19.860933967355628,16.617116243518964,0.5169635502050769,MODERATE
748.4774200111713,44.77161665441653,93.39037413426412,0.7008864614379614,11.425964603848094,13.701926071669998,0.7675759781515457,HIGH
495.76047430812247,26.152513516382204,174.06184515921572,0.19413839927898324,4.76020744207181,3.811812049825938,0.47880424389272586,LOW
686.7752998143096,44.773050404105625,90.81774978947396,0.2861503627133566,10.16588515502033,1.8266823902209572,0.5217717696726855,MODERATE
430.5748251698028,53.08688654337595,151.0551771766582,0.37844304044464183,19.208088793334845,3.607144157255191,0.6216814458841815,HIGH
454.28286062577877,77.85183623195553,47.991187914564826,0.7762254403083992,2.7155346811171377,17.166370446313536,0.6152208700027632,MODERATE
561.5502565478798,37.00005194167351,145.32922137592706,0.9440809387863902,14.004972164708517,8.039902065544261,0.7108224827850114,HIGH
835.8938412675835,52.20906718143907,179.38168637506905,0.9243351768479837,17.555319910028242,10.92332177799008,0.8133979913566562,HIGH
447.71319745748985,46.66510058567462,163.90539181150305,0.1706836317940128,10.39582354320693,0.5074599013886805,0.36815027958959845,LOW
480.505208916379,26.086836617118266,55.428837656598226,0.060413477394579806,15.031552992552507,9.828570578968021,0.4828771980203751,LOW
545.7772975395013,20.992066404119907,152.4621881768635,0.8285330192795117,22.086923645516514,8.185385366664983,0.7311685645458407,HIGH
666.388472194976,79.04178701783317,18.051025022140845,0.28821826283150687,5.320330792682607,10.691204880248277,0.5233790470116592,MODERATE
73.94679858274854,17.34133657441971,122.30965317073642,0.5828261038229209,3.377078913853071,7.505468702379696,0.33768410174172636,LOW
468.96182028455513,63.43174609886471,62.24417570461689,0.9786274652363107,1.521207529528501,1.5088440259002422,0.5127477961398881,MODERATE
438.61651439337874,12.58040389064012,118.90194603761205,0.18642200537207032,18.155326835483795,0.8792063883460166,0.44105215426671696,LOW
830.2996359714376,64.54375027953881,74.7925723567243,0.374855891856855,22.51327081101366,18.995939424138918,0.8427280533859997,HIGH
449.22085658834357,15.672546996174296,2.6169338187327167,0.867598946146116,17.259840657676843,12.076373135412393,0.6205600649473704,HIGH
426.80527587795456,77.4053748772772,42.398503174583226,0.6499805470780414,24.411321728431663,12.867925438958999,0.6178234457401804,HIGH
866.3579897958848,55.19302486938687,8.587135681638564,0.9375530067528924,17.702768403197584,18.308375983323103,0.8267441112419661,HIGH
411.0130526047846,8.11934125039048,77.48131618117338,0.6317193149588336,7.212369244809036,11.01723009159564,0.4438436460096401,LOW
170.98714298666042,55.760992437261855,151.37276032434477,0.3035699680408174,6.389734471663075,12.31105673956506,0.36243166646286995,LOW
203.0553492971516,48.6860402597426,133.10141985653902,0.8051086055224882,16.666734177972916,10.460771727351316,0.7613108259373149,HIGH
94.71690911990697,27.666153488822722,142.21528133768774,0.7592637549210778,16.895291929346428,3.5194892149933654,0.5042579463012342,MODERATE
10.505635040460561,21.598143822780457,145.48873713604652,0.9336189410788636,13.095308290525987,6.230218150505207,0.5938300549248976,MODERATE
394.4316382904289,57.78210175810402,67.57722205978212,0.47616693221303263,13.172227051024757,17.68679823178555,0.5709418036411024,MODERATE
694.6258973554171,59.5675484630394,91.57860557931834,0.5028392871343097,10.41603581808665,8.877286596229013,0.5907700998552009,MODERATE
662.7851340918539,26.84926206725039,92.01275944528679,0.3238231003616754,8.74802573254017,4.082990705451007,0.4477709730556242,LOW
38.612688144536676,70.22194175632079,21.264324531556955,0.2687583345065333,15.851312792635012,16.5608078964849,0.4691151843863101,LOW
517.2847841986893,22.23735029219081,108.06743986096109,0.9965278191412995,18.68793240104357,1.746097760047114,0.6473340980434654,HIGH
147.31198161799364,6.5192896520100705,129.91218044106006,0.9772555162438943,20.335143340159686,12.79060572084786,0.6823591205839347,HIGH
847.5578934405806,48.38955974137871,110.36323962127966,0.529646463001178,7.695920495982392,14.002489617993646,0.6856221641884056,HIGH
158.95484968331957,9.458575253697674,134.52790231300455,0.9550855823638366,21.443355907125785,6.0753659985368795,0.5958830873083961,MODERATE
567.7089037507586,22.856461077052337,22.281536994349356,0.35615544760644247,7.568555273856004,3.3376958569035775,0.31899844239644215,LOW
300.35214232601055,41.067725050826596,137.29220139381772,0.8499943240746863,7.621955389576415,8.965855327979762,0.6889350706101111,HIGH
580.9895801082735,23.622410166226512,38.257078502957285,0.6348681578453353,20.15005739059208,15.100646095111543,0.5770607250605058,MODERATE
376.9101508530269,17.984711051183506,157.9520012882764,0.7170661141396643,24.23438586405939,17.733831158549613,0.6722231883546869,HIGH
686.0823165526913,56.5516477775467,44.842704910792406,0.7182029324042428,23.305642374081962,16.306737969326495,0.7359978544759329,HIGH
215.3044215417935,44.21294797078135,89.06663668058879,0.6358286500062633,2.7769833167651523,2.1905839609312183,0.5320585991295624,MODERATE
816.1547490936915,67.34113861177217,88.22066710153753,0.8523280113201126,7.211915358933093,4.455531697663615,0.7158811316123246,HIGH
455.18658788888337,46.91792797778273,49.124207350170416,0.3920132506572428,18.997413146528597,12.339714701558325,0.5389245589576079,MODERATE
682.9229014644391,39.19232973012849,65.74601561110741,0.8491889509630896,20.156089896064415,14.198202222602427,0.8200623490559211,HIGH
766.2598703470921,21.639251777252266,34.221818084530966,0.18341516392054857,12.606663226180443,0.17476473844682205,0.43376452819826394,LOW
898.9574637497764,63.57320413221249,103.04802484508035,0.19995942020005686,0.4025694510128519,2.8514745776751105,0.5251021007089419,MODERATE
209.31164237862282,16.552809676585014,164.43201653469293,0.7173432203920032,12.546189332937669,1.8803381594172741,0.5302135461630971,MODERATE
265.3342480714748,20.13604446687966,57.672755452735416,0.7501298903275874,0.7786730767289918,6.822184887951384,0.38790245634971365,LOW
232.88544719138054,67.48549914349253,91.94320714909092,0.9023010748675673,7.0348861198637005,13.616046103833195,0.6322206445671046,HIGH
243.95548562220657,59.55420953260768,155.27662953164827,0.2746829048047279,16.421501259112052,18.863883295292606,0.5477092839102583,MODERATE
528.3758199700459,49.417005629382125,81.99732940323958,0.056069452386442564,3.365059991456093,1.7904661758208573,0.4428993133992045,LOW
894.2350455998003,4.074721932139301,149.7955987939676,0.5074717254068946,17.81223859288539,10.12182687884067,0.6989146099451801,HIGH
891.3474975125514,11.053351844493392,80.90392906540667,0.8753404653767924,15.534655909057825,7.4493319179164,0.6232857122632758,HIGH
478.82817591245384,40.49663935482116,79.80340154124632,0.9714658536468534,10.742355464907616,7.966431152585729,0.5962583687194314,MODERATE
578.7342171355597,59.96077495514839,29.14595323010222,0.8578262952047314,9.303876294433358,1.360926367166666,0.5069029472078239,MODERATE
775.3737838944293,37.66396827115404,23.37120957236391,0.4899564496726052,22.866660004270862,5.766417794437661,0.5456460902423989,MODERATE
840.3107780236196,2.366148928767864,110.45791722871331,0.863382236071031,13.829266547731784,5.049119921134373,0.7067785700846176,HIGH
191.43595832329407,15.557329894678915,149.092700917491,0.21397092386903593,22.22248857689941,14.365972896335105,0.6197801991791029,HIGH
480.40213875878305,47.51256926999723,25.23776114618466,0.9211696512348585,10.311056335326024,12.837166644640963,0.5019166537922884,MODERATE
751.224978648746,55.843147715351314,163.9068163531508,0.5668459610180473,14.866004509194712,12.726208943218937,0.7599431785779811,HIGH
279.84984820478655,3.6408367042404466,65.23948453371622,0.3893635858021022,23.86521754575472,10.385165058800585,0.4493231959313002,LOW
401.4300478076154,4.423208523379526,77.12103996722709,0.5816411821643217,3.102149926445194,6.841703759353126,0.3867148060233349,LOW
887.2027803456871,21.643499121052674,161.1071589612451,0.784008209867195,6.569516642863094,4.875840974608727,0.7743253364260549,HIGH
886.6915600815752,7.596633935538629,161.43706460753174,0.24012151276476634,22.917348578923622,0.2256759807016806,0.5450366602917999,MODERATE
816.4350615810116,43.81375234327581,94.94973896717138,0.10187980276873587,10.550110305283445,2.9585608989431056,0.6034180819800505,MODERATE
720.6190268969713,10.772456574577758,50.540925057148016,0.7331201036621814,6.800884708981409,4.397630814339899,0.4889906120446143,LOW
249.52614564329713,52.209327457212375,31.77716554853348,0.952468966332923,24.933492789256988,19.511270660465915,0.7685709337233401,HIGH
295.55656591979687,62.40080022529937,49.61282849006783,0.6369780919742396,2.5552327024425865,19.40903312725635,0.5044831306428603,MODERATE
497.0817286723385,77.67081643641643,140.73230417489737,0.14258345409022466,15.288575265177991,15.353323217988796,0.637676774240724,HIGH
509.0918633601908,75.92414996937943,59.10175359624327,0.6433853694570567,19.701863402496077,12.206520476089935,0.6888257737780478,HIGH
459.8975092277896,22.595846868586978,125.32650152490855,0.11663209618088344,19.668474949444473,13.37616808596741,0.6648879278613907,HIGH
576.6365491255124,3.323358607230653,35.940947188047886,0.3035247530199119,11.046050481027692,12.010981067724774,0.46480476673734633,LOW
373.40749014336006,27.02356507282967,86.65215025131303,0.03159770119896643,1.0990258551141996,12.93660286155683,0.38541637127040085,LOW
676.7650000108243,56.96992937829961,64.02701267452917,0.4875016240879001,21.025677263493954,4.384738171257149,0.6647673484073093,HIGH
306.85943456573625,5.724295532530604,91.14660587432128,0.3213541855079012,20.068436856388878,19.534038332781872,0.49208584879737877,MODERATE
304.3025272822538,29.417299956042864,103.0202070747116,0.097521889845397,5.934518808777275,15.132770388999075,0.4655090456925982,LOW
123.23110608372691,24.54472925620565,178.3773586695657,0.30902730228265174,8.513185592311338,4.6848745607936255,0.3578135297422066,LOW
177.95386692573814,18.32830522969916,162.0812134468672,0.6475701194161629,12.814808277876963,10.272958792324838,0.643519922743374,HIGH
766.9635822400083,56.78432962369491,125.56009947683015,0.28908155550047077,2.853592691586498,15.784346206281302,0.6742687294933597,HIGH
407.19128133659297,53.06866339692555,28.52008122494495,0.14307211739293002,20.514113177487122,18.223202149776924,0.5931852619623003,MODERATE
212.80233003202207,43.304033428713126,165.5061115847201,0.5447974650257786,23.052499277681072,7.67688999163237,0.49095943909990825,LOW
685.8135790199248,72.9511965348462,160.77290665673195,0.7532272705864831,7.704858284738422,9.674605636159821,0.7761791493457767,HIGH
503.0432019770049,9.147969365691525,159.71991398328873,0.830141356206458,23.10073663339614,6.197653848452065,0.6635998151764313,HIGH
28.828850166731204,12.825448733772335,86.744018719197,0.47209711311314384,20.021737804397088,7.531587077789292,0.3491330877009939,LOW
291.5616970296765,31.292524658333633,31.556501279929172,0.7110724209237201,18.195636100091406,4.554186980966786,0.4895606196168383,LOW
167.53125589799353,52.81468209716915,136.03817547943697,0.8333277484441021,24.228842850164988,0.5982341031484184,0.4992411989610894,MODERATE
593.7268462747281,47.14226408738756,70.54419197928581,0.6728892305717257,8.116254042076854,8.32661594925356,0.6191086240825984,HIGH
254.77762616092505,6.8493723099666255,62.677723854910056,0.5272714050833063,22.891069929599226,9.41157186870744,0.5760499464727152,MODERATE
67.80263349684984,76.71555949597092,70.94998024811065,0.059939367140902866,2.460089940223062,15.59793825103742,0.2616113152073204,LOW
58.89214038592564,25.10012050044993,101.07362978638041,0.2900343745958267,11.95035375788171,10.452431255891938,0.40860359878293157,LOW
527.7372951832563,29.358836488864416,60.69987070320446,0.31981515744572664,13.800281488656122,6.527944486953203,0.469913995760223,LOW
29.333875576639763,50.266754124430456,124.4957893686632,0.3950112509340792,3.0702654266375,9.2648565474136,0.29121629121945203,LOW
765.424980691119,75.66807587931903,116.9425594381156,0.9508927033043129,18.43385015162589,15.922656119587383,0.94969463863299,HIGH
148.3034361389753,53.352370889158486,92.08640787501515,0.20887534235284289,11.879474095801795,9.619019007808898,0.4842316528795172,LOW
549.8440383239325,76.42709303426862,10.661208471703656,0.5415549110072938,11.388510987717487,11.103660217843332,0.6801764838944862,HIGH
405.77234492956364,15.819698386817839,168.64114014443985,0.9912181066942203,14.535991646073517,3.4599788903531703,0.6536694383829162,HIGH
404.13785389639327,49.885984388861864,74.69363467854984,0.6187945607806581,3.367792010561463,0.15270567946293223,0.3608855992658398,LOW
73.89945670044082,66.48143245822651,81.45212177717382,0.20891072367818164,5.000629007548521,18.593532906911026,0.460843790599971,LOW
724.4495026888719,41.21293299213293,82.62981969152665,0.9601909317781077,4.5171106705543025,5.359297465585058,0.6965746829953644,HIGH
804.8167114303948,29.611720390517895,66.34000452468597,0.33629266905381683,23.798314936439354,6.951500199769283,0.5841619014229794,MODERATE
19.804833971963333,78.7959238725183,121.75123600062373,0.047870709598631045,19.329747070394536,2.2969313415475345,0.45557014342305485,LOW
168.95771637043478,12.137999891336179,3.49126755246902,0.43136176745968036,13.229924383238123,10.259959430769197,0.2145225020725302,LOW
814.4747280279762,33.46343267476387,157.3579909466115,0.24065569617504812,16.48637828432239,14.741976929366206,0.8255779477091298,HIGH
499.04931539205177,69.99652645229216,19.33658552325129,0.8188637730953452,16.249452653506474,13.721341702378123,0.720177691035051,HIGH
143.53522464090702,72.13797897396775,179.94874784376233,0.2199558342472554,6.558625252812547,17.112042295867617,0.3778976530341115,LOW
190.48350282215137,78.45018602322216,113.42679062263305,0.8198540222378127,2.1651959228443514,5.731401865165391,0.5235150249707551,MODERATE
597.3877573710316,70.90295978888614,12.858118864738433,0.0361710165348097,13.873469045503157,6.29326560478106,0.32345552357205054,LOW
655.086971799717,5.02560500560559,101.67623363740454,0.9291573179187896,6.576062232840537,19.311470859415568,0.6291346375067778,HIGH
543.4898596361423,74.45155347057157,60.304094851345035,0.042193526785013535,21.83679122030316,9.131995959011228,0.5923286611769517,MODERATE
858.302058122148,34.825208121136036,171.59473693959583,0.9385398439869916,5.901326105170629,16.69027435251383,0.8053645233394106,HIGH
449.7166072589816,52.47791580906998,136.22930985595738,0.07369127583149615,14.321536879882323,12.230040800146437,0.6606531602990783,HIGH
277.24200180684875,32.14779366420241,91.75562568807011,0.872583602558423,10.502322547476215,3.617296013068869,0.5108148964786722,MODERATE
434.73728987845885,65.27977805247035,77.93015451183794,0.831332037649718,18.572570674029347,19.14876295334024,0.7444566970370123,HIGH
330.10300136328374,46.49762282949852,179.26052697632701,0.5944238376074102,23.76865543133327,6.488855811708825,0.7131433739380835,HIGH
209.7301444804708,67.79802676176634,120.46175120797619,0.035986084065680934,10.289276741138668,12.835830395260023,0.4675482762153063,LOW
50.90729191272466,16.30794625014061,92.99342388803213,0.6211428067696148,1.1088631875459942,5.090312965137689,0.31536862841616253,LOW
323.46911927296054,15.61366448563728,72.23199701823286,0.61784642082686,16.535784778389953,11.513362206591243,0.5516129545830288,MODERATE
643.1543194616706,35.78976732519817,59.100331481860565,0.5571974749771695,3.229621832061294,10.82229125441469,0.5260725395030794,MODERATE
26.40964455892249,1.3753720520359622,127.27007686049166,0.6315255714467207,2.6125376056487126,5.2207645060841745,0.4041597436087746,LOW
400.8688767532819,55.73538343680439,106.23150716817888,0.9681074032452934,16.53895340817265,19.77541768723944,0.7311722742334809,HIGH
583.1683672903829,24.38824449683287,152.82508551940393,0.9955072476569667,2.5703083868214796,2.8136703955836118,0.5392109228803251,MODERATE
553.2596571651334,45.02664835094154,100.08736947130402,0.5204958066458399,3.219428293935658,8.860250845248764,0.4723563779463864,LOW
701.2171079409571,6.530281276406903,105.23731883359409,0.09180062428923552,10.977018258011057,0.6275497643118189,0.2771830779617007,LOW
731.3625469372198,14.480904391232823,86.4468125769293,0.13396904364517792,11.308152155849646,13.654451555160847,0.6382146399807671,HIGH
643.4181806182552,50.20587443173269,137.50914938610092,0.7203508793400153,22.84285764833626,9.242071812058583,0.7211861191086303,HIGH
101.48994956882699,25.147347541772405,75.28359952163477,0.9819635872230656,6.903355324883215,11.201851183874307,0.48949619846977654,LOW
432.769975163881,17.963033464265063,153.49718924665478,0.4360552237319477,10.023377693147545,13.970144002774429,0.6882058868080709,HIGH
547.0313021639716,19.078873563813666,59.541012246709194,0.09803874591164885,17.688025658926126,15.280174822143788,0.527549922604275,MODERATE
228.55377454041192,17.97072981331414,124.97988330219282,0.3530445525049485,20.675498405354787,19.31655382416529,0.6159234876590852,MODERATE
47.87111770563109,50.205225005013304,160.84179093883773,0.3850102771205224,8.728009196142603,17.279922303176768,0.45336838117153205,LOW
208.99538557968174,14.247605943087112,138.66422160160568,0.9965953338852648,15.776935500452016,6.476093914757131,0.6831444039405017,HIGH
414.85601754204856,29.653802375211338,62.32685751035528,0.6865833532943872,15.604647183183099,14.545294664440826,0.612293871184718,MODERATE
378.39798395859475,55.343062381882724,127.43468152818835,0.11786608607074645,7.5801905564357535,1.519288463148576,0.35273413050301927,LOW
167.23361338117385,41.5800135304644,38.05028181518528,0.3370767169424158,2.9655298723822803,2.7241371467609965,0.20665747421717182,LOW
743.7298329883087,48.18518879126322,11.411549221873878,0.04855871249892585,17.062927097500705,9.19225234286408,0.6164046125425785,MODERATE
833.8611351756848,20.821651377636133,142.6573313964283,0.6530605081114493,6.701701697266002,9.192490882423773,0.6321405697756721,HIGH
189.20000395691653,74.68447498005125,145.63363162646812,0.6727392688770667,7.957059071290059,10.115013057136451,0.5304847247942626,MODERATE
837.3198948548272,33.696460616990514,5.104638065891952,0.057496745073913336,14.308879343366687,9.503940170946226,0.46718863986079795,LOW
25.896253665910933,23.670150992374428,170.65530748272528,0.3355199412987626,4.020223482038324,12.827573583795651,0.42444781197626774,LOW
833.2166007091814,72.44176854061931,80.81606901602528,0.9028383669370125,6.037457468157906,19.08690894597162,0.7827573296617069,HIGH
857.2166231720081,52.76787960588657,163.04371439093467,0.8268160300748043,11.151970423655182,3.4537826102777736,0.77138222784882,HIGH
20.726158084173427,49.501723187937586,142.08324009043832,0.5742125698112162,21.962081977092407,7.149249218156559,0.5804042175735985,MODERATE
689.0871741313058,71.05203752112727,162.2169814777595,0.48462336047460364,19.306403116547337,1.485309531866621,0.7248538986255653,HIGH
873.4793995871606,5.624682615439369,150.1742383279553,0.9928519120669927,7.939921340759589,3.9996638885151214,0.6685947032362953,HIGH
816.2529747478227,67.17668144859884,175.34517115604154,0.7221955595191272,7.551722168060845,19.746101993920963,0.9379736765848935,HIGH
873.9320434646296,54.55128478010297,113.60907922836584,0.9526352111958123,24.683622802309703,0.7911343239198709,0.75124633345268,HIGH
499.787920070899,29.43943078763022,41.67933362239788,0.07158521435318332,16.334606834633,4.2735564626915306,0.4816039408427048,LOW
79.55896449799556,21.251756059384594,70.73180040120477,0.21215115635855175,17.13835081081517,8.530086374636936,0.34719785785386453,LOW
766.3123860464822,9.279666090643053,135.58638550281552,0.031111035744880056,1.3781081346852242,5.853386945449149,0.3400388627961599,LOW
556.3071476700203,75.34485944948851,29.097500905748017,0.8679176146891754,2.62431334330753,10.90446394620583,0.47625434740477035,LOW
557.1157023275773,12.211056163033359,167.44177817604452,0.6942314411653305,7.361340875092242,19.808931613422267,0.6777273642097866,HIGH
381.3557127742307,21.495644322739857,37.74492553957873,0.17765165284213735,21.050278058567308,14.078665554949117,0.5689169085621455,MODERATE
518.9393591037872,55.59746718598812,157.79947813415026,0.9741906074421273,22.76673324059272,8.117206895591744,0.7347518095418968,HIGH
146.68600338664194,57.10204259299341,87.58658612610722,0.9557972226147039,4.775733648687972,13.658734779005552,0.5318712637882358,MODERATE
668.3953236438738,13.700727663604923,151.47100655847,0.22459780492470693,17.854919180642327,17.445132373177422,0.6988949758001766,HIGH
76.76540354287268,65.31636170048458,172.53492984852244,0.6470097530427105,21.853440778228837,4.580056107571497,0.5950409824900071,MODERATE
659.5048826689749,41.31269426493264,76.56439392155474,0.6681029167355858,21.97252261202252,14.338589107857986,0.7090325847422732,HIGH
765.59079613612,68.0280775710936,125.69221282430475,0.004016755021448937,11.470181624320766,12.27900663731457,0.557928857469472,MODERATE
430.4971230323945,7.895545797956018,41.582451010273964,0.6887797922684995,6.469462218261043,14.676405857546456,0.5184358397029347,MODERATE
463.74902579077394,4.383569928401484,144.34064328545838,0.22134019477205413,23.907098740571627,1.6832030497751505,0.5226905252045763,MODERATE
287.87070290064963,51.32224013805363,147.7666912216762,0.9013187506018392,6.914578461311266,14.658832156746119,0.7164864649498733,HIGH
872.8181395157729,12.85187997167553,53.84898102187049,0.8385071325595158,6.317376527431009,15.76051555543935,0.6692377374614276,HIGH
662.4807823579954,42.470974612930696,5.321196482253485,0.905293584670957,5.142072015092502,13.7446436484432,0.5423555941417986,MODERATE
338.39981243730705,2.114591983476189,78.1857400685886,0.7575539623443468,13.31338651530985,3.9448105389021437,0.4795175851817951,LOW
165.57857374737452,62.61441158330782,31.430095629892946,0.16490543854758422,2.6796087841294365,3.2268884909803353,0.2742862436307183,LOW
205.4258370598613,72.06288344410163,147.52064336812828,0.3605543129885158,14.267191746903944,14.767533115810263,0.5490141779798511,MODERATE
422.8908346379445,67.27173819517876,47.73641276507096,0.7089314735864196,23.59223226618933,12.95416805409532,0.6610517168059363,HIGH
848.8858762797607,76.70987223888305,169.92100986582835,0.32332504325821243,12.624230427156366,19.67270961530553,0.8023965874760066,HIGH
663.3902477272171,72.34456461804439,174.95380403276317,0.7100329336167415,24.13368959153398,9.094906362628306,0.8010191055159476,HIGH
201.56693587944335,36.07742344493885,163.6816304086126,0.33615872497260446,22.642586145210092,4.586329305859738,0.40808340954261724,LOW
775.0094087428192,32.46950846704809,108.3309915094052,0.17772945435120846,19.80754166678908,15.394441521085323,0.6599534302790449,HIGH
346.59846547861616,71.7985097697519,48.86961271347895,0.5181638183895362,15.20143123006116,14.970505812809483,0.564065589647228,MODERATE
768.0327426497416,74.22816483322093,145.4992562551134,0.6862277595035827,22.01694669604234,10.454062324544298,0.870851589471146,HIGH
225.11264220320655,77.85403991712492,126.58557323623457,0.5171956872827587,13.874594804517534,14.920983105392743,0.7978200910377345,HIGH
560.6079446233226,61.69706155257983,175.91313412199696,0.6418672982992898,5.1800328399745545,6.211848402347886,0.6333717544251308,HIGH
834.736734392341,16.957117565369046,68.52810930960668,0.4380510181043308,23.129486871195894,4.314406559888752,0.523045555993873,MODERATE
239.52566814153678,75.65137675274707,11.519471851021903,0.7783313289833448,12.55474700019745,2.5219068032272074,0.43931152271044754,LOW
626.7046656214109,75.82417587848134,179.7111528621714,0.6499664226447076,22.69370186031627,5.809558297285018,0.7519312869544286,HIGH
888.708231761858,53.62437774912475,151.04919145955873,0.5746066340853169,9.828646657309784,13.091330731727744,0.8357536061783145,HIGH
144.03247564627313,68.72514104160929,40.646654205440285,0.43537171547556064,8.393107890619486,5.168603204315079,0.4543911110407505,LOW
88.67803872360022,45.33293727195223,130.88738799603806,0.5357275561379555,19.149783090672553,17.668778346457028,0.7137654772849633,HIGH
610.0337212758864,75.5860286875261,1.1235413365952973,0.051009721691461785,15.861136433833645,4.995262382305641,0.4713333332081972,LOW
312.36499349663706,8.420975330775203,100.84782136116091,0.666719676683535,10.993123374440112,13.6889553107505,0.5488621868913041,MODERATE
73.4075848562661,69.25313202229688,65.9480451392915,0.20441172926542117,21.96472685489948,10.551293717961343,0.5704640070678584,MODERATE
433.0219999164077,5.384786693934008,69.25861438153521,0.8601489603918417,12.91441533743924,4.230942166061633,0.4813466014997951,LOW
680.8559048831206,27.78945712522362,44.769045304801566,0.8123437681899722,0.31977819169291266,11.123940539530254,0.5477663018764551,MODERATE
263.758936369518,11.690725766605691,50.19729359836859,0.5279546662066528,17.330096418256705,19.094662285070093,0.5093294896600108,MODERATE
308.19172097956994,38.851672304570066,82.38569083025105,0.8471310683124159,1.5789167849320247,18.88355065135564,0.43078732750779114,LOW
762.6724665758052,19.347446481405125,45.41796135052182,0.6708032438159407,12.02755727387173,5.831881038372078,0.6352678973003417,HIGH
472.8640019127244,76.21371796738578,84.49275048962939,0.14126004489131327,4.801988197319066,10.72977095158098,0.5197302001291346,MODERATE
760.0314522377602,45.186385358619354,104.34524198211155,0.7407727546291889,6.049587462415945,3.0171182682233066,0.4590778069624252,LOW
407.2866480079014,71.92072816799426,128.2889446905993,0.9958064656720844,24.495379997208058,9.380713060083995,0.8374268446715254,HIGH
858.1478937884921,22.966619055040926,122.20907147222441,0.040977308757758735,2.8369828238838353,6.4298982430644465,0.45952836098436645,LOW
589.2071848487857,3.0522272357783042,44.31607988570968,0.24491943466143384,18.94268012069866,18.589662847716543,0.6032092463153245,MODERATE
113.14999013413198,62.27674529102981,8.014936686632243,0.5977407483835645,15.936128172561181,12.6536326085533,0.5076339217923901,MODERATE
797.7327595218526,56.48783513778578,150.0500540306704,0.4151944533252637,4.876067457048275,3.69854863357004,0.527043826060041,MODERATE
445.44601983941004,44.093840008261296,157.14399889066217,0.6375562065466429,23.383448306643658,19.846780933779293,0.7685837533792088,HIGH
136.05868149588542,65.4120756486078,176.2212240322556,0.5864043331387857,5.035411278940055,13.883509302054001,0.5254063470149122,MODERATE
145.89421911886444,67.36666543920246,172.7883687452776,0.7879894678995094,12.889617538480694,2.693508749938871,0.49582529739799175,MODERATE
621.905202247786,47.44436133343573,114.45271077804414,0.07090292014074595,19.763048504841805,15.991033856601168,0.7199063139499947,HIGH
52.161530989245904,77.30829555646102,161.07463500554252,0.4406160699284484,19.08927878638894,11.151167786659729,0.6298809507659346,HIGH
265.0684507732938,57.85724386176885,81.19350705852858,0.8600537896898004,7.9927001305279415,8.005225259551526,0.6485128773704393,HIGH
134.41095551818262,54.47315471684767,141.93307951078268,0.3627619053469616,20.981809160051952,3.926344373221018,0.5058772493406791,MODERATE
402.558912359383,29.552321612132985,172.0048830639525,0.5037888052702454,24.05241550035928,5.55855397641653,0.5526560164546991,MODERATE
378.7748570749816,1.1784277094006055,143.53386174017186,0.021578626293633274,11.850495611323444,3.3451540031921723,0.4091114409962485,LOW
474.4700268730818,20.034471237640062,75.42200050537227,0.22417389508429852,16.30788249107288,16.067099913320565,0.49949566861311995,MODERATE
258.8763329012519,61.34972003835576,68.61890522495094,0.46365512158234656,9.112851938590852,5.459499772133571,0.43309533723115595,LOW
38.5187945465777,57.079829100536756,53.18615299953072,0.39896812626434364,8.852070775932297,9.399237439148893,0.4300323941516667,LOW
556.8036348163154,27.15074944157744,66.70437085217512,0.714654876910143,11.742896645492214,19.358286174896055,0.6304025286534298,HIGH
342.6090225652927,50.42105498853667,147.88322246080435,0.6118799815915444,4.928327395146129,19.891144209308276,0.6011540068290897,MODERATE
589.6881488786413,16.427710878377837,126.56855749812524,0.8802825221644986,17.235038044252384,15.825362398378255,0.6786722597132786,HIGH
106.71360401579892,21.82658982225448,45.728373137968674,0.8547707016974011,4.139376118788066,15.978212611450584,0.518108969460635,MODERATE
22.261846211704793,75.84523941829723,128.36478801631227,0.24121984076630953,0.12952505272144366,18.896938116110448,0.41127193828105113,LOW
230.98188061791055,33.64126526191197,68.91178842115858,0.01763872903387098,10.986902594747097,15.936458236251688,0.45814718773654933,LOW
416.3271174647065,20.35401994960951,100.84127875955953,0.8544707697037623,1.9105070328258367,9.019026358484577,0.5477559405968367,MODERATE
360.7240570099359,39.481551500280325,67.29609982571296,0.32912086410503294,14.060969083387672,1.206218126454215,0.4758580871592147,LOW
731.169274193385,31.574254503201928,94.37165416656538,0.34710970924060003,13.00922634110226,4.167398065148642,0.5319350960365798,MODERATE
346.2755033316133,58.63279395057935,131.6348972215655,0.15839479819847413,3.43160994603649,8.890985359165509,0.4449948944789503,LOW
482.09264984674024,77.00717241277961,131.8723864610693,0.6930072661472327,6.1499222004447045,5.308203299885442,0.5287291411607233,MODERATE
538.2288772735511,47.74725653215766,135.819681694896,0.28010891836079477,0.6113054601518314,6.583652883840527,0.44944626768623797,LOW
29.42993856477233,47.70062776801629,70.99594439274509,0.17674310106224367,14.84882757413149,1.1786153555377576,0.3371318254000845,LOW
468.4687053931082,29.82187483915516,124.59868428149036,0.5033907410615782,7.321654866194288,11.042575786780652,0.5132919179429538,MODERATE
316.8998208649657,45.60584362604833,43.72938202902779,0.7504159059214425,17.824617230605348,7.031599490191541,0.5752961404708834,MODERATE
384.9393136380966,26.22698044458392,86.45968725515593,0.2695985975249683,15.745646991460225,5.17680614216845,0.5422335891075019,MODERATE
99.25578466077273,1.0862738706750124,105.3761381077865,0.7220390009888508,9.339689764584378,12.207462232760983,0.44285181643582094,LOW
706.7103034272942,69.42159765740033,123.88031152169256,0.46197510967107136,0.5430793632738268,5.5355439318911355,0.48088083897170386,LOW
848.7397832195851,34.92608275621471,164.24728252401084,0.40377272323910185,8.004110958163793,9.525264440877857,0.6404700752452624,HIGH
29.819250360344004,39.87499031926574,55.553585940622575,0.3595208681361691,8.121594383882766,4.9280434265126605,0.2265142996211196,LOW
545.2217589020996,7.596572318648327,152.30617872144776,0.14558096531945985,8.317626853893909,13.61028322707204,0.612300425810872,MODERATE
689.8212198866387,67.13173055902597,56.691241109670194,0.3326337668492275,23.83608594890315,17.08305858977589,0.7079500173036594,HIGH
263.4787538984016,14.45662855982964,99.79178600732352,0.879251530627482,4.1139907538525975,1.6342118622574775,0.37184055714512865,LOW
710.9244705282629,33.43907154396096,149.22987268903907,0.10216692447205866,6.751489688896614,16.397006110998593,0.5775764261874203,MODERATE
572.7959951820081,67.38097821804662,130.44377934327457,0.9583000151018027,20.809973818362696,17.03396328795413,0.800342621680311,HIGH
836.9547427212523,37.16485227686804,155.45367072904202,0.1074965274878179,23.128938104390357,19.298555831246645,0.8120661009267367,HIGH
883.0942821048578,74.56103450185063,146.86373346043086,0.3620316422993538,11.707140079461107,16.556758359823107,0.897277854419056,HIGH
47.68804145884727,17.535829970234484,50.466159886282135,0.6063061738005442,13.501219640754721,11.04781653902055,0.3354642832525712,LOW
405.99460731403553,57.503393566426936,178.73566423641418,0.8378414036081486,1.321459589154847,1.405081661691141,0.6056924532124995,MODERATE
496.8191309446142,78.26188336137646,168.722719365066,0.14358281807400397,20.20096072709895,1.4889749544525155,0.5582352509561311,MODERATE
140.6014775548107,44.41947734040456,78.00125720165387,0.14110222405843187,14.864009240381087,3.934015387042409,0.44373877678213886,LOW
309.29438908035195,55.682527992875436,9.450496148308845,0.6283781246617257,11.975251484297234,8.94199434164764,0.37768038853073455,LOW
889.0062285032509,32.06490610847967,55.325904500854286,0.29274663240477794,7.5643895521072455,19.108792763137266,0.6190853834508315,HIGH
24.445106144799585,60.35564983831204,150.6713029767604,0.6445020970179904,11.094274626677553,3.5070730172471176,0.4790701537076942,LOW
412.7320590567018,72.8010504653746,171.20580509029122,0.8205832029295308,18.382800797010784,10.775946496774637,0.8067747613234304,HIGH
759.9626133291946,56.54138979699181,149.869279812519,0.07687051098754505,2.0193537076515806,19.96141769819665,0.6261996276668658,HIGH
298.2721238201667,74.93836819909735,72.0170393522227,0.8444941230777826,12.670354874118214,0.27555828374253855,0.5177095013910374,MODERATE
437.02066745208646,47.50355950739246,11.120033443853291,0.03758535635444138,0.8659516245328375,0.9396447542876873,0.22114906035520085,LOW
880.4607137513021,46.59385779562607,93.64732907770778,0.898826185288813,19.306323627683575,5.398247965155809,0.8728734792250086,HIGH
432.64038446337645,25.065563660623273,68.37246908650518,0.9756181416000317,5.275447217290563,4.502964733476318,0.49203588217568317,MODERATE
126.51996781038414,57.06057180193908,23.012057304877178,0.6674552024607826,22.584692170088815,9.972028459422608,0.586129238520232,MODERATE
56.03212758308805,70.67424921873628,19.947749003649882,0.9842553049441739,11.902364450183974,8.409040048507265,0.5424594440840255,MODERATE
851.4207494715541,52.05898186418557,28.39360217444115,0.8219918421286039,11.431593160841057,11.672867718262498,0.7570752661835634,HIGH
246.57037781480847,19.41009842728805,37.84243753585051,0.04436550013381291,9.008798811359672,2.9415483600486247,0.1793731854017983,LOW
458.6168768424503,43.98462006301324,135.92776727641947,0.0038109442024668594,12.909022517805994,13.716853580765989,0.6058457232376329,MODERATE
90.72457182007206,60.71905593916179,69.3249212196267,0.020798489422265587,8.450697663614628,4.29387417318744,0.3236419500635193,LOW
387.0530572900385,75.20970187494747,79.21192530493698,0.4519069599193807,8.998115752330882,9.03983766441253,0.45690523704378333,LOW
837.7939121326104,13.371087912123762,108.11025896197812,0.6233826111176644,4.890318367586394,0.6670025688101822,0.5038510964618048,MODERATE
457.14756433153514,11.072270186358287,172.8638924603309,0.481471822700529,8.630361243961653,15.957211475723456,0.7361814768674184,HIGH
874.3102851040718,33.622538888399575,136.40795975316058,0.6771303258145621,20.29287748312352,12.542140218188564,0.8074695756060666,HIGH
240.3637171412857,10.923282387546259,116.58255788473498,0.4496026341128786,6.142270779170183,4.17545416073962,0.353065859882407,LOW
459.0452633365041,78.45388408790436,134.14595191579943,0.042563803110388654,20.53170286994926,12.035030973349594,0.6595946655534554,HIGH
774.9824047102994,34.520045015322175,129.75336128022718,0.22616670485102064,21.53281800727069,8.740148117803324,0.6392876941698196,HIGH
408.94459555283197,43.15523100636449,124.55461771797553,0.9926242366047102,16.658359880196407,16.525355056620526,0.7848657281669584,HIGH
258.74376247746875,18.939934722128932,89.85687439047436,0.3458638376986649,0.7670981200293525,19.674409120569976,0.3867960760262268,LOW
771.3730734419147,36.48096375941741,102.46562734505618,0.3247657377447294,14.025837665100859,2.4904089801367757,0.583339824670213,MODERATE
357.001627296622,78.79082085403637,83.60697249436147,0.15279204901917431,20.828722569700663,9.802132225932779,0.5514426472029645,MODERATE
482.34372904360833,39.60628495799059,71.69757097141265,0.9871437221189596,9.144583573177666,5.160459801817263,0.6980556789841719,HIGH
879.1090891094797,1.6970901385544106,49.46748484436928,0.23045932159259874,7.070557322813683,14.993643391872542,0.5330485227593994,MODERATE
175.97013233271886,20.159674889799813,64.58316302596785,0.6468265672538533,8.034420124059894,0.6892665491562289,0.3271676510383625,LOW
278.24656668096526,78.29793160780183,77.70680149842812,0.04204745815219535,10.576909929997932,10.891501387386757,0.5085843498932785,MODERATE
37.65194406215755,79.13633355944786,104.70891349222298,0.06647233006335518,1.7542293860599552,17.14190475859977,0.3075002255649938,LOW
358.73556181994695,17.628954091964747,90.47764239933949,0.7167516973200185,5.942127482601764,7.785726718060822,0.5805568669211645,MODERATE
188.163253220525,49.60586293966442,20.32286281562939,0.6351681628467243,16.173376288870795,16.757938725061663,0.491025258769512,LOW
615.2310925130233,7.075758109927742,61.85528432684962,0.6801623956206554,11.812106049679485,2.9378083293197177,0.5594128598307802,MODERATE
171.3760983016086,46.6178897531257,68.33863087969178,0.23097040714627204,6.183533562524676,18.36651334734026,0.5206314737964199,MODERATE
610.583349641224,10.947735417428555,127.53974775524354,0.9848889825222408,23.27197893868856,15.829048723951173,0.7702214736663305,HIGH
244.49313108849273,65.67426036776997,60.587683099626354,0.5583751621582456,7.388559631988198,7.821969665192516,0.44378392084303653,LOW
326.1438723678678,75.22642402057731,2.4240909896501788,0.9695481722686885,3.2329468214862738,2.612555412724804,0.4250889999852925,LOW
320.48598032129377,14.665957835909127,16.096255576077457,0.1641705529753802,4.983709155222221,10.408453730483128,0.3355886592040107,LOW
647.9090576456124,37.554261318991095,89.96271681667116,0.40509950984127985,7.414620165316032,13.408525631430413,0.5321107906222494,MODERATE
425.19324419312534,9.0613968794961,34.740695264754336,0.3356855189884618,13.063976794753957,2.5785308149400454,0.34491909865570775,LOW
331.55601997888795,27.792060558765023,89.53741161898265,0.7550749267058624,1.6580169990934008,18.663486653644203,0.5168448527908854,MODERATE
768.8342199451104,6.142722626081592,103.78276160341592,0.7475714361050912,21.373551887592114,15.254034730311858,0.6946734190058809,HIGH
519.0360568206704,21.89917571337674,168.08538455991447,0.4865437933197033,21.936916109105482,19.032626851646857,0.6562727682844214,HIGH
200.30943093741803,79.22766970005482,118.34880645843876,0.01614800421733631,7.958764801497206,5.9848673768219935,0.4009765470568365,LOW
811.0812375478775,4.523658118390746,6.556289351384456,0.1752057091799445,19.382810629586416,8.668605167005058,0.4990445862849014,MODERATE
314.95876346994015,68.85849803987499,69.15076277298716,0.05026566710966385,14.99231830959758,4.802185085035299,0.37585001220875475,LOW
44.69164600821515,7.1187536425742834,143.0287977698954,0.8470145692491788,21.136100194042488,5.475669790260989,0.5454459701023651,MODERATE
450.1941993372631,42.79075755827145,47.64067962219713,0.2897715672977671,6.924157498796454,2.905733915619253,0.3363223498472152,LOW
120.30486845238124,36.71746360176031,166.57017979854314,0.11792263690067317,15.255893514384649,2.504719659926735,0.48400155150275903,LOW
222.23513490701086,74.59281814163094,95.69291683289116,0.35417236528159113,1.81737018704001,13.41568878498318,0.4660093741952875,LOW
674.9286766917959,16.724939120522077,17.548136836174837,0.0772893161663627,0.23630132514466384,3.1388665593494913,0.33565659943526027,LOW
126.36911390492354,15.194879214991175,44.25902669227018,0.978857134898997,21.867447131028097,2.668702417159783,0.3733895229341967,LOW
728.1803596750917,60.14841299685875,163.2275566368706,0.315007901347799,7.363694508908042,10.691714500114353,0.6841426855610939,HIGH
843.8474864365488,58.331838374927955,178.47129546029095,0.9330666988898033,11.135268972408774,14.07996154559674,0.9136638782108976,HIGH
549.8135693630708,56.2353598689311,155.47984476955628,0.6827286908605256,5.794484602805089,15.560769271500112,0.7086375873313002,HIGH
642.219680900318,3.0640421776180773,58.4011265526939,0.5661069874239933,21.92018640620318,11.604780769417573,0.5776905697542543,MODERATE
645.0920828176015,21.536815251267782,138.61860323930765,0.47549699712245674,9.613354924308432,4.031228302192571,0.5407848025341223,MODERATE
893.5990819706959,67.35171905048965,40.77874820372977,0.6873801068033877,4.477968860252268,11.464602177146608,0.7037415625825577,HIGH
313.96905335944433,48.46779159508504,69.82948945321485,0.6862753335461684,15.199822143169603,12.515946740506907,0.5361531203947746,MODERATE
154.9423306060052,48.573398737842346,125.79309501952484,0.010521060760764422,5.136583152080254,5.161948561839065,0.38137578452016724,LOW
472.0588390737461,24.377411826980122,174.43333971403655,0.9077837455283392,6.51724715610717,2.8897060964830157,0.591996115159292,MODERATE
484.5923307502203,21.55367399599888,79.61649154387187,0.3679634204376524,16.81987636452392,18.513014051030808,0.5758294101228713,MODERATE
168.3421145835686,75.77783615344212,89.75471936496724,0.3532731215429955,23.9804861819512,1.9189432842096577,0.46035410951436206,LOW
555.6673829047842,58.49266702940377,40.410166682238746,0.4065905438829942,18.87024670233265,5.543628155285607,0.564595843636015,MODERATE
22.57101279437333,11.022423306345166,73.17687095213635,0.685282805308934,3.103559503353642,4.628965941161942,0.4035655354257641,LOW
835.6248781842572,75.07884842935734,12.280330777520344,0.376017736049687,7.813930289567194,17.83968631675287,0.6345791471941457,HIGH
245.47110726092285,47.00724199362633,154.68687531720414,0.37383106192720283,19.909123770328506,10.039186784374834,0.5601851500786563,MODERATE
45.20858546727071,27.33562698960996,5.176891469341871,0.0634648796284436,6.8786840101470705,19.131589321658325,0.2506745550937911,LOW
106.34200291262277,32.37401626556827,123.35090064220994,0.4166416644269283,18.501738839095584,16.564384661242894,0.5084175087585018,MODERATE
223.82156396888112,58.30695631785684,49.90668456029589,0.14947847704375383,11.794811040065625,15.097422804887659,0.36034129172766627,LOW
253.77649005938025,30.725539483200603,86.22358833393595,0.8555892540597804,22.110213186518827,3.5355898035631195,0.4902659306786792,LOW
39.20089955297851,46.72083913036995,51.398960777856594,0.3345110831972866,8.978727389045869,6.887075286667413,0.34979360028099993,LOW
258.625782852419,57.12946023522398,72.61264957681588,0.9608673980616703,23.3642864169011,16.405407673788524,0.8037898073812905,HIGH
181.71814547919908,16.434624787171195,98.87324166900922,0.6845280025669821,10.18586702759735,19.67061564132651,0.5966327238462821,MODERATE
346.97262541672154,75.59507741316139,115.71992064636285,0.7561515348273237,18.155892774823357,17.558415835553685,0.674161230817355,HIGH
352.7992862468126,29.137648943397377,169.31121961474184,0.9477511814027457,4.879863935502346,18.9682433142827,0.6187277766653285,HIGH
311.7168891365624,34.13060580907623,60.46396141784097,0.23893476581666506,13.26973626321216,12.836995540615458,0.4178834757954014,LOW
301.85225634232654,56.18263506155783,105.68949482230158,0.5672909696922672,7.753375359545473,9.656345286759741,0.3912099736168211,LOW
89.86083718971359,49.09402206163336,162.40826435027572,0.0407258044945622,0.318163736265617,10.294430628234853,0.3586418678383525,LOW
32.43240294228433,35.76946711819516,52.95149362311131,0.1007586879556942,10.931843885857385,9.169836075831768,0.36304743520469757,LOW
189.88172713925528,52.32962118376252,155.84394662146107,0.3665869199687879,4.312410280516901,3.0974073614948283,0.40815551324037114,LOW
683.4179904007876,72.32343629819152,172.402362253783,0.6825018506249403,23.964631170155094,6.115241691806704,0.6995572289459097,HIGH
891.8206913404987,64.22240571498807,152.70137330721755,0.8316936024055345,20.214719206748573,1.8074817876890958,0.7659496151130268,HIGH
836.3882958010229,66.11646178642712,103.00502974014586,0.25640420247347284,18.488128138037013,1.7712032414089185,0.6087375077408027,MODERATE
458.7552264286141,21.414264276817722,130.2586816587998,0.7490772136376072,11.333300792404739,6.23668989416903,0.6288119275718143,HIGH
483.32323164236146,34.132864594513364,87.11079047063683,0.22429115744804995,6.477620604270387,13.322517000634024,0.4855608013495624,LOW
289.9775964418999,44.75171219067068,107.90878899650257,0.006055606116331047,8.109076257472097,12.274201340360317,0.48087573999766725,LOW
698.8061003875141,4.491074713757151,175.43085798911073,0.0544130249557343,5.1091040876103,11.189261251900287,0.49567889769941015,MODERATE
690.6334522600573,61.81358224980864,45.95057955184255,0.5855586228057214,13.797216515979507,14.978645519555807,0.7103876835663447,HIGH
761.4023982483757,26.553610528792024,142.86593493477528,0.49714754609431366,20.281909989215237,8.453831972895145,0.662961507862712,HIGH
806.999073705227,23.325090165240127,91.61573380610979,0.27042522792943224,4.685271925823839,8.842037654846472,0.477141166213811,LOW
396.57083092051323,21.484068739135566,32.660312364305206,0.006547858602826584,0.11368623839332348,10.360368123441495,0.2021580672711837,LOW
692.5192556154059,23.38696196818509,116.19283314609548,0.5680103492534012,3.1401629169292873,1.3318108059924572,0.5220853838327174,MODERATE
727.694868628332,27.703171740468747,142.84441626977872,0.8176066368296516,11.52330373307592,11.633842472370775,0.727333663507268,HIGH
284.52906402299766,48.78114008801658,102.80729165888312,0.06854487792337849,0.4649007898115093,15.004787357716737,0.20954319073456623,LOW
837.0255971654734,47.10166043010499,150.900471377507,0.7364744573938076,10.08169693871549,5.272847581919171,0.750983542694208,HIGH
93.96393734929336,21.201228534548154,66.49048192157073,0.6345426019640678,2.778951853981346,17.09627757122809,0.4824947740155528,LOW
894.8995694553217,17.307517849283393,164.56452551875222,0.47935477220113487,2.694160472363913,5.324327290771733,0.5325104242596229,MODERATE
695.3807391613938,66.28229701563718,117.04929789755258,0.04834135497605219,17.815275421601797,10.264270007272264,0.6728806667267038,HIGH
93.01110573865125,8.325143676432956,144.7655191627498,0.9235714163922957,24.98743023391377,17.489486626361273,0.6549930211507129,HIGH
594.0443868134505,41.51300445487327,49.864337349637125,0.4774409889267427,4.862040467795636,14.762571337766005,0.4262617236833244,LOW
40.41967572615154,42.12430906095281,80.85696783062208,0.39960696088120407,5.739727928661792,11.522548570790622,0.516963000153245,MODERATE
695.4663850053228,46.35680773811811,163.82151670148602,0.8614754020877349,7.410455846582545,12.45462835261138,0.7485689889881237,HIGH
721.3084002765592,70.96635915666373,10.110303539836798,0.8455782289837378,19.627733544960876,2.177730894636236,0.6481369381140843,HIGH
546.1451252513884,50.289201267486646,73.31272672780932,0.7272609530000238,12.64734411266282,13.986426760342159,0.6420494337309303,HIGH
772.6057488057477,77.91706753359384,140.67703979163662,0.8293599829000085,14.266925319608642,12.2385155487889,0.8194037352393264,HIGH
97.11611939122514,69.83689358454947,134.14282954186234,0.12432848098294058,13.66267876040256,1.6906849770299215,0.413375866463363,LOW
255.57221941632378,17.96448049948971,153.44048670771656,0.7609155550803418,23.434283830438492,2.486176873022994,0.5109885669699044,MODERATE
378.61799421747673,20.05348150779879,133.35086990749505,0.32803408298412784,0.8713242433976087,19.420109806666755,0.5891514062856024,MODERATE
47.78757801700747,28.237156737298477,170.52949470125213,0.8674947934682777,3.9478901305900704,3.562229926604199,0.4985258490865269,MODERATE
408.9123179383379,31.929638791330373,90.18846040765821,0.3702314659868592,9.552824552622017,17.915460547931104,0.5765942975623292,MODERATE
246.03997594018372,44.68661450430794,112.74788079673908,0.05430395212007544,12.20077423651998,5.516677631296063,0.40032491613549787,LOW
359.53416077056016,19.368497998810767,152.73933078228055,0.4143802367703656,2.8484227469448733,7.922429173850922,0.41369990428481773,LOW
388.34134247315274,18.56526930798749,126.60268002428614,0.7567770350763613,22.329241483597706,11.109785812641213,0.7329339954097416,HIGH
792.6764428040398,31.129806632078285,19.268152678386784,0.5009320609793974,16.946472776414893,12.517365503741653,0.6666775384645396,HIGH
250.60346376959876,54.089825943807405,66.6923650144677,0.7636339118089683,23.30608394649072,9.95558185175562,0.600420649762165,MODERATE
805.4313845574821,55.36192343459888,99.9137529014051,0.03527374086610702,23.520030998903795,6.9687535000472955,0.563602337959755,MODERATE
389.11415868343585,78.11322246318288,136.09444035122084,0.17716420360102902,12.813326360059781,9.97374767429417,0.4741423574740323,LOW
301.74887141764754,16.99081927982331,98.29859481852462,0.5636079310427939,21.32520596569999,14.013747150897483,0.6097704527726723,MODERATE
457.23572390827997,32.03587299670148,140.18131420769876,0.38531375384763156,18.41886479108715,7.929661541205828,0.5922116425855268,MODERATE
381.7915248629273,77.20952233718577,150.9320962868605,0.6801757436701997,9.012704293970453,10.904918677986595,0.7332419662376741,HIGH
239.06135861908,55.51069067057862,48.457960382837406,0.962554233120422,16.43373199490993,7.583465012916328,0.6543620985655373,HIGH
457.38459906849954,47.79000346093951,111.28157299601831,0.659861960700514,23.818685456327422,6.598535425812912,0.6603335561895187,HIGH
145.10354244015983,43.63203806070641,100.72275756906015,0.4173628948825998,19.100225939618138,5.976372093609705,0.4928510144302288,MODERATE
323.21764929043985,6.965320030764268,41.689788225221335,0.5423640184433407,17.735302966552055,4.479079744506079,0.35462305572920894,LOW
513.5532952429406,71.57653089645692,88.68817797339283,0.9128264816961705,5.546787335511142,15.215401112927276,0.7602508671183057,HIGH
377.9333375069741,50.414912017793505,99.19372293780042,0.6729892466622129,20.778212272536447,19.677929577444967,0.7128327720556997,HIGH
743.2820013352089,46.161725226314694,147.30383766184977,0.8031794977545278,9.741618824039207,0.5798763362063175,0.6936167304868336,HIGH
238.48236776629795,43.620527122425564,83.51709806096817,0.3015184091015335,15.601947946481904,3.9212557932764103,0.5054618565080331,MODERATE
873.096705159599,31.961222378367825,15.48396086319495,0.7443211568382725,16.943177562882124,19.284996115595273,0.6881232066195879,HIGH
708.4025985577027,21.118510617510527,88.22597652356508,0.13943136933986178,12.88103566680357,6.835503999251344,0.451077476909203,LOW
871.1577931377502,60.670436841424255,150.99321904338146,0.7497756164052175,4.139631253827661,7.779490569693817,0.8837836123281615,HIGH
755.9415337989707,41.25583390317131,103.25472596663066,0.8815585928024244,17.436406325995236,13.259355620158786,0.8442206726369649,HIGH
136.47249400796198,3.6812230508484043,58.07687575869701,0.9002324670534217,6.181058100631354,7.053703774158491,0.37997751882850095,LOW
478.54948066516226,32.5284654820009,165.85379968918224,0.11659006105264769,6.6341141119029725,9.854009104579397,0.5748440740382935,MODERATE
161.2808838642493,74.35968741960377,28.861597848065056,0.8298820525737343,3.1697873858918477,18.014390773221542,0.4921162272048894,MODERATE
738.222343838259,30.537670361728168,59.5110997963011,0.10993652276803667,15.498556662622805,11.295676210765924,0.5733649837895284,MODERATE
529.9043127731334,33.645407626120324,79.24710962269482,0.4783969532827629,2.935143533439069,13.337607683561732,0.49029375184129503,LOW
244.46988977764613,50.29292872134781,133.09804193873188,0.6825215296861651,8.630420620114865,4.341675392557578,0.5242146078619577,MODERATE
837.3430850863825,64.3323095014547,150.5986757905112,0.4842491115117492,22.238054955336494,5.2290469772186405,0.7507541792739933,HIGH
112.515587449692,53.80842829867226,11.482325247890701,0.3399096022101472,11.326650741996078,17.83115154124904,0.38828291922953023,LOW
511.8375390894695,68.15432375871278,142.7744118629834,0.6838211574958553,22.362617913676004,18.351647408593657,0.827401418620412,HIGH
651.7260936533856,10.003676376215164,129.9745863298687,0.660878775106894,12.317924147577717,16.139583097375436,0.6526121924215803,HIGH
62.37519822586429,74.04281171217326,161.14276256131512,0.5828926551655671,4.470845208885377,2.4413059534041692,0.47532569331916147,LOW
542.0918695535212,72.40983266049949,162.17929535777205,0.5284286647767319,18.972892419689067,16.370649754752588,0.7708795280804005,HIGH
736.1520817621538,42.012738340261436,140.17707500022027,0.7057398991223381,8.836185965552671,0.3845545374344894,0.509963526283005,MODERATE
70.0993098320675,50.35463678518888,35.04628048319998,0.40303705670115153,24.160265124744793,11.931089082830098,0.5243948913502402,MODERATE
465.8962442848981,17.812230965910736,57.182999691433075,0.06876824774233836,6.55323063617547,13.505246944361835,0.44440839677441424,LOW
240.1158885523786,36.387847600529724,168.60122609388114,0.5374545101912236,20.553685564702352,8.528052636814781,0.7511611407375691,HIGH
600.0027618678595,17.013565512665174,108.07302067384055,0.7234555522438366,12.346508764352896,9.584269228440972,0.6268756110785767,HIGH
115.62285670017197,2.7361576363405415,97.43817145568251,0.2991599076160668,21.05330665090967,14.836986186946339,0.5013096960285645,MODERATE
843.9757732967512,78.49134238203715,164.91198976787572,0.14075113813593232,4.575905770824082,17.897533063664845,0.710970278027607,HIGH
806.3084377261113,21.4725747411062,157.48154476383996,0.9118411941621191,15.841712072222547,3.786755904542072,0.7959945474019691,HIGH
175.51723368938116,47.85555640292899,131.22181144363216,0.8637496647461959,2.82964147589348,2.769693941010014,0.5357898288770384,MODERATE
297.7066370849431,24.71978029949118,158.92316244455827,0.6184342192913191,20.13789615560475,12.599841491258752,0.6875397856498767,HIGH
532.9951274412083,30.279107996624354,21.37646091799163,0.7866071537040762,5.891340637524073,4.615191963881616,0.45632234235411623,LOW
649.0754796044829,32.42316312799971,136.60037002138355,0.9688053147744217,10.689386953636838,3.8844942264340343,0.7230051646775384,HIGH
403.9638534926298,27.46869177465586,173.84959619323936,0.5692589807268408,16.399386409801398,4.069826699947048,0.5740495759417805,MODERATE
149.0992765452678,51.35458098785492,9.766845818371387,0.24418168460033984,11.955365729240533,3.9367714060268244,0.2347049616559298,LOW
102.69482948455571,76.91396536859988,40.92517167052352,0.6388119905326213,19.47242329299766,9.542362306314496,0.44682432143391465,LOW
899.791149853766,34.86213735049241,143.12034160691,0.9145936761004538,17.204262740635677,19.287798886061715,0.8798993340054372,HIGH
415.26338808470365,77.89281120028694,94.08844243308677,0.69014820139848,3.2601438359923325,16.561399737109685,0.6219088109161462,HIGH
786.5532567421634,53.755981750237865,16.504685462885774,0.02624039114940313,19.336570275134665,10.866711857375574,0.7181907939400073,HIGH
439.31464411991186,48.96375940665971,48.96448721892779,0.9171326038625157,10.587057872031428,1.6233050596480125,0.5168365821278307,MODERATE
830.898298305943,19.731204292114917,59.00666838615393,0.753675255253968,14.943943127043902,13.458629141933853,0.7084687227139328,HIGH
88.10585066668003,5.970735766051084,58.470227210424824,0.401831013397398,5.414329990975794,9.022849130325355,0.27830788341236623,LOW
111.47708028775035,68.30284685305448,158.10342215492088,0.9874918893490658,10.577289809414056,15.567198667073082,0.7429868976574419,HIGH
837.3726470745596,46.34450405159725,119.50452586708941,0.721679332835547,20.42902797262427,9.879146954926634,0.8247590799970197,HIGH
853.2688100898586,33.73869513156567,132.55019282805313,0.8254410818356916,23.156534260405074,13.365474766784766,0.8214295410368457,HIGH
290.0985282441734,65.14541844499018,3.4290459110507365,0.9431665592498368,23.467396060012778,4.000990646169509,0.49693112512928955,MODERATE
326.0967494245459,25.535850223608186,77.52464852991729,0.039578464721066076,17.50222097419702,16.66430866357704,0.4700457657360593,LOW
412.68070900293463,62.9057632211945,57.889892423729314,0.7744198440366786,1.9727596214960812,15.588481223969154,0.5344362285619836,MODERATE
380.38389525988885,26.909142997057963,153.4946470009911,0.386346435357802,11.065832672357963,7.480290871311683,0.515103160327573,MODERATE
179.14024220404104,73.74961372592892,171.74266805165345,0.8690750128987748,4.8267797120960045,19.272883087911744,0.6651557424430311,HIGH
809.5540917060433,22.169383082087403,76.77801207607394,0.8788958559332329,17.44036411408257,3.2078955150435395,0.6331376077937921,HIGH
235.44376462802293,11.866775288391121,175.17785000826245,0.8286184705026927,4.03427856314777,0.4002651691944292,0.5183448072467164,MODERATE
637.6924444351099,56.14963995960353,3.5702975238344923,0.7792005856527935,24.439405439090695,15.262749023082662,0.788622576390795,HIGH
69.76855318412586,13.864932992116891,59.30377335334044,0.7942828346249328,4.863392096011787,12.01134406071299,0.40225287844643726,LOW
44.488685060302224,75.99968097282986,139.71268084946104,0.29655250072160755,1.3178430638927736,2.2184328243761753,0.28482695308319644,LOW
591.8201205934594,52.78885387872041,65.45783385503091,0.40652820612639085,21.08867256909329,3.190132900806979,0.568978424970786,MODERATE
311.72411324020175,19.237992241477553,165.85225713764703,0.11505489070306096,5.05678221797602,2.61757646058983,0.3423309834154411,LOW
593.3588595208012,17.49669580854887,40.10521575716536,0.8305915218616141,0.600318712320394,3.3370630703415127,0.4240112898516958,LOW
93.67886993025903,73.9861280905133,143.42434419173182,0.6460064758246586,13.701938446702844,9.228146229350966,0.5681856711602704,MODERATE
855.3677281251183,49.020775115141376,37.104703180051864,0.6127167151166185,24.230844290532065,1.0192459775553075,0.5613300407671006,MODERATE
676.1778755348549,71.60514452712091,36.281780263437945,0.2460780391065478,6.68744118381295,10.387730079437494,0.517711856885132,MODERATE
789.8778373929613,9.707791182820191,80.78913515060611,0.61503608405159,10.21807450305046,12.107467699473153,0.6023317102043216,MODERATE
131.4587930996147,74.10598345075492,170.14436531112952,0.45455172518115405,5.929172642648581,14.547363439561234,0.5493707138166358,MODERATE
294.94326231465374,42.08389564753298,105.79643818052034,0.9952688066656168,13.949623952260978,18.920664008471068,0.7120580153030893,HIGH
337.8263061436462,53.80533139017669,114.67088818237085,0.8630682727374378,8.069729263935187,1.6495425310286538,0.53779258594881,MODERATE
488.08365701086854,30.457162251761172,2.7421483718822994,0.5259828819065572,14.78408810390068,0.7031574897517223,0.4080512136955261,LOW
274.2129521015987,5.67208543846027,11.134121629085966,0.8084555672986753,11.950523327327648,2.7827724036445267,0.34731396494855943,LOW
63.96136054857055,76.6798228660045,12.9811905933232,0.1645050008583383,23.222881789374643,6.746294083638345,0.40161042338861697,LOW
338.3017588563489,79.57326799957008,147.71594926436055,0.10140049912660154,16.75043742143153,10.507234284739198,0.5437281380007393,MODERATE
236.5488900182811,29.799201052074995,43.39652979474207,0.630650799675364,17.064851425097185,0.085717893347661,0.34436036844211315,LOW
353.4699494022612,75.5655664504064,59.86203505033487,0.7267858279388927,12.161669549735441,13.847393439894995,0.5735563789318012,MODERATE
185.29399293182334,14.250376985963573,110.18154737458752,0.05305643931946791,7.578627039144334,19.137648468953753,0.3590354400971242,LOW
243.08777336261457,13.220071523027467,105.52782285994414,0.20096335119782038,7.849080765441718,4.9955784803515435,0.2626138502341417,LOW
567.9875829847192,6.775835360724547,74.48478006475082,0.5372679769224737,12.599787574320406,0.17594078445484662,0.33584027868574134,LOW
355.4569127744779,31.91028319914791,1.7697368802360904,0.0628165995888248,4.7977794775569516,15.064906777634313,0.37627476692410833,LOW
317.39121992084796,5.131877764346335,81.478860934096,0.4240528362836997,3.3106697312605933,15.40100639546184,0.5087811364530372,MODERATE
485.1760131229119,32.177917979418844,133.25998821388413,0.48207977945830105,9.309127074373457,0.8701877750322029,0.5216363032641936,MODERATE
696.9558813510939,11.93284386332379,43.107837443256514,0.9218097321383425,3.2618864948878583,12.346445841636731,0.5477995776186526,MODERATE
347.19248114968195,58.71169585026363,127.79608383901343,0.3156764963958807,5.769039610486717,4.856794523798735,0.3680484947603502,LOW
532.8923483746981,66.83564929757624,3.712354747292803,0.16866847343503444,13.37559453049178,12.657493210804734,0.5146286267890139,MODERATE
869.9203365776768,55.33741879590675,163.53339697230118,0.007508258718974425,19.75237019455658,14.527570832753964,0.6672525130018607,HIGH
474.5623015650651,16.839038042456316,171.05701817038656,0.12160810604364847,5.619289675294245,4.454864291360565,0.407464372115974,LOW
819.7198431006145,61.5810072397285,1.440605532996118,0.7508659988211578,19.79161208433993,5.215191586839378,0.6176967463208834,HIGH
716.36863558822,20.71051556562872,82.94949607136572,0.4449218824661466,0.3885403790019143,12.231486746532775,0.3813989711736935,LOW
62.25962666863324,60.99959916051367,75.07412730272176,0.19872504273656522,24.925568297610607,11.645252334456366,0.5863171498407307,MODERATE
391.8979956076386,45.824408416814876,151.69712070959167,0.9330276943220671,12.92347377352935,17.723334596151503,0.6866141420192863,HIGH
631.5033830030434,29.97028878700557,97.78916484686509,0.7875383184387242,11.89718378810439,10.207368808867558,0.639656419643269,HIGH
888.1736020788979,7.595897863268558,110.43441911855311,0.11436469134984806,16.263896312170726,15.995347535725076,0.6415033811029189,HIGH
417.9548991337462,66.37325127475503,37.24857455246961,0.2689573548933495,11.8793978441663,14.64014162959231,0.5071523271684865,MODERATE
92.57905417279811,75.2325807430598,14.79457557147748,0.8494414825262958,10.200557156283013,13.31399998999377,0.5463109898744338,MODERATE
510.18816549445233,53.60750462005036,124.92726639568991,0.6924316677974202,9.274582297792694,3.8354595569738814,0.5490766815124519,MODERATE
122.64177499032466,77.19878376878167,112.10100256252767,0.9455452142623714,24.445825266392962,5.527208713028433,0.6613345893276441,HIGH
678.8524086486601,74.7948021043963,149.98684338300677,0.07624943806964024,21.53741795809872,11.335389661437867,0.7244854048061812,HIGH
461.8325277409823,16.374063663496536,152.19833709212793,0.7754112229187301,12.560264572868482,1.3188732970014772,0.47736685335656326,LOW
653.853917855785,58.76577553925887,113.95531404115565,0.07641141584356448,20.911315506568727,0.9009878164366891,0.5706153240910313,MODERATE
783.7320259218861,28.59508073557787,97.36668754810158,0.3366619356921827,3.7272344880207866,0.9963401969691477,0.3911337439409658,LOW
569.7637352748717,39.51387148468445,164.60748015312134,0.750668768175326,13.236124157360532,18.42615384425354,0.6936986640097941,HIGH
555.0710030353316,13.400269060758815,144.4262803175648,0.7110099742526289,11.25428078688099,13.777571128330678,0.693128369636853,HIGH
681.5675629412718,78.00757481655455,158.95407409919648,0.0021178231402433356,8.122053253364694,16.735230107590105,0.6143292917024361,MODERATE
759.784951292874,58.364853263036274,179.25552079104472,0.2019429328506046,22.960998615377825,19.268336675964793,0.8079002668569056,HIGH
783.4578697865323,22.085756460846483,73.22753601020574,0.7785736765535612,20.81233158341326,14.019382709593316,0.7828754749942026,HIGH
42.42287415776614,30.346263523274647,129.3313045500444,0.12614751261472157,22.67714879796264,10.30642586518345,0.38356947294535637,LOW
505.00936415003247,34.37615121947397,124.16413892645252,0.3263789059596004,15.880423273909953,9.580358174192556,0.6375901904040691,HIGH
202.47968571982076,60.055164207363376,32.17154568657119,0.183889506896323,9.405530079452454,14.920544015090442,0.458526431210711,LOW
775.7078427957872,74.13008407479718,114.94219934505473,0.11145453541064598,18.920314245335128,17.357944984495443,0.6959444477284572,HIGH
587.0739398309914,26.39377050578116,77.62798038232377,0.8366257453230115,2.7141743798034246,16.59232250163771,0.6040304548410478,MODERATE
383.99800633886997,38.327506974153145,81.66377063035429,0.06134174485183508,21.326989497148045,9.858906394290816,0.5525484028142277,MODERATE
177.41276302800267,47.86339825394139,33.24470018387619,0.5360499483229241,0.7194828972912543,15.470180734744645,0.40264771847701936,LOW
311.7310270686456,32.074175399624934,134.3083429583384,0.6926705117092412,20.45530960968174,9.531728957268601,0.7797122175649299,HIGH
636.3621481407998,40.830324545889134,125.93143715240778,0.05759021865438829,17.598512608228205,7.687712074727553,0.6695268763020067,HIGH
191.87999523835853,9.350902692588058,96.27993488138729,0.6334267706481146,2.2115105989658295,5.9534312522065,0.37164652895651085,LOW
93.28882135115174,14.24627662989312,29.05273522942204,0.33406551524113304,3.6749461983278833,1.0909130487381025,0.16869557410396704,LOW
800.3455948225204,32.68699932039145,100.6787965789257,0.8335452237740951,11.309786349547824,4.023250776591826,0.6442650021459417,HIGH
690.147211126304,73.28018192987365,18.923882564316646,0.7976596222179057,7.496872339843852,14.60014109606445,0.6243703932142759,HIGH
187.817488285738,28.59928561382605,61.74759267946391,0.7939050372166463,21.682316426567997,3.434216374942345,0.5089603459728238,MODERATE
270.1572736526926,20.733631879796075,67.6520538598956,0.39866348416205843,4.820839994430995,18.023541111318607,0.4797033565363338,LOW
875.1424576464883,59.686115447092796,159.13314526477538,0.8225481897504123,10.426999027225412,1.5716528920824513,0.654838514131381,HIGH
640.2841932156144,75.98128312005213,75.38561150454494,0.6299820040110257,6.511775718807655,1.0225375312145957,0.5657531257158898,MODERATE
553.3645837503041,37.270765748020246,108.12610648401765,0.37868356530152425,3.179554086819331,9.621649610888996,0.566162338960675,MODERATE
283.789352027476,1.679791489807465,157.58543883481312,0.08066995545541844,6.493535453556406,4.453278917482654,0.3704020374581771,LOW
276.2213783082048,55.36379718657382,77.2109395372577,0.06681891267873763,21.499677414149847,2.0590588026044165,0.4175742673842622,LOW
45.17602063430512,33.78980332767544,159.18293009266102,0.25140163443838215,17.887503518650664,1.1973589329867362,0.44632895172601195,LOW
658.348861542719,54.217997392681,25.426574942268513,0.2995846445046674,22.856000258410052,10.545930621696439,0.6805680144840833,HIGH
48.425950300627235,22.93960475050708,66.30692513163281,0.9275282914471441,10.131983221286353,5.189284121227729,0.4270472464006585,LOW
14.323030621778342,1.190243361540031,17.95617758289716,0.99993805386901,6.010317184425581,11.115328316987302,0.38130475632153893,LOW
659.2506281962715,28.215201280902697,101.40640364134997,0.1436738474501803,0.6579384045722836,2.9659557250409407,0.5113931491669748,MODERATE
854.4976438627216,56.67859506642238,172.35348881299663,0.9427682399627203,12.37894824216032,0.4884805734991704,0.7717049458338848,HIGH
683.2877124773063,32.05594935772595,118.59437852250647,0.7065400116852503,0.9932085898902487,0.545184342593521,0.44373174116001374,LOW
429.759769655697,18.314757032604852,113.06753550542601,0.49860816836652466,0.1068746799426562,2.2534569577195973,0.43094477557209104,LOW
442.580272109177,37.65654226659402,50.79039517152176,0.9546866393489043,15.117703507566906,15.920848390945663,0.7072431964031293,HIGH
398.16141615770374,60.43553334057245,167.6681097935388,0.7136931823213004,4.12064922280099,8.970280170592634,0.577709154545493,MODERATE
298.93286372819693,10.435213856592176,85.40472647484933,0.593654522119076,13.994471312873092,12.4772088073967,0.46286824519411307,LOW
474.32565062539777,55.648410658085176,48.79336749520163,0.20952676401975123,14.338067557524337,17.49978877796495,0.5788197544625424,MODERATE
393.72435185559243,53.720177880511834,177.79829649750835,0.24444395187078982,18.095979012583143,4.252097365575915,0.5655895615518067,MODERATE
542.3694132362895,30.288292495120636,76.73918414925828,0.9115017360662455,9.578216306111308,17.426972060998242,0.5979436883135367,MODERATE
809.326871645974,77.65655911898006,67.4983178513084,0.21503878119458575,17.628887651437562,14.912709346492047,0.6973036055155138,HIGH
895.5583814181912,71.68171865894777,7.258066846491361,0.03230601429465796,9.149136585987112,14.580362215654413,0.5522734339681304,MODERATE
80.08152799579624,25.97675698336352,32.914800192898184,0.2662270978845458,2.4446774294803935,17.414734802040815,0.3148995911196264,LOW
352.36829066859383,3.456196378113604,145.84525255793818,0.4805557196122314,7.749752203221797,2.5175537453661834,0.45227335904593646,LOW
170.82851423246044,25.356079732861055,87.40242372378489,0.3819647607321581,0.189183233364959,10.810022659205668,0.2543475890711432,LOW
323.38722179372496,17.173033460742417,171.92257611960966,0.9358029986100561,11.561532291441603,9.670666434520534,0.5666881832903349,MODERATE
265.85098650809647,44.23290120975983,16.015558777021052,0.4185740444405015,18.507779188554142,13.279990766731283,0.48507542905378853,LOW
165.3380471478416,73.58080927339022,111.25387618931929,0.8890526876648155,19.618688911013646,4.759777312689748,0.7064298819784725,HIGH
690.0276875449485,69.75666329296419,129.87716241025345,0.5946629339892705,5.802417996438539,2.5465251997083382,0.7395547566275475,HIGH
451.6969811180199,25.16050329752131,112.19177963716403,0.5241246724118525,2.641078151876325,19.468880678725643,0.5466789719361436,MODERATE
828.1285681733309,34.85920515089532,95.84808326252814,0.16019563265439307,4.6357517990080925,9.313630489831656,0.5322815086473038,MODERATE
39.0072744898429,3.8868337272857505,104.51539934062924,0.2710319137802226,24.59282450677768,4.640405734501845,0.22516012478866315,LOW
69.61043168747102,43.988917104282805,124.4293768563792,0.8671667768190277,7.802568978731839,2.5731225686629777,0.5278235454866647,MODERATE
368.91348880800626,6.0060704240075795,155.52417431111772,0.779957211482774,10.732111377517448,11.871965512310364,0.6382619083703692,HIGH
81.44681515959304,75.14988713209887,61.20569132695876,0.44742336444908126,1.8906641371971595,2.9552453456334327,0.3326210565497262,LOW
243.82934080920182,69.48777295332951,83.27808039905851,0.90902215426829,19.733257581232692,3.660852706732427,0.5384149001965324,MODERATE
887.566471338195,17.920822488562738,114.82781600447359,0.8191787030868537,11.212258762986766,19.043054759093884,0.8925539145053197,HIGH
195.9740506613065,56.25012570910159,57.244655466434104,0.11208433312900468,2.184947346541022,0.5833132539289365,0.33789945461414694,LOW
186.32478985676073,45.87361021223332,33.002133004458464,0.605930493802303,11.823548061805425,3.7366044688704836,0.4228702037194132,LOW
520.5401952281811,64.30725928877845,173.9442074632858,0.798843206740809,17.831865549223703,13.424380165548083,0.8728284625015899,HIGH
453.21847880590946,38.576516433370074,35.856471094526476,0.8083441279341744,11.82594725266799,4.337880414134951,0.5149851422132127,MODERATE
526.5900845105318,16.149985682596462,42.65922407700288,0.0913411779101263,24.215818994463902,3.6388000880414895,0.4606295611985116,LOW
345.29439760560655,51.54762860970371,111.74481198638405,0.22461116953036142,21.79159381199186,11.130005095628231,0.5153651187750178,MODERATE
745.8185003065029,7.342145832679655,14.848927475948999,0.4130393168089177,12.87017475949862,13.91912838030851,0.4032123075691676,LOW
133.33669078379194,47.182451302305346,7.094530032921978,0.25163109444119314,23.512692713207976,8.612654914631015,0.33073832216361254,LOW
391.2694547989044,17.803679631692148,12.458435081157399,0.10893814669799529,20.28469494049447,15.625757117464552,0.4174229955115635,LOW
623.8880451152374,55.10997853276126,23.06419259565253,0.6288004296609616,9.206750271033599,16.304201122808287,0.5835819628377037,MODERATE
782.7304318517807,66.41540977652058,77.8262383220195,0.5074734515377297,19.285245923242382,12.461685389525686,0.7792999439376487,HIGH
338.91872965751435,9.652453613283726,149.43765518014393,0.15498975429855388,12.646308350027693,11.55638055539891,0.47975393482124307,LOW
515.29358319344,32.62121561973879,62.212968864099395,0.5863819962770768,13.477793118929165,16.32610219821726,0.6174126959197086,HIGH
71.53455105646273,58.948205434303745,77.52812322188814,0.062014953406464235,13.015525505458106,0.3005988223380829,0.23635275461143423,LOW
161.58398841952777,13.93254185998982,108.44494561762019,0.3830410592733109,20.0919635099797,10.212696501883576,0.42621022632021444,LOW
71.5329645948419,45.75536993282134,55.08385218665325,0.792517963540387,22.964361017924645,2.574651460733026,0.4866874880047287,LOW
657.8139938786845,54.075279568182125,78.4242802994685,0.8900496365652025,7.987942157034558,4.431135254128469,0.5895600175403776,MODERATE
266.3733721627052,29.028694971911197,70.14979194872058,0.24523463279955737,16.048026858344517,18.979984769911432,0.5075800665843226,MODERATE
654.1333082707356,66.72659966200548,62.197153955353556,0.8595087989892136,15.71022163480994,0.07420477370214673,0.6556788013579279,HIGH
69.09446834851435,41.34199661869039,70.52237733728471,0.8917577801275953,22.187431438727934,6.1402803488872575,0.6455425829872503,HIGH
777.6675423634097,50.53259235530029,2.990070163759336,0.6068823046039395,11.180292172113626,3.0872202499304424,0.5246023707555615,MODERATE
753.6218763188716,12.128950939677518,159.64065959376364,0.98217789762478,4.7540132982165835,11.40833845021194,0.8214453129705165,HIGH
89.14658131475156,2.829653788080855,175.94507674331564,0.2461758223928069,5.077146976084582,16.885198436302964,0.4396216014493723,LOW
31.143290746896003,5.009137095173918,155.38681826348875,0.06897423210229359,1.2819122058788657,7.817775820964825,0.30941593864732364,LOW
60.09704355397215,72.40969170765905,2.027867055709257,0.8434431518835566,2.5182123707265887,16.743708112347747,0.5184384680878091,MODERATE
769.7308541005932,70.72874835561184,135.40851285833733,0.49093065919955425,7.53048929648169,8.804729060949523,0.7217561430353994,HIGH
218.88610525618722,64.79972369378555,103.58493089302172,0.3464538791018218,2.5640731093054203,18.18087901280897,0.4510054356321166,LOW
497.9632528937879,16.769355207554,17.85730907038731,0.05523283149090108,21.7772857034352,16.938899260826055,0.5515140336217378,MODERATE
389.3573408302505,42.511233504010754,167.98178514344798,0.06462447882104849,9.050463610382412,3.5763900717410313,0.4163695147083768,LOW
718.0177183434558,63.8932509433215,139.942866130852,0.0907164506818926,9.211683122282585,17.70128056040924,0.6822588836833045,HIGH
445.11948830889685,54.29886531920613,27.008035274208765,0.18364252055565378,18.937659331140893,3.851281690637074,0.4586675160724559,LOW
455.58814818853006,10.126174300399072,173.56341591513578,0.970400924223556,7.533440634968025,9.807894943740296,0.7028254250754479,HIGH
890.2918261549131,71.74775478518147,23.589576753104573,0.28140414206215003,17.8795569145673,3.920078177730144,0.6085987065416882,MODERATE
143.6153055068388,13.693909029459018,82.38769825316174,0.8170473004522645,20.56057513872464,7.7292494906657305,0.4501430237789328,LOW
749.3265054838789,14.5718597796535,29.456656145991964,0.019413780399442082,9.0044509607938,19.712085752811856,0.5957957436848516,MODERATE
56.05727358745746,72.17968170448594,27.884152315364897,0.3218150610982008,11.945298404526419,15.302803809848873,0.4965311820109906,MODERATE
435.107404919944,39.28473818846677,174.23722716905522,0.9061924329860446,8.05572384077133,11.081475416631436,0.6482253969171875,HIGH
798.837993300391,30.458454250560884,103.4099778692289,0.1850407828814874,10.579105282258134,18.709570603947228,0.5603182903268542,MODERATE
602.0404293876679,44.73888264154646,47.39231026704745,0.2840235204134761,14.518678725090819,7.194070354908309,0.5733301414122997,MODERATE
619.8410112358583,78.5303892937368,139.9754873851095,0.8265148817130485,8.740992884606042,3.464117208628874,0.60575003367304,MODERATE
244.35238120827213,10.450805964042388,157.66874747514882,0.12139168645207266,11.60332471400606,16.57905221784596,0.540397727542801,MODERATE
382.5315643116943,60.79895905457315,165.2511046850124,0.0531831907723842,12.405592442756653,0.24350721873434233,0.5198762200169487,MODERATE
336.25714651415495,27.411743117286075,168.0043098030701,0.9659767549872442,0.6125947606017368,16.091907934710914,0.5920569560842456,MODERATE
474.08445704061484,10.246892396962275,163.09914752619784,0.404791758687176,4.091224187748443,0.437143346140334,0.36221240677571664,LOW
421.38285782786465,34.33273507288215,115.36889887085613,0.6578712697781153,13.53435899826247,5.68760862568573,0.5440702327708515,MODERATE
300.9395331705205,44.351477340296405,62.30153031546322,0.12711591140135148,0.06626661229045538,7.1099933107809505,0.2522776367891808,LOW
281.87774501034136,17.270969380523606,166.6766142615599,0.2201773978668633,17.604841050755923,6.370582537522105,0.5057423379914916,MODERATE
233.2590735730587,33.0162872686316,22.9268785120691,0.4599807581599239,22.63662473079797,4.868640786255645,0.45171789135408347,LOW
334.892049727435,51.21840601231095,31.21516689409634,0.6751532174287777,18.864228076978225,2.1635692153025743,0.5455882225723286,MODERATE
143.447915361314,46.539393557897554,78.6551297487292,0.29324791112659143,7.853780090201659,0.06360142696249627,0.2617665152469257,LOW
786.1728287831806,58.12968693033319,51.77602465615951,0.8846337510400418,11.246024254291484,15.49423697199254,0.8150608379420203,HIGH
545.8862587317503,67.0759581020547,111.21617374607298,0.7811440036232541,16.26791990176176,9.138314973391202,0.6637348403945397,HIGH
129.06991877853136,33.32208620978052,163.04904421066755,0.5515578908585388,17.01092346576514,3.238881659555617,0.5597946288182953,MODERATE
627.5348074460112,34.41441476151597,88.89460742066812,0.4592111834396476,24.437422494609127,1.6435405896800392,0.47875056973897384,LOW
764.4231565181962,40.2386786219571,100.14283622191728,0.619542542742509,12.324521231247507,5.568756012073591,0.7323702036801303,HIGH
221.40674812651042,45.74191689212298,76.74093748761555,0.7316631664470452,6.238370828425283,7.087482468514141,0.44333972574667346,LOW
144.0345289601649,9.557491264793441,127.654879635693,0.1349502952907199,9.05479605817451,9.228368538069073,0.40422307014883857,LOW
17.669358849039327,25.69819298138715,19.023291592472276,0.8526413625608855,23.061073930954603,2.021070231510891,0.44790167359779914,LOW
52.05280158227175,14.579451834784916,9.697589580854517,0.48940278365774514,15.81773941203509,19.59846678201817,0.3378936363312708,LOW
688.4036999901253,31.482368225186395,115.79958692353614,0.9353439898095516,21.606285129196188,5.374926217401066,0.7884680474961215,HIGH
888.5958355171075,77.89497173334888,96.74325958259318,0.9555423961141153,18.102139764119908,8.825917888459355,0.8102372556662898,HIGH
49.943487003886176,47.0357455777974,73.9170871944686,0.03071682101808515,24.13575864579171,14.180308611828977,0.44489814599890726,LOW
675.7831535811044,34.92114007372316,60.784682896371784,0.38448097576889695,12.53075142260581,6.203805988684068,0.4876733343429188,LOW
73.95732759845444,45.709014722673,10.273532483719471,0.5262234132462653,23.747631484627526,1.6499392220422315,0.4742866336735282,LOW
536.9982141642635,53.85704787874716,122.81955307210562,0.5395954881273708,22.14725543595867,7.530809111475993,0.6154532881680307,MODERATE
682.9070013611317,35.36132359994168,76.44268891190839,0.822393366847009,21.077361658387744,11.057454339925876,0.7640890767874272,HIGH
329.6919135682865,36.369074535978086,80.70297907401138,0.1411039874287685,23.47733107209911,16.83507839707277,0.5179764965960258,MODERATE
19.731901788490724,56.41068922115498,160.92662840272862,0.6224826896949228,13.13844104431283,7.358521577716541,0.6112407217687833,MODERATE
539.718523391629,5.8081440732504,133.0210709717027,0.9425969878452626,18.570727975552064,17.790419210591498,0.9003341346556342,HIGH
892.2077190446247,43.666364894779186,40.28032361609918,0.9966911938042865,13.883394242801069,10.921507089201691,0.7202614094284131,HIGH
239.2795063262612,44.238897165198416,118.63280287739909,0.010085540979743568,19.406523954417292,14.349732823888369,0.5541435641595758,MODERATE
178.64723669662206,60.783428629142094,24.673702012154724,0.9725672828984422,19.09381239279682,0.6033177141108026,0.491834511214419,MODERATE
120.29404455062831,78.62893543459599,35.73743234553362,0.1222100277802961,18.960104798992866,17.914546455347864,0.5459910692462371,MODERATE
504.17750171104996,63.86462815615784,128.8327140911058,0.5369505377193622,10.71122842186136,4.268941599214633,0.5756205686835125,MODERATE
540.8361384306432,40.79930039938697,23.53438486673166,0.24636980928343966,19.907196858153885,6.5173732523834165,0.5504589772490142,MODERATE
715.121045081658,14.386801188967105,51.15471729540505,0.6063910373940332,21.912233431252346,10.473105529142954,0.613507565200436,MODERATE
680.2352135222536,47.472616759020475,161.75278796905354,0.03702659170039768,15.906375609049709,19.19659766517961,0.8175930001202212,HIGH
804.3619303676276,66.90961205030219,133.15847061239668,0.2383326806727939,11.366323370364933,6.913502194181628,0.5131852549859676,MODERATE
727.1377015246483,74.66071102798126,167.37325365774257,0.3005756331989723,21.331206390437917,4.410034818263499,0.7161861873494002,HIGH
230.06770394070557,66.19951998003394,158.84816821105542,0.9156071820796838,19.461257989299675,19.214543868776175,0.7883618548965402,HIGH
504.7308903394274,15.928519902642519,56.95171653358094,0.5836295468484622,11.740002361107809,16.16928674971436,0.5669114266902114,MODERATE
274.6966435932862,57.29349328359718,114.19556077210554,0.7082097223597236,14.496726337053065,13.268404384557503,0.6813953898914026,HIGH
303.5089878008372,70.53224085138163,68.78652638379742,0.6760151833170703,17.14563132664859,8.192727044708462,0.5970539030054204,MODERATE
839.4304886146967,54.80034036353104,125.78167536107362,0.39228833659918283,17.208039569977316,8.409099598429561,0.7404685339068319,HIGH
616.8873555096955,55.174411233328996,63.373806875513424,0.014021068562085626,7.775928428756121,19.013408848046197,0.5515886161332466,MODERATE
877.3854677934842,40.51282061383522,1.2358095665305975,0.10702076326620091,7.317291719993471,1.3791699924620726,0.4922573779273195,MODERATE
381.05215767968264,51.3211215479149,17.814940515749598,0.45880848440370003,22.183672402238813,15.150004110704643,0.42840938641157505,LOW
488.31944028503915,24.256076818618666,139.01120639387653,0.9412947788679003,23.42527850034985,12.02300954839477,0.8759183483207881,HIGH
443.5327237256153,8.01599685607387,16.036938814234723,0.24875780743354114,10.051628171707655,19.36870480660728,0.5736269009201829,MODERATE
105.48548119611695,66.38947747488663,108.29666030000338,0.6983187196184539,22.83442235100751,11.168106280532054,0.532046881375039,MODERATE
220.66477512867698,75.50840028392973,154.54235371229544,0.8265958431013569,11.767306463260368,5.610800590097476,0.6200181420474,HIGH
479.5963609379891,68.68896449477859,133.65712139473817,0.90678528418276,4.180059495944713,15.598375544671331,0.8035370662794181,HIGH
69.96313156837556,27.37917074868344,75.00554427269779,0.293486412007701,18.322011169671125,19.71257157330417,0.5400814214687972,MODERATE
839.0011170849115,8.388881953326337,38.34015453747438,0.9312831745607538,1.1471272254644478,18.149073106680756,0.7162441590442081,HIGH
120.22087692960002,23.130932622881115,166.13421030578715,0.6079822605381794,2.847909257778314,5.89478435469225,0.4440792878598262,LOW
186.20286431104734,67.5839946889821,102.38554303952571,0.5084067841177738,23.52513947745613,6.927005826986692,0.44985968650113395,LOW
691.1358893053865,52.80934610302407,73.57019060880299,0.7783926318608847,12.940543454851133,15.096403846687085,0.8225794429625386,HIGH
96.2717421924892,77.36884528413204,169.6283281251668,0.2387126133614652,6.659409245710071,11.963809777191052,0.5305254981019397,MODERATE
811.2475086577143,28.071800456531168,39.48817615307205,0.812580231540964,12.01023699309271,0.23225523584751828,0.6404328706318143,HIGH
655.8738639430567,44.56629750303975,80.16845516919825,0.6499626944417365,14.454440823727225,2.837232958498994,0.4999798778384409,MODERATE
71.07256282688442,63.41301950942,20.447581940267636,0.7993661288453502,15.972887284836254,1.7098410712049361,0.36276497219139714,LOW
625.743884544231,19.485363475813173,23.353566701017336,0.8557221950494591,8.705558005323388,3.5745743302291855,0.49195255184927683,MODERATE
572.1494025324729,77.16310799811359,72.34872982343349,0.6173474430237816,9.685074001771737,6.098195128817285,0.6584211034259985,HIGH
684.0409951385276,47.79941612685337,126.23920372133274,0.03673510800846924,13.74408088720614,19.343990945511575,0.7411635505741205,HIGH
747.0960887155089,1.623907502252602,61.66201600359883,0.2977476601316654,15.66661372742321,13.529386677030388,0.5277230447178708,MODERATE
649.332001224108,2.987108774612979,124.43803709593739,0.8780197449615861,23.033911457860796,1.0952257629775408,0.6106833116619083,MODERATE
531.696902791165,70.69506529572602,145.12909399617828,0.6269565109606975,9.806903563847227,12.147302615892698,0.8763255960739285,HIGH
296.99235353778215,51.977240693125125,158.08644672294722,0.890056362620577,21.867180544198824,8.73328594462489,0.6961478673489196,HIGH
630.573559028637,61.2827290060451,9.00479122561891,0.3845285020492878,24.830453523861344,15.080792853952607,0.6906432109327212,HIGH
861.7047103213937,62.937264075595735,139.4979662401834,0.5047274558073246,8.475087277070894,17.67856110904679,0.7512982704224969,HIGH
532.8943846706981,34.21632232381134,27.338439878099244,0.8625924421709139,0.6821115857953503,1.3042645219560156,0.44230275921110657,LOW
601.266932906486,64.09028844524184,125.98895050058083,0.7620313577583628,15.10928055246707,19.59865036118948,0.7463147681971158,HIGH
399.04395755782264,75.0650631401905,67.52758134240031,0.3775011312872688,22.59119165301006,1.1581051136955778,0.4582564069949431,LOW
682.9475206713362,14.60151751380011,127.69500028738025,0.022630286041455228,1.3347243805409663,14.6474669797939,0.46864596155419924,LOW
897.9239791813859,61.36677556381963,39.27453976693144,0.8803395631577052,4.928746085156294,18.062639660454817,0.7034293799166391,HIGH
152.74649842028512,25.315568601629636,116.45333868327815,0.7863568464828194,16.90376074794269,15.034383492325192,0.6142262605660391,MODERATE
190.14069875834846,26.397947241254457,23.46702158408736,0.4491608307164643,20.241322279968198,3.0157880333853115,0.4185205393452009,LOW
490.09960521130665,33.60763323187451,31.38445303056844,0.5462404871401861,2.1660056022556744,4.159854547128123,0.49554167352673395,MODERATE
438.4241035628758,69.23384207273875,110.98868460445618,0.20431201713405467,9.09344650784569,0.8235813870732,0.4070303918595275,LOW
518.6971082109796,2.742429317493884,61.28209700541456,0.4121010898358686,5.968463347387915,2.6214384154575843,0.29502031041158444,LOW
53.67590247460301,35.280170338010855,126.97627508737172,0.16319542701145384,24.12191107423201,1.2203297293007243,0.3951675973530492,LOW
369.8060461340996,54.723764315972375,123.64353893708105,0.21056957359083595,17.061720712220225,1.0727752123367118,0.44087725519453036,LOW
528.8506532383491,9.722821204319235,112.27248425565902,0.8463694933234275,11.890962519420825,11.242237314401427,0.5389692038949168,MODERATE
530.8203026614168,63.588034164375905,131.7667568809429,0.3624723777781693,21.558807235456175,1.5340035665532437,0.6716916836614213,HIGH
595.0272259738524,75.41030523389088,143.11440807879583,0.8147233229263613,13.441558097409212,8.501232824605644,0.751668473717124,HIGH
650.9922658123708,8.183850865081308,164.1447675624565,0.4738998640477783,22.783352829935733,14.193259548116625,0.7305911624022994,HIGH
580.9770109733623,13.082902888639373,15.412333477235071,0.07077777590577183,5.970209593825884,0.30269514277593945,0.13484249363259507,LOW
713.3164082965972,77.95368077075003,103.3072736453425,0.36152718860620114,0.6834599492389404,12.777551981629092,0.5591879280738381,MODERATE
566.0369648692865,16.630595622073585,135.03105321805177,0.15827345461101494,10.718461974142407,15.14367732714036,0.4872447218242366,LOW
488.381819658112,7.236234380553154,39.832520743908034,0.6935764146263426,5.106931080993441,10.733401885303513,0.46219876797072695,LOW
549.5148217101516,76.22321037527611,48.18818459287333,0.9113940468174694,20.893276753673288,9.511834910735484,0.7267476563509973,HIGH
100.06209641046578,71.51719407494804,48.786617636040326,0.7630755641133439,13.323089949920119,14.616817278240834,0.5815668724365148,MODERATE
253.10932124571278,52.80231234591736,103.44760189393877,0.7784376086460458,7.216590667297417,10.59465243767069,0.5331070609729044,MODERATE
479.38580478573675,44.56304325571671,66.54453175535309,0.8618665466937664,19.339347355893743,10.185660760772741,0.6337531051453031,HIGH
786.9586217075193,73.61938300791886,120.23095848176624,0.7766646507819148,13.172134575830881,16.036327534369626,0.8176990561769677,HIGH
614.3558850963138,52.7860859338024,110.2329030722606,0.5685732524066918,12.569867384579636,16.75109519592887,0.7376076255405679,HIGH
90.46318983998884,53.01333608589053,118.6230181254457,0.7142762894600024,4.519744536933834,7.368364871996837,0.4462208133661578,LOW
537.1247058955199,67.65115957195428,46.16485340885152,0.4159547538959927,24.880380863597,8.309581862440096,0.5460834605603424,MODERATE
207.34680899701806,52.60640850610125,138.35947627231644,0.07078797589879349,16.475451777339085,16.01520458623603,0.514074108911868,MODERATE
663.2747382119634,40.790474075976526,119.8623635875962,0.7055797953447873,21.370587506152212,10.897361776457606,0.7211581022555872,HIGH
746.422358732785,31.787998333977384,24.386280661029716,0.7216609640901431,18.993308529960977,13.73626847131694,0.6687328271347285,HIGH
538.1760826050763,40.74757753050802,36.830940581222876,0.22372259042900566,12.573346573636405,1.5035007329442052,0.3330823358642262,LOW
536.3127226790217,42.27581327788836,54.872761188857254,0.9539415638253056,0.24328967243895383,1.90737479117139,0.44995329154988495,LOW
311.3463844576245,29.505718608341894,168.55142990313288,0.052511432639493205,16.66675504522082,10.636028874316048,0.5962872775787109,MODERATE
407.1625188335654,36.401354309447335,59.41662558515777,0.7359590482778835,2.5186078250409665,16.384550884517452,0.5245284491180733,MODERATE
779.0564348956575,64.34788269621818,4.558355797092143,0.9684783886273255,24.036625876200894,6.330841858155278,0.6401107489407459,HIGH
653.7550945607693,33.90455612539514,26.35100704093413,0.3091497776999804,6.2316240906636455,19.21264526814053,0.3761648562128199,LOW
472.58075712930037,3.0192215641989195,6.758756433495497,0.9124654181083803,9.183324013030001,15.206506527270697,0.6464099146291347,HIGH
337.7268237610501,23.358526420134083,73.10822470163576,0.8264362532304692,13.788985984997137,15.634233197735615,0.6870526355311914,HIGH
54.83796707681338,19.307607263244154,143.690458773577,0.7441094652712344,12.565361658683011,16.680678821540194,0.6002889096828005,MODERATE
137.27658718048275,63.6929789347255,81.6280047254316,0.953791567807862,16.37869855033926,5.089763983032308,0.6516355022629816,HIGH
181.79241869003988,36.49415161927289,151.17995012797326,0.6540570748084019,19.58619047897437,6.606511993778559,0.6335940686074922,HIGH
342.3113535002205,23.14453289977552,9.507748523571994,0.4948806523657331,18.941099099871572,2.368635889287871,0.3974060735804979,LOW
850.2878458978844,65.04568582348834,85.08039268191274,0.6756810218020656,22.70214001725398,7.6071164425014715,0.6933055847600521,HIGH
459.58652142428633,2.5181275599723487,141.88649161116635,0.4118237925774374,11.747911913081092,0.7166432689128333,0.5579259027187169,MODERATE
219.00774530071564,14.765816575766191,121.77527696005716,0.3248871734128852,13.35431610581914,15.029749833239116,0.492330580168643,MODERATE
104.11762234074752,66.3294307322682,153.65577114814357,0.08224562503152744,21.851930120821343,16.05114239328776,0.5706196808463004,MODERATE
311.091916896638,44.5014864851718,50.01641557981394,0.3780085784103957,7.058278044024932,4.272449517432375,0.37870978299845887,LOW
736.0002656404406,62.11833219177895,90.6522925355607,0.8031950584856857,6.148004603901244,9.797980673149269,0.6903251625529612,HIGH
351.17508613535205,67.21590516620412,122.16126552325883,0.9454357882565474,0.2280876808014809,13.439855577397577,0.673291902777183,HIGH
697.530167359948,75.41511559849464,31.15970215242298,0.9751517175730425,18.462013079399945,14.850810634241657,0.8223869847797737,HIGH
724.4074287529222,6.010543344963701,147.02940192718964,0.20652587096001496,17.189641484170505,19.388766445287196,0.6313104084271051,HIGH
108.63048503184667,64.1395447205793,56.75313909158413,0.5714317619759536,6.918007986185773,4.013065911903821,0.3928975999181106,LOW
551.7071798378375,56.99252570936695,17.70200740090936,0.5757481583675101,3.2478867870437993,4.934478174554946,0.4778015657819899,LOW
863.5954964002885,17.355022453448175,138.06053103207094,0.1760475445553369,1.0632731121093504,17.07758257525614,0.5453448368143832,MODERATE
367.90288666416296,74.60447904086972,127.19821837202446,0.5816282027694392,12.196572197166782,1.9442643285344041,0.6370481285885843,HIGH
55.34023921268982,32.93194854420497,159.1786758379146,0.3627628403177876,4.837057213165863,15.717645253614478,0.4769134828086773,LOW
831.7393943295119,71.12123166892952,160.6813794332452,0.9424064359661544,19.834928060133272,2.6668144345987033,0.9264187407565502,HIGH
796.4629905995098,48.80398266852911,50.85611544010237,0.2552022002257164,23.7508432262944,9.289414241608537,0.5500147713463692,MODERATE
474.7058880160116,42.61308777673557,115.80393676398977,0.8349611955083494,19.42148580815293,11.844863053925804,0.7808268221813929,HIGH
501.5052771061686,13.602390777782373,179.84301631478655,0.8968556283127211,21.289884835214767,15.357551535110492,0.7292199297018139,HIGH
198.44958147075116,73.23188231869771,44.6413721745319,0.7358722555328657,24.769807720322476,2.2905934366999836,0.4783330395765603,LOW
739.3111724347272,44.97629068161745,85.64492367199264,0.2146772778894641,18.520261200032056,16.481161841434652,0.7392628410468298,HIGH
453.7540341689925,1.481300034248578,163.91977927065102,0.26036906836646867,14.183091681616315,17.0111508761033,0.5653723121642131,MODERATE
40.1512376768753,2.4444787445523737,19.451255833260742,0.9711178654697421,20.25028074124163,15.869989383018613,0.6840497221324391,HIGH
617.883311239608,62.43297579642576,167.15673166255888,0.07582906612114382,14.09629165064744,18.74622497521916,0.7128767860449398,HIGH
855.9416801244084,13.79297191689278,88.37985142655795,0.11708590720412604,10.812877183625169,17.444502907573987,0.547036836555869,MODERATE
747.9439364077177,48.30033641462347,160.85430115438828,0.9785697343780232,0.8126245082583389,15.359574484482113,0.808274298710747,HIGH
256.70634478738043,54.80547499278444,112.22548253801153,0.77689477419072,16.074509825072045,11.586716392882986,0.6479914949740564,HIGH
57.45932559067318,23.06988184293125,121.18696291713101,0.7463838510602108,22.43795082428848,16.17249157024869,0.673799972570613,HIGH
846.9127571589806,45.97579086450158,139.3644495056108,0.16020776114570034,17.328787051906218,19.506657400662,0.7307772190090966,HIGH
843.9858251429342,19.9804409331369,13.017360465166078,0.48893883152641904,10.10365689250721,12.746384975811258,0.5915357059758104,MODERATE
483.84963454445375,75.75891876206809,113.37053268809547,0.8407626024845618,15.422484775511188,4.852102466778085,0.6836211692491808,HIGH
581.6624963876662,68.9534423515842,166.38476681416273,0.3288707012092227,20.323904335315582,4.956917398370566,0.6715236525221769,HIGH
421.71405403261934,23.755380528300062,172.1461465888323,0.1927651324144105,19.10600336726435,15.919744854863927,0.6937696164123771,HIGH
383.5911767178952,42.77634478507684,174.32953847660013,0.010945317768133012,12.27946114979564,19.788999126530623,0.4572773131207608,LOW
116.30910797654332,40.54999571515855,116.60408538896071,0.622542484860761,9.041923624205522,4.206236690113647,0.4547121657859571,LOW
96.11007954137546,76.84183737805584,114.35834581435084,0.2938103102817945,9.921594370715288,19.40169393226151,0.4804905827027323,LOW
217.13161054180685,32.12827363452447,99.89124695313556,0.8636724268785406,22.697728644339428,5.36578305314332,0.505456321008184,MODERATE
754.6102643018244,45.415976815103775,109.75205128815239,0.28351808675954027,4.246341934515701,8.256058585669965,0.5028017534164971,MODERATE
139.7907476547552,74.36782099610753,110.56910953858575,0.15157581218450333,21.57448980548901,18.16306554836457,0.5401028778207444,MODERATE
211.76180020409254,13.862073042948094,8.591080065382272,0.9604475120043181,4.882092886872602,19.23628934731031,0.451425797417712,LOW
498.2665127967647,44.488362658988706,16.907960182082334,0.9647770122545095,24.522243745861125,11.339088194284503,0.6973981810234476,HIGH
201.4667840896642,9.34816070858454,111.87556634580064,0.6850238283527401,11.208573388384377,19.00180938924812,0.5835278044309103,MODERATE
155.2539493988305,49.78241561366155,57.24474097688887,0.9283857025962712,18.335761394351476,16.84838157114435,0.6292974052946211,HIGH
511.3514551111864,29.888973067573367,54.95516181677223,0.16183358124878278,18.234360912703973,17.327910651992344,0.6521363797569436,HIGH
337.60301118698777,77.44324978118846,35.62587443737959,0.4603408599702943,19.31327632620543,17.364966722731307,0.5881812682519737,MODERATE
567.2817643980176,33.81732531073358,144.39152452870186,0.20415889096427808,19.734896457105936,7.7249761753308395,0.4977892272787944,MODERATE
821.8627529637218,11.75882336579484,173.61480216599273,0.4787832581950291,0.9768683046780968,0.6133213819953287,0.4721656933598121,LOW
144.3838869772102,66.88599691334393,113.3686825721978,0.7911779987468056,6.833359083119847,3.293045335928071,0.49621451993934906,MODERATE
822.9559572336269,65.84846862241022,170.23016131354953,0.8449278470000635,5.742737190234506,1.4893673524950657,0.4948832262336911,MODERATE
813.2160710063976,55.89390994387997,159.21526401535937,0.004164394267699989,17.46483070291452,4.847963909734705,0.7076704381949198,HIGH
747.8879491689535,60.156132348854015,40.00892913951259,0.38950339669986234,17.082936375657745,1.1058780562251602,0.5459082986909471,MODERATE
571.8444664024158,21.91250219746314,28.481136310659977,0.9940686871124756,7.425837104340383,5.538814739437415,0.45467171598263073,LOW
561.9305251443373,51.72222653339972,38.87403460962179,0.5893149618150351,19.838548335212177,11.779201495268595,0.5982501691875637,MODERATE
578.8992673434864,4.003569825226097,18.221479711937903,0.29619592969795183,7.79051437137743,2.8211974180987176,0.3672326314939317,LOW
624.5410405838537,16.55432136731273,105.3353708906656,0.38899426004176285,8.573380512316689,6.3148562587493995,0.5538498416339342,MODERATE
24.669158530579743,74.65007635669384,51.59435766792376,0.32256374663379284,9.971271493722385,4.482720171553658,0.3032171469497002,LOW
862.7023954529783,59.39958846953004,164.41208836050592,0.4475984300304344,18.614742733826443,1.902044126749396,0.6404945969784843,HIGH
531.1873477043661,19.22313073815137,110.7999914076752,0.44448663359163554,0.29444828580099947,13.521971766999405,0.515346820102142,MODERATE
705.5045970681552,9.79926407202376,65.37028948260291,0.5068633051974636,22.661631281352626,17.860526771625093,0.6856647985937,HIGH
345.7808367646132,75.96463614461162,177.2506731216243,0.46450600719232327,17.30137340468002,14.319858599694177,0.7398233406394074,HIGH
21.033520385058402,9.862825618750488,171.6218147646448,0.5161136849564841,14.664959494880447,13.68428539265107,0.4881806676771257,LOW
463.6638472900351,21.308533795732608,140.37212712034685,0.027988950325183004,5.933291077569891,19.660364932161198,0.4894036853781288,LOW
461.39920619117675,15.428085446957114,142.71137790369463,0.0544268964772433,19.637832949981544,14.625502076574088,0.5942136112059769,MODERATE
398.9204665971921,1.5896418125296692,175.93135354288367,0.37114397320797776,21.819703670895933,0.942052244982845,0.5481929664617632,MODERATE
312.3481782042483,25.81664715374548,108.4816638525529,0.8849415642419681,12.538668002256953,4.36492901157274,0.6272859104808818,HIGH
232.3452181506526,77.96013085630224,158.52355303040196,0.7908323034015842,7.311520606327057,12.749242340287505,0.7470432856584139,HIGH
479.5149383024927,28.010361158939162,12.60416229169833,0.11015364191156385,9.513834150479338,12.780886765624587,0.4835039625001323,LOW
343.99754432720977,40.84008547795412,100.1771909823237,0.49483095874334804,10.406275315149585,16.651968343435065,0.6936476210159246,HIGH
873.2393759143298,59.92892692982073,90.9504247648301,0.6045872709781563,7.647884522821749,3.1766962633133966,0.6890712722624187,HIGH
163.90530391256897,44.535328064258074,7.752571337531972,0.4811892428350897,17.80471292215963,19.624336219283244,0.46907381358120376,LOW
294.5023551881074,59.74372908557222,16.564405373019817,0.6975666369790611,8.554357697994803,10.325819532017217,0.5917703293636216,MODERATE
271.6248191228682,53.26923358705071,4.909167399020294,0.9972631580895212,20.530430227697742,18.408248945834153,0.5812942580913248,MODERATE
493.5451668500017,49.07647881692217,53.6286858030739,0.0964741299371713,11.592275998131404,10.586860492383979,0.6179235949109387,HIGH
454.35942870699165,52.32226366972787,10.578510083413477,0.5155340314570022,15.724004507908912,3.738296078291423,0.4160107315295932,LOW
582.929014227603,64.13398460418183,76.74558357218348,0.5123714629625533,23.69880795519003,7.020376562876147,0.7044869585077069,HIGH
855.501575811045,57.10512018928723,146.48160763575223,0.5623787977306822,11.151341783040177,4.423326393445022,0.7914429909556695,HIGH
263.846766089542,63.55021873571013,110.8755357101304,0.1669674559829577,4.258655184774837,5.284510239192743,0.425321535049744,LOW
626.5666966369469,12.502213424398976,121.6083943010976,0.6383577909892191,13.748057997416826,17.807156833526186,0.5633747289867457,MODERATE
32.28578067461342,54.536224884132686,6.639696992624824,0.04434092258877631,12.416888157612082,7.547891866605154,0.2265382890092261,LOW
243.52574073292584,59.224731073717116,151.27521848580022,0.7411234869318217,19.564582517230175,3.6534190949932444,0.6650281186035848,HIGH
422.71055791696756,24.697348167249928,27.16807790955534,0.6631595256401122,21.504986582389595,7.290846703736829,0.572088823182084,MODERATE
37.58536174820967,70.0916088996193,55.17450680981517,0.33042366841266313,17.815494242429107,12.345152939833914,0.4773873346955937,LOW
559.7258198927386,25.072216660913334,93.50610719307618,0.9889893611000494,24.28636767652366,4.017722401945461,0.6734902842856664,HIGH
613.6964414775204,20.262737430743286,167.46882415135536,0.8287783826711782,6.729866972756321,1.0196210125634764,0.4818797863029126,LOW
674.5912262058615,69.50064842296038,179.66870113884983,0.5395356350440232,5.979889002288593,17.442400666937512,0.8348922310719962,HIGH
469.75130931028093,20.514567211197708,141.09626236823237,0.9905104099356066,7.2821702611367005,4.784406457587831,0.575504681489998,MODERATE
547.5107518309777,33.82469453211221,131.547246047217,0.83009064372828,16.772682233041163,18.727257264810525,0.8196414309713785,HIGH
362.4980736378536,30.065903572908695,95.45513719745368,0.1379772801366147,5.813525383097939,0.9428809364385038,0.4048049471061409,LOW
46.71519893084066,71.94688398210351,120.14729350184999,0.5910606041894271,2.210435602947114,13.016764203834043,0.4279681400965073,LOW
98.9571516393166,36.96362332474918,26.85192740167532,0.5808576366829495,24.443054589792485,13.304850566189232,0.5211290116571884,MODERATE
592.9463725393031,55.85040573040103,49.18610558289803,0.6529451717194997,7.865269075004758,3.1205637936005948,0.534146927143005,MODERATE
896.0442166313409,63.72907346686249,177.25107256597812,0.9407565915774286,5.559866899398344,13.304641038015797,0.830758540853124,HIGH
24.0648828553336,50.60438287902692,176.35108914305138,0.49203191330584284,8.968725055886903,7.752751548531882,0.5394481811281072,MODERATE
506.24931217548067,75.55186536766826,58.81205864464353,0.07738146368381527,3.960628576435049,7.635379491518024,0.3721479620800099,LOW
678.3977900654764,64.39809481122464,44.14769449030912,0.4793313605253495,0.8941953519747997,17.54959010541394,0.5766851776739191,MODERATE
745.829596932352,32.61632358631419,42.083735392317905,0.7877943869151429,7.634589189397456,19.048291118383883,0.6332353353076167,HIGH
495.23236208814967,76.11413561735698,87.79072464725172,0.35860877479355013,8.446573394177594,3.402278649175503,0.6253839050592344,HIGH
561.7252223638535,42.4414118284354,41.0542177826079,0.027104905920941835,20.275405948473367,13.681979903039093,0.5105453139616889,MODERATE
630.0852012943526,2.783608512646776,117.0808972265743,0.30324322190664277,10.890919145571582,3.0942031143853232,0.5037742567865522,MODERATE
774.4799622271532,21.541049092578845,14.392746232354407,0.682149944702962,18.41880690517226,0.7000102195535773,0.6413515612319673,HIGH
118.83768811050861,50.11663737594406,19.558222813041585,0.08600942808588152,18.39281523446888,2.9906169120139348,0.2639855197789783,LOW
834.3021546846285,13.388377283630502,50.5712352135083,0.37596480868924853,19.724801961541335,12.693117042174173,0.6459315072900748,HIGH
33.155489160897304,47.14137554656309,140.16233877473866,0.13313083500083545,22.96272211018627,14.528747537098692,0.4900944066157418,LOW
754.21777835242,29.566243762294853,58.86882748852014,0.4759285917311892,12.465783360080609,10.14073327567704,0.47386799939777224,LOW
78.29897963813056,43.21645292460365,85.27620402880943,0.14151349177208772,2.5988324533801705,19.033312993901415,0.3283868796740841,LOW
183.21910832838083,1.1481129819869769,118.53534623564349,0.10903697500971032,0.9665735695638944,15.283457433675874,0.3129970744707088,LOW
13.465790279208026,68.02528701882717,142.14864603316232,0.6977987919285027,4.672738436996743,3.232364473831333,0.421928604738343,LOW
406.27846792707624,29.59211353426674,55.972514799212824,0.15800158863701075,20.7302911711596,4.158752140003868,0.4163036374021253,LOW
307.5797117784791,12.07251630795829,131.84352459839576,0.15479579458382753,14.35873747578706,11.921639146901857,0.49029699430470586,LOW
157.73369122345431,35.59535270340132,52.20606537888853,0.592519175466111,3.5029561078898377,6.666012071642211,0.29223616526629986,LOW
411.4702431154766,39.40800618561789,116.35945129762243,0.04359381156584852,3.315905948614717,0.017861640980856297,0.34405705703901995,LOW
368.11008602324364,51.35481412919892,81.70754520224978,0.032992628800192825,22.28757344837879,0.4858858741312866,0.4974182144649343,MODERATE
693.21831910188,42.4404327878301,166.86637966375784,0.4314462689471066,13.000758993034367,8.161979684743223,0.7465131149408946,HIGH
804.8859724023289,4.4383629832979485,176.79471613358177,0.3650954832245593,4.297441436979257,10.472306889840265,0.5613655133452261,MODERATE
590.7848540727028,69.84947344414341,139.56803627656228,0.5446194021654954,22.418690371713186,13.066374915260678,0.8366391624059075,HIGH
120.72524596660625,37.06420561116994,164.86811608017427,0.9934846172902484,18.018179357680413,15.26279640421539,0.6861858003867592,HIGH
272.89780729176704,7.082034030107705,25.434259322330206,0.4347064960257918,11.944217758025214,19.37517746241484,0.41422589748968786,LOW
822.853284180729,62.05343068580562,118.1490484010767,0.5760583774571914,11.626635917905348,16.777306274520342,0.8087566875027523,HIGH
88.97369877702135,53.15219908386239,36.507861541461075,0.9192436261790266,16.816294810847737,7.118807390192938,0.5093413833757731,MODERATE
372.10169705783557,52.30558404876852,50.577362390068245,0.48317910302138356,8.457729885875365,10.69387674626509,0.42582800276754296,LOW
848.8291111177983,34.72620613710932,94.58536017759744,0.7811205255721377,24.997754092345776,4.318400268581182,0.7729150353225991,HIGH
856.0917089078423,33.42926794705809,133.81572115887582,0.548652535942732,19.613864368452873,19.375062625157867,0.7695899736929561,HIGH
375.97082757351427,43.37075227460008,130.14743928099054,0.6372072478236543,16.023996376430013,10.708858646589807,0.6238525303939979,HIGH
603.9832304079297,4.996958619029158,156.63322221031075,0.9325024402771707,17.18631101229649,4.993405022224451,0.7444407961669068,HIGH
416.5035825350591,24.61766337321575,101.11019853065909,0.000703768317688036,24.902096851727833,14.480875249929753,0.5777811366980067,MODERATE
680.5798800983441,79.0436397114275,166.81533495673375,0.9009398892519755,0.2695411119368524,9.757806479369497,0.7175886129455289,HIGH
38.10738431676867,53.31320664111799,159.93205862797177,0.4976920196570388,0.570616725322981,19.934501417099668,0.41443872914788693,LOW
138.29986254000903,34.09579906796844,152.98129061700777,0.6067643692415541,19.625696752175568,1.4942117358839502,0.45653161989576896,LOW
556.6369351538033,18.566685132295788,42.08409929697852,0.4500579719625114,5.234799006549093,6.709443506859392,0.4381925887478164,LOW
216.9715135743266,59.871539590118445,96.1291907805082,0.26091862935232357,17.12916413229253,18.83703789046502,0.6208724480492491,HIGH
602.7865463495422,21.56293446678912,132.78635087080028,0.06600719011692313,12.583511029217473,9.22399867522315,0.5406991571965117,MODERATE
322.5884054405555,13.827238203857332,175.7223489041816,0.9451257094832697,7.966753139127164,6.235890405374478,0.53976309756068,MODERATE
799.114546733761,13.206677118508694,3.0848619989427393,0.6238762062747361,5.783500376478037,12.097444228193094,0.49192834977426864,MODERATE
739.1408531483879,58.611799054013865,59.55350157617267,0.8734707374618105,19.41864734304568,13.289870997926583,0.8159070064702117,HIGH
448.6256420612161,51.782010088808676,62.28069521286688,0.2908082830548798,4.274547868447376,1.8561497388852133,0.29908957705542116,LOW
697.8766275144234,6.514681850327218,52.64768799095236,0.27799894919878765,3.9680252815147337,5.187747152993039,0.3879829881698737,LOW
251.31271874923044,10.088382413614,147.31894965756717,0.3357844447072895,11.048315249223478,6.179506169176447,0.3580670362859074,LOW
449.89120136255775,51.07390252093259,9.06778715916933,0.23103822893940773,2.981919910740327,4.916210646824817,0.2659265698739135,LOW
185.75902615831757,46.11817204790056,65.33882025151495,0.4979707133846316,16.037796327285513,7.657552312753091,0.4977231710532493,MODERATE
776.1886899836845,55.193925769373266,128.3915448814103,0.9362415471612012,24.79926948902471,6.694169994816372,0.8616978226276854,HIGH
742.5301787458892,15.065073760697695,73.80640972015004,0.8760626716299819,18.69783227324701,14.628432956580436,0.7745206939633585,HIGH
812.9132048840111,58.4004445911562,26.787381480912636,0.49510045396198965,15.080873860616453,11.978690095445568,0.6008592535109787,MODERATE
790.9545132895909,74.95162091911342,110.34259262387666,0.3487624658260249,9.865962345581538,8.58388616304108,0.533645328179118,MODERATE
864.0406732329503,48.482974848299854,94.54723231445777,0.6116878027635583,24.699741456420035,4.000080445824031,0.7122022330324661,HIGH
213.21924615241412,16.494271551779924,176.7491516647405,0.6122581334790421,21.998581271944904,8.412788701169351,0.4756330951474688,LOW
839.3236188078308,54.68396456744442,134.98619322269644,0.6837640890040149,20.514769872930067,3.6096805340442817,0.8242151659213559,HIGH
518.3797403032779,28.103453000139087,177.52550182437744,0.5356000258314548,5.7501669919074345,19.042917175507238,0.5671999528759532,MODERATE
386.0206246871554,4.893731964471993,34.3571227597643,0.02675526020670249,3.089517341367623,3.4754726126409397,0.34036804799096826,LOW
508.732767411407,24.884756932847377,137.3255066607445,0.0760465173472934,4.44852679393348,17.173547346089137,0.45213634658125657,LOW
314.91609741874726,72.54122305406042,99.74324132628509,0.9737749854048381,6.467227360403685,12.311615189464476,0.6759052122820346,HIGH
266.8121761952474,33.48000629390204,128.53920035701793,0.7462352951331873,2.042470677646502,16.2163567629918,0.5241906851244432,MODERATE
224.7697608000006,69.3085617044563,84.6917117889122,0.9482468986022224,22.210558229197,17.77122736174744,0.7227844517093394,HIGH
83.36091061684287,41.18408813830054,39.017956728612134,0.3395256010183033,4.6300270405310044,16.079698959716083,0.3930354101446737,LOW
451.9427584609968,41.8412611278084,9.186862760257286,0.5349494183132941,5.665239705067165,11.785897922614893,0.5155714325161979,MODERATE
800.1078913853598,1.4120893641266525,151.0535980614784,0.32195191908664933,22.203958893672596,5.339877246577194,0.6896749854114473,HIGH
570.8352526542023,51.331221789828795,146.850694397012,0.9089350467822876,23.953580023250634,13.20011727603947,0.8884850763861842,HIGH
473.66831315263846,9.517293757403198,30.094612347754207,0.2877333831660933,5.544528142138915,0.09687101813785848,0.3316651090016924,LOW
391.4476972433157,38.82112475988229,116.48738101834745,0.6938113038714862,7.35460232476568,7.549325947183425,0.5155769583532381,MODERATE
423.31744742230086,21.565031596989815,133.0543323952569,0.17505557489113266,20.002572430900827,17.159273758621488,0.65317383995168,HIGH
196.25683933903633,31.998254300515875,100.81487417323312,0.10525145107667266,24.25659718910511,11.610723836994056,0.47195773266408886,LOW
742.4129307018566,43.429111097677264,57.783973654202846,0.15563456430634126,16.241902432178886,5.212473928565906,0.5877420988687515,MODERATE
186.56083732055995,2.142665053555854,158.6893164912571,0.529455266616154,11.064617103220185,17.843616613809672,0.5479647928900687,MODERATE
647.7942534873085,23.482103078458202,115.99687411991609,0.8445410405091966,16.864488556020028,0.30538119921541984,0.6594915669447737,HIGH
686.3866602315758,79.17934280905733,129.91893465047923,0.9992797251729059,19.507087770424583,17.658501558834836,0.9223130989910524,HIGH
521.6334474046835,5.53453093982421,117.72850078091741,0.6226830438277805,2.8163975920880713,15.189084772405161,0.6040770477593461,MODERATE
778.0044737097974,26.2320855644321,130.11067221373074,0.5336035318471664,10.882458876310222,2.92752493042459,0.5455914111754828,MODERATE
269.0348136810785,26.39229652220721,26.967018943265487,0.7868825904651726,21.432551589228048,1.2580864274282844,0.3666578419988924,LOW
794.6393269061483,30.971487753688244,166.1443972977251,0.06374420255455882,17.635616852905372,19.02470763765154,0.7629105063080243,HIGH
659.1753090433807,55.09769255694528,52.16013283457179,0.8093972353459399,3.844357725313624,1.3406636604753008,0.6004682841169986,MODERATE
720.887346707967,20.571760095954204,150.74266892236247,0.7583795409918271,18.88032980638258,19.475232380855214,0.8083418529229202,HIGH
601.4759414793097,37.36127818674817,160.91577253334762,0.5295415261049545,16.68602785266209,8.412580773163313,0.7327485275961073,HIGH
763.2452851210728,51.94422178134349,117.56902559214737,0.022986975746400073,6.6162192168487675,7.0700864684442895,0.43006579080028284,LOW
893.857987818696,26.463442607958502,108.09583641388538,0.20219698052466417,8.60007205768419,13.000880289841701,0.5826334476565914,MODERATE
383.9449405269284,75.95303385975711,20.519629799713005,0.36971259940431145,7.860162373103091,9.920934885194479,0.4575256563838286,LOW
734.3849585015176,78.39413816047183,79.08359946825347,0.9412222259289457,24.831213432586623,7.8009559542320535,0.6824676546813037,HIGH
672.6759859710498,10.45421184731338,110.48434485201737,0.6384888241900477,4.5930343706366035,12.803234750403726,0.5014926477514828,MODERATE
413.05444748369604,28.161770867664,15.654599774416324,0.5100926132488267,20.73538251926447,7.001330699030202,0.501666081343919,MODERATE
834.9846097619356,17.429793514711548,20.951700054480373,0.48842642040581474,13.265885491853572,0.6870739830280126,0.43515453508659174,LOW
361.0390773196093,15.756378049012097,178.8331446641904,0.7799757316191496,22.013042120199074,16.4927877269205,0.7054758237996758,HIGH
513.2646654858514,39.787407228724085,60.469913022304425,0.3236302389646083,24.546528381042638,10.292787003005193,0.5537207051830344,MODERATE
104.28869772195578,45.542341542655436,63.60211522511834,0.09452480378514327,24.027077323368253,13.73369002554905,0.3958916499372066,LOW
210.93992271897693,34.626511207210335,46.02371795738067,0.6770433077897705,21.356326257217837,11.503477703453058,0.5460589097916704,MODERATE
758.219591775047,22.531834974691495,116.63753873947557,0.32901600790391095,10.339305340788657,12.28384691627182,0.6170078470784125,HIGH
362.93192331767415,23.011104366037532,85.68058373841663,0.32559283698175656,6.781798484034137,4.378794659106024,0.34335332743186275,LOW
360.7348395795798,79.37812435091773,142.48714136985726,0.45471523609412967,7.987434817265962,18.693212555292376,0.6071887923838347,MODERATE
228.923106189652,73.9705125452298,92.73657490218584,0.24273402173534864,16.328450784722527,8.954454403064723,0.5006683000121409,MODERATE
447.5331975247344,6.996008438159217,3.759460470785113,0.9217025298071271,8.546513906202222,18.401935629409557,0.579589610819575,MODERATE
727.1770956020539,52.86750150769392,87.40104286849642,0.8469704221724977,10.872216096540793,16.138360443836273,0.7601505617058634,HIGH
806.6960648186282,37.0933309913027,10.878525016464646,0.9910883309730614,1.9934098317367366,14.401636876123495,0.5243827785639744,MODERATE
72.40184451932365,55.41631367873379,148.99476210617547,0.9645487959306626,19.275290566009513,9.20235723527313,0.6180765312835619,HIGH
521.5904508037028,48.15989573770372,21.344797212261415,0.3144553452135509,2.7867339732160796,0.4528728903913559,0.38167127776632837,LOW
425.87329742417774,71.25093960651098,39.83476867888103,0.38059795868078516,8.425663808508382,6.304242991965481,0.411957472176967,LOW
556.7108469197047,6.2920768288171764,83.33377846027437,0.6982579903000729,14.760849305677388,13.297151851212497,0.6168176403069803,HIGH
408.07536134835954,28.618235052558735,35.937945916674195,0.015845902553231817,13.279371276859212,6.613066780044541,0.47429322509354455,LOW
364.7938905595395,78.85403593627119,97.52037287526865,0.9938888853887858,22.328264060576323,1.9825473855105558,0.6990309819431019,HIGH
429.97383406224554,15.400542570258725,83.46501797596025,0.010843082066116505,16.46720342625931,10.355176100887435,0.32142982831590006,LOW
527.9792245932085,11.059341721025131,171.5015473541947,0.5314859251023113,19.726119464427384,3.0895909279546996,0.6777602873806947,HIGH
455.87505781828133,58.58878847404546,16.818867835105845,0.6687003121303704,7.586148135350165,6.1244102374312215,0.4940433906029033,MODERATE
430.2085614083751,62.417377641379616,104.23503664007052,0.9141463079551363,3.306433419710303,10.038260554244452,0.646436652963102,HIGH
737.8734258626919,54.109610266298155,129.9515301262731,0.64413632077811,18.58324997753551,2.3255965800200573,0.7219965646331811,HIGH
673.6267122016934,62.3194704720341,23.845234620998284,0.5969687997034011,3.8394744504823914,2.2505707661952123,0.5247657622827305,MODERATE
313.8268598212616,55.804004195360605,114.92672086857488,0.30035929915030724,20.854155093052306,4.201776425527976,0.5369642771577334,MODERATE
722.5136345886352,11.725883900844964,155.69879069639887,0.5909213949620363,23.57543607990883,11.836113542892825,0.6553490405750674,HIGH
769.7490954140052,49.04952990080206,141.97246017363994,0.7497015129922744,7.07319648364913,18.6639577566886,0.7965780005550565,HIGH
146.60806278302954,62.37325792220307,168.39555358680138,0.5155916789551758,19.025125930973307,4.780733088346782,0.4988842536963025,MODERATE
528.5873909403753,69.37581189963295,129.98483971662912,0.7796352982871245,10.933457963558658,14.396474236215093,0.8585258299224351,HIGH
263.92767430330025,20.452584172012905,71.52364251134483,0.06961304687418479,7.474933643514451,3.787570088285166,0.2604743033078086,LOW
667.863366514783,11.067030114144545,165.76079784175514,0.3353774509995945,10.77858333450871,12.710299673066265,0.614281232717346,MODERATE
222.5189431292281,62.70614504302379,41.33886140304933,0.9598139340640396,16.16918209355765,2.7543875968583853,0.4995004864901348,MODERATE
607.5491365139983,21.267319257817565,105.48270785597755,0.3234444130656279,24.701706830382754,16.907621667930336,0.6841830853012507,HIGH
237.0609438912942,3.522428787350099,138.0527721719458,0.6218553018155858,7.501093341890671,14.850179716228432,0.5620510942319947,MODERATE
464.9179494526494,66.19187152829504,157.13832889219074,0.5198847576668167,17.648579871328092,13.614528893162781,0.702836806886947,HIGH
854.295356445411,40.97329957105794,165.06104146580992,0.9366240133227147,8.371752579018127,0.2932355240677764,0.7209907138121382,HIGH
349.3637092262267,26.804017461845334,16.210641257343,0.16277187640605217,6.284851871490779,16.7281970323714,0.38561847393029774,LOW
789.4072525072548,1.902899313292384,130.96459133230093,0.2993880995097592,15.79605354391303,3.017010300811067,0.5424768827485985,MODERATE
888.3806772714662,3.7908681319278674,37.53466852594176,0.8623773054308611,19.032201316913717,10.669780305820156,0.6520244385818694,HIGH
788.6172554365953,63.61723837426328,140.4623800261462,0.6662025447731985,17.934650792985877,15.533232762448076,1.0,HIGH
157.62076645377513,39.68676491222429,126.42346201611598,0.5430493606690497,23.56464196483221,12.633410337790583,0.6895266322448479,HIGH
739.4958153862951,12.828041894420352,33.46207218945554,0.39490039199118854,2.6842292694408023,16.380494674387485,0.5402327542365083,MODERATE
38.61296163949952,29.321944552672434,150.0766008630956,0.4113154330205101,13.516591601679618,14.17704272642797,0.6019223530401778,MODERATE
360.038676492384,14.059106655464308,83.66019591932252,0.9349226827645013,7.271094833909911,15.121522508958254,0.6103643661872136,MODERATE
784.9527022528988,9.917642701250543,98.35025119028681,0.6710756045338119,20.423926965540225,5.975376317377092,0.6423033740459455,HIGH
622.9894693563286,22.828317833257344,174.88127188428055,0.9290983864151366,1.5506637936387402,7.582116255415854,0.46497094332953254,LOW
484.1389803307115,44.41117524952939,118.5359801659545,0.9721861087879932,4.395086299056644,10.029058613104647,0.5731842169534129,MODERATE
355.1989823235323,17.590522017165927,106.35280295943515,0.5470080061031949,19.30071404367812,11.723214907739381,0.7294607098949308,HIGH
732.9442823585546,28.1500154214966,4.0005362531144115,0.6098889452313125,8.866033011518482,13.833420263631343,0.6382074398548138,HIGH
641.5069795139166,38.756539832560314,36.65945548181518,0.6563649290710665,17.04500282024617,11.111494647146516,0.6506773713870017,HIGH
426.88073445794925,34.182349395469,5.755210367938858,0.8391690028798522,24.962641942664167,14.209144672412464,0.5391657066454718,MODERATE
804.3110601165972,11.16159613058188,60.66292420319076,0.6590717126063012,11.496227576691476,3.0150059521413453,0.5749942390921468,MODERATE
214.65373585858282,4.070385207335166,62.66699519189097,0.11464742218243018,13.32460600920324,7.892932284428404,0.31046107846462867,LOW
161.64844315117614,3.801239428966175,95.92908260014008,0.9424301095541664,24.383201580282236,18.26610888676697,0.6747239271530561,HIGH
582.0953502568876,28.66414242420152,124.46855201166059,0.6609343584536336,18.659837221455135,4.339141723617594,0.5726414639952258,MODERATE
875.0749650045756,57.7853642044485,33.102785769440054,0.8699172717895419,4.918924936850056,2.8732173671351213,0.567506446567769,MODERATE
230.0583502430256,11.369168599612383,108.6961413249439,0.4247377457819681,20.107505395557215,14.896156765043811,0.6245716736051075,HIGH
232.20663725110558,63.17142919278962,165.13875314067434,0.4747163578906174,12.89646029193596,3.8885829024576046,0.6566917843242157,HIGH
134.15397468634904,57.53827043579311,34.116406252498216,0.6888563527225336,19.684235321597157,9.152190483663325,0.5023679907035448,MODERATE
775.9015641935326,1.3115357799632839,118.97675741750014,0.7764039863320484,14.963813121800849,14.236633995902215,0.673119363212219,HIGH
211.49381096608732,3.1130819655657636,9.160456284091422,0.07845870998204973,5.683286321293054,9.697001708068898,0.28608500923386543,LOW
457.8288887851502,16.40762402750608,96.07542653811123,0.4073428335260443,20.36098948542042,18.030219498246197,0.5485211950215173,MODERATE
891.8765054219621,5.433551972996217,133.73552702193456,0.769856380293839,0.05066334325235511,17.56296903600178,0.6081206223794079,MODERATE
20.80540182061877,42.976105316354165,7.093478833035598,0.9922359301463108,22.200755509004455,10.059011306199928,0.5491318260617527,MODERATE
505.27262055460676,4.130553655214847,60.72610501451365,0.01164245119625329,20.465230643179183,19.216987291280788,0.6266613896875457,HIGH
465.93724800740176,64.40902120163642,158.1543003851661,0.26480822744173493,24.253499794312507,5.835477382283174,0.5817270612462506,MODERATE
728.6281650050378,39.94400344671903,41.36088344820691,0.46484858190380696,0.888443517717874,4.67783881742352,0.4219072160269105,LOW
326.2005702019715,58.50839496712573,130.39454523682966,0.2229417017682792,10.940862572036536,13.404898308668706,0.580228615531027,MODERATE
375.20380942014697,60.305501523931454,110.59065103302156,0.0269221985576531,4.22828855977348,11.455641583298723,0.43158997542357097,LOW
159.46480273298866,41.034351233948385,30.30009220674959,0.5395430241053415,9.349738395081362,5.02213815559406,0.26246092366877993,LOW
669.3255561558501,74.10366722402382,133.76564500274782,0.6493986090396646,8.99478524574882,7.422629177000792,0.7277535085832055,HIGH
708.390929177452,79.22902113456934,96.24249775276338,0.41606206099811316,14.93902655926258,4.660540126299311,0.6337593169413254,HIGH
131.63035549315893,29.377960195149125,21.052618330004695,0.3698780796883393,10.935749844546608,4.739542915707511,0.32969571945925097,LOW
360.1767958496064,10.943267079689448,170.93748118448332,0.985610560179485,24.139330338861537,7.351418363616959,0.6741688829892168,HIGH
804.6854458727878,29.695816113181486,89.06120321669262,0.47752852322016937,6.944344271438108,18.484393700161995,0.7364865328532152,HIGH
12.40947357145057,18.64495786412734,134.36946942973756,0.7980694532416885,10.468761493252792,16.697957352764917,0.5265333112548642,MODERATE
275.89557285414276,42.94944769787826,39.96834752910666,0.2871741721958021,17.516370008025465,10.248363702712254,0.410066795131463,LOW
503.9876336967675,30.892620498939714,25.55579448337903,0.8301882530718321,6.9135837727965495,9.555390277552156,0.6215561221621511,HIGH
307.3435350973584,38.95550372865648,133.69391292725544,0.8236996891998969,18.095277358444285,0.6295704324479767,0.45349018465276003,LOW
252.12021836812576,61.29181851000412,121.61452796195039,0.2677021214430233,17.71781232668566,9.245923303564815,0.556926198877821,MODERATE
419.43336156385925,22.647656988806318,50.065276098996755,0.6558549521417054,17.80595556036415,12.47553698463024,0.5819793805758691,MODERATE
171.55556621762744,43.46050324653831,134.5847349573131,0.6820149766873508,16.876910642904384,15.57180414128253,0.6578015219336045,HIGH
481.3664644539406,27.477738696966384,91.39361472231197,0.4426155289437177,20.436508876423552,7.1195938402698244,0.4791920311589849,LOW
638.9593699687711,63.01190826553225,63.39890893988572,0.7737800628774386,24.873292414519245,18.387775278968952,0.7134478929232235,HIGH
522.0125078393669,51.52339396020801,141.8536353288592,0.3068852611969892,1.3834113816521416,16.80385567030658,0.6428987755422161,HIGH
92.8673044640925,1.6718737103382482,111.40411181005523,0.48427183911761573,12.428666046893522,1.6446688451789138,0.42801122532671776,LOW
761.5236666073602,53.144055947312246,91.80103750898738,0.9901517058297904,20.327023250489553,18.058961092036128,0.8516796501502393,HIGH
165.73027536386448,14.442798637260005,139.3861703184224,0.17867567165299936,0.0011802457305365444,4.456585553633358,0.23108644583683582,LOW
690.6826805439044,58.233429426040104,98.52427640527567,0.14778272201724918,13.62883111261576,18.4663605650335,0.5501305887529458,MODERATE
330.90294859050687,45.81975468079119,168.99766349511236,0.1421986873968969,16.494955390114203,12.613596353177366,0.6472609530606682,HIGH
706.657599769931,32.7171315401308,147.43196900895845,0.9981092718345718,4.79356683895677,8.23840491185093,0.7639224007205875,HIGH
193.58288403075773,55.83124790737342,65.11557552049526,0.15991327659359522,10.020512582943653,8.729022469887424,0.2343590606756945,LOW
176.12927228893253,68.67086958363363,84.22054584778027,0.19023923683194066,19.73627983888522,11.255772900874987,0.3832805114672677,LOW
452.3530031335592,62.52075339510378,172.36261929647452,0.6947865854074224,1.6670680259573385,16.87745732267249,0.6774696423624205,HIGH
39.31305308154084,44.0849628491807,161.2415866681111,0.7594966248048913,3.3716683283404048,16.738450340673644,0.5768704123637661,MODERATE
210.5146315162767,58.09285130050285,35.22221123654175,0.527061305466163,20.45173679108283,8.29806113808248,0.49661835416081135,MODERATE
654.37090444407,33.699249797027534,50.10038607537943,0.9826691191676183,20.23013760884365,16.980544787761986,0.7712317727224727,HIGH
755.2712956918286,63.33306360348717,66.231272965793,0.03890888032124373,14.760084093349002,9.439082107288892,0.5609553895773558,MODERATE
81.89897390465129,66.49509943820263,158.49297746975878,0.6208208690487828,10.404666305458083,8.351018553652894,0.5586229016174812,MODERATE
795.0491613999129,11.8462131132355,167.0076988292523,0.6064693194016171,2.6412936269332055,4.865068601303322,0.5124874242438358,MODERATE
719.7903116073294,19.804477407921755,144.61890310366528,0.3212447872864085,20.28593234616215,16.55860034028776,0.7285856225235886,HIGH
784.0190231791992,22.329110250583515,50.35181184478692,0.8994404700778477,6.043634028508841,12.401270755782583,0.6005046596854086,MODERATE
631.6014135751675,14.120455799585233,159.78460038770646,0.5528817061050869,22.82977143948669,8.62235613297832,0.6393508774071509,HIGH
609.9962298916286,32.010265544896235,6.885721543385027,0.24634026815821475,19.395949641701506,13.247533069570945,0.43428879856891045,LOW
477.3329776769288,16.24962370451937,76.68182307940275,0.08835851620074231,2.0233959460205564,17.220239777841556,0.4003847059598804,LOW
590.9806297972704,48.04760556320215,68.59552518738103,0.10711889353817605,15.88732762417579,3.956476712393886,0.5308979904894593,MODERATE
828.0076014642785,9.027619988911658,96.8078894569187,0.8973292462700195,23.015650081627733,7.848841380006338,0.7159000717570831,HIGH
99.46458126087049,22.323613089113756,101.35465974503437,0.25030876233841615,21.979205046008587,7.606007850973226,0.419375758912765,LOW
291.03038528302113,53.57613102976218,41.34740314497915,0.9070053016117429,15.333821980395495,1.5204371969881758,0.5933823628551071,MODERATE
74.48492650032593,32.48506472753459,37.61547079865036,0.12011790879899176,4.29897534531494,6.681365091539567,0.29573285365303736,LOW
850.8766030301942,34.29555660641921,144.83841993079577,0.9839352570099543,17.00604558304656,15.235860084253245,1.0,HIGH
406.2862647394553,64.03609498371276,14.639226813331998,0.8333490708623094,16.6535514547443,5.066802801891859,0.6981075331807258,HIGH
611.0565789018077,78.77641270998794,89.29820185130613,0.11622874159701446,14.718367955328326,16.21830076480235,0.6356302580757164,HIGH
758.5968574088461,45.64035487708282,35.30470678098453,0.0860565028163407,6.643571328593789,19.10507128810974,0.456531261373599,LOW
891.9902207880748,7.246306545625012,58.202533296655005,0.8034371824215166,22.507420570244925,4.479409159770755,0.6267820483853797,HIGH
153.9863874351165,9.129334963667239,50.63570103178946,0.07806625528967848,12.564422565406652,8.193325890560988,0.33211168330775703,LOW
721.5662190892235,77.51155704032386,127.8254784445495,0.2621809856747598,7.427880615648588,2.6266807650268498,0.6365517721386553,HIGH
799.8063793416953,54.65955810712926,82.62768798972435,0.8012498092667707,6.38055184860486,13.842881642249429,0.6656110179334274,HIGH
53.4990853972793,60.445060348371726,54.600088365852564,0.9075800123483243,7.025445766385793,9.64399960591283,0.5144956777049345,MODERATE
681.1405985651603,54.385336857157775,149.81200763845672,0.7676520582586871,11.527353618600355,11.77422551203934,0.7279907124464294,HIGH
325.7055358649298,15.18979053391711,16.35733029105356,0.8898928207528701,5.771287410483475,15.573866797079639,0.48895676100822627,LOW
587.2511444086845,36.4206107051562,138.1785555397816,0.559888313037427,12.935364128536289,15.523582180068288,0.7011056483206217,HIGH
467.50289447458965,64.04835457192988,45.44798366415331,0.7796111620495082,4.800587247567009,10.319512760234604,0.5851864642126058,MODERATE
241.17060435710687,69.44267407242378,165.32544085019407,0.344186328489424,6.773798568229708,17.64641631532113,0.7043851349898956,HIGH
130.34701218354758,19.74950566496339,1.995076281149245,0.7852140689960153,2.9916363442014067,18.638625558552466,0.4268408364498087,LOW
114.08303744939538,48.08098147587183,100.64273738732174,0.6797409074244871,8.934866496153509,12.614266150707067,0.5137991684353761,MODERATE
101.95734336055762,13.411050316337816,112.38543214093929,0.5748300636590601,10.149241778445987,0.7681280374863242,0.3243629244191417,LOW
577.6331357197741,76.70387297661837,104.33675954379517,0.99230132068225,10.092939918404598,15.519314161792508,0.7674688255544463,HIGH
322.7556577455889,20.92413883040652,146.88773730362323,0.4697795248748412,18.122187483215438,17.838344204831817,0.5933831937566539,MODERATE
202.80376000322647,58.40417515970784,21.077357447002207,0.6192472375705516,12.084029355789964,11.132772716855495,0.5054174540342662,MODERATE
625.7777325082537,19.257922593921496,75.38452476837257,0.5099056868638472,17.325132658124957,14.00715729771984,0.4977610960660913,MODERATE
621.2961135321555,49.66826148740479,155.6088823705753,0.26051133957595807,0.8285025117602318,7.120884800846441,0.5114295561770067,MODERATE
489.85978019772796,53.081880254789866,160.0836166466894,0.33036548096672547,10.914716207567308,10.042088137457357,0.6064712816035475,MODERATE
842.1124570106073,26.945820172925465,90.20364817973902,0.978785767955941,2.2449449259844934,15.962127673073567,0.6473686570507474,HIGH
353.01866598286495,65.68787536865804,100.87607400274429,0.3921104580147069,11.552550109334241,17.51922325832332,0.5849456682813414,MODERATE
753.9180444296708,70.94430096154859,137.7396108476922,0.679406267436745,15.379987752804505,2.304325327208745,0.7755417807936935,HIGH
76.87407305965472,68.55052449006561,140.55026057945685,0.5670972636687143,19.918484561317797,0.3437185078453431,0.598337783727018,MODERATE
668.449673694269,27.13305933771267,159.9665526115491,0.8898052718095136,13.75547782111205,7.471837645109725,0.6931544128100589,HIGH
889.7181983104177,59.80288046199966,152.0504744537647,0.7576900780630048,9.487556834631436,7.818352322391244,0.8136562501194836,HIGH
763.472412496157,45.19976963466871,75.18177300270868,0.0806514059998572,6.611560880634637,15.466607508074235,0.4751425255705135,LOW
525.9016001859528,47.817637634868916,117.30584543842653,0.35544187143874395,23.936070581271807,0.17194456308316175,0.538993750624568,MODERATE
567.8217972511729,38.71658173541849,87.4991111572504,0.7119135427578088,4.957136689684111,15.280065007214853,0.6433065803172975,HIGH
324.42769899888265,48.42063068954086,22.11510248920358,0.1613568080117006,1.0604089646722965,10.72652887600877,0.4264079139564033,LOW
614.7418442497125,11.716678484824248,148.08088468090622,0.5034391815597697,3.1469848089056285,13.956507777292515,0.6631211890353369,HIGH
695.6518910313811,33.29893141627897,108.71567181639071,0.31776904832886765,24.937627482188486,10.185171848517909,0.6733145384021249,HIGH
898.42334819489,15.036069197047732,11.38293148125835,0.06475422979350298,22.653000744088793,15.814498054856605,0.5286670019699354,MODERATE
448.29199613038537,23.128336946742635,122.15942194260607,0.997146087838624,8.006446811748768,8.741387777878089,0.7058517464305631,HIGH
64.56061853836363,11.097348337848567,51.675085425581216,0.9293645995091464,0.09622942809287827,6.916817191147613,0.3223288469754306,LOW
540.3135761505769,17.787152812539585,13.398472360285853,0.7475261543083259,19.180150671689443,12.730381035384168,0.631319910201709,HIGH
115.93149348413004,62.77241120722955,109.57941572837238,0.20102583525334594,7.513406432489625,8.88889918522633,0.4178629661310438,LOW
227.84088876493794,44.43708051203595,132.0653490891346,0.9885261935894701,0.5537333316702003,6.068528740480619,0.6475387689077046,HIGH
302.61412106210616,2.8678063624665646,93.59388868354708,0.6307922829660213,11.415114754601191,18.270928044630043,0.5023485176166491,MODERATE
660.6165871020854,63.29343422036713,2.011040969046549,0.9660754378672941,10.603898894803098,14.465472114231673,0.7464209026649974,HIGH
173.58923025186547,72.84800327842976,104.262009912726,0.04257890729186942,9.043964608004954,3.937548811453484,0.3600042578336762,LOW
157.52012268969375,70.55391278682838,2.183024481914832,0.17347071733517094,16.33418494480649,14.802119401008735,0.4825718881228824,LOW
50.01817582395645,66.01833374699243,166.8270859321841,0.6772468852115795,18.15035873405293,5.047936297114209,0.6822827302182751,HIGH
787.1835433549539,79.38509898127401,48.847623232784315,0.9071797111456735,13.979594293795493,8.625466267898254,0.6061065335510308,MODERATE
627.2198276768939,47.3257544874967,156.91018202596732,0.17578221279281026,0.3496693369077625,4.348440784161394,0.469554755338389,LOW
45.55235439968758,77.04442265267748,3.1675626624198285,0.31709823962512473,0.560399651550747,2.265956907164375,0.15166847573107614,LOW
35.180152017921976,75.95869436761276,18.401755378098482,0.58817733150859,22.043594241674363,7.981273116141203,0.5017553638243424,MODERATE
507.2201238627999,25.745859709771704,81.8020865238756,0.9996610201562314,4.661066237838033,11.101627904888504,0.644186746752854,HIGH
261.4556171451728,69.21126672841379,136.79072085042776,0.79966508678308,9.951609282557133,6.042433947191239,0.5716439225223262,MODERATE
541.0864518844166,63.605340579143395,169.71854438961398,0.9235627789828912,2.588182227880098,1.5000599806173298,0.5787093468093675,MODERATE
396.79771635605914,62.288103414685764,94.27597191514894,0.6750125345977426,5.732524376600237,4.992746218725001,0.537761032852424,MODERATE
831.7481804561266,71.80618093206184,64.62746774632072,0.8773712706666522,12.133841468661291,4.9131476782520185,0.6204458267767103,HIGH
266.15002331561743,31.35101078370431,8.975262645175409,0.5070450323170567,5.888664210072111,11.815044187103805,0.41425434398922384,LOW
614.4393779106152,32.60434230510317,105.4839954412294,0.12415863494219215,16.47706628045964,5.642973576954439,0.47561168182274827,LOW
58.108337340553284,51.56413242708728,69.02783384523754,0.7095574192314961,9.182710058929237,10.67551743818916,0.5316563115565494,MODERATE
860.7158754281436,59.286558487333025,163.73489375683232,0.6014749223998958,19.711669168500624,9.406792622753366,0.7560832681248755,HIGH
882.8741464384334,70.49923110995155,86.93060088836012,0.4853500641148587,15.048761310174918,5.327155841001597,0.6460169252581504,HIGH
667.776419824607,70.19178033208327,138.01500998022988,0.2749909155177731,6.349126423434417,14.824343509250166,0.6177069502857759,HIGH
424.0390996915801,57.98583032651453,152.82968455046634,0.7842030121923576,20.20957415145841,13.351824414327657,0.7795392620453828,HIGH
205.79416100126258,76.5945294479003,18.591692490318017,0.8204100814164875,23.30217675714734,13.605459262582995,0.7049009345675954,HIGH
733.1395428206886,15.11166089675314,79.91148908836782,0.3641856274350984,3.0011074754024287,8.671623730371042,0.5288390657975376,MODERATE
665.3551464608498,76.07684792722681,160.97542015120385,0.9277665595945592,16.7415869989724,6.331926914255237,0.7689229963478833,HIGH
207.53909520924466,6.071127080656105,76.97749839922479,0.36974169436861015,15.769887247865851,11.814819814058984,0.42268017750639414,LOW
411.5816117999665,44.89412861416154,102.16261557716199,0.10756249481278246,16.74281836627534,19.181806733029727,0.6343713183713029,HIGH
421.8910546569387,8.125559603641658,157.28560656649373,0.1665283675105791,0.7796437624152913,8.67920365047091,0.3295176826301137,LOW
745.5053894757111,45.872077040652776,42.63425201747289,0.4945154704089172,0.7031465348294408,13.305667417172582,0.5518060233318997,MODERATE
618.6217690573282,31.818667284001837,161.13011764539996,0.07986299335113689,7.370287501448258,8.846993376845443,0.4875044166277791,LOW
582.4191137506491,7.447145088688562,72.06808739294115,0.7184125440133404,2.0058268901359586,18.652033206799747,0.5345765220892885,MODERATE
588.3464060813178,52.201227596910876,107.15296582997266,0.7950958552978423,9.151949438874125,5.294333737601448,0.6765188262432879,HIGH
250.71837065040623,58.7646419702045,59.71906728978772,0.5494683326953115,21.81051752072973,9.167998901825683,0.5343699477219858,MODERATE
340.8230212482853,14.760647675978523,95.35431062296661,0.8933484529802092,8.860907030322865,9.873045439973765,0.6110172154687211,MODERATE
50.63943403866846,55.86050082539275,9.82215874102795,0.9542864667462518,9.821156193553735,14.572959629080565,0.6583311222498821,HIGH
710.3776108727901,15.1447563826709,12.681535567738642,0.4475810877106581,6.688050855615321,14.426177599575396,0.5430958906795854,MODERATE
395.36841150113435,11.854319495906843,75.2353743868278,0.08912716822310185,10.540080257420776,14.788837997693484,0.43767234930770066,LOW
400.03213780794044,12.641698055454913,60.95639429461055,0.23126410964207356,19.937803282423275,14.658804905211763,0.5980034316258227,MODERATE
228.36707579092777,48.32719904739246,111.22673403924436,0.6576160437134909,20.772283360665895,9.395165312799955,0.5601867965530589,MODERATE
196.3902804988917,62.52447384200165,7.785919900841315,0.40578438304980213,10.526474168319677,3.1112899486556556,0.4414119350303166,LOW
533.1615173164361,48.154602416431274,31.012691882903546,0.6850093941496443,9.92151404904657,17.408762217616573,0.5663437386127819,MODERATE
216.97218353127144,64.93876478844136,38.51694904851679,0.6667351861527889,4.876636776924867,6.4966640841703,0.5599942179786935,MODERATE
67.14587789326333,47.72670994455917,79.84802656683428,0.6053681366117137,24.39004122361472,2.2063613752876265,0.4269884504197681,LOW
693.0816002229996,63.988378540530455,45.18342246583254,0.15783256689898395,7.77488294616634,2.575639410950794,0.48101006288933024,LOW
345.05779662166566,78.14527758953075,25.64162075958379,0.28591529605712274,8.566065939774498,9.895175521095045,0.34230625901469847,LOW
348.40966967038094,31.885824829489742,107.96568760705638,0.37786162654581223,10.746411122075461,8.518679326483653,0.48040252513934184,LOW
393.87327054905427,12.845431977224681,134.15308402677672,0.8244179899315892,2.0108377548399807,13.270532885033234,0.5060219054975008,MODERATE
735.3898928332035,11.696348124691655,123.66298395670269,0.6822228367634663,8.21344067067595,12.237310511501496,0.5685921057033196,MODERATE
295.5448373864372,48.20073013587125,50.436237045726294,0.6449342660027491,23.264617609226477,2.148239212313987,0.5805359865179647,MODERATE
684.6522280194741,44.22114220257202,153.94562570968657,0.6721373447109728,1.8607944161761591,5.934975129899938,0.5360766704829958,MODERATE
846.1949082937934,15.55459490482043,110.516170117505,0.5032020814513962,6.0121314044715435,17.92509596386249,0.6084307997939019,MODERATE
598.1726943730714,70.6862920507462,111.02533948032887,0.03963171546806343,5.443775022138977,15.33365285367389,0.5144576136088256,MODERATE
394.1961622475519,76.58312110788088,39.099872857245856,0.20112068749896173,5.87673819765358,17.41082405188738,0.5444345829808747,MODERATE
675.5328536005316,21.004035805160832,44.35610683317148,0.14030215580040128,23.865394238763013,0.43975245287204423,0.4987907445492733,MODERATE
417.5286590787331,17.343751541184293,85.98028892142075,0.06399666439371066,17.71388714922259,18.241773912354734,0.5954891548506347,MODERATE
378.84027128624535,17.899826332296232,43.56996455626462,0.31947664798329845,22.994793583477993,17.221560369716165,0.48876686704412053,LOW
477.5020155796881,31.606300845617397,124.1659148308824,0.7877301916963484,21.440264634358076,9.045542476738591,0.7801700726034673,HIGH
292.77287798027146,68.40494684861676,56.23125769378073,0.11513180364380438,15.61865232268494,13.471760750422579,0.45965897897791314,LOW
102.78269248920107,48.080888185348314,28.192991559081502,0.11142251708192186,13.9952162677544,5.439872263427025,0.2714602052425776,LOW
379.218284918287,6.3367211068809235,28.13887982545157,0.12426401919151742,12.727497577010544,13.171764281000174,0.3475578751451741,LOW
120.23262420507872,38.365347728593306,23.773772389297754,0.2698216912564412,17.238328199694926,15.975425184913606,0.41253974547443245,LOW
375.2929114643475,8.136202959219315,79.71526413498103,0.2022071380476237,17.545619984504526,9.671117392056662,0.4543056687308751,LOW
505.67101187997076,33.09091500666677,1.5441665062244292,0.013961116473593882,14.986437568155381,0.56547006116074,0.2589044388126222,LOW
838.3329512730256,32.87809124196204,98.08463960615302,0.2765023135843546,11.223535353425703,8.326907653795123,0.607828072763743,MODERATE
42.23787463032019,52.21986059106201,54.39622320259952,0.9962944646561172,16.884088540839574,14.499604958679209,0.46675047379643086,LOW
563.0979817867303,44.40686339008498,99.89371074187842,0.3364864428559289,3.9171042232163056,14.075122536627667,0.5716607992311367,MODERATE
417.3843161185688,70.10562780478779,168.4411490060434,0.21125903197382268,13.78834214876519,9.726069647605618,0.5362381187222651,MODERATE
28.03240410168386,2.285739430572315,156.55952222284358,0.49571392949217186,12.982496453451258,19.71418150814399,0.4674568266244401,LOW
232.0978765854611,62.14590694547728,104.18094134898354,0.22936846424947688,13.366871455671456,2.340917390329491,0.3954418464164469,LOW
115.45187459577339,2.7900089355114974,75.83458596233179,0.559645201320713,12.770468180205254,3.165763708467484,0.4065057167200341,LOW
202.94678970098582,25.03889644963291,126.00691812376866,0.40065584640082996,18.7565839151328,5.166546984683215,0.5233362211725494,MODERATE
254.3675166802172,70.49338791618551,166.24194053978928,0.8968413182794492,18.937322291394572,16.070898499501713,0.7777071992430472,HIGH
367.1626384901547,55.542719562492614,88.6289251611794,0.9279192622132505,8.239568860176071,15.256365857943042,0.6312819495045453,HIGH
480.84506020511236,14.58773759092532,18.776082611272034,0.7130612580266465,8.768820546294975,15.455236796789018,0.5736601200827747,MODERATE
10.88109459448363,39.77197898484349,138.1297878758942,0.21569424774023638,0.41215099890987705,17.59245698294751,0.5111626197270314,MODERATE
154.06373095957932,58.03043029726088,2.8757685470947614,0.4738985478734483,2.8324024994090093,8.858216133770757,0.3426391255675522,LOW
93.27408319183263,75.05012238582282,137.87028785568057,0.30542316704074746,6.558126912123447,6.3714593988528145,0.34024646826297983,LOW
499.2093253438419,51.1113747382381,16.200072095696022,0.798277469109873,19.142758464047514,12.00764207454846,0.6125169634194016,MODERATE
302.8766346571301,2.949357503201256,20.084366811565356,0.02917410915370322,19.947233666217606,8.197434676937759,0.37484047618862965,LOW
498.0739850708991,40.4764469160064,140.92552973206315,0.6624916943448286,6.200378311424651,10.476812281297509,0.5952995576586466,MODERATE
207.42273893546326,13.08396949449539,124.42438517627755,0.32322682614412757,21.743881513921124,2.8043464246151673,0.3914144920656813,LOW
31.56412513795053,4.774584487518785,101.58066015125819,0.48100458244838173,9.392449226607447,7.927650182187545,0.3095479258886266,LOW
847.8165421305197,48.28234013984516,147.88474949512465,0.32299497128906596,19.951298783599906,9.452680851018929,0.7634021262014585,HIGH
106.39422785820469,62.37683029832353,153.39496342313362,0.36479002725836407,11.671344185872373,1.7488086895397492,0.3636583222993537,LOW
122.90428568592796,3.8487838842159396,82.89469376247533,0.6743626387928471,17.815013958853495,19.889905131706687,0.5377213820151308,MODERATE
140.42667559402506,62.903552406276035,179.33746498276219,0.5954943334297503,8.90782673518358,0.755718517402344,0.4853421626457491,LOW
883.3361063540127,56.80464250510919,65.00680919540021,0.24408924569483648,1.7651639724288986,18.390312294726566,0.5748019358787919,MODERATE
559.7176137512965,60.40696416530054,31.699890225122886,0.04363762814762728,6.351288400288377,1.6039633039014944,0.28728983788591034,LOW
553.158057016427,20.333541444540337,152.4297833184606,0.8560218098530704,17.427227031968233,17.185952884281125,0.8409535930660529,HIGH
888.1613993514914,32.0940409839809,75.38708004112011,0.4923066816235303,22.948924881562537,10.964835538991522,0.6383120589649474,HIGH
88.71050465444274,10.460315349370298,157.53543756992195,0.6187302242491833,15.707289096469172,3.926697360923841,0.4817171063786356,LOW
877.3057943626374,19.872385068522853,11.948775663782323,0.48849927246395775,19.223837428308986,4.626567777525585,0.6053439697717241,MODERATE
191.5717004330964,24.920384046716975,20.87832795968885,0.61894020693306,0.3530852286421221,7.032167248348921,0.31862635866189865,LOW
564.5336381702116,26.235494523406103,8.208806359089278,0.626972471798573,19.001575977634733,15.880454478846964,0.6907258085152184,HIGH
383.8743731194846,14.828151159648133,108.75996189413141,0.015040536754404088,20.888437536372926,2.942924301850609,0.3477544294242239,LOW
351.7171139946886,15.908232047620325,149.90368841985344,0.5332591165996085,10.316281319889464,4.844628485326792,0.4530258073989444,LOW
838.8065623467216,72.21616158358066,73.07628026595225,0.5021079689040664,12.34728360024698,13.853558612469213,0.6954032656898403,HIGH
142.81267831182825,62.92759557043286,17.234485491113247,0.09581751628905644,1.3093271059594458,12.279826449897797,0.5036488170036126,MODERATE
897.3914198578568,28.21373857582355,67.85092011014066,0.7458818609963057,4.365891407903683,8.416491432413588,0.6451231960071238,HIGH
347.4213043714782,75.8638396189959,63.300257688811655,0.2358593695437743,1.4119290579332504,1.2107245757155227,0.36534413557843165,LOW
587.4096644608135,19.87489431059359,116.18147453277653,0.054525347753984654,18.28420836404692,11.169975785195481,0.601214935846151,MODERATE
871.4369910201906,33.138815822554,117.73514155454376,0.8031589740834093,19.996601102968043,4.584425274555106,0.7610829878502872,HIGH
61.264934837287555,65.26849960333108,19.441245387992197,0.8651317513122754,2.716671309581481,12.24200653919781,0.5141833711580569,MODERATE
831.3492830034196,35.988023246086506,76.2116431770694,0.24069475631502635,23.039900575427268,5.490318199876539,0.4935127814148576,MODERATE
515.3521329653655,19.535400509743532,116.010100300559,0.6875455169503578,20.98816653422569,19.60661924156152,0.736902978105975,HIGH
636.9132222899325,30.11430194209758,47.33615644501622,0.004950674062496829,14.407124316811023,11.81187940624093,0.5162448903916778,MODERATE
142.77392365885004,40.55696471759984,73.8673712885975,0.7211499583823048,24.457202627531245,11.426110934091229,0.6482530402724994,HIGH
484.7148134396187,50.03090630916665,110.85139276445838,0.46482044344064366,22.061691041315648,16.735367688319446,0.6440872329201539,HIGH
609.4272061054669,33.04291346694034,73.11385552283744,0.7924831064682994,5.5660445837254935,19.863295672425053,0.572207045857564,MODERATE
416.0601035750368,35.07304215847797,6.524113910236651,0.39303397266592677,23.850892173532298,15.583439855563439,0.4908022459358307,LOW
147.9368085143905,21.85154541131259,40.84826318188154,0.35107572752078164,11.073985099912234,11.877909919715432,0.41918107417839895,LOW
227.26597682616318,43.292436574975525,139.91848368932875,0.8407848751374708,3.8716477983680524,17.270495835255097,0.650645814136101,HIGH
770.4095839842137,18.337042467794163,45.48223009625549,0.03864669791516595,5.002243911328469,3.6241812808860296,0.301171218441631,LOW
40.67918362115887,69.53457123053799,147.37034884556593,0.18716498687641692,17.104863199069666,15.284587426147542,0.6885399396850344,HIGH
640.887249812323,60.041998551037814,84.57650080062648,0.4121288688875857,24.688960328812477,13.597977478636238,0.7370620575263485,HIGH
899.4571324979289,33.412040084720545,85.65288355831277,0.5963381613914404,11.131792360646871,11.26502161081088,0.6984318864586475,HIGH
16.65986653502229,60.03099991559497,138.92240254431664,0.005112513117040307,14.328368296417315,17.335123214488878,0.4892885559904562,LOW
153.33065770974653,1.5526794029404685,69.60953882984522,0.5751476946673746,7.505989721924661,14.193142765983016,0.4812127065923085,LOW
609.9884277948897,28.214648588749327,43.6880259952744,0.3784925396338005,21.136437948374606,14.334669210998914,0.6419784484173423,HIGH
63.391842780959955,35.783790703596296,19.800795432420536,0.6300020436999634,2.8788989085207746,18.194829226182126,0.5069319876599649,MODERATE
534.9130856317145,38.11408209611009,121.27186783420949,0.9069738395892294,14.556183828108162,13.988241242701186,0.681710208654449,HIGH
618.7600921693399,60.14978673911677,85.11971462292613,0.44087201162660006,14.655512108212868,5.108478295926067,0.5026968544291414,MODERATE
533.4502498215224,77.06178677737539,145.8838316453227,0.5545786432995715,0.02849345225160449,3.6725043125372725,0.4882541361699256,LOW
335.0143856887498,31.019773304981438,82.92377283480084,0.4627899184928572,23.514059671201583,10.263936519158523,0.600265101012593,MODERATE
630.5812434281087,28.6973881127021,75.25111084555651,0.11852200321160677,24.35855963442464,4.698243138690447,0.4822953377906862,LOW
538.9220409323002,49.230702899851295,54.494523049377975,0.7931129877471204,11.686835998444822,13.992716656106182,0.7393526716487459,HIGH
194.79708316358858,23.219035521134735,36.697589256324044,0.8851957205737913,18.14103956607856,16.85419169595637,0.5656078459705405,MODERATE
511.19063379074765,12.16667637139995,149.64821309207517,0.8114665812834796,21.217798541995283,5.836320174691436,0.7386195870577538,HIGH
794.8974232536455,76.9617287688837,18.042835399471176,0.947596574352075,2.9176245043623874,18.269488218087574,0.6366031870334071,HIGH
603.4816242645005,64.95286658791275,162.4808624799446,0.46802851779688437,2.1154724554465294,14.938072546231833,0.7369923259314239,HIGH
429.89444158052396,76.7214646889061,5.816738071485738,0.6523217555027389,17.232745497773866,19.76281823456991,0.7096275496053991,HIGH
296.2098515538115,18.208797416029416,94.48316800656532,0.1683416049881078,13.987307806410765,3.9740862806351562,0.3463959847127845,LOW
86.43872639943984,2.406927982603976,11.440812625044087,0.976808121180261,16.984841879985286,9.230941338072192,0.48239349892411243,LOW
227.71814815553554,35.54366448331041,140.5496747144243,0.5805540498739694,14.299912693044153,12.80615832746959,0.6265753498552556,HIGH
19.95621024732043,74.75510807633492,38.857877806581286,0.26166310810087956,18.159794317271842,15.25835103751901,0.5135883063749599,MODERATE
888.0970665972184,11.927701770868953,102.30014114633985,0.8053742783688825,3.8727314581215726,18.238653737753868,0.7706414753217721,HIGH
208.00920439457855,10.257656303933272,165.04385236377905,0.586491117208565,5.390453477335619,17.82540063858141,0.5873844747735735,MODERATE
735.2395889899817,6.447269955421523,117.21734947462429,0.9496749819688243,5.925579150764316,4.722438329752481,0.6318794318411599,HIGH
160.09394480643095,61.436421915626006,32.919273730330865,0.7699773790486449,10.413002467421967,8.449422355342167,0.530980761106371,MODERATE
262.4050231489608,63.08819617284958,143.60532060712723,0.8772648232111969,18.989008470382043,14.366097781098615,0.6973153603044167,HIGH
382.2668141132464,55.93470839741366,80.02484961869453,0.546650008875335,20.78492028362694,2.6462848630326152,0.5561356692944605,MODERATE
298.72104108602855,5.210055764664551,3.358636163353445,0.5173084253454471,10.032415121176355,19.18730476873397,0.3524485572184889,LOW
720.5322233562764,58.1397785294011,88.13092964930247,0.7573264712106715,15.05124449230006,14.939055326619092,0.7853197739256409,HIGH
862.3471331337266,36.44167586847329,146.4347572301379,0.10501397549535518,7.3794600116067866,16.576837676734822,0.7250977271391492,HIGH
789.0120904492552,13.473659332991792,77.96241591921674,0.054031591483562624,11.894422635853969,18.148887709017217,0.5554816665146373,MODERATE
146.68430158350333,24.314954828283565,136.75862103591865,0.9837022460713571,23.522763218901268,3.559037332756556,0.44747799489613405,LOW
701.2529219508683,40.590600354703916,127.28913333165853,0.9162955287067758,6.7321476632060895,8.442619735851299,0.6329265004948894,HIGH
141.6727528411932,27.042466309304803,82.78730480355297,0.9556609412449067,19.69859172887142,13.033395628473773,0.6688228989245184,HIGH
822.9091848402702,77.6101889125858,58.86758271955508,0.06236406349639578,1.0548553690734819,16.449222473058445,0.5112042538274513,MODERATE
470.9119323450348,38.50459759486874,131.05066027962596,0.26930141191004886,8.63107396146408,14.760088171592056,0.631083149719635,HIGH
309.379168370469,30.399890309919346,67.0363967751674,0.901542379194018,16.469531815796763,2.4306219994572165,0.45397397740857554,LOW
149.7526926274316,54.1800688884749,31.445592104428652,0.08947957687613262,19.400023964613215,12.913439132202933,0.4761774063366133,LOW
20.510088479314106,52.393059491617265,58.43448801350831,0.4514345121083978,14.804630303256369,5.88107379117046,0.43714638963220886,LOW
230.6728225781874,1.1927031520161262,157.95421553412064,0.34129135311177505,21.730553373146304,8.129956189015148,0.5590107762830192,MODERATE
823.4778563203676,49.859422165758694,51.72665107259202,0.8798504785006029,20.51964564708606,19.884597362828185,0.7859305527823853,HIGH
719.5633511222825,20.257749006753663,43.057935737207764,0.5180761323371474,15.43762583952818,3.141116228214418,0.5618033139428407,MODERATE
873.1163998981403,30.643457685445807,24.882192660770627,0.2903741822069038,8.703074956441847,2.0876106846342513,0.5379462308108901,MODERATE
99.67775379802201,56.8015623680527,10.876834177622598,0.5243011757880086,9.092762951223726,8.182882540285423,0.25002697721521094,LOW
537.0390817200458,45.033511459844966,175.82793140173405,0.11244620561216812,15.37742290300908,17.282561029662773,0.6558318628234461,HIGH
238.8639218873912,30.12375638825266,97.08305207964928,0.7312027325564641,16.413792366064587,3.2441654422857225,0.4028981034191575,LOW
493.2181181374426,14.2254177951328,131.60635845110485,0.6183375544599102,9.864669060632256,1.5990564991043188,0.4457889427826635,LOW
295.20484815147506,40.9330927925725,139.36224698949823,0.6007087810609352,9.937934835412293,8.376978685349727,0.5161919189934587,MODERATE
262.2843397165882,26.229915857069056,64.06474205496457,0.4378443530084093,4.419493066276569,12.645961483933341,0.41927209326770687,LOW
520.7223188018918,73.12129686423793,144.00415791885857,0.29424415309399077,0.0071880696625226115,3.093850195588135,0.49210263381921093,MODERATE
173.15316406389087,43.213384582835005,173.10567975118872,0.06538065273452143,11.537288074588773,16.09177698049408,0.5710190693020442,MODERATE
427.528758905184,69.41115553946258,133.77537119305563,0.9470325041280537,20.771031283677033,16.91831779733001,0.8503587669010826,HIGH
589.222915889191,31.824301250197394,128.40022967263744,0.4165539215589015,19.163531284132453,10.451918517249814,0.7068583070766904,HIGH
124.08204513269561,66.36753593924888,78.3698477981816,0.4959217039488859,24.848508452262376,0.6092771490880922,0.40125006112760037,LOW
838.2289010804446,5.466415271594212,151.59630251977427,0.3757667547931014,16.735144483899177,10.32204561040773,0.7446863950003424,HIGH
460.0949825141711,24.55140301987318,16.90189014707959,0.9878773506736778,5.847824650971292,4.283644941101096,0.26415854194550326,LOW
739.3798949770646,7.175898710531252,135.1933844913088,0.7961720106186995,16.933720045637234,8.921940167447712,0.8067582936912586,HIGH
591.9758332527464,3.5003642764750387,65.79684404357144,0.09576022478136914,20.71196981492381,15.194744567330353,0.6257752023611314,HIGH
641.9008376880655,73.5901173805264,102.30933092780465,0.6081750647072628,16.024925258700033,1.0883772100736389,0.6671799767435765,HIGH
647.3565374836259,57.63263080757471,160.84051481156786,0.48463457365243723,12.043105515196942,0.0030405881010908686,0.7356553797464688,HIGH
788.8389083847106,50.38369509300918,109.29850123185106,0.7933520352196407,15.462811945500162,2.668981670267856,0.591800329184724,MODERATE
556.1088371917624,43.066931943534804,5.5790939348814375,0.9973160121568533,0.645065261429173,0.907386474588765,0.4823180135153089,LOW
257.6132650320368,45.99476886113052,130.34626734863423,0.744306740602412,6.627812679109785,5.208401555225666,0.5328513298296549,MODERATE
98.56358215025688,51.45654012952983,167.29538661045143,0.8649288208049933,3.9434323761151466,8.08536112586239,0.5594887519336372,MODERATE
549.563051310626,66.29980378446815,115.92013821059011,0.5026355023558151,10.33538588666851,15.59416961282693,0.6172638152938263,HIGH
69.05399535581714,48.154195907846734,155.19419386526368,0.37359799036096353,22.325913464319864,0.6065445737223452,0.5027132985053071,MODERATE
224.7511720036819,60.13788028575971,148.72794020620626,0.6432796815053643,4.698736891006183,7.019803081454232,0.562220788927399,MODERATE
64.02939429570142,23.197266094549057,155.17131865412927,0.7494184137360973,1.774615255305481,18.588880428754248,0.47715402024395404,LOW
498.5099542158447,78.1641772875013,62.593972081917194,0.22753393320403048,19.423048493227693,11.527603341508744,0.5947483505124832,MODERATE
152.70093119915254,3.519879466525285,85.87527135245392,0.5033874798597817,21.697575490418732,16.535268706920302,0.45331486845925617,LOW
553.2625142957912,31.539551026907922,152.79799740032195,0.11379098679086519,13.284870475806104,9.670281928007334,0.5420183142311236,MODERATE
713.8699664683081,70.6819145687926,163.96134491273048,0.2163528132792344,9.414164295478333,1.9448043562002382,0.6268775360729507,HIGH
741.4738414869576,15.261314052209023,27.284628367494612,0.8818588901432304,10.763374302458406,3.7387822627889578,0.5991456152713942,MODERATE
285.4937222424884,12.165709341758978,33.494295946875624,0.14473198263072629,16.474792843906027,15.161646688778532,0.4767472419374307,LOW
498.5695340981014,29.869030585093167,63.08249840983325,0.811348251802212,20.78128706332541,17.28215050283385,0.762592923350179,HIGH
511.0795764768595,34.827381340829376,138.88331124410507,0.37259574325304046,4.736010736266391,9.350836249210033,0.5919780813931012,MODERATE
430.86959211720824,74.7381307922765,157.62162714916317,0.6635213755437992,22.556458400677855,9.849132493420687,0.7047884170034057,HIGH
593.0513633680407,67.05344324199686,104.86298531119881,0.9103263716424052,16.43475190147318,9.002445819907397,0.7750266230924545,HIGH
196.97754020294488,37.66308137755062,21.275003395388346,0.7808986800827582,18.457263677249784,0.367262252254017,0.49883165984372935,MODERATE
881.5264832322468,77.86503296964663,55.37093316412271,0.8259411197984569,2.1728067013066927,1.9101968534793023,0.5027476189035375,MODERATE
97.29104611092987,51.739993928566086,154.40711815949606,0.261149070103343,22.958617332581056,19.837761518074746,0.5306801806930793,MODERATE
748.0068156707761,70.01903982656941,63.21234111033267,0.36167460362704995,13.204864677650491,0.8402726889963841,0.45134096745442664,LOW
538.7454283865571,20.43850145845921,19.402496513001832,0.7327920205396589,9.052677792514052,6.979381145914363,0.37087984575879773,LOW
227.92072500240715,39.62816186969864,55.070255434241005,0.7772345866212858,9.973433661768293,13.813724790801743,0.48580809062930896,LOW
673.6507505876668,3.34765985515823,145.40043706166568,0.7900522676008784,7.325850776823733,8.49661888124053,0.5928021560142747,MODERATE
85.18799715259404,1.7015352680494586,89.33283641042647,0.7401079814042882,4.074310662653103,19.653276197052833,0.5336703600492047,MODERATE
699.2318726594169,56.7308044542177,31.7115268234395,0.2316226112425449,0.8664720617945931,0.6547737926799102,0.34147684672850637,LOW
535.0868477962821,10.345196174782457,56.961194691808906,0.289086640155928,6.610204126533476,17.491179195345026,0.379960363367227,LOW
108.56778337279742,44.27685073175459,171.6910490615755,0.9420410075640557,12.415292723467406,2.694885413263255,0.5705106663341664,MODERATE
80.7599511522095,55.98459109459158,78.32039036965413,0.5538603817453274,16.66901546865484,4.096441817202148,0.45807556546419526,LOW
678.2443367584516,3.5465323121415016,80.04626661029066,0.7544504012773732,18.33366260723016,10.566075635815832,0.6097086738177749,MODERATE
270.71295678841506,36.45057053250888,28.399458765914176,0.5991956795594215,14.890102017472284,17.429093484792006,0.5058496861965709,MODERATE
801.4786471828199,55.04800302188134,55.51522052595698,0.9245018652468179,2.901553916592797,8.28162136775652,0.7094838668218068,HIGH
688.2449887168567,71.28874804053315,146.8288177962683,0.8687818180963168,10.78871430100179,5.871477581495686,0.6548527011558287,HIGH
631.3893177987673,24.63917794753086,141.72961641818412,0.2613747913556239,16.685140031672518,8.03344011835449,0.5050209548734175,MODERATE
257.9593868437713,77.96310584506209,78.95428501080563,0.8847094719558888,18.579392427269827,1.8868665218779612,0.6092973477474694,MODERATE
640.96062192924,67.71877847311609,160.9637549261253,0.30003935878031307,8.11267070816441,16.76468647433117,0.6509315010185361,HIGH
853.8514392182022,52.400170694466496,69.0663461542452,0.44098045143066167,23.211033711726405,18.304301978783414,0.8600857450682176,HIGH
91.48825258980634,31.962115072444362,155.7149947881262,0.851233578118903,19.88453833280685,13.51549343897415,0.6723727528036917,HIGH
300.2847513831738,57.17771971976039,6.650233554661779,0.3240190753390071,21.293273270900706,8.893392547977943,0.477860973458841,LOW
218.85831626081878,65.47926825655792,63.154221951118224,0.2907719181874995,16.663624779254963,12.283015954776278,0.5733034164183652,MODERATE
359.99261961659334,24.960690116038027,154.05725756555051,0.66865684939592,10.344011904628514,11.037336147559003,0.5067044364840336,MODERATE
670.6760628200122,79.43357512765532,162.33441150390473,0.999676362413976,23.354212780480193,1.031103049657549,0.8051566884113381,HIGH
432.075897468594,72.78093021061648,136.39990337844844,0.13105698109144814,22.536130104132564,7.88842665704485,0.5820782392292124,MODERATE
517.9502394470192,39.35461378709089,120.90598122433042,0.701060646519703,20.71188482437315,13.136573656183216,0.8045661444711115,HIGH
289.59785038972467,58.10356334625622,146.97537879375156,0.5269553879052183,22.27817821612021,16.95598157458242,0.6858152033928971,HIGH
135.74744770751948,42.39670267488377,127.65291569176115,0.4106174903087034,22.91527003077811,7.17945991222706,0.5481924088491036,MODERATE
247.5709475545784,61.11351362356507,46.505550849266925,0.7498587497078161,18.658931643165182,16.385442229671334,0.6293530361072325,HIGH
775.1154681053684,66.33159410636053,84.45640522438066,0.5548363294096091,5.008404769446462,15.138319122906099,0.7096136641838913,HIGH
546.1510963165352,2.8345818574063593,119.26619462162256,0.797811148041396,13.463681803837838,18.586202744604226,0.6616884180959354,HIGH
346.409919145538,7.251430346351291,106.21669352417648,0.7438539447490832,15.399849219752726,19.78861749397516,0.6385216085423352,HIGH
713.016323744673,27.580925854261434,159.4324716750278,0.9851189839346282,19.334336322539194,0.834645123439266,0.8372216354553035,HIGH
67.3671148848688,73.49147697795561,85.81819062942128,0.8108658485300462,12.378680741289868,8.749413966495228,0.5287099215764619,MODERATE
235.96306825092327,32.46361306832779,32.859740666153925,0.06679979742859687,12.821778522037489,15.471203844681396,0.4321027419222738,LOW
214.79180711103194,71.11346500095202,39.41018469690581,0.7795792955441254,24.889125352119674,16.4633312744488,0.7884494858594457,HIGH
886.9744603297177,37.53227909790848,152.44412403581305,0.6497032202079509,11.305131061167737,1.6570844592727596,0.6982279737144533,HIGH
638.4277383295566,23.819380704614296,2.561050805937054,0.08979035022694515,3.2502459973998645,12.131811963761512,0.22611961541217365,LOW
559.8294833858132,72.15096946193712,156.57433479743324,0.6054892285180937,17.742095108027065,17.969051324135485,0.7599767074315115,HIGH
14.43661911208088,45.292990744575526,10.950267323113271,0.7508036005675395,9.063541500949182,4.541181424606573,0.2815222700197556,LOW
174.03590185997305,29.478259307373264,71.10686578800357,0.19719451324438886,6.213473674097453,6.9471814446088676,0.3763887037664102,LOW
575.6317507460396,4.508153286597527,144.2315447127676,0.43491164797357673,15.71154918000188,7.896959044093741,0.5798086127750174,MODERATE
347.9502005686825,9.763717463409687,73.96315245120942,0.5424862882439079,23.859191803873625,7.890755062580011,0.5820639341153918,MODERATE
832.6095414743642,12.00551588368091,148.2003254826754,0.4131527185958397,7.820221377899003,11.234125385944422,0.6753517856328273,HIGH
690.6045550361646,29.822066942437896,18.95349138011518,0.8760048029512743,9.306781177009432,1.2161285069456018,0.542099405844669,MODERATE
408.17182479566674,48.97930350380317,92.56605853189838,0.16890320542356285,11.637250938484591,15.583795487046402,0.4781545666048272,LOW
677.0683300090607,25.29961903933246,105.26284922182265,0.7715555525568549,17.199861404001894,2.4575415893785735,0.6619279227189147,HIGH
878.1098482053371,6.176683067419216,160.46547890546617,0.778091192538066,9.898721314716004,16.26631932046323,0.8508229561774274,HIGH
420.27293398430885,21.91989024806937,17.75823173471561,0.44802996089265923,10.627244226179677,0.3418872263615391,0.24964086297227236,LOW
581.8480402207947,33.285850421069206,61.60952266565657,0.5394779919009797,17.522634945717446,15.740519621344433,0.638895623141902,HIGH
827.6115074045526,79.38932436511399,119.0233089865341,0.1535624493129525,24.628377176865964,7.105342401733619,0.7075781838461854,HIGH
231.3204492121942,32.04596547532415,176.4074846529539,0.195157572120654,7.912601738256389,13.117165761318372,0.49907828354354333,MODERATE
799.0365431629878,8.046438081048073,152.84110398845638,0.5316648121021177,14.633186895410358,3.583440468003183,0.7096046586528799,HIGH
96.81478902795456,46.90807034344074,152.52261604356423,0.22468078293349159,19.860104713510548,10.740192431732572,0.5983916122884825,MODERATE
587.1188718230054,73.65156573747689,93.57567276703708,0.8064653846285895,5.303198496599082,5.982227255925833,0.6317260638701062,HIGH
706.7259579996481,63.14896021007826,102.00954285348318,0.6162180833820243,20.457978607229602,0.07849335306014948,0.7091374040450248,HIGH
556.9995351346593,67.0612464257917,154.6858368404367,0.05657867840440334,8.873265794874527,14.502820296530722,0.6638027669112917,HIGH
451.0259756957633,74.3303118920841,156.66297993995997,0.35787666833830833,2.775573247622426,2.6235177604514437,0.4885461382464602,LOW
559.4389189338606,51.286936767457505,144.607147219508,0.8584259313682444,0.6225685096836131,18.79408432669273,0.6808378320045848,HIGH
144.98070081370568,79.59889572162639,147.52425825803903,0.27744404803362055,0.8271711222120531,10.874490079328025,0.5151357221022974,MODERATE
201.85793219389433,3.629244020492414,158.4537447611579,0.7197178887491729,19.941059537369547,0.033486327557759044,0.457867563463514,LOW
250.21041612114433,66.95233441534141,21.366965665455435,0.09380013799603659,16.873465632483608,18.898459807634428,0.477500231372072,LOW
542.0236131607339,68.70384289225868,53.38244846598979,0.9305336539493747,19.837253187630708,2.655673984180338,0.5865732837068068,MODERATE
403.2919556331127,73.41933087019524,175.72432257769574,0.4493456813337937,18.82369542975618,16.678823609974863,0.7799713378300285,HIGH
227.58349981239718,38.775387153232074,98.51493263355513,0.4915656355917494,9.52438342473562,6.585556769411928,0.5319600579718317,MODERATE
795.7003056086763,63.2327179660274,32.58703094746287,0.5698301312291696,23.325463647674592,11.361240609606062,0.6612461931027048,HIGH
342.79043786096884,16.411351530573207,91.04695834271537,0.363432339600125,21.94863941800366,16.714505073046702,0.5711182596455888,MODERATE
406.9682301146031,48.64728778907893,116.59536737934285,0.7252853012017616,8.708790755937738,1.0031631995520862,0.4952561674108766,MODERATE
374.6339581286052,29.332967036713452,149.25173512484065,0.01458356570631092,19.323525258363542,13.601160127468379,0.6440752725348002,HIGH
171.92923019630985,48.09771840229606,146.37963395820074,0.1622042676448776,20.491454603873237,2.9716471342330553,0.5684913490734376,MODERATE
661.1480437329077,54.36928006550572,9.814227306502584,0.18882091761012698,12.211609860481538,14.327918541907874,0.5164884970595662,MODERATE
409.1278534192836,28.41842467294813,82.18097266806109,0.6353401839327967,3.010472914280557,3.2140801649771134,0.23240560611188107,LOW
24.468827804519417,18.082825644926885,4.6818610574744515,0.8906008145754618,8.351420494728742,0.43887331548799535,0.3555046102642231,LOW
867.9721951002193,26.413344799887444,159.9799461362589,0.06363974148133322,24.72028198250523,3.108762671344709,0.6165779367423874,MODERATE
736.0296143199182,53.45262236348796,32.129187517833856,0.8524585999724518,17.89838438198078,12.514755764192442,0.7457056393911192,HIGH
653.9678251417049,54.47306446015203,112.8525704350073,0.81951359575253,19.367771973849486,19.7145358423021,0.8909289688495287,HIGH
783.4917647614908,59.56403794590381,103.14068845919165,0.07662566216197997,22.79810778870158,19.402439827605654,0.6999324647719218,HIGH
817.0584557089397,10.996392077243772,112.96976880107296,0.14322842377891887,5.069071892182661,14.913825109177491,0.5220581599370426,MODERATE
310.3658386821504,65.66287383010247,101.85157548682204,0.35004532423048584,24.21010076814936,16.491609114146932,0.6313425727064436,HIGH
553.7532237908617,55.36367632173548,129.09037324862277,0.11466961435509515,12.953550193957684,17.479290591316275,0.6650004694756582,HIGH
551.8389501929788,3.4099010585604947,113.07368391814683,0.7582861351004835,18.61696323253455,10.567075268094746,0.7121581516303019,HIGH
247.8967052414313,27.51223010536901,17.163744171975754,0.5040693137644878,7.955258199702156,4.572049814465469,0.43176191500415495,LOW
207.53750378788982,37.87018921661169,66.6514632303318,0.4107646082865203,8.235173109106423,13.221914728709347,0.4841540838549644,LOW
111.37745678892966,29.48878174055837,98.84022503230267,0.7249476252597914,8.989993213417636,2.831856990885533,0.4090482393414197,LOW
596.789634365643,10.275934168464635,59.21033923577371,0.2928953730642664,8.70147199394643,16.64721320582243,0.5587624302771453,MODERATE
705.0179020173941,17.380356475895557,137.09922838043224,0.8715314151146606,1.5625799176075454,8.241820630399266,0.5598332499565699,MODERATE
687.2481517701334,2.9403501979004707,57.903690994843544,0.6539667386808083,7.739357885104922,5.329835517141954,0.5690753280441492,MODERATE
291.4850856946272,8.353095746852464,149.33446720024406,0.34650531204522517,16.184518029901163,16.869160096936394,0.5925314318519558,MODERATE
192.68126691402998,22.037709300239037,27.26533605568559,0.5398726903215298,22.549323602155418,2.22385031412496,0.38066388993330924,LOW
413.71661882461353,65.77765098522272,138.7212691324716,0.2594484760943917,1.0416334541298033,19.496528162690176,0.49808041141735115,MODERATE
496.6639796140544,42.60436328503882,33.840313900548814,0.9849807407616681,0.41570888528157657,19.00823634960974,0.6219175259114618,HIGH
827.9875438920146,34.53533336459737,95.51473519377707,0.43560432664237847,14.80997787097921,12.175761524029927,0.6718117040915524,HIGH
788.5926073039082,53.31087257272537,58.37386276054216,0.8967741526853759,17.491857360112263,14.242545823276034,0.7999002572841828,HIGH
825.2919148586267,43.77933426567541,115.08286403989008,0.9780204572746732,15.205963443708784,0.742988677553369,0.6197752592251101,HIGH
766.7335227710219,11.389600213694472,39.08053336164593,0.5357924599738996,24.326083585182833,8.741660657557933,0.5762277307110872,MODERATE
868.477271948317,18.587245742110976,143.37834226998876,0.7299955700970153,5.721706714552973,17.692332412084852,0.7053251217889208,HIGH
424.2949974804611,18.579266518258002,103.6715120795928,0.5722467869412083,12.031119559288864,0.23044309308953626,0.4772313987569664,LOW
52.25141271545399,48.39624849637503,172.3518945825887,0.09156763278072177,22.89754998651197,5.812398549851943,0.45464628341063246,LOW
84.37020861214563,37.46832492895837,128.40688887592728,0.9524180526173541,15.43743190003903,7.076813221431843,0.43092560840339944,LOW
357.3457661773854,31.619219942307442,109.72380157108192,0.4566364510152646,14.428049126133496,13.501592753245863,0.5651341565023693,MODERATE
239.34151123296758,44.97449465766125,149.4194055898951,0.8940631235615295,23.32104137367047,14.096779614645246,0.6692168300601119,HIGH
161.24712631134992,77.63914707682201,40.323179629358016,0.6556053459385618,8.472570267932007,1.3037923446699429,0.32744719315040605,LOW
858.3513593126972,25.821283028414268,114.26090049473785,0.10519089103411894,3.9293958088660403,4.350305863863162,0.5350701521618109,MODERATE
183.923433685454,42.095439257047865,70.88228907747845,0.4170529709663131,3.23077224497417,16.50994599534839,0.3452404442698118,LOW
863.8475523605556,38.94923123588514,134.13858526721245,0.19584815469581973,20.546807372506436,3.8363550062694274,0.6692380697731309,HIGH
687.1465678858743,57.61479950792174,5.380024298936589,0.16985986448755985,21.423709738516987,5.73067669756381,0.4911946332195399,LOW
580.4416481914488,58.69293117065037,77.56046527831762,0.7150887436833941,5.846958564579779,3.2448863874136835,0.5038553837942079,MODERATE
611.6568744795467,58.596586991630204,117.65464042809253,0.030019987321461605,11.426783622075948,15.086327703492902,0.5575467075847126,MODERATE
305.01214805662033,16.920046815160838,83.45444122314669,0.9661405688939793,14.621293388160183,0.5421291659485483,0.5185652707170811,MODERATE
585.3200638718712,36.47835777253383,43.596915632761416,0.44992337594608434,3.4758524821336816,6.038260538946087,0.45916575107520086,LOW
176.1559852703261,65.08280059130186,84.11851605061902,0.48975768105873185,21.220265483278197,10.646302895555767,0.48089804669504915,LOW
844.5578349570218,31.140883472710858,153.10427006262518,0.29942889597115463,10.471956390588954,0.12040850597331287,0.6304993938967571,HIGH
278.59607256492825,78.75615426590439,38.02418409636565,0.08561607281242811,21.586843848188565,19.079722269241465,0.45652261089563806,LOW
237.11599594125252,29.818152601583733,66.72381728970613,0.5882426783615048,19.00191638008117,17.385783070535084,0.6116491499891766,MODERATE
642.9348903928002,40.31567936001549,178.27005834852284,0.34475449850542794,7.3738568756101825,12.94632463771091,0.5674838012174592,MODERATE
594.2393590789019,38.4875219894012,164.39427323139043,0.6240726160444169,17.914355408200088,8.782616739030072,0.6883503288806142,HIGH
411.65603732554166,35.25944039507016,7.080333240671365,0.5557698078073537,18.517625859712656,3.106138169351027,0.37741759450486156,LOW
572.8771488747998,67.80487809725011,95.92942220076058,0.21691084680939465,7.781576908875431,11.072786936276618,0.5258636081599374,MODERATE
151.94883386716197,13.26674376629307,12.708931805771151,0.4616539224076285,6.343389751792458,4.784159447811858,0.25007950137766216,LOW
609.26219358774,45.84551180670466,166.37898133473024,0.3080630093895853,20.58569468886244,12.760347249191632,0.6553281726443094,HIGH
250.84351872372255,49.86952461107847,80.03653937062052,0.23972408122616462,16.94832601746083,2.91172184544664,0.4515172067544043,LOW
252.824019242047,68.2464833374803,75.90022370311229,0.7697043592969022,18.489330808433717,14.342385042633715,0.7045004406206166,HIGH
154.34014209996826,49.12681263416257,49.857339699236604,0.011906591999208294,7.826381335736688,6.458103163736821,0.45995008818380234,LOW
305.8156501821865,76.84160747523467,102.81859749019554,0.26888285862512495,18.05485059232036,10.039634458133635,0.6277641344471385,HIGH
304.81344367708203,69.90124926861338,26.95477141581731,0.5310856836719877,17.857664240723988,3.2365121561136134,0.549433233958258,MODERATE
414.21932041501964,28.550455919865787,144.01294509586293,0.47614598843045786,8.331873282269836,5.125536561572332,0.40229934029617265,LOW
179.47335915305104,68.93260917797592,88.92665172753847,0.9401653269195618,6.7615012954819145,9.004235207331062,0.4469432499835573,LOW
181.77670718130202,76.719747313383,102.39685754523472,0.843657481257244,10.784871330050821,9.163625782834828,0.5731693964765314,MODERATE
492.14732878027326,21.31857729304232,151.50404983015918,0.7516026271882577,18.4773050437025,19.995555795924748,0.8598036203330356,HIGH
124.70089015672288,49.20649572648827,34.14163052540587,0.5140781332703593,4.83968692078785,6.708429051911493,0.5032859863117759,MODERATE
623.1183371100633,23.262509075028706,32.35777012823871,0.42890673238413235,21.856560045888386,1.6875566519365326,0.4448037877144438,LOW
850.1129420177109,52.315815047495185,76.32349944370246,0.036569568578795564,6.381900552042791,10.484372358716598,0.5097486266708149,MODERATE
389.84810328129663,8.39778155921473,141.7169551738335,0.8216682496388189,20.990842515925028,6.436514764542016,0.6685686326452828,HIGH
811.9837287041023,59.000853727655546,11.479654080106156,0.43071290416211205,3.895238982400784,17.555533175783577,0.5747958421715348,MODERATE
97.50176610201935,34.165766459032085,143.33546649787547,0.3209673917226561,18.48601738867327,4.205963497881942,0.46025167539180006,LOW
48.232288364323665,47.3972671154385,90.63543025293396,0.6066343799442816,14.034873063462602,17.113261626493255,0.5968737383963274,MODERATE
652.0183009873175,3.043129799356353,101.5556575407322,0.7541378188997427,16.53647468504754,13.271545966591622,0.8469216364227728,HIGH
687.3091999535319,55.939874961615935,102.025082951972,0.5230513205327358,24.353414904999333,3.7597891896208613,0.7447275362121137,HIGH
760.3218344595186,40.18331697668423,11.05396262343192,0.14958317547539168,1.3139469667523467,8.104943217331966,0.5089948976868515,MODERATE
60.56773377598346,50.39482960733952,45.70897279154792,0.9216464707040448,3.7281743259586775,9.848650401600887,0.34560221272456026,LOW
701.4472789115791,25.93776981771775,136.1982438211309,0.11284948992637966,1.977120057556017,10.435981140576175,0.5683414208734027,MODERATE
345.1194721889578,12.519793700291737,74.79599338858178,0.9695716314967437,12.990923983692207,7.941898221835335,0.49931030104191354,MODERATE
279.97049308715674,35.398886417695216,101.3325398230819,0.44247710193066425,20.070181093758592,11.692556229901536,0.6892475575977535,HIGH
163.99128999553426,75.5743505816227,170.13148334275192,0.9466231942262746,1.3706197741949895,14.33482631745706,0.7170982073803831,HIGH
896.4540220412491,18.99572810565062,9.282646528807662,0.914649759737926,19.485167063184697,10.12367606683027,0.7409281167583639,HIGH
66.66059449378862,54.39128195078488,81.49278545561374,0.4062672654902636,10.826395585487097,12.048662137893835,0.427868894305984,LOW
746.0371330011195,4.93763997872877,65.66806977977376,0.8000252905254005,23.53571632445341,17.191906618036956,0.699153938471179,HIGH
579.1500475865695,57.729883036087344,20.054447288858672,0.08977253182676559,9.567402997562716,9.955036183965358,0.4321772100489486,LOW
664.2215953930618,19.836537757317952,171.19218842800385,0.08273426927180005,24.61494870608566,8.325984509039287,0.6515819830620236,HIGH
643.4282367303988,36.669847758117264,173.10126656498926,0.3559566037213562,13.913038642851062,4.95501780982768,0.6279984042295071,HIGH
774.0066917151324,30.05249494698715,56.75637959990384,0.6097851001431684,24.749829430972692,2.627297951107539,0.6918400534125129,HIGH
173.57494217193639,9.914387122071084,170.4622733133451,0.009321069819484995,15.797148795986649,5.845141460703882,0.4871692245770368,LOW
10.733908982869986,28.30097424843028,7.296075603647123,0.5151751250097514,8.6583946022777,8.123272890281266,0.25574390971631156,LOW
542.6903552485069,28.65987170516166,176.58038227018017,0.97564690374854,20.08521712656394,15.285153850422784,0.862733237770744,HIGH
324.9341889977672,42.246345483350375,150.63183093715094,0.8584454286001958,12.17400319147767,4.348575769779508,0.6392908924439316,HIGH
120.17072469425254,77.81577110225899,39.36510952520729,0.23247061975224914,7.7201999413697795,14.042921419130769,0.40978298853982004,LOW
175.6634911527726,38.131384278339794,108.31894055429133,0.5280687619300749,11.958385099633267,1.5806780135086895,0.4852312473114636,LOW
305.25688808870837,73.23966629497808,143.89558586410521,0.17140876911667802,21.797814846992132,3.167824652641258,0.5688079708840027,MODERATE
72.50770008916587,37.46305502644187,58.154514557392446,0.26326014736299885,18.30768464028396,6.526571027087364,0.3602270585109002,LOW
60.65274989432126,9.495920769120218,64.3215707846165,0.9230008384772747,4.3442204173646415,9.396439271651698,0.398562276874531,LOW
825.2633668008752,19.182078726799276,113.58612683113387,0.9977781347610138,20.964945929502676,3.6185681400815017,0.7252566368773167,HIGH
287.7714469247896,33.19389640855042,27.329835117085377,0.24256098811784677,10.785464351885649,2.2406187736343774,0.2657518142762407,LOW
884.1853207514906,26.704133064644594,22.15969914031114,0.21206787300786767,2.0717123678479443,11.316509265349676,0.462920379105101,LOW
868.2866374140559,69.40051371506684,45.71514478337696,0.3838593243415741,3.679302638426249,8.239758644549438,0.4807802068667665,LOW
136.88844127113128,54.61300257352756,133.6854944171186,0.44585642235204503,1.65409317453227,8.317846589388097,0.4735436049318459,LOW
646.2826295776099,46.6863677015752,66.62126152766864,0.08924866763088812,16.914695088313024,6.1589337888529805,0.6032810297039991,MODERATE
544.7163513230915,39.80713454769855,91.81712167567119,0.147708663937394,6.439118365145083,7.42495067843975,0.4551284625366032,LOW
624.6758950635867,32.38437884483628,35.98564966854835,0.4248272674236111,2.408725068037115,3.6814919276662406,0.44926710730891223,LOW
95.60999001288255,49.363202746728895,35.74491445557337,0.23542056806648315,9.14174139272332,5.411676713390968,0.3219990682159982,LOW
177.81846998475666,10.843966070106099,117.43077540303098,0.8449347694783974,21.674153268956694,10.845458348599006,0.5479261913084612,MODERATE
78.20840869128453,13.840121869135547,20.399170084453225,0.7515465621428125,15.71820140861947,10.445836998415533,0.5569109144848002,MODERATE
547.6794426431934,24.946191918339295,120.5434901717367,0.5363384308807269,12.15568598286312,18.11854829458761,0.5078349047361795,MODERATE
888.0660575056911,14.523584700424879,72.72563157045421,0.4326293190684014,18.32986651687661,16.65079837347243,0.7028171153832378,HIGH
608.0662385155679,54.49079880296052,121.15749353755498,0.8309878032139912,1.8973759844717804,0.14202858228949955,0.5060610644381834,MODERATE
642.5777661695174,2.9566973910933783,69.32957638577247,0.16599534357395618,22.069292721156955,4.59527829146948,0.5656488006190005,MODERATE
886.2806869735201,13.654021841673257,152.44334087326018,0.8873878588674325,4.443404782935251,17.753903836784563,0.7773201744276731,HIGH
613.4302832128985,72.30604065040546,10.944554289602102,0.0490773833685646,0.5345406621448501,6.29506457398457,0.5007958075003289,MODERATE
45.76159963933859,79.80590870954487,160.90021881437966,0.9233944617888292,9.059010082473353,9.55411299530072,0.6122400844050101,MODERATE
781.6349847623719,39.51964774841935,49.09035072561905,0.13881005236448785,1.4611834348507076,13.49969852142096,0.446574584158388,LOW
334.5636784371287,40.1342357687189,8.615055583821214,0.8120990440371688,4.17697017067519,10.867142920945538,0.3624337814826452,LOW
13.883623148096675,62.098502216757616,101.67039151691067,0.01804507839428038,18.47496555848884,0.0973594151478685,0.41482949420846515,LOW
461.4384180291303,3.85897663202543,41.15940723821625,0.8150781704084231,10.11832703438293,4.13126930915539,0.3978892509506529,LOW
843.9433507798747,34.73469707017727,83.19735904995743,0.5840707731398851,0.17247094483978098,2.0087934682122865,0.47387254003092677,LOW
239.02431160353504,8.886402663381826,144.61424288511654,0.019034250925496266,16.093931015933745,3.352905147032512,0.45339763508348463,LOW
447.4467240170275,32.673184229862386,142.68687017391917,0.7742097595242466,17.677777630537033,2.9473738570170416,0.6937657153750902,HIGH
164.66143012632776,78.72192544918111,108.46902531473123,0.10155730104748528,22.549087067988165,12.455576331899872,0.5096387532113404,MODERATE
61.34647778313169,60.53702918346553,176.03907164971886,0.5399054259028981,3.865065257562672,8.131292656369755,0.4570171416183767,LOW
81.68500257467073,78.81862417913221,84.01144604903342,0.3320039404371594,21.42914344227939,1.3310256454088432,0.3296305214313298,LOW
657.0397063056063,59.93784142797753,8.050521873511588,0.7591682612979886,17.717698728799018,1.6458085152025759,0.45689479087717005,LOW
779.0262789605126,49.04069567272048,147.67710181607478,0.8532215716726503,14.090569759559349,19.007128010025095,0.9044284920462992,HIGH
137.53596693471707,60.58344580125223,40.61160274017807,0.46427670100288854,6.544249585312131,3.0952393997755623,0.4017603658388659,LOW
266.60352535131716,53.06824216470779,32.54674681046738,0.7579402135569584,11.446068324177503,5.076802101861732,0.500055982997707,MODERATE
183.5762262038963,37.66121636225076,13.531776032001993,0.9166249324370497,4.95676345482069,11.485898524283467,0.47069996143032605,LOW
33.901641464520864,24.11116038641159,59.694089911316354,0.6892005374743148,17.94236006595241,3.742116873400474,0.3761668914814073,LOW
502.5539191994154,42.094066687414035,59.38245510269963,0.3219904860941518,17.58974498247629,3.9505878488062596,0.5843276742890422,MODERATE
632.9307314225064,21.42098443821301,55.19610422199497,0.4633120795557011,4.788247765133089,1.4517531717105392,0.2917739909119168,LOW
586.6109579877127,39.44743136892948,107.18153621859327,0.22999774013396668,6.315417428546261,19.616422936367066,0.5409460876265383,MODERATE
355.3676570990004,12.544697067765792,135.52604830973092,0.4584083396092091,22.52779574277824,12.121010617104078,0.6215113950949556,HIGH
503.95911888651574,45.66621281863323,168.8602426378737,0.24589047905749795,11.79212150017808,10.594879358266581,0.6008927659255172,MODERATE
93.74838290623997,20.377411574156277,17.834964083746417,0.8072497248574588,13.777929817494261,17.773411551081416,0.4908724444130386,LOW
147.33030966318915,24.195040211384004,27.918348015378307,0.6099174272638085,23.965632545703077,11.888503293169212,0.4663242454435265,LOW
839.2972114021552,40.423223200808685,106.58180938389754,0.6332459857194666,5.17559527847388,5.2616652825378,0.6430580917185761,HIGH
687.7418955597082,13.83957398870488,18.566271304029602,0.11026328847084743,15.678255458705634,9.445166040272053,0.3818993721368015,LOW
831.2377952843989,77.0280108072376,67.36680694684806,0.0014603075486518957,19.35037387599001,9.55157355887252,0.6161302591914811,MODERATE
825.8454532044368,36.308600916037214,112.7948492677406,0.7891866348975528,7.985991799195075,7.961591757697626,0.711635347384618,HIGH
587.9594292258892,28.830059140513335,140.71756073495624,0.5423064157282756,7.720420050439561,15.072609811454186,0.6382947235639664,HIGH
836.132396819827,3.306531802313893,39.950272454987655,0.9315533748414849,22.42048272141428,2.1936559395880417,0.6217384235279138,HIGH
380.86665174339225,67.6170946858664,120.56941597336511,0.5372392389896086,2.4851486756006125,3.1842954794727807,0.4906137069715037,LOW
13.218457858597432,50.44087930920436,116.61067018665118,0.2146785243146383,3.9338911825029106,7.443925335460559,0.24535100806288085,LOW
65.68829310308185,33.89600723246248,154.87128660023828,0.6984765852563366,10.273879784515247,1.423460093583091,0.35454567358427835,LOW
107.44371987372554,20.39709114773958,57.160801741754284,0.7009829803127559,19.959774170659742,19.747910829591543,0.567066717116479,MODERATE
94.86457333274564,59.86585607535543,135.2664438149836,0.06553260416055051,11.3747900023566,9.915888048296866,0.4208205882083371,LOW
323.01512785673447,75.69249148359171,135.60797573502754,0.6936508973210471,6.76414854277744,1.0021233869100987,0.4863277180798366,LOW
634.1310183273283,31.083966746509596,43.81582301643508,0.21252822252442005,10.507375902205812,12.157923894053296,0.5377913618501076,MODERATE
713.6774378744406,11.65520940195927,112.18725295875853,0.25452061578585916,11.136511049576153,15.62209154821362,0.5425637710488701,MODERATE
535.2898141667159,9.626385034546253,121.85401369265509,0.03141469625578064,18.175630241439517,8.154325005598459,0.3566453644653645,LOW
140.32819535571178,1.502595814376987,50.12268585938701,0.6273722227728666,21.718752026253433,9.61064423660446,0.5601734270312573,MODERATE
675.632425911876,59.77247982096603,81.87219917027042,0.7317293934655078,8.031276612722301,14.012000051090403,0.7767300057005436,HIGH
325.77370803246305,78.53023548623197,79.00421317891225,0.23049166315050318,17.71349022327014,4.676355764210019,0.561384352117315,MODERATE
21.564080317898657,79.4326024675319,139.45821273841545,0.7925389321530762,17.534709879122328,11.953277739994512,0.587379892029267,MODERATE
259.7238722741469,62.951583093091116,1.123734808560111,0.762031286140658,19.173688886425317,12.618906517512832,0.5865130159818582,MODERATE
304.23449318547034,13.812518485387443,90.68376345074809,0.40976620816945064,14.381515928136789,16.09287328329573,0.456641856215356,LOW
254.0785263441116,78.2390470171366,33.997005627922256,0.06822516220561403,0.36746245771693553,17.82143280558251,0.36296671752963494,LOW
732.5644363369512,26.89726199715412,116.78471228192267,0.2801853274726779,16.39668339353874,18.817762846762815,0.6605170045743141,HIGH
686.3344938587404,27.35594914991095,122.78602647179999,0.1654291489290982,15.30743944112446,2.5265278299418314,0.45558575040770954,LOW
629.041307067251,55.299619278502675,90.70164505615139,0.9588182371271817,15.287986405463364,16.32535160620813,0.8333012319199707,HIGH
133.7145198759161,4.8748857788816595,98.02328797940943,0.8177442641796127,7.032464480978676,13.508615505447363,0.4768235063260582,LOW
728.972179638591,66.23580866269718,57.395415840875195,0.07837647142421045,2.4471358051001477,7.414562599824079,0.5587683755955627,MODERATE
612.6866058803581,79.78648484253178,57.08475959476648,0.5134600292427565,4.733814742267711,18.45622345969721,0.6099809785906446,MODERATE
183.40554096843877,62.23051246910347,134.37595371321453,0.2668863295757298,5.405127313678951,17.202340309064684,0.37317979450773153,LOW
586.8035979505496,62.752442805379324,24.579914769311234,0.03211797650720882,4.340237689643034,15.48717707567044,0.35764113919139373,LOW
440.32536049327615,31.834779974757527,139.09909333009946,0.32230127088917027,6.113422879855674,1.1496864831585052,0.5543712091549683,MODERATE
401.0215550520403,6.207789732236897,118.24735950674466,0.12758529381399308,1.7172919838271876,3.540136584450666,0.28528226739340923,LOW
109.78961549042604,63.62072730451944,159.32096855333415,0.22273202097996547,6.733145538629301,18.366583712156398,0.538036530240175,MODERATE
471.29080550219714,48.175488865479245,47.56589990376376,0.32654046192851927,24.947130672233282,19.64472843905281,0.616482203498962,MODERATE
98.93930998540364,72.83775644064467,91.60605027510053,0.40889045014783676,12.784530586127381,5.546079875660679,0.5354735356687101,MODERATE
156.1855146562973,10.161069113179769,7.9791225637325125,0.468442453193312,8.610571512431289,5.547740089028784,0.16491810320904127,LOW
127.96621970453882,25.104721984434555,164.33867693480656,0.5201972713663894,18.01218057016999,12.206097943370672,0.6661126529004862,HIGH
859.1563683723068,29.49183614414753,121.89507146156934,0.37000076444331265,11.736511396300589,1.5236337284700419,0.6476694024817045,HIGH
263.52957449506215,54.97909697503062,112.49466958378805,0.49834959095922704,0.7374490691970687,11.906309399004675,0.4973874251181989,MODERATE
326.1318480004469,63.23186788514925,132.15136697660196,0.4178584594186203,13.684742778755476,19.37378180439928,0.6780859663097689,HIGH
296.6517396034721,76.9206122781692,51.89486535992624,0.964438977596954,7.601664346384732,5.93905741685516,0.5162029669931568,MODERATE
809.442896208548,24.3371655076082,109.09098810664995,0.06764087059553547,14.279597486321268,14.854900890281089,0.5285044659799745,MODERATE
511.03966108805076,39.99727627657553,144.3650219625389,0.5859513404485494,4.330450334935485,10.498014853381239,0.6335763681294163,HIGH
828.0523100506474,3.2879134764225744,17.162705602027497,0.19364717138057896,12.063746428585986,5.746226631101874,0.4397457560850276,LOW
276.93316618682707,20.986042370602142,172.62822318296355,0.37543785325461243,4.841005051554581,8.249574951360755,0.4670271709197224,LOW
112.20286024443456,30.546277141451586,160.6477376477359,0.5464658098869141,7.470385250847247,11.02163876974642,0.5346050225489835,MODERATE
505.03442292451535,47.91069031551041,173.38037126921233,0.7598094474226883,17.179118600094633,15.231816861094352,0.7559158244323108,HIGH
317.5279226931156,38.19679399433475,145.69438311665718,0.977731111788676,5.691318983309576,10.815899887724687,0.7280313774021161,HIGH
723.697081806766,29.79352972238279,53.681685546638334,0.493621663154037,10.42843438508819,18.5028057214249,0.619225835345831,HIGH
792.6868339313761,50.302159355817984,105.09842870660313,0.2569791159710282,1.828464560442919,2.3389741534269337,0.5163659231797331,MODERATE
430.5904247072939,66.46063849224302,22.509073580673363,0.7915752181336764,17.1790561666353,19.153953526623727,0.6554724430340211,HIGH
874.5095314361024,20.09280950579835,135.99584496822405,0.22157244984737323,13.473579682476203,11.013028286735931,0.7157306881741332,HIGH
502.1815756465212,28.087194461572572,28.501500212713662,0.5078406722177686,20.34476080808008,7.836304961885778,0.5422606976170583,MODERATE
251.11915011381808,56.68896832527457,156.16148435143754,0.846711297649563,13.376886262134724,1.5210212846462468,0.5896492049996144,MODERATE
445.1882086564043,62.45730730192389,44.05969449979322,0.4037985089607691,24.855343965849926,5.924964361913174,0.6224448907777322,HIGH
43.20616023860557,66.20635286703714,29.71373140364403,0.5569777666334749,6.028296954214152,8.758690441823038,0.28178779839330004,LOW
725.5610326341301,17.537166292865265,13.691881100684082,0.11955001907374518,18.55266205648511,18.741334227232684,0.5281226176327478,MODERATE
100.27719526043464,43.602089938308836,128.33435792109526,0.055967773472927695,10.80816636398734,15.128506647820661,0.4326144244569129,LOW
284.7861547676744,72.10087678349747,34.33047606599917,0.9862824707332202,9.399112940348916,1.1808988549193056,0.5104851557468025,MODERATE
513.1317268343996,31.964085952227848,36.382538359047864,0.17889569210794343,18.2882331292971,6.557869014306399,0.48075178075013614,LOW
48.247861825739996,34.9607641275029,31.375692091437315,0.3355490369552484,23.888925945491163,9.828646340982,0.41689658474536323,LOW
80.59204027148894,78.80101256815418,55.73732692186047,0.5046848871741836,18.889421479028428,17.001703444343743,0.5264923475989168,MODERATE
629.5435582755814,9.931159036567928,169.47684670898246,0.37447160819740855,8.253068714241119,15.5285497608848,0.6158460334493109,MODERATE
73.88161282408419,56.74255716746924,88.10528034845366,0.09733906002416859,12.747291265495186,4.322754342285702,0.3796183687923517,LOW
434.6037509601651,68.16454603623046,47.69715113573225,0.19691412389830298,5.428499500660255,1.0091912748078435,0.3403576296459475,LOW
311.4391137444678,12.912687814087375,31.49994598709813,0.4934476679033093,15.505970265427038,2.6475079023070913,0.4420372323815173,LOW
212.99067308121064,57.44180564457176,4.383354127273405,0.43880157581208945,10.064677513312677,10.065793597208408,0.4562102275243325,LOW
178.01321909866223,38.109319538824934,66.33368382523419,0.798193843775579,5.703327171626207,1.7975521113533355,0.39773799944161536,LOW
689.4360514219957,68.37837988929681,20.701003886468705,0.31178795725329533,0.527317605022054,4.995155262404209,0.2757444515564813,LOW
856.8725519037515,72.68873303003659,5.8351472247800995,0.9403151202268014,23.13310772366475,16.426953996255484,0.8039435525019255,HIGH
134.75997056096526,69.9263073492113,19.433367362514097,0.282810357150172,1.970520813362517,8.03906201133646,0.3440644976475893,LOW
864.116285064973,6.086425868742008,58.015351434240735,0.33129865777130474,8.23273531360505,19.922929890528604,0.5544333154862169,MODERATE
539.3386280928423,60.791566868382965,135.40460255745364,0.9493133292496669,4.761341782204981,15.11965507917851,0.7696253916546477,HIGH
581.0777607732988,73.80067842388053,12.990538959166209,0.8404833776614684,12.353181902914606,5.298365370527103,0.5645674699887385,MODERATE
641.8344765468978,50.086526813003545,122.48263235242821,0.31696796588330145,4.873621135118181,0.15140685380075958,0.48851398574592,LOW
636.6658124155771,48.46920877780072,112.07711265542311,0.3952846911011688,18.40527591008997,10.544149502593843,0.7652560262055264,HIGH
739.6318862852626,4.555425604450768,158.87624677855501,0.8422602753190661,5.620486822634824,14.117115514131832,0.7491864027323046,HIGH
440.2870996994507,68.62660875426914,33.93367451649857,0.08608943421384152,4.636416720700817,9.393660915687644,0.3167845482528252,LOW
484.689142888084,4.665881305503761,143.17391931653637,0.29467631105710057,5.422130444829342,18.13009320961645,0.4272913329457375,LOW
298.20603219244015,25.76725890438924,155.81087385160546,0.5315560978625405,7.439082814262074,15.359018541863126,0.6092610690375073,MODERATE
103.67925846697418,74.14318215769002,175.7906595656609,0.8289041768922994,16.0457846503344,10.405382454674406,0.7372490492309958,HIGH
601.5297699243349,76.02986627563146,145.73033508542932,0.5646166740198727,5.240709544398328,0.37847827179547266,0.45875320368481526,LOW
39.912872575763316,79.36014269759788,23.154507946633863,0.4897788472473821,17.421257210598117,6.764938182437785,0.4172246131991305,LOW
255.31519546419776,38.63578056341801,170.5360928192541,0.9621175686531642,10.754272110305834,9.888162732784316,0.7952365857021357,HIGH
93.86457935702923,15.016934164099855,146.8835774518773,0.1164103941509248,4.925214451839094,5.004686828239797,0.2905054615582511,LOW
179.74717001721908,39.54761445949762,39.00620801738717,0.7800659256819722,6.001112873776027,16.75303842817619,0.6543010381002408,HIGH
578.470512478669,9.082721081560889,30.570334697786837,0.12703485752532695,13.183345405063838,8.489423150371652,0.35611181560000604,LOW
569.3442008823772,69.93035260862762,168.61813292166826,0.7328274397039319,9.465722096505639,4.0760099522387865,0.617771068585105,HIGH
384.7388725661837,45.282441428053886,28.870054072952247,0.5430896185627216,12.843083516508253,15.581987907173396,0.5172971272990671,MODERATE
90.25305907564713,32.95596603417367,140.10150598822653,0.2646462107705774,20.314489728765718,12.165675624025429,0.46636626434844874,LOW
395.70278564887343,7.282925495983548,73.54140651310533,0.5433370872417558,1.1457844275546414,3.9415689368654006,0.2439252022476796,LOW
323.94293595388115,33.0140134685138,130.5611425232038,0.8794160870529588,9.840265769104988,10.654920962372856,0.6129045215009465,MODERATE
651.2086460417953,69.4291370628186,17.441397049830123,0.4721836720567757,10.386069723959256,13.890424748605305,0.6069553810656632,MODERATE
525.333681297156,56.5690686656998,130.785433505186,0.006578565862789709,6.272928988600773,8.968666507413188,0.4569154285685936,LOW
447.4935329299291,7.5139858833663595,92.6321365401154,0.05660560806625048,11.046980072248246,6.047640905042433,0.34776695235670374,LOW
443.4140532514457,13.632668778367892,162.16773097565374,0.6326369774462915,14.165827243496597,13.793373613623833,0.7456628757195364,HIGH
870.0042296617728,31.992370765892865,34.723316686668205,0.6779315619207525,14.623955196182154,13.745321711603824,0.7556313437904417,HIGH
683.101857316071,9.008631532187573,20.57473795752526,0.4017748877627254,16.745833025870695,0.33874857121625856,0.407295869183779,LOW
452.31180880951376,74.7892541674684,36.123433428790975,0.24278038713968308,1.919221737669588,4.682506180293471,0.38948079501812843,LOW
436.50812547119006,52.531071525839195,15.064990737639015,0.7159665882356737,11.500188772641962,12.926321117175565,0.4768132950738241,LOW
33.56640016141747,8.491017103011659,176.44694681425213,0.3041611745399493,18.940314118028702,4.482895683187418,0.43678410681523927,LOW
848.8332443546279,63.25653952805639,22.99133603811896,0.07401158583763623,11.376133044406517,19.253097034438778,0.5904204158771733,MODERATE
294.06483487292337,30.104068357183486,36.9523192614502,0.4096105395037529,16.41215088085348,3.255818732989737,0.3788266340194899,LOW
237.78578287386196,20.344780919704444,145.93374876247367,0.5391385951585511,14.761221627373262,14.964321225343344,0.6119137914024052,MODERATE
899.4739435950275,46.0288104132356,45.1690368306198,0.9656287973326131,11.617972982139758,19.966452537559366,0.7786517774851459,HIGH
649.6338076390267,2.0563985165227634,40.79050789410627,0.5922217128336739,1.9732136310865096,6.931569336291896,0.3371340882677421,LOW
52.1537582363663,37.76641514823614,121.3434506929755,0.2083201461299008,15.83062480767658,12.062547579135863,0.5796747619326952,MODERATE
65.07807455276304,67.66059445451839,72.37897624872937,0.8321935849893884,13.362825113102767,2.1142393958863015,0.5341777426090755,MODERATE
32.696391924576105,74.3165500828599,150.5507685302559,0.2914819918050401,0.1421143704250727,12.436469816511034,0.41897389512708993,LOW
543.6608205664535,28.06182164889874,115.25021287360472,0.9592781835747753,5.171417363209721,19.750455598672602,0.5786054656700561,MODERATE
73.6924050551371,51.752490465038505,52.590434358121364,0.3253122666743977,1.534989399862119,19.457183385941182,0.23723341536787637,LOW
840.7156375919882,18.91905163113785,108.02826633592565,0.9095179554576354,14.255856503225136,8.235563793938718,0.8499567658501279,HIGH
843.8468206201834,45.25683260779201,156.09663025707277,0.8789539681759158,0.3786987779755613,16.412409104587134,0.7633911884041257,HIGH
495.988119405791,21.068190366101934,66.24244993889067,0.8639927475497062,21.06052377702922,16.531994044536436,0.7490971662553544,HIGH
558.8086489423962,46.13716418156878,132.82825915283777,0.039385280359247044,23.686349975079573,6.5453324457969675,0.5216532611924398,MODERATE
269.78601735747236,14.566047266165246,75.43410348751053,0.8498699684477904,24.38947488385178,16.454952724411655,0.6214993326227847,HIGH
66.93556274336325,75.35737198409872,98.21013820235144,0.7213001189517168,5.664611514094734,3.24809162470884,0.41948683168912626,LOW
666.3397962207158,71.06648063617604,132.3323049758844,0.33429827639951604,12.378521385492958,19.577583930398866,0.7300445417301425,HIGH
100.58952998662554,27.61654170645835,11.834399464462052,0.49009842655572744,22.27921937160681,17.283401412042792,0.4874689522858932,LOW
86.1463005063699,62.35636822507047,82.43596449916272,0.6399150401772083,17.183375588330144,10.211864902430127,0.508510916450078,MODERATE
286.98856719175916,8.544826327843369,18.043219362678894,0.9435369782558571,7.468651384173794,7.706441138749234,0.37284668246576275,LOW
21.094437255715032,59.48851178772849,130.77599246050468,0.7800844877367364,20.848797098634446,18.918972648140457,0.6865409508666895,HIGH
396.2916980231212,23.314271239403627,109.79732146813988,0.42850074229517465,14.348404747021934,1.4225225091828642,0.35413506050219234,LOW
639.8360099712683,11.715699725393122,59.520409209680835,0.6454207064345764,18.249613268240275,9.967791368070671,0.5619201346334465,MODERATE
723.2005489655256,54.57710621438548,14.654390897317557,0.18587087544380487,24.235235666331203,9.738938008852603,0.5692649747906191,MODERATE
547.8335003810399,38.11473860773175,166.71864070335528,0.4239423957328988,24.937733702594297,7.626493957081872,0.6910929307168165,HIGH
763.7180407713822,42.881028536705074,57.3856659780315,0.7913013333024831,12.620544071532388,2.252551585797078,0.6933849293437525,HIGH
371.7869613527282,42.12185294689574,50.29244315401651,0.6065897144957917,3.9153129782084406,5.027626336705879,0.3896862243008631,LOW
765.4071557038242,5.696390586375544,19.079889794247475,0.7832491476711906,15.48898006251393,19.662364883309774,0.6528827038601831,HIGH
460.76124634355756,5.059039678321485,104.34622442828788,0.5098167354722231,16.09633746261939,16.15902777049999,0.49341192123678534,MODERATE
208.50215391848283,48.492232811899655,48.551968514740814,0.3801434342948299,14.303622306627972,16.765663141014944,0.5370644654297041,MODERATE
850.2896255278147,50.285306746077914,151.87070171590824,0.7425403780879463,10.55122126347286,10.190631903398572,0.7302255368177454,HIGH
254.72407771503367,4.726789964694053,123.21525426919996,0.09375485847996035,14.539006000665818,13.23650862137634,0.43909214439810246,LOW
33.31932092713587,30.896707219137603,1.7007681398837953,0.9786068342296788,13.351007581883781,10.1001186146915,0.4872801895833789,LOW
225.97989822997397,49.415251085273766,102.25575548821911,0.9483737740040341,23.617315730589674,13.547188095560148,0.7496710859458181,HIGH
336.3519295191107,52.87777180449303,42.498407150731516,0.8803686062028643,20.940010817340706,17.269368486597998,0.6070685345438214,MODERATE
322.70121812744503,66.43378498284757,3.7507144849761893,0.8842780988496456,9.842228024380095,4.851894071116691,0.5350957685037597,MODERATE
476.95408340477877,34.23785040415359,111.86672217475281,0.5110561205014259,14.271663532641698,19.017865426336503,0.6500528421847309,HIGH
795.9829250119719,44.31236471061053,37.679670476771385,0.49794572045387164,14.151322466881618,18.27223633471104,0.750575618075441,HIGH
270.1810221276322,46.706269673096564,162.03480998162803,0.8200821714832536,12.767954583029272,8.385825884315297,0.7295356066412484,HIGH
473.48584108366026,25.6515773807252,103.63515263064727,0.2832565122008054,1.4516386891543025,19.53628431604394,0.5835978274354459,MODERATE
312.72366878274664,5.252206792887317,38.444134639886485,0.8499137794059852,17.814862404251556,17.650482959581748,0.49676532164926923,MODERATE
741.3780228421484,1.3338481702032672,176.26381170401623,0.2008802119037837,18.281765231999344,0.8015478916061602,0.5547321451880132,MODERATE
150.26534682674577,67.05390787336347,98.81304042338968,0.8791072710779311,12.104620409616668,0.8422833379934014,0.4183295724063024,LOW
102.12413879595206,16.818313979268524,30.619518810621162,0.5410852197856519,22.53932415948855,14.145691583603261,0.5630058609869694,MODERATE
457.66577538146555,50.790118468571706,93.58634846026425,0.8432110276584037,24.598054190157995,15.673439365292097,0.8526888041926087,HIGH
607.9799513312878,46.586750812869646,172.72348142193476,0.49314278356899177,20.322819980185926,4.973738394220701,0.7430217053655331,HIGH
718.0174289707822,32.571013062500995,76.93363132075716,0.6084321860615098,23.196576575814124,9.974732977151879,0.6641601746904581,HIGH
534.7661190857316,66.84597138735006,77.1368466291581,0.9267861301740756,12.187566966395277,10.784968330507388,0.7336673367867608,HIGH
698.7262875739106,56.17372605977694,83.54168327823893,0.418212252308099,22.856032188188422,8.911915212651255,0.648751413218005,HIGH
359.51195211922214,2.796575611694662,51.138535656653495,0.2202863880406466,23.375670075572323,1.3824485836794165,0.358130357135214,LOW
39.252226537157384,62.35883179517809,29.95926673481362,0.09098033846338871,15.589177567564535,4.377922042213354,0.3135428075494054,LOW
113.32838403238532,41.05290662213922,104.62805890294833,0.5899790636562154,3.768028134125262,16.29021478289941,0.37891762881909535,LOW
44.4631150938066,28.414523837544902,161.0618352124417,0.611085120340012,3.807691868264593,1.4617376935069903,0.32575822478483196,LOW
302.7598489240785,58.423887864422554,132.6956238003541,0.6207051093411621,11.807646026546163,12.44281304248178,0.782290545373983,HIGH
450.98729372912726,55.19918474205528,18.2175459671217,0.037166120758105325,18.38951269015211,12.683163999297687,0.4946455056839478,MODERATE
327.12256045467603,25.536470791646977,72.75196671392162,0.02741548690539819,12.534855214495591,19.1298026536737,0.45960907651812116,LOW
508.93353280908906,78.66007084833262,1.9479625030848697,0.895417020052927,19.996245559854525,19.749024796290094,0.7130177428351482,HIGH
437.74214215858103,52.24797045022851,56.121329073786676,0.695501983225365,19.244710780428402,18.900850518833177,0.666000917385669,HIGH
613.3690936589069,48.856597283857596,120.81841007792137,0.11331720798663847,5.090203055245499,10.826428705559813,0.5332482905963996,MODERATE
603.5963255714315,6.520548715059993,52.95193674489083,0.07463679374126297,3.3191118399207795,0.8355144442656037,0.24476132488587812,LOW
293.07709092672474,23.066183647234258,151.45993911803478,0.16185701409143138,17.645863268166373,5.546012238802476,0.34796431539129263,LOW
318.1308652713715,36.31094618378888,86.45177422378737,0.8069189800609066,8.009511266798539,9.50991087041614,0.5935444886927705,MODERATE
530.78156126076,50.81943064046443,120.78110114834969,0.7230860277436099,23.28492235380588,0.7823968450723573,0.7429178692399074,HIGH
540.8248964228492,41.50832682769985,159.21187496738554,0.6386531889914377,21.712693659972995,0.7419466461226509,0.5753197824906255,MODERATE
290.08292313704845,61.279601744239905,123.22304524824666,0.6407907871069414,11.280951294528563,6.480461114482012,0.5515644336653222,MODERATE
303.98291834012844,21.74284928496425,161.6213905670996,0.8588738665817429,14.51264561142761,7.746894481631747,0.7134861154357086,HIGH
627.7000617356709,56.47040262731626,145.6436987106294,0.33345873836312834,21.177598595489272,11.61688742431507,0.6898010299232809,HIGH
586.1956323597019,65.51116670440184,102.5044999255959,0.3222300207803839,21.78422990532331,18.65715299033536,0.7428686421599148,HIGH
130.1952161649995,61.43894807105331,54.20472490312792,0.425426829671945,13.924358310372057,7.823538651569275,0.7154784133272432,HIGH
402.52727291110017,61.896880182454645,54.367490432592746,0.9896760120928134,24.297828831116608,0.9618115677129424,0.6546818098188217,HIGH
804.5084100524253,71.19205752371107,157.68426508464574,0.554898942602502,13.024216455956125,10.800872467222035,0.7803070544762414,HIGH
42.312051732982944,7.650104855958671,10.645277123191827,0.5469011350468795,1.0276915291581534,7.15924895554179,0.27599724477667215,LOW
771.0959123709501,56.07813413855414,169.5171958093315,0.8095937864009382,14.067379163304983,18.022071521350284,0.9082986973767295,HIGH
155.22855978708782,77.52557788820042,59.5437042343998,0.17806449941359404,19.42517250061743,8.629961378864193,0.4278333410843522,LOW
461.4512828909272,46.31840134008851,133.25791970659958,0.40540100818352354,24.62337882501708,6.4359484106935705,0.5218779586247564,MODERATE
387.65942174148023,18.167988646767014,60.07532572210324,0.6413624061922378,2.6342144436018344,14.47760513401234,0.5197482319158775,MODERATE
19.01511023389835,79.90155065616283,171.64094867273576,0.9880167684203432,11.013429917426087,9.865058962281118,0.6784379635686079,HIGH
824.7032740097725,14.799506132896836,7.5288513980539165,0.15446959669807891,14.666246920867602,11.10198159655624,0.48102117982216497,LOW
414.883452327532,27.509058092613884,64.24407891861665,0.4520267802267621,22.036589882418696,3.0413483089333004,0.5876656709117112,MODERATE
859.2987663169473,14.592912884956256,156.2755274178767,0.9055818021048897,17.89724961300209,7.503854145743983,0.8751656721322663,HIGH
265.2020718715039,37.69651663125539,50.056120505518294,0.7255310683954473,5.78115667799684,0.9284812030722844,0.42616746041345654,LOW
780.9854383402154,34.09120475926571,50.335886310196365,0.6137802371949127,21.484729603121682,15.097575991500921,0.7165749461935855,HIGH
830.9267208561112,39.80803082433525,161.8765750762823,0.25710836301634943,16.606082198932352,4.9116332559848885,0.5323619349810322,MODERATE
505.58085056999477,74.31068860437894,149.67422331789282,0.18721073419209355,22.378922914577018,2.4103152171459086,0.5824199188910639,MODERATE
190.38323120226858,38.78762648090378,19.933043958053673,0.37421229353163454,20.859346880231588,11.790240615781924,0.36673143621396975,LOW
619.8702145740908,41.65547977087789,104.85220386661305,0.2551079063586581,3.2315620623039942,11.588593094430827,0.3854212390039121,LOW
498.59047921121953,71.04788636755897,40.98773871284667,0.80847589885968,24.011765925875714,6.315951390019494,0.684513217535716,HIGH
850.631402608837,65.60288152717175,39.509750645909584,0.7207034277931921,11.357410624834035,19.247023558858466,0.8106880455743374,HIGH
400.9521350113377,19.938040466810094,111.15731365573768,0.8351981208843376,24.563812535808303,12.71042621156111,0.5759101041877315,MODERATE
248.97714639944158,2.021150463079166,23.172043385537258,0.17108231070449964,4.675178464688143,18.527877732810268,0.29526599258984965,LOW
133.07543132975533,50.730467783962034,85.0904411795327,0.30996935836971207,19.83295114533754,6.011913666169484,0.4741068496452732,LOW
631.7838761311448,67.74313608316409,46.79209043305552,0.7685514629746808,7.622290018822514,11.036061185551036,0.6150129428046207,MODERATE
876.9575608927182,44.6751588962216,153.85212259134698,0.16354841656113317,1.1201325836265013,8.270414577210781,0.49393701031729537,MODERATE
35.22595580854464,17.682976681014768,100.25446759389563,0.1456050571222175,24.851010630226224,8.265667035909258,0.48053942055431015,LOW
668.9963657525328,59.56705216334924,39.50448079582912,0.3830588805377806,7.588383010925376,0.9553464391715205,0.3750254315945369,LOW
834.9680226781034,53.893603326290325,166.83735183720316,0.18643688795116786,2.0129813688678553,4.392727753879411,0.43662240148558445,LOW
76.55556546234092,45.63757045527568,148.29847894280854,0.07890265803920415,21.512429656368777,17.386508984496377,0.47761111391614935,LOW
108.0513401444585,69.20355774765771,48.48730923549854,0.31277452455499244,10.800507459515421,16.997106026973615,0.49906492594951857,MODERATE
625.8418176202407,62.95514588218359,173.02811249693602,0.8755995150398307,14.41131068848045,2.1019601977086655,0.70117174694822,HIGH
586.6874045472516,53.76821522239965,48.925266168426255,0.05653292863961101,24.621092328716713,0.36296095386133986,0.41004352216762,LOW
71.25639963145866,53.51593485283425,53.38311884640878,0.5661051207231573,12.017726825458938,2.040915392821452,0.4165547807019855,LOW
752.6362494145293,53.314008109563716,70.08744042055523,0.5630038839142397,1.6774628233609534,12.776028011990817,0.6278428543977952,HIGH
475.8472245819542,42.488014848408554,30.500134461367576,0.5308405607920422,17.279653224562143,4.796458114693913,0.3705228395762289,LOW
817.4056622695852,37.64980992686391,123.97588882958546,0.5055087230150425,17.764987338910565,15.25248424141947,0.8149848276433928,HIGH
791.411884083507,57.05843630039885,100.76338132317508,0.01723646975992965,4.855205906807278,0.11658289525809051,0.513858766503926,MODERATE
733.1319144546475,49.22906403614826,161.10878419779425,0.04745118934635961,13.635297964480117,14.315451705422642,0.6704867928210146,HIGH
469.150017657535,39.7084644217429,44.11666539072944,0.5112070126556567,9.230523412078211,17.72781549333972,0.5398473629191775,MODERATE
234.0224711569947,11.006246958972287,31.471328701256688,0.9683092727130594,1.24803959345417,0.8961294895287386,0.4363743592371221,LOW
460.318198480908,56.45237430360008,65.19358728963581,0.40797578050574934,7.790060652305922,17.347898771986316,0.5265868877997804,MODERATE
99.72212624358426,52.033887075659266,27.15345434794788,0.4723267624934375,22.738315172691035,18.357376226766352,0.5243716185757432,MODERATE
596.3730721413493,28.037625651906783,170.36103404182322,0.9820631153366055,7.506183633376434,10.71680300067798,0.7317706914481664,HIGH
129.2397251138168,29.149530130991064,129.4229587396241,0.7791134054357268,5.576578387297546,5.690574350451641,0.46912086925293195,LOW
464.9439366256435,20.49106834668493,143.51830618220023,0.7701098471176563,23.522821210481215,11.256282981467166,0.6989969777760056,HIGH
58.39995700846782,76.99130525283648,134.89980858360377,0.5047354470397718,9.55817052222326,6.211733552250234,0.49021228483457363,LOW
276.5661163444348,68.95590766662909,44.46463228431095,0.8979126531983408,23.51397639026991,18.664198324528538,0.7902063547057765,HIGH
216.55160999611115,45.322873323565126,26.17753820562234,0.5811763053930655,22.005859162591634,10.872634929508258,0.5815303779540533,MODERATE
561.8280730133868,32.730598578122624,77.86861135869135,0.6566973259043557,11.761612503116792,15.97408868743286,0.6437974936581927,HIGH
710.2401737000328,59.20919583201744,149.39442279763216,0.7875555202922049,9.624041548948133,12.199404108111889,0.7328838428685578,HIGH
60.999629541068266,42.69052591395378,60.16224381953756,0.40658488010506444,3.4429488244968165,5.768144936332229,0.268158727334912,LOW
766.7524797882919,78.092231679294,2.711766658868265,0.9532702845431832,4.76541180381127,10.002594528696939,0.6858205073588178,HIGH
776.083248509598,5.35468649985021,119.15086567974322,0.9880072328490793,5.811079548533946,17.597826627823274,0.6257655648274212,HIGH
314.61947611634025,3.708572990224535,36.81128968271638,0.5871378320553371,11.758847346436474,7.657459007310637,0.5513092963268904,MODERATE
596.5136187135867,45.92027041989649,98.16749406810355,0.22205538725822238,9.302835935407222,6.826636723263199,0.5105849994629299,MODERATE
368.3255982160701,17.059058592423632,3.6635289545857783,0.7749020173254386,20.00960812281539,19.12860935323731,0.5002809337568052,MODERATE
147.22988514877204,48.74002892046521,92.08412415626233,0.3221386034799474,7.416899003376928,6.681219451116654,0.4094438328618174,LOW
480.50955252116825,62.732419255227015,71.45591895233052,0.5771035015888702,10.612992515843366,17.190021534309288,0.5935643993248101,MODERATE
86.86011030642102,11.910671133604954,158.59374566990334,0.0867035204583182,3.067685588438504,3.5656144031109127,0.24333621127812305,LOW
791.8402183024292,35.80804971097271,130.20467010048137,0.8073907050301506,6.780499355947181,15.8344992415483,0.6677787216832367,HIGH
832.6178858745516,55.404699592499064,7.449039727618307,0.9590869588706772,19.575503469205422,12.306033006885889,0.7639956100428998,HIGH
741.2356919401492,66.87522208316473,142.32450899835,0.09422152463364719,17.677510398550222,2.403931574778506,0.483461318348714,LOW
510.6500274728209,40.21118311287223,142.62971433324327,0.7315990604468636,10.055509163078312,1.2789033119323867,0.5411633292770602,MODERATE
506.2627461016549,17.286133365575704,119.75030915162755,0.8608388635647466,14.436830076610427,5.966145890363894,0.5708668334377826,MODERATE
886.3005651748275,47.278141191265,167.3441157267555,0.10950621941550287,11.458341072826252,13.149120216350925,0.6687952431346437,HIGH
230.63250394975276,36.906848429274966,144.78238145223835,0.24679646956348922,22.380513718173177,7.20227454102234,0.49188442266571103,MODERATE
77.59404565563466,61.98210873335438,40.18286096374982,0.3918712480550527,9.867268785592339,5.42304714670167,0.3690367286827996,LOW
510.1274220050482,44.89050907203289,69.29671341935374,0.8367603317067863,18.05286201508577,11.63728060144573,0.7493615641215229,HIGH
302.6191820509919,23.074404752664034,63.6362568161108,0.4934312655030474,5.463228584380597,19.05109569752963,0.49219787223646005,MODERATE
296.88150779915935,60.597040657973864,91.37849914265325,0.13696330254163713,10.8524279460433,2.4370546417964456,0.47980352752481514,LOW
16.30596521125376,41.902014023994816,171.71473801537672,0.2563710590370888,13.23328554885563,12.891626235994874,0.47361141149920327,LOW
540.6530744976603,15.026177629987872,111.19210795215831,0.4673778408700676,2.6161697575122265,18.248043089161396,0.5596105415005513,MODERATE
244.9899950252965,45.482713528217566,57.01609163620305,0.03926424615521995,14.685461894222518,10.822009191464922,0.4446808727694603,LOW
177.19410789148608,75.91728472782395,169.5316751709935,0.6309970689692205,14.366624733223738,19.28372560130534,0.749192501108309,HIGH
45.984418939773306,56.735784614081155,126.34859363651579,0.025321896414725376,3.9688223003223917,11.957891590545186,0.3434660974239324,LOW
334.28180306329403,24.605465555180334,48.62841370327861,0.780871344272688,24.966237797869855,13.45204080933376,0.6647146901433484,HIGH
792.2822964239471,57.15898084813579,163.26578561559907,0.7338509375054766,2.312332207720708,15.825600572094443,0.7142625619136723,HIGH
309.63701876166135,23.325898569172136,62.61410870669505,0.8654399919726488,22.382587212856755,3.9944716374246547,0.5109627452789397,MODERATE
614.3760470064384,43.87241816575968,93.40181832962267,0.15771274050315798,12.287891166522316,11.203842113927179,0.5407370585785761,MODERATE
683.3267974276974,42.60106533921667,86.78088937846533,0.6025852109574771,5.567624029187562,12.285268578068491,0.648049668826199,HIGH
302.0097201792776,20.54387943403249,166.32992632055448,0.7810275835867573,2.8199682966825734,2.402953300273447,0.3990525171836417,LOW
741.2602541607167,28.482614790505625,48.553741332776205,0.5157487805903728,17.485502825263154,9.11023596416422,0.5575954460674906,MODERATE
625.7728971035847,75.4323349280976,60.66190768906997,0.13080432701283473,18.86126038130366,15.413567415315342,0.6025401055900449,MODERATE
507.7255835438469,20.797284376819256,119.16867281737848,0.09892561667712774,16.836017065593573,0.8141246580556438,0.4431541095018318,LOW
10.883293005059736,64.28113644684788,159.70421082155002,0.6058974079412558,10.496771804924832,8.269840145265094,0.47926295906039124,LOW
41.23078167129924,53.72227582095906,21.56425222972478,0.4976076082739115,4.314342475845659,2.9143528766253857,0.29869948285208175,LOW
891.8706012543964,43.0777014695354,38.56914988407636,0.9295601367321504,19.738447573152413,3.5149719509472765,0.6902534640248957,HIGH
706.2326919181678,11.863674687747912,170.69817236467708,0.8338407710232709,21.780761776585457,10.251490291901096,0.8124449547039486,HIGH
844.4330803079229,17.161089463803847,140.13618168839307,0.7237491916538147,9.796772647659493,0.589636376903564,0.6165409381061996,MODERATE
813.0498523770444,15.13923226364191,62.946488380331054,0.9823967605473424,21.03043896063095,8.499134423755459,0.8365090405839872,HIGH
28.194254997048244,47.35674645892644,65.01663064625345,0.6946106835231995,15.890005879202352,0.5141032231142306,0.42179378876274665,LOW
714.7440879140557,77.89727254075977,85.04656284927404,0.09236273369910664,13.17445794169515,18.5112020821355,0.5653554495991725,MODERATE
411.5197121699276,70.30190175922459,121.61011045573221,0.07756297750739305,15.265132396256911,17.65907934398986,0.5960117500225197,MODERATE
712.7068015605836,2.994898751436603,101.42635773259452,0.8158691934099379,2.693773012057074,4.232764526818011,0.5189917724085026,MODERATE
15.977047905412775,22.624403332525375,139.92547149722336,0.3607035836030711,3.1349754720577576,1.3160873640749582,0.23608696252420858,LOW
266.4973780685022,13.42333925602475,10.695855728645329,0.9242837865623452,18.167596660890286,5.012713117641228,0.5647352349672803,MODERATE
678.6781604542589,78.07854950993423,147.6082929102154,0.11824743505147473,24.24867723759494,0.5678382081299604,0.5850789988293653,MODERATE
715.7885018554149,19.61320853322739,11.391191963691355,0.1987870119352414,12.695103535002197,14.69577592764692,0.473731449091115,LOW
561.5459950810153,16.90374161806472,158.69433257889673,0.7731674993100202,1.350017617897875,11.477888602169667,0.6148388239973689,MODERATE
278.1180086071747,50.04914819299848,8.742543927202293,0.8474744417280394,1.7018338928118937,10.876791250210525,0.4012384689111237,LOW
286.222706246198,44.93874010240813,23.88200521680567,0.8671963442858314,11.684117459167235,17.039444375026747,0.6423680269595258,HIGH
870.4199276414091,18.842267218717556,33.253002555251584,0.09913926525147188,16.441613400033024,16.186249175495014,0.6303897383099318,HIGH
400.898839518442,53.95882429844213,40.926090002997135,0.38180230248846925,3.871916410960785,8.177631569359217,0.4302718241249042,LOW
407.94173971701497,8.663569692280443,72.91541099365539,0.646386353103183,0.8258723372030013,12.206737840459134,0.4866213916859279,LOW
501.57614771422254,2.5301562164404814,118.3312792310328,0.9187956166815633,18.23673207720457,8.83615866486889,0.6320829577348146,HIGH
374.457079809306,7.5107684658014,160.77600536149225,0.2390150310417657,3.6532878779964277,12.480193993805383,0.369874240962077,LOW
501.8776924916986,29.82458985208604,94.88600301442905,0.6003428834803832,10.954499600222514,3.030497093501874,0.48828680091283583,LOW
394.77852626312654,78.02628990211058,96.31566361165025,0.14351929544850672,18.35340390220448,6.001604725133354,0.49540210447141686,MODERATE
745.7762784459461,44.23251290593975,58.15561253299347,0.7472787114221162,3.1323745633524385,5.037671835915127,0.4272221599221882,LOW
819.0554076204727,60.62336213822191,144.32179595074695,0.12752445666955436,11.068829121491433,3.3493402780442882,0.536160833147915,MODERATE
839.5781312356719,26.39816442629319,20.777034833157337,0.999982488442239,2.7863781901405953,8.276761764182126,0.5132535693339371,MODERATE
512.2236231881541,57.827786173183,54.89746933781549,0.09226689968743984,8.687702187808288,14.529987953638017,0.45035198948994704,LOW
403.51221614340085,77.32831465166625,18.359673059306623,0.6853371560380503,22.810832386301815,7.9211334568558645,0.6697183205927661,HIGH
637.6636523247357,29.26311033228221,39.33836656989228,0.7770388341648827,17.15333050299397,19.652712786527292,0.7189425378048688,HIGH
756.1079962533569,79.92569534406698,106.00102616848531,0.2579897834566428,0.5773285626957975,6.0418135526264605,0.5771485569693119,MODERATE
511.05419543907567,51.43438613150162,23.546909448583293,0.25482866931624015,3.3619202284073166,18.962595640855096,0.4991133529596673,MODERATE
632.9831094218125,60.13872158471318,19.010585352170377,0.5961470516000201,7.345514209195153,3.8710737074108548,0.5618620801251291,MODERATE
677.2591221419108,20.921211869003848,148.83803524768783,0.6304745848799741,22.388729960557864,6.415491721812114,0.7019418184039414,HIGH
611.9904612783852,51.80417076500209,22.175543928850583,0.7205259761657977,18.67715848049466,3.281629379636435,0.6758288309587097,HIGH
674.0588645990855,41.369493865528604,109.84154963427542,0.5802939876819257,15.437323897212499,4.758203012767548,0.5598641177091489,MODERATE
195.69434597483854,76.55580899271744,64.01000173805647,0.1744667739704321,3.8148699601584903,3.1422314084368907,0.3058349250577467,LOW
453.55334684939976,72.46932877537172,161.44971479794808,0.9241434746542744,23.221867178980393,12.496546223700182,0.7664138336600811,HIGH
533.5590135985276,32.3371353150811,127.65145658867111,0.1666115757134462,20.203228670952917,4.012303009788658,0.6184417808767388,HIGH
12.205358462750542,75.80271037152043,11.638011440837806,0.5652385183718831,5.9856422270225025,1.7026430418209015,0.31497053795395313,LOW
771.806632844177,70.90019166725077,161.2887917811673,0.920002844661282,10.108147244142938,5.3284145765534845,0.8352888372779993,HIGH
552.9218125159717,47.640324179162,75.0879021219504,0.9129695914513251,10.709594964183102,13.568001364267758,0.6128663626557718,MODERATE
124.9313352114009,7.487314794373683,54.38271336815361,0.1679064748106488,14.687659338974326,8.572626030843804,0.292714476570584,LOW
736.5577945924862,13.702429012103481,121.42798185975296,0.2386026957309566,9.370259785626384,3.123161687824758,0.3782694063737586,LOW
648.1807001320847,7.073065329230217,129.51733190065832,0.6018505770595171,5.25066303580907,1.269003779109159,0.5042195822094898,MODERATE
684.886593682637,9.531456057275822,55.28188905988406,0.3371643330781471,16.674737989762495,14.587094128651788,0.5621997273787267,MODERATE
358.917791057052,78.17923757705314,63.94652173347113,0.7308832394782829,16.93887601173818,14.082193264014414,0.7167900588565226,HIGH
770.240230958543,17.761216638076032,28.983161201697595,0.5224043209340676,11.059638414489633,9.230494262216213,0.5408009592090726,MODERATE
378.4845480978024,55.57751200491238,107.22639810084219,0.266090055944189,12.166311979427618,10.554979834249698,0.4206232956714434,LOW
517.7531461215763,51.2857323569388,172.2867205463603,0.41103791761234276,1.266754422487698,4.809857210221031,0.41049189272315595,LOW
10.571650292887615,50.8604443233873,75.57577875946741,0.691111071078239,11.40247097714679,9.706736561775045,0.48884916808439555,LOW
583.9370720632974,17.329615968086355,179.32090650540377,0.785141359190735,20.00995633445968,14.572132286838684,0.811642553286559,HIGH
649.1764549938637,46.768380956384156,32.57821420475523,0.3695609901445672,14.787062182741714,15.430652347169534,0.48141994471470384,LOW
514.7273352850252,50.41752961721117,143.50180316847948,0.10498538336456609,23.01747572404705,6.809897427610315,0.5956619759720996,MODERATE
451.9373471688183,46.06202001496378,167.13137739695196,0.3532770072359468,17.912834123872404,13.57701111697994,0.6241897133796696,HIGH
730.8434616034203,15.706834914778613,124.1617291267219,0.6304707195885038,19.440926219015438,9.729688466554512,0.6432487328263066,HIGH
616.4217182770652,58.121787168902,20.569405786644968,0.7598321608464019,11.460391845181029,14.786716268212697,0.6244512843670698,HIGH
257.48589535082044,6.786209791404372,59.45090233708348,0.879659238635984,4.336234877194483,13.815613046148759,0.49183575384845035,MODERATE
863.5752708911874,47.70480093375013,16.3341805587352,0.9619418822585397,22.804627159955743,15.007133977903443,0.7707272368121858,HIGH
639.4678028338533,35.46448725970375,108.71291364392832,0.5293641744942633,16.479912124959903,3.2976675203018724,0.47762869620979853,LOW
889.2656467320579,20.77264085751282,179.66863683944868,0.8802074431508781,22.736865312354134,6.442441479809428,0.8136045406839093,HIGH
874.4225714792929,64.78373013306496,68.08107576911137,0.26207801762563265,15.438061376672655,5.299674882497674,0.595951283574607,MODERATE
827.82965330098,14.895512767102527,30.167162612200773,0.5596517144253649,11.362023513377245,8.941377082255963,0.5008358122658448,MODERATE
682.2806716905237,74.70555903193812,49.0865948453975,0.5393849258644747,3.368478286400958,9.298249195772136,0.5344172637616711,MODERATE
552.3921379623009,70.88063723737378,103.17355248862381,0.7686941411774981,9.942619691003038,13.346143971083265,0.6879242979028302,HIGH
163.23189067780257,29.486416225804554,102.84415984333425,0.7731228495022513,14.938837248375513,11.39214268028718,0.5777245371110138,MODERATE
493.58276150714437,25.107081537828872,42.137929095598786,0.28534295832295875,23.26910671563405,11.597497460050707,0.5206904153340883,MODERATE
691.1851049309513,11.861447990093268,135.37614855627066,0.8858614340697748,20.73268963495751,12.659696799460388,0.7988351600698032,HIGH
473.56287124795534,73.38989745878251,16.754200177311517,0.8914929833318674,12.8285417095995,5.457794114972387,0.5662520371824361,MODERATE
782.7328242810354,50.57501684703849,112.52421061475998,0.9482415257562582,11.199772684947195,4.522632395794124,0.768707147781588,HIGH
107.59375028061146,3.5109029893288493,77.20011186211835,0.4576443274891703,0.8318344462122484,4.3037710822562,0.34696044895822536,LOW
349.0369097632843,41.368953750367226,23.76432855194117,0.9874143241465967,8.779710257344734,15.588964771173952,0.5960302455390745,MODERATE
460.30833254835494,7.7781168785215655,114.55487062512209,0.7849113307642982,24.532944235599487,1.9452341860396682,0.5365281810329419,MODERATE
394.7695133235062,46.326304111274496,121.47584585689239,0.6531873822134789,18.525633977640894,6.32185411675313,0.5480787077862136,MODERATE
106.64202756118225,41.207975747344186,79.76363291798326,0.43225797030418056,13.118726360255229,5.60545946745478,0.45589248976238256,LOW
146.64018169972118,7.544837594715039,143.84071468430926,0.8424312208082505,21.557489407140608,11.83851507955769,0.5773247190222199,MODERATE
755.4793906413836,65.45298685622505,92.16766860947692,0.7641375549748654,0.5763958152370907,18.483831691062253,0.8369103802517392,HIGH
441.10199068929137,21.723056996135934,52.150046925639074,0.5855582652404854,23.94060552538255,17.571893008873126,0.7870875034006167,HIGH
53.3629598099276,43.77726476916922,171.69462875093012,0.9971458870067388,17.49171825673275,2.107746429046715,0.5757714847445976,MODERATE
24.677220490108425,51.48407125381222,169.98388275722687,0.24946136559406318,0.3328536817251704,10.804204556812941,0.3027637859093185,LOW
431.39310777495064,77.02205815243816,18.116229654583748,0.6417540912866134,17.638295217476752,0.7439478004744049,0.5377627367655186,MODERATE
156.2970660727549,40.01112373750783,170.34854957616062,0.32112716555167387,2.0781962342280496,15.848123468960226,0.613126842713557,MODERATE
637.5620919393075,73.46794601074596,139.81134615215865,0.4578432403415247,15.989931733869279,7.494364146103085,0.6135433739231425,MODERATE
717.8378816496987,29.03372996646821,20.089305097745,0.3389464941438596,7.522140991719667,4.297295721164566,0.5364772509984249,MODERATE
213.18407052682397,68.7375389303496,93.9592236615464,0.3345552052535775,5.302305995409309,9.68203842782839,0.34203446185001,LOW
537.0374809447849,19.630271929161925,7.25628450389022,0.376826108473575,15.7020369259359,8.702066456033034,0.37272601430025015,LOW
147.45573270199355,56.890901232398,106.40541563039694,0.056679576469999216,10.851019335812614,18.862567043106477,0.5008798931693582,MODERATE
280.18855991900443,8.000347506644724,168.04058789440546,0.03986108334795646,1.6130754582674933,0.6637342557922232,0.32400982695736497,LOW
801.0279898214757,78.89797817800908,66.90954300989699,0.7249222621743053,20.55857187167977,18.999683083933114,0.8165086695891303,HIGH
494.24730141925664,76.36097558912707,92.04390615515729,0.3109085529635577,6.653068418227598,4.68742487674342,0.5066732812016181,MODERATE
798.4409386783381,35.93487744287284,41.73329833657901,0.021214610823473534,15.455256579019922,2.9006432281946237,0.5249806347488172,MODERATE
210.4705457197612,42.39088222123003,97.82937694727177,0.08148115657673705,15.23401631624024,14.836476151328768,0.5754181447704821,MODERATE
303.72166549131276,48.22421412312375,144.66086570506215,0.1958492412360393,1.4040289173988807,10.451538585334031,0.4210062019085395,LOW
429.1474032265672,22.727967215483933,39.53123103476414,0.04821225625005332,24.932913755910302,17.912948153250753,0.4470034513196871,LOW
437.2712669231432,54.283243381207846,100.07413039164858,0.9461472043997438,11.191513572158035,10.852742010530019,0.7493267009712739,HIGH
897.9066907934933,56.18639378175676,64.48114660410667,0.5683608801593237,5.133915975608949,10.10935222864287,0.6724778947416076,HIGH
111.85633388430577,42.481042893696774,134.86910197520265,0.39402436978193456,10.918692210584268,4.123237571736961,0.4720515214538362,LOW
768.2488816854158,12.671514706332198,126.66492049033934,0.5327122338526886,15.076548659096753,18.995475747423278,0.6777944643179165,HIGH
778.6770150854644,73.6156895674364,126.08334844442122,0.11282010085911554,0.07599451459125439,13.289804366750024,0.6231792363740704,HIGH
502.3467820686308,10.088561505303607,68.62676093666668,0.7018455800108835,7.5033389533695125,12.031374427357315,0.4675492448191876,LOW
316.19307975064686,50.7046013281304,108.27099523171557,0.9695904942326181,13.40825627393688,15.801114966768122,0.7344351191936459,HIGH
472.1112328165836,9.143999132170654,117.54424787987855,0.13065713557915104,17.361924500606676,2.025419738072902,0.4390361879219662,LOW
270.2962572778418,12.541956021500887,122.86570105418153,0.1526001225907877,7.832649012798839,17.328268929356813,0.4605442302633038,LOW
721.2056291115462,2.622526808277491,103.97088737272546,0.6286633848354367,10.09774132798212,10.00965421664227,0.6445898663396887,HIGH
453.4684512521938,29.705762624684006,156.15804968135726,0.15192992735282163,5.530710730148256,16.04426117533577,0.4782544456705512,LOW
833.999539200931,51.527022589340994,45.53494568933046,0.12605278824976585,7.32600814921259,14.252616406358534,0.611898047503801,MODERATE
564.195296476879,42.20199335889689,10.989415295686396,0.6704838175701399,17.183935682674626,9.025198202258263,0.5827192494862007,MODERATE
467.7442064720682,54.288592948630374,173.28811824341017,0.6186574673845501,8.431546453554617,15.39419647759788,0.6517643580163897,HIGH
642.8517250401105,54.32649000880528,11.87133706567247,0.21773701080664598,6.990490434400404,14.41382281783861,0.4306299873192971,LOW
458.5003383429085,12.073725775544853,162.6290623867599,0.8231789488269262,7.463998128130409,0.07443765731287355,0.6242046952825347,HIGH
815.010651873308,5.529654870315529,110.599003714806,0.10525084532059559,15.316076050451777,14.184948763937633,0.605660649868121,MODERATE
174.15690518928875,50.40329309433892,165.4545289713133,0.33257489925253814,14.020419837120949,10.175773971425317,0.5314866637835957,MODERATE
876.280328533856,52.60472009304417,102.12675357071238,0.7388676438036281,10.172534786122908,16.789417105659627,0.7234463746702983,HIGH
732.8495911475609,44.979595076194656,147.96056186321246,0.6139012102124127,15.807907351406861,16.192889222603103,0.8704315968169085,HIGH
776.0526920597339,20.415234839601588,130.1109571189815,0.6000709531535319,16.069857199792697,3.4129702804010864,0.7015662965547589,HIGH
439.78797081025334,65.05045214159806,94.99507192526005,0.6862741289471428,0.3277390931663321,0.4351733525677526,0.5026978025496817,MODERATE
755.1093789104617,6.97919522420431,66.03492260169784,0.6464627248387489,8.476487825414969,3.926508565225477,0.5027792824323011,MODERATE
283.02893438371257,50.952631356387386,1.5117647032132748,0.8742707397902839,6.107221962447309,14.822505423991043,0.5740971119261108,MODERATE
688.133878922116,10.5125113344704,45.91204414791847,0.5687673475699955,20.728039633466782,17.427027776555303,0.606958569512142,MODERATE
135.00064096623015,52.70136959822514,171.36625871683586,0.4012844823615762,6.885902322548029,14.011480325287135,0.5580648746787555,MODERATE
283.2762052066327,34.00033723805622,50.30767076783344,0.766089327195848,7.932402297108928,16.41175390520882,0.5401962004652441,MODERATE
406.7020703901622,57.73014137957604,135.58158723653386,0.2592396944949066,13.444686197661868,11.744817527295732,0.6238645718280382,HIGH
296.86454914764545,5.12318399567784,92.02107300110913,0.7595920357518501,13.684982473643162,10.13041353479948,0.4249384613300725,LOW
354.4452329055234,44.85155608994907,56.224074853209075,0.2799839789365378,20.274337713171132,19.407280472115993,0.6914582102075472,HIGH
739.8932228574912,12.445354011526291,178.4057273642661,0.48038075845099726,9.698207009465994,1.6118031701653956,0.6454653875547545,HIGH
238.44154400652914,54.90814889722742,9.408413576938155,0.7391933182406112,7.029106053153134,8.427085366400132,0.3788419567724155,LOW
673.3002432175693,10.47649487362291,105.19180205885026,0.6276592478215405,15.206083052489264,5.561144654177291,0.6278218507811848,HIGH
75.60374150937014,6.81308251320214,83.61176066573833,0.08568904529599786,18.207026026172308,2.441019486395386,0.20353731302804984,LOW
691.5078056884041,57.33670105650539,14.698227336669024,0.44655967688598175,24.81493768912182,12.111539951963433,0.6557987209420807,HIGH
714.900686118498,6.019022830894303,39.32322084094855,0.8118555599682413,15.45747049157589,5.265007540471977,0.4347355682635192,LOW
367.511910197209,18.73793461658977,125.26931328834254,0.9967649723712169,12.268339364571807,9.259290923743105,0.6186340155936281,HIGH
653.0052626190487,66.1540805729281,20.390824733024594,0.46679798173393394,3.326700278734404,2.7317721637564873,0.4068063123867691,LOW
824.4731793331382,64.96537631684987,144.3834947883985,0.08592572255510555,24.673077120372692,7.7997302211942765,0.7736770018315792,HIGH
722.6345464635289,68.4759348646813,112.8859179174283,0.36618571039493764,17.12479537867385,4.00509688570197,0.7429047083401819,HIGH
357.4973942532943,26.761891277508383,19.053509484165637,0.4899229976460452,4.125435904487182,17.938741652141125,0.537139580348529,MODERATE
440.9500277092573,42.71579427126653,52.33981854862128,0.07342852829736768,11.491932264688312,10.447923185481791,0.5132135016258557,MODERATE
703.6282148593668,62.094440855886006,25.55483736008874,0.8642589832568949,14.007558389744606,15.990871701308805,0.7416448943751057,HIGH
270.40918496572,11.821855685875358,143.77063190484031,0.5387911049071252,5.421932675556149,9.714526646741518,0.5027586192686115,MODERATE
725.4556388748974,58.226879458041736,96.39977289749439,0.4161155974413667,18.312035824747365,0.8476862189655798,0.6344117981071213,HIGH
301.98331687923763,8.701421602177714,1.5065586722689817,0.39718450461099675,16.258438907244916,13.89107119548586,0.36411721667288466,LOW
727.331618323129,73.14679808152255,98.1797528538393,0.028308536844540044,5.843683860298074,0.9564686411345469,0.5153986105057702,MODERATE
87.25239458214378,51.347504418418445,87.42185948342623,0.5188756214002959,24.743909267136168,7.900808571813817,0.5699096771010811,MODERATE
49.51359425042522,39.97111970249071,116.11067613565842,0.4755760816511717,23.71671302430103,10.93878709317943,0.5943166155759166,MODERATE
897.9311481591418,39.293611118705975,7.237085932172301,0.34588525704081674,6.638027740807842,15.596566309831086,0.43863665310967276,LOW
783.8168396788733,15.327601779747921,7.341216756015465,0.6586772919058368,11.045303865248165,17.971995332108975,0.6287463643719555,HIGH
795.7342780849215,28.327472423917644,63.53689081206886,0.41103224516804904,22.369698539521625,4.096275621208736,0.6514794901771421,HIGH
856.6391533698895,58.44276956005478,124.24831921290621,0.5717640038387147,10.157396081513115,13.27144297091926,0.7670691537557849,HIGH
400.1015153788942,43.73454604749669,120.31389857337653,0.8850424247903701,23.870512922699273,9.404574471215305,0.6884076557784953,HIGH
265.2836436653355,42.815190123920765,50.80918067863559,0.36388670091806385,5.0101884093838205,15.350314173468023,0.3698611967573484,LOW
125.72224556593366,16.42442566910077,39.67609047675837,0.3979238396885486,18.10055714075101,18.796875046611074,0.3790803150805411,LOW
456.07612884923344,55.53862264434104,123.27948193121023,0.8659039712668444,14.987651677939128,10.659342282518,0.7360552444368005,HIGH
205.84300522418096,31.970678183846672,5.8531797679506665,0.35809393023784863,8.654623413279031,5.735420297208287,0.29254003913157467,LOW
842.6402624979945,15.437513736644197,100.6642163733074,0.4393628990686843,17.944813837174497,15.970183945186513,0.7033631575431744,HIGH
13.562814574073396,75.55899537611,76.91365692589875,0.8008122223582614,0.6052627379260017,10.534717610506872,0.5422301713986816,MODERATE
137.44509659137822,41.037101002382805,43.79654041040261,0.5918669023914298,5.771746233719926,17.645567905157364,0.3842912723096926,LOW
229.36350924424985,42.714895153476874,94.1333579905112,0.9338858487702641,6.532388213905074,11.321462788721199,0.5532975216682564,MODERATE
187.0714733179436,78.52838090696967,39.87301053548174,0.47066294017222887,2.9367601672314336,18.742459072116585,0.5563943797957827,MODERATE
210.94280855594218,29.94608483646898,102.01356739331436,0.4790264083801581,0.8490276109113376,0.3507323760468628,0.29381151089081564,LOW
593.8823685044488,75.49863408043352,27.666316684515472,0.042928370716479036,8.823687674494963,14.779176585419183,0.5088555439027578,MODERATE
301.4857496987028,55.89910352970292,73.61903126435277,0.19730316366181666,5.456866499708091,6.930759166840213,0.3844852693797745,LOW
557.3716998940022,51.01455498683919,92.36631401956015,0.539999316051791,3.3216737387615494,13.37240748236204,0.631523015738441,HIGH
802.3295609451992,19.519045853455967,6.674484019845115,0.18711063697115315,3.932768609328616,18.846935373478424,0.3417616077859596,LOW
546.2755213178748,5.088698118635419,110.31838604406096,0.45358339568229844,20.6566617240207,13.078223543239316,0.620356431855548,HIGH
628.1341842448795,35.584923224525966,135.3064375360531,0.28331718012756457,2.3725717879850143,14.899707519575527,0.5849127345813177,MODERATE
335.297935417008,1.8035059976622823,172.13716774317604,0.020813330710572675,18.12138065571311,3.1610090127242785,0.3521139171447149,LOW
152.16723618421116,6.609198350860292,37.35961709112934,0.47510942753891583,1.348860504706445,3.410360937153971,0.24785928557399278,LOW
295.31981558041645,48.030813699855464,38.35647073767459,0.6462699822537848,1.0158002878289552,11.468527728930798,0.49405451924639016,MODERATE
868.2115573466562,58.23327481276917,55.564717536961886,0.3382336964634661,11.05607584243589,8.612089464562915,0.6425213904601083,HIGH
563.412132163292,14.267918222017878,160.44676270478607,0.7765269615292131,9.546325366713889,2.223010879537819,0.6763914261667517,HIGH
256.9848962962735,58.867532601228135,73.82743230102413,0.1460539307945985,13.643712966283218,14.56670699011297,0.4900672554144948,LOW
411.3145877742724,76.02834030098539,55.02109254059592,0.091291735422102,17.56607690467,13.979132133040888,0.5818440939674483,MODERATE
753.606603313585,59.71091037736954,133.6713599564083,0.9348414940460628,7.745267902904832,1.8315155952377804,0.7213768690549685,HIGH
604.9147779281384,62.9925023464276,7.800241786397998,0.9216565477070114,4.860183721660122,0.9731357396685558,0.4817072076740125,LOW
508.9810282489597,56.35629384120137,99.23779752418685,0.40654424850523885,20.55292027881158,7.576266440471113,0.7007875477823826,HIGH
797.7949602041185,18.754257795925344,81.58400840265067,0.4199318880479025,4.132673412675062,12.65868383078702,0.5794626766094308,MODERATE
608.4712192729434,29.510305430311046,112.84961972293539,0.8510355797973315,19.961318435297724,17.87135036089605,0.7183438417888302,HIGH
582.0294604040749,75.99209005881556,131.86684155478383,0.5305211180459597,14.678671891888776,8.69011146234996,0.7315681286437002,HIGH
178.89364211758362,53.235635738639374,59.17292101260359,0.11711378826719832,7.234249582147331,1.6820597425252615,0.25902365083838286,LOW
104.68592788104293,63.33295398079171,114.9186762981604,0.11487344271800148,7.85647660033958,16.80932109635622,0.4547138464963518,LOW
868.9764841810852,77.52687488872951,94.85483783001804,0.13113073830969568,9.265736531867988,2.4979971068959106,0.5269284943224619,MODERATE
542.9839493893139,19.283516720500593,24.980238059859513,0.7807652043355564,14.776993194930062,12.747825805198048,0.6370977312836215,HIGH
379.9582341403219,26.413246718797726,158.82899123372925,0.601896265593443,24.490669519603717,8.269067871760317,0.710778618788704,HIGH
534.2285306100937,51.939330573925474,136.07164004172307,0.29976619110907166,7.956825475442425,18.19140267157203,0.6218193950559949,HIGH
65.01264535382668,2.9242404289365784,165.97609002699616,0.16207342040324946,23.546697792705302,14.098218214154429,0.4821905535273057,LOW
741.693273774655,46.12630710936275,129.9524218720559,0.1234635206339989,5.128671307486377,0.0028519209763544495,0.3403364376753387,LOW
202.81452665225902,64.8863819816454,44.82037432432268,0.7413875087843116,2.8239529334100317,7.455238772210802,0.3990566021872468,LOW
726.0459456229729,49.225026532105886,78.06419429934209,0.8858625696091056,13.302844549535598,3.6061815565272037,0.6053801098452715,MODERATE
485.59681450461346,24.336069427792758,70.24944815463155,0.5310783866712191,24.41202176771855,5.670630031604597,0.5688606604038008,MODERATE
256.1490921546434,58.20422258354888,7.412125941155953,0.7727100971850992,12.12159487080057,7.979115234466045,0.48994568103287867,LOW
36.886853935442716,12.5364983497157,74.48811938322072,0.2831284049916425,19.997876504697647,10.827702023962257,0.3653448364757714,LOW
736.0916862406791,71.68710407300283,62.85693226560316,0.585663793454085,11.813658300418853,15.967633694095358,0.7194448693379775,HIGH
167.04952590768292,8.972287452195978,1.7023577299574937,0.4380388478451426,21.250045326038073,1.7285647009479388,0.31099272294976127,LOW
56.10655291948736,69.21579956723235,152.63506337734128,0.08769419218029229,20.318518993049928,8.822067347529446,0.36794521866214736,LOW
682.7311804350339,40.32694479116237,26.753522076405723,0.48736677447475796,17.15481249564685,17.014364367663795,0.7143693553005314,HIGH
321.53846791195116,34.86311327553634,90.67043796196226,0.8467867489989576,15.385264898595597,8.64360473494961,0.664345930042689,HIGH
356.5072649765685,40.55227908545908,141.4573303409941,0.05178251782599497,12.953570678762208,10.385900111687263,0.49897699760381325,MODERATE
229.8901526798399,16.816297944340775,109.20216506886582,0.47710597697115553,23.918972627288486,15.57211925529633,0.6136736009409307,MODERATE
774.6688460402385,37.157160785146274,31.313869343494513,0.8732630760610351,13.934496037371499,14.257888470548771,0.6972030630895057,HIGH
274.62327823481354,68.12786545599403,111.65979149405497,0.7900719294766435,8.428451543452386,10.199954785590059,0.5101366989409278,MODERATE
197.07138707841122,64.27546413528512,136.60984410632378,0.4934499796666494,22.05542715762432,19.341861427808936,0.8164439452656508,HIGH
285.2322564391789,13.880834224815013,154.00284838980818,0.17134463926368737,16.50087176573259,0.7242710291976429,0.45766804664400745,LOW
190.80312189898328,54.20025727219588,58.03902299301808,0.8485261962914995,13.95432513281693,1.0902051608709518,0.5397620035058386,MODERATE
292.71314651663465,68.6901439322686,7.07193069594746,0.15313458235462163,17.054264384623778,8.547249704983575,0.4102330423574245,LOW
83.813238352674,65.76163950088593,109.82272895328036,0.2768207131971018,8.72180289190857,3.156986352058797,0.45155522607717913,LOW
151.09172591631793,34.62496302047733,41.412563315759286,0.12427519145223431,10.521324731871095,4.330167058138059,0.2033205659619104,LOW
381.1770662225716,4.79933438734315,140.78021823608188,0.4590091144279007,4.889868998970065,3.00165068387654,0.391807092032717,LOW
792.72550147499,74.56238441492619,122.69882597653626,0.6291979279726508,21.375520268339898,13.847378928947867,0.8878398869842595,HIGH
60.988764582834406,32.2749241519969,139.40044698699106,0.8271183109857416,16.639801842578088,8.425370150347987,0.5459419251163169,MODERATE
199.28048901642728,29.517154343251157,174.1880848575309,0.46133760838185633,20.606543384588612,16.6834946639067,0.6980014776102484,HIGH
818.4276512320207,61.001680613826224,105.63398373158888,0.9707202715851897,7.934764224643984,5.007685762254344,0.7407229766995752,HIGH
802.1130600023303,21.853805023869782,162.87212552340966,0.5958569874552183,24.885932746697556,12.46852801133178,0.8017403383294582,HIGH
614.7112416333877,66.94508593021607,115.89891546285395,0.6044100352750758,8.930254353326664,4.2688365715822645,0.5633232323474539,MODERATE
224.02146314476178,7.008073304725935,33.53223796956445,0.1752880296263355,8.842825690820174,0.2896835775610529,0.2320894966932155,LOW
383.6313993396493,59.51618485658066,144.07616413210363,0.1901160345200964,24.0158864864458,13.778367635404562,0.7849334559777568,HIGH
197.9866850497889,77.297369744881,125.17205373425502,0.5766261570835003,16.376622054771868,2.9103986290133776,0.5545021537288432,MODERATE
124.4437731214309,79.66573495305971,176.05122020380998,0.7208794037554325,23.336058210064476,13.876213106136783,0.7487031749477242,HIGH
348.19857111736343,73.98054444506914,44.57432602039318,0.2047066876477971,15.578547157497113,13.8134286545092,0.5733771065959578,MODERATE
522.4812285126117,69.79023002709845,60.629467414823914,0.4840176776925935,6.16187014158284,13.362880284698306,0.5046737714096322,MODERATE
330.34008116367664,23.031537732160686,148.04689376182458,0.35620006130816384,9.768412690627923,11.839195356130482,0.5273993832469033,MODERATE
553.6338499147131,77.36522064775136,12.257238048010892,0.43876375608179075,21.47280935517975,17.69844548586067,0.6344040802708116,HIGH
273.6667144875819,74.30383091133388,114.3427578660744,0.22213093801535355,12.236548230994943,1.5127332314159858,0.3094431837453531,LOW
317.80696970710335,43.21542805498974,96.85021343918464,0.14072286403234757,17.724490573275574,18.63638004288086,0.6100547541883612,MODERATE
713.6994965637025,32.76413469710069,31.219115135892675,0.3205010290538708,4.163219149563208,1.3193870722582624,0.32429405219923524,LOW
791.7001104955336,9.63211303109687,30.556785957583525,0.868916666839154,9.994215202500001,9.906467256095402,0.6413648187462403,HIGH
296.61033256263636,47.66009214818486,146.0253742044623,0.8052257595087662,20.986429600351862,18.464659610244585,0.7182646403240844,HIGH
518.6490631972958,56.343129933253614,3.7646828233437843,0.10165413371271248,23.525258442970642,5.37858562384026,0.5793782309069374,MODERATE
257.56443266411856,32.91573007134079,134.6846178154796,0.0878085122803608,8.107516606549828,16.758091234194282,0.46827290637582764,LOW
57.467831119610494,33.076335289812015,132.14743363380316,0.4929512288190442,4.314320459143481,11.863782822203712,0.5670953824643508,MODERATE
666.6928914107631,46.291599866430005,117.29271576998916,0.27738220213947773,0.5855209681532553,17.2237148624339,0.5675685584733402,MODERATE
162.1931000801738,3.194943576665782,74.30366169154664,0.8234257950112601,3.18461139334934,0.9713473525478888,0.3169413804590873,LOW
388.88414613475624,76.67140581455317,6.069402350833057,0.4861811795794011,20.891697373667757,11.118827000593463,0.659761256819133,HIGH
443.47048910744957,23.90255086064004,144.51802362445008,0.852707740451865,11.392098791804784,3.7730214345771707,0.5385011643849866,MODERATE
174.17970991940427,12.130378079741527,23.50158948135299,0.10819881864237713,7.290536925239363,0.361370913211867,0.1720081197040464,LOW
94.15426209042268,1.4335832946326417,51.26095966458732,0.9700770767284456,19.391501540583786,13.779086834627815,0.5877843553762407,MODERATE
319.7315830572528,68.69443176947135,170.4741438956254,0.7671013420774461,19.836148023148127,14.993679939175198,0.8096189496872517,HIGH
857.5344577197834,69.19338268817386,55.033123746394644,0.7318765630660359,9.054011580794748,14.725923548742037,0.7424703935368324,HIGH
557.4706750896951,8.529221756899098,46.669907920690974,0.9402161612316954,22.534191101410013,14.539506303515052,0.6838386972303487,HIGH
349.45510327858324,13.02706292821528,175.23332941273438,0.4703027402251736,11.577808328605505,15.998836535650918,0.6443963636075691,HIGH
44.630630489051285,36.38427626936367,16.38186417512473,0.14888891406185134,6.530779523149241,9.391795268132505,0.2719286650279425,LOW
544.2432204380628,15.670629672238931,29.763579437205195,0.49690074584107613,22.49389728385046,6.951518203457844,0.5744893445173508,MODERATE
92.1093004324816,59.12986981010379,79.45883516383954,0.8152238394105589,3.8237869462225267,15.419262347089708,0.5672322678828224,MODERATE
492.86422323229846,5.585139910752066,141.99348988363758,0.8595429589656343,24.898587981848642,13.329211566144961,0.773865125706351,HIGH
679.2359523618512,44.427037258483416,159.3002500708465,0.48854570562783284,15.331305661579508,4.000127325430871,0.7216384171462458,HIGH
386.9909599823598,31.240533643998425,136.2587943602151,0.7323022201742937,22.883686610064196,8.705863866644826,0.6540194170322318,HIGH
276.47623038670673,37.73077221168787,175.73533065691083,0.2469527002391878,4.47089518536159,3.643453195368618,0.4706273864563096,LOW
52.17196809766275,34.55581229795254,4.01545952664559,0.23054704190987696,9.727781613573686,15.578067528880204,0.3348538163831681,LOW
32.05230889382115,13.099575420237638,111.89167334346769,0.5862595523830681,21.831273315868373,4.942618964415011,0.3747097064613999,LOW
392.7236469845139,18.40223733937642,21.825970137403157,0.42175116875759966,20.927522097512053,12.453912227088876,0.49390565751605187,MODERATE
796.1772909256414,6.119808213923701,163.95493056827175,0.1610524094220972,21.796278746018054,14.707347404356002,0.6534593298822944,HIGH
227.21587312593945,10.107560448626629,168.41999011733122,0.7613624928283792,7.011478748843672,19.832080378371824,0.6033954016627407,MODERATE
520.9094001458209,78.25369097109427,55.242050968979775,0.532147447725962,15.440450622846983,8.662851053231673,0.5826102347854111,MODERATE
619.032179514988,23.103158122502904,149.15982779775672,0.5203923074165578,9.739963191440692,17.449210269022636,0.6836718977940006,HIGH
64.13858207621168,25.255017607825575,113.81932799432637,0.1893095196796798,8.019360086532288,13.287078552497231,0.4643447756478536,LOW
146.25933446500562,11.041400104137564,18.98749242282541,0.2411406362659272,13.003190081797051,0.16896763031867268,0.3120663612410217,LOW
304.8363461434147,60.657972155243364,108.89550051979151,0.6927078843826668,17.876323686533933,7.825581797387038,0.6567118696938621,HIGH
606.3829249922278,74.00728200479527,175.71421004502267,0.8519030825013485,12.962945769890268,7.882362160322582,0.81947754558357,HIGH
400.7412498830062,63.390292428265425,56.148834772024436,0.17721214681431374,5.76244769978633,2.3925030007500125,0.35246568270422485,LOW
663.4336107142383,49.39665052529957,1.2041989301344271,0.8123457211941818,20.18731584063853,8.741799235254923,0.562398717930652,MODERATE
782.1621003601414,65.24540033323552,175.84571021936904,0.7880951668927496,24.44471698650207,2.3291922419738653,0.7138396548507877,HIGH
684.9513261727031,32.93418840169582,75.10303172364006,0.8149118185753278,9.07196556182432,16.70768978221748,0.6776456579138948,HIGH
893.1000145087917,68.90029105137431,78.13696544396554,0.581743813891831,21.23132047396232,7.23794423434769,0.7971789451973252,HIGH
681.3813511711681,64.08298912141638,128.5575689597792,0.35184201869075127,21.59656929436223,3.66243465115188,0.6514211082423629,HIGH
768.439483556631,1.1362468962492025,109.18498429885194,0.7710209216190432,6.513031014286419,12.036458060201205,0.7057624729494242,HIGH
750.8060590338508,39.53573665848384,55.05560360384602,0.47994542157203657,17.632678194680963,17.151642455807977,0.804603972419489,HIGH
659.9365284292414,21.90470951025887,18.89604027941815,0.2218640814052526,23.46043004278256,18.698551142143586,0.5183386890530007,MODERATE
723.6036168237426,7.812400393047943,149.09789107054806,0.40238676015720143,18.496398533361607,17.88571438850459,0.8472489845911403,HIGH
841.868072801995,67.84948737707421,87.52451456600605,0.45771684128034906,0.7505440896641152,17.641052208439636,0.5558487875997867,MODERATE
432.9345668884004,1.628025059788662,121.3728985627631,0.5053451527916993,15.112980797554657,6.961029782591732,0.631786396429762,HIGH
578.0754512821637,58.682916662373465,155.03034132132703,0.8975635754087848,19.461285428762352,10.108428755535792,0.8228905349536337,HIGH
468.2963521997677,79.0671775587777,4.172305892054801,0.41116501257626836,15.453414555555717,7.426175974386833,0.48454922475473594,LOW
767.422918600945,39.07956156979262,154.82996457274177,0.2848108170410196,0.7184961145353413,18.445232679742524,0.6268520460523217,HIGH
393.9100465556415,30.328001865373338,135.57135149646146,0.9623479576913012,3.004227086056038,1.8565235073319464,0.4742671232406863,LOW
739.5568263188123,48.86080340350236,170.48109324757704,0.24194819093109077,20.040557189766453,11.086393493067924,0.8233744989850791,HIGH
721.4255718008535,64.5711283841661,42.812754143112286,0.011116290742092083,12.20133402382466,4.938115631293794,0.4322781944019027,LOW
866.0786302180455,19.979907508247027,58.71359835842723,0.8498210181212253,23.94942188594003,17.00748495107552,0.753648268060537,HIGH
231.5394223391027,20.805412903129362,119.404694927641,0.9544457707681575,10.374539731459132,6.784366579244132,0.4681639073179156,LOW
641.5613637984619,48.9670631128609,166.71694497036074,0.6821319474729187,20.542706619795137,17.273684443862003,0.7912716258276588,HIGH
683.6583529062627,75.25050584749012,178.68781569944093,0.40764965419212085,0.8873135207673882,18.560858265433595,0.6242061104213514,HIGH
843.2878585961524,24.576758084942313,75.5960394548369,0.5437546851943035,21.025368255989495,3.439352943659024,0.5832661971819494,MODERATE
817.1431520694226,30.76361839509203,97.52211195401316,0.8320015710966563,21.47644269194961,15.085053736989394,0.8174505074775644,HIGH
520.438016920519,79.47333081536287,31.528630362857946,0.8853403299465953,9.051895730324066,6.9995651890565025,0.5151272841101309,MODERATE
525.446335418942,14.921551051314747,125.2215907357091,0.10252588671091978,7.736301036581877,8.065523411125024,0.5417796762940961,MODERATE
158.88919327976416,7.080485301649022,150.88930569783167,0.8679967172410039,22.74771943792184,5.4876255352240015,0.5724857634067715,MODERATE
877.7168051571563,47.590663871567884,143.95822692755118,0.6173498162163165,19.44261810836186,12.333333108853504,0.8669130657708553,HIGH
236.96554180604988,2.9170920853090068,62.90590501134249,0.03227855213599673,14.948718225334625,6.863342543259272,0.36838949940070687,LOW
655.01523442165,15.254225270710993,173.4242588127952,0.10848570257039691,10.908623284649096,14.812316751234434,0.7191318236936848,HIGH
718.2575542767281,50.15452527454698,22.542039079807612,0.045534213713688265,22.802165458871357,15.569840526875467,0.6568789734191104,HIGH
402.68179910412914,53.101479654615304,89.4206327022126,0.948558572585442,18.6805524469739,7.902645618803641,0.6767606059594392,HIGH
197.96241082586164,41.32359472216196,100.27288630456584,0.42651790266668455,10.420897761983069,0.09488058288720902,0.3207431738487991,LOW
178.1747419555212,31.31609565212128,97.03598041260418,0.7156156308578508,12.418003325868575,1.3216264966352664,0.46538923983040437,LOW
772.2814408024167,46.51960916932602,136.66244956253098,0.0017173413479111277,2.4607913836624142,5.476244496777138,0.552609735450869,MODERATE
464.57327320617816,51.827474489625864,110.11969461342805,0.7931719665755405,20.26862497614163,19.077463534342925,0.7846317407129848,HIGH
90.22191401405736,64.47508165704039,14.806168559657262,0.4820353873133164,21.042556878059333,7.876186610605707,0.4673833678903557,LOW
648.147330758971,63.627315428577944,33.19344596517758,0.9236026697626786,8.89105602380233,14.88470556088246,0.7150413989144284,HIGH
232.65223699647635,53.51926047568088,96.27078469726355,0.5208974912551904,7.741343347963175,18.72155838692919,0.4461084887039589,LOW
789.9913281682825,71.64437407504879,125.32402059035198,0.7888001492240496,6.305853857031576,6.8335752008625334,0.7132287275911128,HIGH
285.51888956667796,67.20399503403809,93.0372412656935,0.6294666913603165,4.33646796381979,11.22579904251348,0.5820024577613391,MODERATE
188.24103878022737,11.526434649217276,64.63589323584318,0.5205384726396178,23.69462793218942,17.046412818917577,0.5342344314808929,MODERATE
85.52401476389156,76.57767586455519,10.153086552509746,0.9482441888685016,18.975837176106253,12.295957633520729,0.6547627464483233,HIGH
465.2627116075063,71.44764188311571,141.6726809809849,0.49559922212537466,10.835137523422194,2.2444121704691167,0.6350755093906049,HIGH
411.1564531582757,26.353247181128822,89.99776894175787,0.8923883649741768,2.7542627280255165,15.391538493821766,0.5598925681709903,MODERATE
678.6678086967971,2.5945690699561172,97.44325436792958,0.036077630134868977,3.4859272089975772,18.08185103036768,0.4883712842171021,LOW
423.49630260180237,48.71409979390471,84.94350710795699,0.6574188452491182,17.744710425607565,15.375516111772917,0.6935536482268897,HIGH
315.9962123426902,35.634988572444655,48.49682941848865,0.9116615792341454,5.077025987991493,15.050775562416732,0.43887720761622595,LOW
242.87287491332023,60.21576634430442,50.47085018918461,0.8992753294862739,8.696849146932276,15.113926432008224,0.5975692293292776,MODERATE
257.5506034682743,42.44338139618118,12.366640917748326,0.48505363050535044,23.925228161519716,12.250777546491047,0.4578405287512063,LOW
835.7846326267544,7.042744384824796,127.66022390014597,0.47209716596968043,14.529947592662982,4.956198630367421,0.6180457773679188,HIGH
156.91995585815297,20.330306200127293,49.665244290900425,0.8105134346232395,20.208681895891612,18.216774931539376,0.6274813807542666,HIGH
889.4770178558637,70.71937673399583,54.44248132319571,0.33501588510620384,2.597033465129009,2.578145829427889,0.4852824087823804,LOW
300.95831512108003,3.9774859614889575,178.83652165950838,0.9371614251565444,8.259654808193456,16.54591492784626,0.5803813219764427,MODERATE
88.66730952157275,59.196903882464674,70.0604474925316,0.25068412055425937,22.39017631686597,7.187485706575718,0.4778620563302007,LOW
231.33443890119983,24.06353712816315,92.41480018796759,0.07439782731311972,20.261577106478086,13.476401805462759,0.6390299491510272,HIGH
61.988797803610645,36.75854444035727,70.17868503625151,0.7719239526128563,18.086249600556283,16.101942218556783,0.45727991209261154,LOW
713.1264945558851,42.949429121017076,52.9442092707432,0.40472425551224955,14.68512171388483,15.97178051417064,0.6652881847329822,HIGH
466.17209216158386,20.756427227268883,2.047282146171008,0.3557773685633401,6.723501595996603,3.2228522279979943,0.27922350079127894,LOW
309.9180907914528,52.50487499681536,154.02465625177064,0.32090995477958595,14.637013805679091,12.218361654155142,0.5887942465691269,MODERATE
599.2241481220906,55.78193522973222,85.69450790377103,0.9804422341860389,1.2689989636514105,4.2912529707318825,0.5769494152041076,MODERATE
571.275408095785,7.719698893991232,129.86036436398564,0.5716766530732158,5.057354844763484,2.2420856689794477,0.4455391176848348,LOW
846.4861594125554,30.54023899226223,172.59954780169312,0.9919144425987909,12.956631514735223,10.271226215483933,0.8557176226656542,HIGH
865.5218599060579,59.80580679529703,1.5068098517189767,0.3435809883434695,0.04943327537146047,19.7505410226908,0.5311590058578286,MODERATE
615.8085603422107,58.00936722744942,121.83208962512202,0.41396923866031077,5.805670881176395,19.633278701181045,0.5255050389702893,MODERATE
737.85617524731,44.02366416851389,22.236686022075023,0.21176269810866788,3.8062007168845504,11.468023628712807,0.5501189463267961,MODERATE
715.2583392983089,62.43630760957312,82.97574532517137,0.43036411633950356,8.637819521562076,15.443483278232273,0.7378541178753578,HIGH
447.26014410291083,9.503946550147617,152.57399247956937,0.06200534290361548,21.458830275328765,4.99355933073772,0.45824510771434096,LOW
636.9678763497411,10.338690159717876,13.797756968219819,0.0005578519329870746,23.685477519944527,4.487243707870048,0.394876281932265,LOW
79.65051683837747,52.94165472341124,178.14081379327556,0.45307347610535353,4.126460249484857,14.130462851923408,0.5949015335474782,MODERATE
684.6387640037732,55.77337556371518,104.96961323318699,0.7460239245928239,5.776865284048735,15.719990802487473,0.7807376893061396,HIGH
866.0313764012072,65.34762157036455,71.70382914617078,0.43706516646205407,21.171931584617763,14.836742476190217,0.864455443152339,HIGH
85.62753028190721,15.301913344087307,4.492337495037377,0.51800539916342,4.316904850212955,2.0901510638547216,0.23164238956589828,LOW
754.1430482867505,41.824961095057304,106.04133099088794,0.4456158955655217,18.53291110276134,7.125451058374413,0.7176875552363622,HIGH
840.3522237178514,53.20567247371101,89.58539305734345,0.5268042799212918,2.136961467053311,0.883603318687165,0.611853436456407,MODERATE
211.30811192383527,18.67226633249219,39.5417433888755,0.7756040477496772,16.20762751919958,15.723245290761358,0.5317712139667385,MODERATE
477.08195697219134,41.837301381925265,88.79010851216263,0.8037862906184453,6.642503063949606,6.2349272908791376,0.5821216419833174,MODERATE
835.7938206620597,51.437156926857085,3.289278260114568,0.8380580437124706,18.73903086547635,8.594696294537163,0.5719784091299625,MODERATE
864.6011440254415,17.941511406736744,179.9064929111541,0.21242990806961637,12.984330746710066,11.577766885123195,0.5659147442703716,MODERATE
123.81532207356156,30.66950940976117,60.4484849686475,0.4578444563439169,4.472375473077786,0.011050192873629516,0.2990291246190808,LOW
320.61376074435105,18.090766000720933,86.95976450295298,0.8310056962035713,10.055726185240967,7.0824042022817,0.552207107904403,MODERATE
631.3487306242624,72.3324894498593,141.4752920810228,0.9418790198772952,12.858820898074969,14.545662223321363,0.8129255262801146,HIGH
207.18706445347797,19.70711167246935,128.5873235032217,0.5429833824041141,24.89941922039291,5.721305693038545,0.4948124315373058,MODERATE
299.0458594846879,10.545935452877961,160.05206828567609,0.49299997800170836,12.009059860736096,11.40954868427789,0.5268824521689068,MODERATE
30.729043404177016,3.777269610644351,169.49730689911263,0.76459477114746,3.7809920187907355,19.543427415025384,0.5070863643760332,MODERATE
146.634296028767,4.551324320496663,34.86283174297959,0.9916943136025408,13.88069477631942,2.363125807829094,0.26788615448233544,LOW
510.473250031792,16.135312562378537,70.88157247441366,0.42593219835132456,5.505314168425948,5.36481915773328,0.4387711151152921,LOW
591.2501590107227,49.048472393249234,123.94024156126805,0.1650996782348335,21.98914056316638,13.67933032676196,0.6814168232297664,HIGH
587.5315296752949,2.3943400863786897,9.059345302044223,0.8343068010869454,20.85170417218492,11.967550331295849,0.617435531887041,HIGH
702.7408189926128,23.652770055814624,129.3331382060943,0.7104252084799801,3.216178032316466,19.560067663150388,0.6605424541123696,HIGH
379.6004582275244,5.595184414540647,1.8741357602233455,0.1450757719952812,14.709382428054335,0.6920531489164339,0.1733245622583853,LOW
253.4067374546284,32.889042853634244,164.62183725188854,0.3235092967380516,17.412680809903275,17.559882753611284,0.5502116613048069,MODERATE
23.86682303784724,4.837562288558751,129.55233150374693,0.5532233922300136,6.291612115698417,9.770901071086115,0.4907801769493344,LOW
193.90054518662433,48.99580035304541,102.2243518712319,0.7314655603268763,15.659378339738886,4.537980064176505,0.5049397148607562,MODERATE
288.02515285981315,55.38551697600221,77.77327404191931,0.7806465835550647,11.567215152255992,10.067285432727612,0.6371141972713897,HIGH
168.6041022676143,58.775666421857316,177.85643356980765,0.15573136982991398,12.051967383709442,8.24392402364346,0.43090015682006233,LOW
27.928579631976007,18.72312849305415,132.83560027134553,0.21675067056714614,13.78226382342041,3.5866953306861893,0.35299818627543444,LOW
150.1283717120205,69.61151279497771,145.5054393949867,0.7441225144250455,14.253436228501586,4.387914707382283,0.5577648090772137,MODERATE
602.8286026751393,55.532765219143194,148.74391325202876,0.1161123727740857,17.744951472221928,5.762831589616062,0.5949731823307893,MODERATE
570.3310206606103,5.475367324685811,4.915613058516497,0.49816023892456196,11.310696535629642,11.043976940194383,0.4370667915143334,LOW
842.7584390642578,35.82056998741274,10.788504926144507,0.54599215439167,18.065890219615895,1.6619872316055795,0.6379055800074238,HIGH
720.3697793436053,61.65276297642601,36.50733244390088,0.3393545471256155,12.148389239506177,1.7769088974317104,0.6165057277736297,MODERATE
515.3029439886602,25.56062021089815,118.28394969958465,0.7963362141268813,16.570410433212597,6.634923104763488,0.659230821348373,HIGH
132.42514926895808,31.143143138673917,112.68690611969507,0.055415810745790384,6.577747789537646,14.145817803448107,0.37619040664638004,LOW
512.0239188433897,50.738702356426884,59.20427630984025,0.7774444947807966,13.542535120563343,19.566102277155835,0.6044126068826076,MODERATE
64.81960421362089,5.382989529155926,175.16677860822833,0.6460327483149886,11.699893806018052,0.24006559461107635,0.31132397496311603,LOW
393.487558695659,77.38786820012547,17.66608894093434,0.507217575673398,7.554907321231472,19.446812885347335,0.6152035092670051,MODERATE
357.3301797630039,14.783999838168501,140.03290197611216,0.8723726974786018,1.557800004591836,13.720830440527747,0.49297824713925287,MODERATE
390.7542903330181,3.1070879720545657,87.07700442365858,0.20224643803361297,12.754784931967153,18.019716931224018,0.45370436352251753,LOW
259.04506737136063,1.4205155811932002,75.97132179508253,0.800774035124349,0.2438765302024859,10.726767158237822,0.4243684923954947,LOW
620.3890983852032,32.56479562495226,5.576133781886826,0.18777454076154654,9.745756336946803,9.258785959899015,0.2685526076766433,LOW
758.4405758959138,70.85601587255483,131.27613585001956,0.9904460972230009,9.266372566470638,15.703193771340722,0.7713380464272979,HIGH
693.98012341309,65.7612042582164,139.1120164272884,0.032764769889810696,15.84383130333507,11.02221769616101,0.5751342974195712,MODERATE
568.6993652538835,73.0516180617259,58.09339192517354,0.5531972591780506,24.68572340352001,17.947309905584735,0.6768893099195338,HIGH
489.1268714063818,43.168803226983016,93.53635383665637,0.1680168142213092,21.4500299716277,17.8612643789906,0.6419854839127456,HIGH
37.664920207147034,36.450952476137985,109.55314005904036,0.4079750664733717,24.377095280271497,10.609109613164314,0.5794660280791262,MODERATE
653.4112588358099,31.483017112436766,66.80849847258796,0.1479466701745613,23.773427108383625,11.475292824434975,0.5439683186279133,MODERATE
495.0348162248627,4.667027987513163,111.18917910252574,0.19382545179054012,1.85281854395149,9.125507442181142,0.36409959447519785,LOW
250.9595350908593,72.85217924810713,78.70874363559783,0.06098050872648819,7.0486846029847925,13.788123997555406,0.43983040098679976,LOW
301.7794145795631,40.19791129049347,158.17450413367692,0.008003545273850943,7.424689517249,13.647122261108876,0.44100980547315444,LOW
842.6900399580699,36.9503270530693,129.61386757761997,0.719305886106666,1.7755136368609092,13.011864031967601,0.7230130387569197,HIGH
565.6823981543321,41.69823147411527,20.779496982698696,0.4534605327461706,21.166264412082754,1.2469982978852312,0.5176734016168382,MODERATE
433.5620668452002,63.738206931021836,144.12896987491555,0.045592185178122246,22.38323340440978,19.271654533376736,0.5028596389706024,MODERATE
562.6203483404828,18.733215792622552,61.41350801970659,0.9389698188838715,15.124349966762171,6.712044960721581,0.6458637036381556,HIGH
378.23066923723474,57.08215364059894,168.46674754372953,0.6656101454625324,22.274773173601115,4.9243318706542745,0.6836322314395218,HIGH
428.4622231506844,57.150809527468596,109.00345908027155,0.264273132033494,17.8592290964467,4.2209883582413905,0.5603683572044988,MODERATE
268.3752384698266,68.11466979839645,5.936454954702561,0.4386951471200986,11.013848578642124,1.3856720817735524,0.4308011503678157,LOW
401.46943752656364,1.686004278645731,132.45092421308968,0.489266682905633,3.7466098988123306,9.140787062621147,0.34999334007394683,LOW
620.1770868697403,14.461247915575433,24.401452045817305,0.5699278147708642,23.962416638844896,0.8313326285329792,0.4069774004594398,LOW
45.5483133269576,38.21270131153568,158.03087944935288,0.8574502776695622,17.30696751326625,3.2180902611913353,0.554808241079114,MODERATE
717.5743924935778,68.19269060945679,170.751125052775,0.5899002827341522,8.854597724031377,0.10550336268010385,0.48303035298205543,LOW
261.8517913665684,77.24423206861074,125.4507976922522,0.9787261490448632,3.215006645791621,3.493626056727497,0.5357363593698383,MODERATE
617.4782161549248,47.994620559672704,96.38422703215396,0.7268090892967259,19.974244100139746,19.904909764983003,0.8331094474935403,HIGH
582.0255300652534,17.75858405841859,108.76927840210342,0.9885171982708091,20.050374442332497,10.829074505762495,0.769728581085312,HIGH
590.8389637357618,15.582190970147007,77.76507564407189,0.5507491512764806,13.575229554455609,1.342971846273997,0.4877331228038374,LOW
551.2347354676646,51.516072364915125,15.961317980611634,0.6784491884630895,24.998927282002263,11.282935019407327,0.6299279090422412,HIGH
863.600635881886,17.595462617692963,167.26298629134266,0.7378985720646466,9.660507615608863,12.015825937146602,0.7187413257282489,HIGH
462.42630479889783,44.693906489750006,59.924389721045166,0.754747034568997,23.551623741379586,10.954536998086759,0.6362037173946887,HIGH
661.7640128086628,66.95014240236827,56.99975149237213,0.02442962833629092,15.756551711363167,6.719759801797764,0.5333151940746281,MODERATE
637.8499047987741,31.795752228505116,35.24713487407542,0.12747432073515796,18.41055968338895,13.144824569810993,0.4563155524427142,LOW
220.27814377771404,30.89930298961241,178.64107654136873,0.22772238602908934,22.926926276931173,2.852183862972988,0.5707161809241978,MODERATE
262.1421968762748,3.8550866143948275,169.71903427317218,0.2714944908764181,20.778784413671065,4.391258831073763,0.42864447565563807,LOW
387.3752173597014,21.07268169553984,63.54839420382267,0.9053681892953226,7.216697551892878,19.89441226678134,0.6182080939736723,HIGH
257.1511581122562,56.15712530992268,47.54096318913877,0.7226032234724356,21.680868217998782,8.311756729777269,0.5905626127106025,MODERATE
336.40135804766413,29.47090836544352,145.16114581314247,0.14328161053436883,13.492718609612206,2.9558369502659687,0.3720755629447362,LOW
357.95494639619227,13.505614465903834,76.64719898510897,0.4263550330810799,1.1207212840054463,4.340508224262307,0.40701537970656665,LOW
547.4394592351262,9.355650967065841,174.23406096577756,0.24312154512908257,16.845448615149085,14.482642032800534,0.6928344947219777,HIGH
205.70213803420486,8.509216873906004,162.317794600071,0.8298636465708097,12.492441185524369,2.3250036627957194,0.4064266122152642,LOW
725.8197606302517,53.07154121631372,136.94179026457445,0.9177969860195556,13.415594756960061,7.079586686052557,0.7649679212800481,HIGH
399.4073575266391,49.397096824690344,17.09644793047167,0.16429013681358917,10.288133471791609,6.567930475461738,0.39157759062646835,LOW
638.5572593980897,41.96315944256471,126.68086484343456,0.4165707819775105,1.60213058828578,4.559622683857299,0.3795565407981728,LOW
82.48380830432791,40.52578940457201,177.71853524809674,0.952836985253163,4.505333786776705,9.536759533662874,0.43151545573285943,LOW
428.26920077068655,13.097811362341854,67.81936340409425,0.6570894426915891,18.911365032062648,2.202558802488852,0.4464364479012358,LOW
35.11538363782219,40.547733756046895,158.80085154582724,0.8680968683429341,5.855719158301118,9.131342857807702,0.45678161572595843,LOW
611.5598927158527,5.735084351430013,74.0573892429686,0.35769373100415425,15.693167327177344,0.6524068590432774,0.37602643581510725,LOW
315.90196852739194,74.14281822961235,174.86699612697933,0.2097023662365698,13.546506584641682,19.406838374369663,0.5470221557740493,MODERATE
854.8350045541874,5.584176766205941,117.99285551417266,0.6913037289790341,5.534962324333223,12.097476378600902,0.643317200493949,HIGH
298.47055099526324,34.458885396619564,18.273586441568906,0.13742633487746903,7.014282585839416,1.501403270133772,0.19500161986088002,LOW
511.78724923577687,1.0451134558506063,86.74918724423755,0.8399018967262603,9.589190437342243,3.8145006777702872,0.5666512682220793,MODERATE
239.07494236820708,63.10588466387632,9.901446858191479,0.7548371568554116,22.004659845586,14.72899192530399,0.6312341134564406,HIGH
561.9002397631328,14.127444894314772,71.71855453981335,0.3049066350268034,23.532654590484217,14.633432681534531,0.6465669315925349,HIGH
425.6676916185788,74.06836540791257,164.85323733125352,0.4987115197189682,9.668887034344472,7.299668059160133,0.504810544149926,MODERATE
339.85915274001326,4.474242080984597,42.56419281216388,0.7991938996193749,1.1537741529696137,2.968745214671913,0.299012369006286,LOW
191.2835206813601,65.84219943058973,171.15163227662853,0.9349103197724256,15.022459204494872,10.71854563184473,0.7148223480420166,HIGH
109.25399613459521,52.874387212431465,18.88622498969014,0.35216049588722764,10.439395098842056,5.52794520838459,0.36664749083224146,LOW
116.69242922143921,20.729121791985353,120.00126692627667,0.7899918183852644,12.30788245323835,1.9361714016201281,0.41574589485342517,LOW
899.1456155799423,16.991149129216993,173.85771455093973,0.19446708109428334,11.048760617472112,6.919970841095882,0.5733621221480734,MODERATE
376.9565469029389,29.256556736784766,118.09348969825191,0.9035401391865641,16.3643389137417,15.020251528871231,0.6949684036317142,HIGH
11.717440007272119,66.44382777085303,161.92170772219566,0.6862500101999565,7.6110029466741835,7.082801197519193,0.500340139985901,MODERATE
858.1066236571528,69.09456731850099,178.3944549615978,0.15273932007014823,22.315784668686554,0.8156039450687969,0.792021008432528,HIGH
27.78213256453326,14.847544982421736,115.88997505160107,0.7398289216099309,10.53123365393012,2.4079457027481177,0.41769488672218946,LOW
382.54165174353494,28.922395135062125,141.02522866501866,0.7240576712682807,8.541535500376096,11.926921002026468,0.6193842228997672,HIGH
648.5550515138838,19.761819328278058,6.725349686572937,0.7422974569170884,23.073624641746463,10.443056189663283,0.5359058048886527,MODERATE
823.9933274908678,10.688784963393934,77.4885577549089,0.3448774174246808,8.953572699174439,13.497254190463714,0.5068638580001643,MODERATE
644.4687993745699,52.06950161478531,52.59949827737927,0.7398002499268358,2.076824974885019,11.435006142272673,0.5723062258465552,MODERATE
422.6269218610105,28.32381083560729,148.52917478549105,0.8265700568100571,3.88340158682835,9.944575263383044,0.6675024067490984,HIGH
877.253414695852,18.805339537330394,122.28646425205373,0.3471289095410822,17.857374900249482,9.50240320896266,0.6685118388770865,HIGH
44.994250899610684,69.41382410665612,110.98014580605384,0.20795766658104375,14.058137822635583,19.230754437631994,0.5103462847821357,MODERATE
888.3340602588271,60.11711654138175,167.74900511958626,0.8878799214929188,13.365428514910674,17.245803940654614,0.8644987760275287,HIGH
765.9584810205107,62.12713074701106,16.907337109578176,0.6206940649811684,2.049777596332447,7.657570330522663,0.42796316360702435,LOW
836.7477152424597,4.096475403479132,171.7375877264085,0.4603871690449497,4.101905133699208,13.069425783862915,0.6544801644695497,HIGH
236.7474574468076,73.29530548925423,19.036882583290566,0.879743905939987,9.905361503711074,0.4086560983714249,0.41975441089347443,LOW
136.78768433300007,46.40433185996458,63.11614089197064,0.1360056435781477,11.200142164982815,0.4190156986326121,0.3182326971191497,LOW
600.3505986417031,40.800421570076985,113.81898599869565,0.8105846058609751,9.414554154438882,6.371443695375499,0.6438794206585294,HIGH
469.1148998076468,1.8362423361947118,62.124240492278226,0.4908212758833034,12.568606235111035,15.09534004628266,0.47193277419175617,LOW
475.6194850624977,71.91531462429427,123.17399381469144,0.04252426151803135,18.33870924179338,18.50917137130891,0.6566029985031328,HIGH
832.9110688500637,43.96734716839405,139.79993283600638,0.9726126856785379,15.89260838797425,13.659517362615665,0.802831971066224,HIGH
561.8720069214033,66.18712352490229,149.30254355949972,0.7780667427488424,15.282136044429315,14.12778921713057,0.8201831691826074,HIGH
286.846813243085,52.7853658983252,33.10252246181598,0.21475582385457725,13.944470431529036,0.6423674687612246,0.34596595922233125,LOW
366.05923521190965,63.938795467359554,33.59172861780354,0.9236955800012666,5.023206639337327,18.603186659362784,0.6937687731525071,HIGH
128.8112932317476,55.74160813606639,10.36421099927482,0.9353455586557802,15.115912278219716,1.7358686358125963,0.4025952308762536,LOW
181.1594958453635,73.75614828453031,88.8624791643219,0.8004656000965181,3.961402047461182,18.938163145447394,0.496229786720533,MODERATE
137.58156248648925,18.813250720824428,25.61851777343114,0.1271704331420751,17.822871501578057,2.8341259688452713,0.25545958747447023,LOW
731.1592936781055,16.965908273899668,58.02886145829292,0.18638133323337291,11.307187905332416,0.6676903254745703,0.442013679494967,LOW
637.3373864951857,57.29078339366463,151.43774315171018,0.754032934904249,14.536515382104584,11.27219900656669,0.6161469563151591,MODERATE
482.00706567365813,40.61018924609405,170.80995074646538,0.9138057704629918,21.56986476287694,2.2729665407929645,0.7512291134138915,HIGH
343.18737192853797,48.33373245645473,148.15159457511507,0.21501813789442015,9.327432298789764,0.5763029242245454,0.4242849901934708,LOW
604.9599183886719,56.97485506610693,1.1160605860795387,0.46082783522360005,2.494061740566983,13.356548512658373,0.42953770819141085,LOW
733.4857594492272,44.2468275630002,102.6763391996402,0.15479395968245258,22.28492515329898,14.765152675267386,0.6739725527681129,HIGH
794.297561947821,63.2277823656295,30.83216319248188,0.4780078428306942,9.124594692690465,5.8588346186351465,0.5158404789480973,MODERATE
496.8444431036369,26.190521118932345,68.25869710600963,0.6425291300347242,10.163088057109245,10.670164468498331,0.4792204399417918,LOW
739.6977584195338,68.86024504437567,77.5974910019864,0.018554888409359926,7.40058677448493,11.720903315200177,0.43033527166067637,LOW
465.06229853729855,9.506431881122458,169.78639564835476,0.6429271916942968,10.504237271765696,3.2169494070254157,0.5703194753710628,MODERATE
432.33177937722286,51.08631417993376,114.43923300842172,0.639749927685734,13.024269047884271,8.801265429964161,0.5922453310287803,MODERATE
780.2343515036692,71.32046809461701,48.91025430445147,0.4550084868656362,21.082782222495563,12.739378660468432,0.69700326144128,HIGH
353.87280327555095,20.96283610423467,116.06027647338567,0.8954022625942131,18.00400714059078,17.713848977405718,0.7579498836601041,HIGH
362.362284346225,26.81993931898912,171.38392048215218,0.13481901752005454,12.832022789851747,8.377239227381871,0.49939330515887587,MODERATE
281.37109730357537,25.12990050092637,11.589483212483515,0.05131183045372334,19.096170270227066,13.986669445336968,0.3265316740851144,LOW
471.64453818220886,45.57683323022767,147.06179254382974,0.4958311599746559,21.194787985726396,10.033614849118893,0.7357174744562959,HIGH
494.91652998362,33.61687342964673,39.82466247283091,0.5330345200821096,1.4537146588810863,14.14170339165267,0.5726942441234206,MODERATE
597.8104193263067,9.528783514597288,28.406323419448302,0.2666891862436851,14.805720998849333,15.77970309217414,0.5445338169446658,MODERATE
393.1470559975178,71.41169051876034,161.89717844254758,0.9616277066536864,1.0817038386877698,10.61102937236665,0.6070299654028283,MODERATE
203.87518977640343,17.169453703535257,1.3310528026236152,0.2537272399831496,7.702887531297719,1.2220594036059085,0.11541002636376378,LOW
781.4894355483495,43.192320868093844,133.65434752674773,0.2701618287331279,19.06040672932359,17.50808076889927,0.7020562749531076,HIGH
317.94077184183277,47.989586779043655,16.613885370200464,0.8109864548212067,19.78213327458343,12.019875440739309,0.616337627147173,MODERATE
831.4196436577555,4.219395648155794,111.62115781227033,0.922823675828765,22.09568027680688,12.012856766765513,0.875437695447074,HIGH
194.54446639354563,8.561273884692643,112.14054534891173,0.5361397460048596,12.45594808661975,10.189299938650171,0.43405106514852554,LOW
508.45115385024513,77.76348712393458,155.43691285897162,0.01905398694656435,2.1034379387425113,3.4794237408847706,0.3978552850745962,LOW
487.5874332412125,53.49647487180121,148.2465630040892,0.3554348825558603,3.1696306985335516,9.723486800002018,0.6177639744309348,HIGH
747.4965846550258,3.651648986667727,123.64441741240078,0.22393982861582573,6.1077368517952175,10.73646998465798,0.4963110371109647,MODERATE
133.5777342082385,63.7417384315869,69.11801868534683,0.5110180473346554,9.304567777281159,7.675309187457653,0.555483615017854,MODERATE
819.8440838965406,41.17488193292136,30.786628721515058,0.6825717892687797,13.164020640142876,2.9820593833145237,0.5690914358522146,MODERATE
482.9710732331425,6.940766194199573,114.78724377177195,0.39243628540801234,16.148434043613648,15.244738197467957,0.6717956236492115,HIGH
531.637351683786,54.77941574577551,89.95759396871635,0.5373599807259233,4.062587661180162,9.13178947381076,0.5719300771214735,MODERATE
464.0480010350127,40.44879266360901,14.951664948368354,0.7598603144122315,4.7242137435482885,14.013237993944845,0.5731736157257601,MODERATE
42.06216708427716,17.188664287762936,172.04557839392461,0.24614700847316628,4.324745228796159,0.9396001327782022,0.27003839907603133,LOW
452.4106890078723,70.33847949501674,57.2810940642144,0.19596789826376027,18.873426300612593,10.087565710168253,0.5500165679208148,MODERATE
244.55919978252157,24.019008805720077,1.3831969336226506,0.8056349468271816,7.552196195052396,1.4755882598174974,0.3627617019662582,LOW
314.99248053626997,23.479974200811316,162.40256438690204,0.03702362384083513,4.167785391655701,14.670765123800729,0.5044217277329731,MODERATE
587.7004232765546,22.54911296159002,104.29210749684928,0.15059658371056506,10.784393041730752,11.61922289041637,0.5536791363874503,MODERATE
452.9504452319543,61.629006390035045,132.2178605655068,0.012356745462270502,6.187910036004254,9.02782212921858,0.3832858286565509,LOW
92.96420927403979,56.783374960062034,28.327257012873876,0.5553847934559067,9.232476664219528,19.456845546445,0.4929571196265705,MODERATE
75.00673453796544,72.34850915215824,73.42441565066149,0.6000857318073685,20.60035055473805,6.520331914170317,0.4887826469738651,LOW
175.2353490994596,19.117798347158097,116.46596013666061,0.5310306943695038,8.347416281857905,8.457792646452356,0.4146000592302894,LOW
179.88778044927906,63.12280304788186,45.92268276120868,0.4142690293102802,4.37148492464153,14.750601135881393,0.4833645784481028,LOW
551.3876737045148,46.27060054571958,126.56831118796424,0.5290291234184641,5.811316863799959,10.501025971112671,0.7035526150822875,HIGH
168.25487300053308,25.38568916256076,42.817071158623754,0.19393780151596263,0.8589320992149929,13.170422598974245,0.2919536376225839,LOW
794.7302867145459,3.8008764602123004,38.43388105803722,0.8262427248361569,22.52823324081535,19.52559802550916,0.8353510689424293,HIGH
196.6869879459377,65.69685643823769,3.0808123966085286,0.9807730037062758,17.424192024541366,13.913537051266886,0.5544528683449926,MODERATE
91.10698642948054,20.04463834955515,51.46130741824191,0.5406228826460545,11.584024859750341,3.0141741830370683,0.40764588283415193,LOW
789.4139545600857,50.90769986097864,45.165885773337486,0.3743555383183894,14.021620553725656,4.18694343277201,0.5833328221413805,MODERATE
272.84154270829237,44.36056694872519,137.81982364578232,0.7917827165591712,6.352274526141782,17.397128282055004,0.6513185883434867,HIGH
388.6261405520249,1.3515135530959266,102.97807320405781,0.19307193108419518,10.09220153060041,0.9594816942419793,0.4133257770102791,LOW
863.5334817710736,79.55314676524124,32.83058258803811,0.3207735660958353,7.9958904385873995,10.183531517746882,0.5454763286330548,MODERATE
850.4886050504188,65.33201910821018,102.69481729984186,0.9399805834353263,20.61358471981294,18.11911084230962,0.9888264940099275,HIGH
646.2760314457769,39.43123038029788,41.354402712883996,0.1862941726179358,18.585634158591795,15.524556110451453,0.5895263839745013,MODERATE
71.35566704197369,54.74696824914826,77.16490812970096,0.11211557783658221,7.097012263930511,2.3133418535714867,0.24724978993083743,LOW
538.0727116161437,38.65094469067103,159.9892430477988,0.5463536956445234,19.056195697782748,14.809300405097193,0.6752270425109999,HIGH
890.2793621876094,59.82231543101973,129.74686329345238,0.5874173366827583,2.3483403974900616,7.641368941151272,0.7679252522900294,HIGH
852.7554432973426,11.611955119692633,117.54690298951891,0.5971501040109201,5.064239583416105,18.02569611542127,0.7348593660183411,HIGH
104.34221834274915,36.261728623488395,51.38553742866286,0.16447822904091303,2.659482273661423,11.455911836157052,0.2777112861772008,LOW
362.4108997504281,27.50743698875594,23.300118016487534,0.7211447272885667,5.956158172795703,10.975455574092823,0.494903492334876,MODERATE
290.827703853527,37.312764236028755,135.77786818968826,0.24228112793273693,5.654846874116107,0.17422773131361646,0.3739080193125009,LOW
125.45801514536593,36.58733957596877,102.65237883405437,0.9481025509468991,22.513863538923342,4.993123014558907,0.5646796153416129,MODERATE
628.3704970113972,12.304422032556351,112.47407039853846,0.22795717734871168,8.184738457098122,8.255085619712476,0.5440329104985956,MODERATE
253.7250442806107,78.1425970860133,175.54528416886802,0.017311479100916904,8.880449340478554,14.4783633867778,0.4933985359016574,MODERATE
316.93056478151505,2.223879280262116,63.34944470992961,0.5678451933174161,2.49376563105147,10.400993457818977,0.2543736407275217,LOW
90.41940026426198,1.7957626405745086,144.33380772754353,0.20284787310671204,1.6495611570456037,17.050778747001356,0.38940498566946374,LOW
453.1911273130124,30.501864164158967,101.05327451612915,0.6285738253474129,5.48468883202877,0.6870051291905388,0.44763418604534305,LOW
150.76939865033026,50.00973159839858,43.1115303209227,0.22921336057094777,3.363653463080868,6.457783737531752,0.2657755685957976,LOW
394.5604769857453,15.192604918379331,10.467011425599916,0.4280843641898019,8.61524941619049,11.951791847672277,0.35474208430633536,LOW
137.57457767193833,43.122326308428725,111.26594966602396,0.17951440078801273,4.6511090740148475,13.175119938158733,0.3279367131517841,LOW
858.9264020556298,58.09898546911483,54.273288411585625,0.428811357077414,4.454283149196058,10.04818481041293,0.5726716221406638,MODERATE
139.03445454545692,8.43078811417194,125.49062402007655,0.13652033872339608,16.188417069942602,7.977051033201546,0.35172260072349454,LOW
474.47956692706356,78.76937023325874,126.43016195117396,0.33797305772584463,23.552648309295627,1.4311185737371956,0.6397621024653491,HIGH
185.31204453389887,27.59935117140425,82.52742373965964,0.19893161681780303,0.31204195549126845,13.924848586465641,0.3891499683878866,LOW
77.96200509062221,51.75081768919267,97.01508391428803,0.8161018727831083,17.638901997727547,18.074524966480517,0.6200091576293182,HIGH
190.05467076946738,9.74686879673948,113.15188752255547,0.7293540835945105,16.479941805045765,16.176760753814598,0.6297236303740705,HIGH
58.74895557748812,57.04942470898479,84.88028494021334,0.16681939816389346,14.626361358023685,14.024599927809938,0.4721209720854936,LOW
134.06367097768003,67.39605141793639,158.0493384648839,0.0829045525276777,17.307453245270864,12.683217833684242,0.5419644514940724,MODERATE
449.2009004092631,9.317526244119167,14.592288969707297,0.02574460601302908,12.717487354782847,15.44081444996756,0.3943423899287889,LOW
590.115813741241,10.943189195235233,176.387450538107,0.22667179613444077,23.1729433355374,15.534633395109127,0.7735275826992561,HIGH
87.73243541388727,23.202745736590987,6.987713142082347,0.48017736599671124,3.9556223200039984,0.13880873981014785,0.23423778181611998,LOW
402.50657527479893,1.9429294146510134,38.249247705452774,0.3998831968642005,11.838786501271711,7.156968610652439,0.36873517596956545,LOW
527.3098503394832,78.89805225264115,127.78710598313056,0.971499031762559,16.325959572989795,17.361072574494653,0.8854836598611484,HIGH
218.46085182784472,48.272341921259326,16.20788642214835,0.7922456451919524,22.71746873807656,17.015671317649222,0.663470238491736,HIGH
341.1497862492626,48.99956654712009,47.928922813899064,0.07818668274786456,12.185888921612886,14.199108494117658,0.48304158379130496,LOW
73.93303406291169,76.75801140247926,28.561825549749045,0.158932382533298,24.424906334693116,6.18140916298082,0.37170159964469995,LOW
205.91666140745448,66.73031109123474,130.5193099231021,0.02659905187485645,16.412071666257553,15.958248463783868,0.5388772112566788,MODERATE
425.4101040678566,65.32519154649961,104.62907704451595,0.1382263614382565,17.480313457063232,4.631094764770851,0.45596273092835404,LOW
891.4935392435368,27.820687222228425,12.541671510779226,0.5294171488262903,20.45518055175748,4.481981051093049,0.6026020379460881,MODERATE
896.6759060158288,27.45420808370699,83.36402813688765,0.07673803532520918,18.34795760165288,10.714671551073366,0.5861423393623959,MODERATE
881.8632962006162,24.0472988251991,38.32202411487215,0.05986794731012701,13.065673045071083,11.426819604240295,0.5060839384807276,MODERATE
386.5468838072915,28.388965180329272,174.21804903884993,0.11816150429593408,19.31542679698929,7.026563762107056,0.5741829056262998,MODERATE
81.80553678905187,30.191192147428193,20.317312568320293,0.6694136450732134,0.893323810056354,12.075504062739222,0.4545081403981975,LOW
297.98035915190684,12.060291429466874,108.05187639016229,0.01935812490810984,23.319182260363732,14.182244290364975,0.5238975557103287,MODERATE
221.56579408016978,29.11988115346539,87.25065521658044,0.9696261001940625,20.578746612880927,3.6043570590079343,0.5671432253032432,MODERATE
22.57265166977058,36.29301578433348,104.47712496271016,0.3807862635145526,15.941529378810051,5.772304279163114,0.42315972981613853,LOW
94.75791315665411,25.438439760986025,172.2122202764003,0.33658736102372044,1.7188618007859646,13.996762359225292,0.5055283816088396,MODERATE
413.3408221936688,14.062410484446275,62.08945612915102,0.4748128339678629,7.373096207644145,18.545023472873403,0.5166905902570297,MODERATE
312.2995927858243,30.499421456101313,135.02918080478307,0.5178617946166306,6.340704692653262,17.688841598883215,0.5799413757749249,MODERATE
170.5148122546899,38.99171408409843,81.09649941441693,0.4200133889638339,6.425624558131318,2.5929431880722142,0.3644861051289345,LOW
647.3289738862849,57.93754254670314,119.27632903587086,0.4863258808143107,16.80255844876884,11.394507086772311,0.6359265390634373,HIGH
327.8328803479905,57.18778315649896,66.4527007885194,0.3397339007492862,21.90345934731103,16.00351070775671,0.6385141834023821,HIGH
768.1623916144245,17.012907455582614,41.6548747401645,0.32200742072343225,17.040756214270996,4.746531052450862,0.4572113292080127,LOW
224.46967263417443,3.8957762182907327,15.96732832857562,0.027315265115261056,9.718993383920814,12.863813703960256,0.31157461760245325,LOW
489.170206177096,25.000162222758473,19.21347398643713,0.6718005340770477,24.23091052572941,8.552759374075299,0.5140448080498939,MODERATE
173.8839032627724,13.413768083857114,172.73802705866947,0.6172719795652378,21.56455891365458,13.254627212567234,0.6591093888909043,HIGH
450.8175485833994,32.26728985803983,142.1337349217883,0.6688203773722011,17.135460234250903,0.6421255410537929,0.5728298847473895,MODERATE
145.69519299076373,78.36834341305574,44.8477057448103,0.9410550540649721,9.936641222297338,6.259059750971043,0.43939391756165946,LOW
153.80497569065452,15.304638301512457,95.71735539390586,0.4730847396688014,17.095686028821337,6.146551943730443,0.42813772077928297,LOW
554.878805567394,26.191041530414545,128.84765765866203,0.8817704343022418,10.199877826300618,8.373463758889212,0.7859402030393888,HIGH
244.7695775364324,58.28403098924622,64.10428445844619,0.44394324685784825,3.879675116621062,2.2907598778494864,0.2293969151326176,LOW
163.4068316421801,41.22543984609181,79.75786241060142,0.4776140274615617,15.470867614778278,8.732378993445295,0.4998793952802324,MODERATE
837.4937426202151,4.470323342297409,129.59036360351445,0.6329525177148896,17.452557130768987,10.829964975358262,0.6602886325064696,HIGH
48.27289315864545,13.773511434744412,41.71432234081094,0.2159013993856187,8.73259314679928,0.5331777996110065,0.27386033558093925,LOW
512.9818202993396,74.88471482708248,95.21564016553177,0.21735612255710335,23.232695433504237,6.018301656720412,0.6314374519047066,HIGH
497.9548192316061,9.150034426383248,38.60578273183558,0.509831844219614,21.356489034045914,3.545823920535338,0.4821107820296707,LOW
233.04189821872322,51.17233018956675,1.5508905817791558,0.06860981772029384,14.571313559425253,19.443253345256238,0.475578851457351,LOW
412.96685315040787,63.59372625843201,124.55720866613571,0.23665804942399393,1.5058940164869776,2.6043242926109356,0.4314440164293543,LOW
88.08662694354557,21.96968595526899,127.60040987220239,0.7934121535809415,0.43039593310642,12.548308831408708,0.47491643013778706,LOW
651.9304298722582,58.281162247956516,179.2343630488487,0.46373342732623957,15.99715705822854,8.037060576336053,0.6740732464511756,HIGH
207.31046205537265,14.42171914338424,33.40176454666912,0.02662193354911635,20.345147003272224,5.746625392266327,0.3025608281284252,LOW
182.11297024563476,23.495271711869435,133.38487818676745,0.0607414183622893,12.508820836278053,17.08151283234548,0.44808968819659784,LOW
290.2418456669777,25.63394043985239,170.68616896091217,0.919515378572632,0.5871982042355617,13.281743592860305,0.5900522225630922,MODERATE
813.1092290341963,79.71836425457366,116.37988028918794,0.9567184483402927,3.620722042853233,12.406039467361897,0.6571604957989143,HIGH
718.855316972353,17.951211322218626,173.40216032414526,0.6411038378215835,5.281123146681538,1.8731516603906617,0.6154611593663941,MODERATE
852.7341391090442,11.207389706053217,179.0049363647234,0.18494510854174662,15.693893342946769,5.179386010002844,0.7140445476786027,HIGH
590.2464879694461,74.12962356103142,144.4907679171055,0.36808620745252296,12.151488148333808,5.529844794990904,0.5923196888993933,MODERATE
600.0001448185579,13.792524811807867,179.8721776583519,0.30546705652130435,2.5551698149714417,8.68759502979994,0.5668678315737494,MODERATE
437.22758948933307,70.46311365072302,113.0225782160893,0.7851563208214376,12.54186011377396,18.429362281012004,0.7199329700605814,HIGH
815.6158277966082,52.38607358408851,89.97296897784824,0.5370896851257652,21.737320583944843,8.073053945019064,0.6916933479809867,HIGH
464.6806628505928,46.57205834757099,165.2568895322692,0.7796565486146969,10.977875163742546,6.560420233334963,0.6295932214987692,HIGH
326.00346300757195,60.355758212179566,149.7410956166833,0.36051061021499975,3.7440599811149387,1.4187371888802303,0.4541493235717845,LOW
579.9337588267219,58.35391761469596,20.71006112852868,0.8695114634767065,14.450197361420805,7.6991576693539105,0.5849829798905463,MODERATE
496.0641491268575,9.731568964046783,55.187353776978924,0.42916237472947716,23.23464862245712,1.0471513527269805,0.48326493446870183,LOW
120.37763562580697,79.95782272212844,47.655476556967415,0.4173740683812439,2.897761106397154,7.304089195521895,0.32609593551088434,LOW
359.5256183820623,75.40928838944956,154.09183702860986,0.4890984380224874,3.91019370522786,19.355687862439158,0.5563790200317705,MODERATE
288.8596158740872,71.83076506609139,42.75091842091786,0.5918057537044134,14.171067780861085,11.121215066123696,0.5526361025949634,MODERATE
763.6820597599072,50.160841581450136,55.424014272863005,0.8941118531581281,8.499917951164724,4.177410413282503,0.5806106914071776,MODERATE
347.1698757060668,42.30051517525282,93.86316911893718,0.4577555447973871,22.389015281541486,5.984396408966701,0.5365290322234029,MODERATE
741.1841570486145,43.36600812665179,14.625388121763121,0.9301362372139818,17.819097422271565,11.421999628894014,0.7105506944114078,HIGH
403.72673857184157,2.1800185940303627,173.06010603218726,0.3936683353668802,3.677195154521584,0.3857088984679069,0.2885578468519253,LOW
680.615501466593,40.45809065368999,88.90023699992713,0.3245726945417158,21.767959667817955,17.991423393205046,0.7860204650817847,HIGH
130.40091637495902,50.27779584513367,35.087636601234195,0.29504560731878726,16.057301044235874,11.562762219643508,0.4966676892187525,MODERATE
832.9386954960315,53.037790493220925,49.47691207044973,0.021152004699864224,12.340858461432195,9.845679180741548,0.5122247062718054,MODERATE
437.69830281103725,27.239017739053725,143.85699072860194,0.8491439406138563,6.413661060867265,14.32467685013107,0.6632696746127209,HIGH
241.2204386074127,38.231305673190406,114.4871599519376,0.07923373776263432,16.242765197830717,4.005222155484649,0.45689086912644894,LOW
224.9257496646781,51.26853792634338,84.16805833598778,0.33433135258726887,22.462145850280542,0.432868450180639,0.4619077869139759,LOW
245.91878683172501,34.836135311739355,60.35664476245469,0.25045678638723123,0.9619064324033477,12.304436324897654,0.4755993438885994,LOW
336.3845138969912,77.00868071969849,162.22250097858608,0.7444367341932215,9.37875010530163,3.2000482079847603,0.5745088017919857,MODERATE
648.5923840812989,56.729926678308026,139.28905271230013,0.9325871756708981,23.39148780468243,0.24479917385080485,0.8130473877170143,HIGH
855.1467081817062,1.1006259538203491,129.54205468562526,0.8167097839288437,9.572736146091776,18.578334521721153,0.6591301188531509,HIGH
605.4433128100326,2.8390790370979877,80.83409032648471,0.31999832975725273,0.8967575423566604,15.768375857773218,0.39311078124312926,LOW
496.97798114024965,55.533716074001575,176.62766698600637,0.4557573435309291,2.5361030981662065,2.284021805668681,0.6060583254495034,MODERATE
409.2520491352499,33.59896270609472,128.10258312474878,0.2470368964346089,17.269000864485584,17.927017330008486,0.5936844352565133,MODERATE
747.0930756634787,67.31820498776904,76.82882577261195,0.9239801913213695,17.503012753648814,1.3514783546336373,0.6309208744465931,HIGH
766.1949101770023,14.668217349414702,172.93881582793074,0.11874457458987975,2.876125964767087,16.059795440480723,0.5664333459291979,MODERATE
270.80353024520855,2.092326210131057,161.334774379052,0.9519544556447065,5.480400263387897,8.289431474692062,0.6142357753198874,MODERATE
858.5440213015528,31.65850565898327,133.45376964443568,0.8136568274160046,14.09682346687049,10.363621042598224,0.7360793884625922,HIGH
361.65267325368006,59.14906424028847,138.2923057699946,0.7115777125263103,17.16332461960272,13.366572492660625,0.7332583371633641,HIGH
722.0694815804598,77.76649093682792,76.829322445209,0.7739936566500353,3.919756141190514,1.9752312776093661,0.4575481136131276,LOW
870.4696914931877,70.80865646873337,91.8157401498009,0.3393468069020472,11.409558546025373,18.155129351299315,0.6938112351857395,HIGH
636.255709761494,39.24189434303397,35.28697368759489,0.2958865074071122,14.050879961953136,2.872817494823474,0.5195007663129271,MODERATE
153.78014654156243,65.21256537251296,107.57592795055886,0.3814208655676522,1.24258835044056,18.831684371576024,0.43616588752351276,LOW
531.6618901047984,6.55610617154151,67.2150621562739,0.18161324842075466,5.593912274930027,1.8296568841186267,0.2368547500886096,LOW
115.71163955506479,46.20951545920578,63.19146027709321,0.7463600851961038,22.97239343882598,3.440167387353117,0.457447447421102,LOW
712.3364154833444,74.01957462814315,170.7328480037138,0.4750438370060198,21.999538828287868,1.1511140353481375,0.6554433136302332,HIGH
260.37050474775583,32.31442665176846,30.496234539935525,0.8858099583197169,8.062077910140092,7.955698715358954,0.5152258256684151,MODERATE
628.7411925234165,76.84794974338614,149.56527155274486,0.8783815092768525,21.69942701237116,11.817322585414004,0.8799361295886104,HIGH
819.9798099758771,18.43412264159932,51.38287421044884,0.15585387858254485,15.813799972852664,12.501493644952685,0.6048084913071375,MODERATE
171.09876709645343,9.345070953138087,6.1293575945845635,0.2188182686737863,24.540554337114003,16.570379119650248,0.4117310268661233,LOW
359.6434763550384,42.45622455045439,8.242891289360117,0.41064022566112657,24.155473672096186,10.567596676238622,0.4732727455615465,LOW
585.9357213854739,72.67250288651672,77.82277117287101,0.1188144596176337,15.423444992016394,10.202232477564799,0.5252893312946578,MODERATE
383.496147600456,25.59105828083479,82.34850220057679,0.689433884760382,11.695985782856678,6.522918387405947,0.5416445761018678,MODERATE
165.58885804599655,64.21266523251724,58.32495199153839,0.7375956553365053,3.5570200609676697,13.02211023767114,0.6012051062207291,MODERATE
35.87373661022933,14.366584004542194,120.71154939602151,0.7213503587959317,13.258767497272675,18.17057843232025,0.4912646982613075,LOW
371.872347894747,59.900061284074226,87.87635735020221,0.4702103140180689,9.95746689823635,7.106005943343774,0.4632556766531774,LOW
587.7960336579091,45.00512836960705,14.266238873277082,0.8432162218673352,16.140172264385207,7.1270941830863155,0.5351624865091192,MODERATE
520.8459452557149,14.826341056155405,63.30474388947632,0.6058457467386003,2.2372719093277924,6.8664912237109155,0.4801575575242573,LOW
149.05470338697174,57.72889270557108,19.251329359132807,0.9936117761866095,20.872944008519642,4.5482652982652105,0.545958907222584,MODERATE
411.1171650419741,57.38673296305776,12.261909206353316,0.815438218109179,24.17786229047521,11.33421152976968,0.6747217949925522,HIGH
338.82923110131503,41.71938310233178,38.28688587454214,0.7222588157830618,5.234068010314494,2.1115023276535627,0.3704001830016908,LOW
254.04013804112589,18.811943373771296,126.4030075479205,0.12330280251749104,15.819591172580811,16.695942421324155,0.554314177801179,MODERATE
659.0514070357464,11.451217487354727,125.58429458490525,0.832600037631681,20.04846080406098,2.7550554336675526,0.6431100690021101,HIGH
285.5903067241941,76.62314882832335,155.18865375153746,0.30557221565804926,13.860232144737703,3.4785977725932304,0.4315291044054167,LOW
490.72633757639596,52.80919052247326,136.3990533557827,0.4189142955448609,23.385922538421834,1.371484775454579,0.6550792890789049,HIGH
831.6689463899587,64.93007720229733,96.85372801974515,0.46276028462028496,12.796664520093405,7.626943427620296,0.6760571419371159,HIGH
489.95562420568837,56.06067179496909,56.957563753657695,0.33131052897870983,6.763684795009431,15.15290603724557,0.5263564317073429,MODERATE
559.1503900428991,66.52841955019082,2.0402576350273756,0.1084388001294565,11.790004827023564,18.201882663471192,0.5246425814822537,MODERATE
75.18892768912075,13.836774760164952,116.8376091505152,0.19936384788835326,12.196656378280316,8.685615621404818,0.2910332131494636,LOW
168.53938793014532,40.259067739216505,52.85866058305759,0.8034664544322626,6.3427866477658466,4.702730655603435,0.44498245584485197,LOW
99.84656737532099,53.70285686968118,45.767918209297314,0.6522701322317147,19.673819781829717,14.513092869025112,0.5486643561512752,MODERATE
690.6835240366977,9.16780209172222,175.49377179858297,0.9428414909660993,15.443665387870062,13.762876929015968,0.7778034197500572,HIGH
753.9697620159897,12.846598996944255,32.18899444071894,0.8210683536514637,9.259211442630846,13.632894974984069,0.6882906152925566,HIGH
175.94521094317412,51.08462494582477,6.805818433042051,0.40222022604811525,10.541405700378567,8.868467164319384,0.42448686374378297,LOW
205.15185832155103,69.62775853605179,170.94088073938883,0.7862061504263718,9.292527964709842,11.30596523017723,0.6328369086143059,HIGH
297.6544876485768,53.17287813638622,55.77520324810176,0.5764291924631171,11.197463442210886,1.2393378562874902,0.4275060296095177,LOW
536.0590790889136,3.8601802630299744,71.42218906109643,0.286301082824973,13.202364011525214,5.00025345135194,0.2701008528923782,LOW
563.3986124820174,77.66420045013551,15.48734780587249,0.9750893133357391,8.273174304089,18.538902249140115,0.6199588942331093,HIGH
621.2110231018972,12.02104517159336,73.32767338714446,0.9284909933541279,20.45391936005234,0.8355943095216101,0.6092182246761072,MODERATE
815.6215530299818,19.37241645064669,175.0276110475705,0.11219845379245752,23.20917820433535,6.031999773827829,0.5815985944003172,MODERATE
272.585725041919,78.02241527047322,125.22952949301568,0.8394214816636502,13.070007486551956,4.5328862359193245,0.5278676544849625,MODERATE
596.2955003940303,61.911606735616616,85.81464722514274,0.0776867197602027,17.78406984759974,2.6047785490954656,0.5448745702691673,MODERATE
508.153332742146,74.98955774990202,56.037424636211185,0.9288191937719055,23.26347951691708,18.48703574103389,0.8525195271591915,HIGH
282.1951439671847,64.72295573183435,66.52186871130651,0.62416604281347,4.798487952308212,2.5179211355391296,0.38272742519813335,LOW
817.5995160683693,52.4870235252528,110.40983884287553,0.1665822444473315,4.743063463117414,9.787426694845491,0.6300690606324777,HIGH
94.98023664370358,23.479686910177474,46.54656120635043,0.8172624358079378,1.8152757486581268,16.790189736263137,0.4809692086692377,LOW
643.6809138805258,26.823633894262503,28.198607063640814,0.5157818407635075,11.052574811743515,0.07744021269334933,0.36874589896228016,LOW
657.8076045901157,75.8344147705052,125.62493263591303,0.05954987468042394,8.278686589702394,2.1705535693119082,0.44897342125740597,LOW
824.6406096440658,68.98942367629593,156.63509010427404,0.7984273847917338,14.013351311464417,6.837884032554609,0.90610077118439,HIGH
471.5367271927047,29.39974542694379,162.37546460732563,0.7883381889891865,11.27671734932973,2.9503000731957973,0.5265202545995288,MODERATE
296.24388101512886,30.488125992035602,151.61391720616382,0.48205994685014697,4.75484769522074,3.6531919882349495,0.4100244413669373,LOW
746.6891961754183,24.517856831794894,95.97734302428555,0.7311096664942628,9.779507871685258,11.823116266206693,0.7870350895215132,HIGH
696.0211508308295,26.764281267375313,142.20074345173103,0.04014832901306775,0.7224208856748987,3.412624179160242,0.3815052934257128,LOW
455.28089683332865,68.99272983681406,166.8176759863622,0.31810659681476605,13.434618905717924,12.776944629002019,0.7418925954126175,HIGH
693.3930643140918,1.8300416705979008,5.181903539677026,0.6732223825609911,6.776503702146774,18.310370295085203,0.46295034364018356,LOW
248.40928584876212,35.44815706765245,74.76558096976636,0.23060572552470315,2.808970865428126,4.588573919525841,0.31990597769395795,LOW
534.6606340590864,75.48433460370472,37.53846084306488,0.4504113796713176,1.6464215987550823,4.245700096782954,0.4868156645972665,LOW
780.0132747612092,43.8682720594419,179.42161259098964,0.9319467587890101,17.86122268358367,0.22787182213348078,0.7208215330646859,HIGH
293.0062091086961,36.58521742136838,167.3923157243382,0.8267517785730397,6.183512934968347,0.29332786606452776,0.5079232227993129,MODERATE
440.35948436336145,25.67721457126746,144.5912852426016,0.5579965476627059,16.469924404330126,7.932531219155066,0.661178823591599,HIGH
856.4299202138716,6.839097759090403,53.96248511758365,0.5767163308645061,20.387712872101964,9.78084159926606,0.5974216997956631,MODERATE
720.4085393548456,18.734431764173518,171.42630535357839,0.8870060173029531,12.499643730354142,3.6562157720215405,0.8109624324517318,HIGH
799.4647280941919,8.14621438501283,6.235828771123826,0.8630591021027094,3.3263163694056934,6.459759379179113,0.5524270445829618,MODERATE
352.86988419249724,11.009254947518832,34.659107466646034,0.08829673438296826,15.363696688714077,2.80619902534623,0.28441319124455006,LOW
896.8896810747574,13.917806985975314,111.42040200733582,0.46557738049785136,1.7901878537775584,13.624942958287402,0.5968837130905321,MODERATE
145.78338816859355,24.860325134657998,142.94820145843718,0.19085365357144068,20.428588294118963,7.858785052624526,0.6038083265405126,MODERATE
471.705819062515,1.8703177196473013,159.16992270768708,0.08321975708784002,19.03850534815535,14.686682224096202,0.560967943027328,MODERATE
436.55331024366194,76.06136696186657,54.79104131552532,0.292395508677496,10.052084706451764,11.006261189668912,0.4840796385738181,LOW
720.6046498121198,10.78170832148099,70.9540235914529,0.6106438053453076,6.727381424957446,7.5459828215655245,0.5933948722866259,MODERATE
818.6698175383607,31.268760916407377,82.4141049497206,0.7943703208565303,17.738861344036668,12.5273336455719,0.6808793704749522,HIGH
660.7140454481731,70.48267721746767,5.828313517570766,0.9124763695257383,14.18024522339417,0.1433820572125577,0.5634702663733361,MODERATE
567.8664501559695,9.418869645070219,155.65049629632628,0.4229561347881797,3.6273040607328664,13.807289037085988,0.5684984564029366,MODERATE
390.41197985516834,39.20473588857554,61.4927663541265,0.42232307331109487,18.97967683340941,7.420969325002861,0.4873028373866527,LOW
464.1900661974034,67.73790420577026,36.67084322221038,0.15325254784920295,8.349379297357826,10.271526428293104,0.35960384846647514,LOW
463.2772787700914,45.00004729869707,74.24627429489158,0.19484128382638577,22.346187314476442,10.468195611066417,0.5676877173075773,MODERATE
28.12794157909612,17.61714403839804,128.1908441069254,0.10249489070081408,20.736709126035652,11.168247296339038,0.48835003080853506,LOW
457.71076629663315,59.10525298159393,156.89388871149214,0.975900546321928,6.895329502500921,14.047730267653932,0.7143333213679626,HIGH
771.8140121549711,54.82594396653312,39.55238745259644,0.1275974364154352,6.381343471729376,2.2129225773177974,0.3566425462991663,LOW
641.2538699166009,29.612686617207018,31.89772109933584,0.7566424505838379,9.947237685377496,9.779555201862173,0.6473385987181335,HIGH
718.1806736912542,4.657317764928637,169.93715123984143,0.3177642901667823,20.112079185940754,1.663060159258587,0.6066595452425078,MODERATE
357.53164089398365,1.6213105017914182,99.60985043027861,0.5371477994703119,3.2663515789614737,4.683065483083427,0.35246890813107207,LOW
480.78618085253265,66.20603776704655,66.4731913995543,0.8727102121042635,7.901276029849577,3.7852902579283776,0.6185837152863838,HIGH
39.80037640741942,26.403031563166415,36.67818245647799,0.9361674514742002,16.477698597913097,11.97418684850511,0.5361103967507195,MODERATE
350.86816853071576,11.883821989866464,179.14936017352053,0.24023031886584179,0.8372639077894428,12.121949733522401,0.5440762263212451,MODERATE
432.2302799544532,41.965546866875584,129.73398738938772,0.9112694033600838,1.3975038648372378,16.617988528707468,0.6948218603352513,HIGH
237.1359206431827,73.74583036228212,40.001470163712575,0.25205243439918,19.054277441067683,10.436743482617565,0.416048689941131,LOW
37.80447130167833,1.6699882972694193,17.335440624060364,0.804797202630107,13.058572036550117,14.89357031518045,0.3982737499156951,LOW
624.4632168132673,5.435339713436743,36.67153957031601,0.015250376858487957,13.940058148673446,17.781559609217044,0.42929726207755653,LOW
397.22809825547046,33.94654967422072,45.34592609945648,0.5352314762690444,6.221599234928937,2.6707282369599605,0.40435750044933955,LOW
379.95359186988844,54.40130663365001,20.884331217826922,0.7258126866619589,13.29458872951684,14.419386799306107,0.5813558866070546,MODERATE
232.4882110853729,38.61193624259697,42.10759535775886,0.8389389688982419,13.625142099285112,6.558721945608179,0.43493098548390324,LOW
488.6690551082352,71.90632663876697,21.903567182994628,0.841128886394696,10.344285062173958,5.561275011208419,0.5859301940387975,MODERATE
399.843835330951,4.482679887460773,68.61397445869471,0.29886783342009693,24.110581458829902,19.25965276256614,0.599991704910719,MODERATE
431.84618099589096,27.871128701855742,88.0289513914017,0.8531496094809895,1.2316003779200724,4.129135264848662,0.46193498620639883,LOW
526.97550010838,28.75648326170894,82.49601009198433,0.32364702775355847,10.37320110641863,18.29106082131791,0.5727526031308611,MODERATE
15.628936043364469,27.870050852920993,149.42860223448258,0.23376736783453878,21.437166334837336,16.474329489771176,0.48864879489845064,LOW
817.8493541491961,39.52718705774786,46.465174153913345,0.0014732697202091138,5.156744383116566,17.572649077461353,0.4829434152719875,LOW
73.26778328112232,63.45558657037423,159.78979447601398,0.23571525513340474,23.37493695270232,11.719669473808654,0.5545219158853006,MODERATE
411.3230251112351,26.11272669582257,163.5539845166556,0.11843882378939852,10.637270491720995,11.694116109199882,0.5545602269264435,MODERATE
194.56185896304947,59.814173323944004,172.80414844865228,0.6749366025989959,3.9149743660955694,8.05164166921007,0.5605850663192049,MODERATE
476.16630873918905,12.57077223104664,33.395998865394375,0.14478762776088594,2.3274896904419915,8.018387785553006,0.2851649699001313,LOW
259.40479682945266,45.29726359508207,44.989455176131464,0.5853835177445659,8.176739555688481,17.013343973867862,0.49427753671155394,MODERATE
775.4057832757175,30.631954027578065,112.66597764697588,0.12646775972522262,22.993098420211528,7.755103220254984,0.5004233138967049,MODERATE
362.76025222655403,43.59765338135008,26.219602343710914,0.7044185328618452,23.477390307055394,9.733937559554079,0.6779267188798946,HIGH
578.4924446339093,9.512230279407705,16.326218130219985,0.28554550164786674,14.081612025788608,19.927857097715464,0.3704234473729725,LOW
231.50295805161227,76.32356489411177,14.191800953629146,0.3086963876133907,2.954757897207547,7.08627715177006,0.3545545918581719,LOW
27.27147393967558,72.59091522734045,109.50078460525854,0.6403853151150554,11.414811722661366,16.451833669713633,0.5825534642652295,MODERATE
369.6975366958157,66.28530803895968,145.0373874197876,0.9389453237101401,10.443992306032913,5.5439545377169726,0.6469304017738471,HIGH
487.47297570687823,71.52984304765609,47.34053361599477,0.9916010499569748,5.776699186705151,0.5014725938840803,0.5204552413617877,MODERATE
418.99696462295776,12.588341744337402,168.10256579551614,0.35726361156658304,1.9008083412917265,11.868557263542318,0.4447097369215254,LOW
866.1927837987854,40.79402006855361,142.7564559139301,0.9463265732168958,9.539345189500366,9.586919556632612,0.8321660488782294,HIGH
639.0868647229652,26.114823541765347,14.865412560347755,0.6123214683021446,9.296377825513966,15.733452392889138,0.48819204095142404,LOW
896.1461225566018,71.10348936302853,73.90726000594184,0.906468576064126,17.599492472898557,0.08305140086870777,0.7410679473339719,HIGH
272.60348037943504,15.96557691745785,13.17466102013232,0.027852148161440438,9.85566134245835,1.411207758168136,0.16370860494244122,LOW
712.2574188503604,18.375683056215813,164.8197542450356,0.03317285184792618,0.3283439110593145,17.193578297212557,0.49959131131743945,MODERATE
504.44703611648634,55.250442052045855,133.96158386060353,0.07457397770408536,0.5004672082266959,9.616619752039908,0.44825215731712875,LOW
554.4667154591644,8.023073067925786,123.89157833349437,0.8043930019338057,17.187886714075873,10.127468693590465,0.6627968444610449,HIGH
887.4093483936716,58.85700697641454,123.20363054394151,0.13795647796454746,16.519644213057862,4.502138928963539,0.6790340442934245,HIGH
592.0486077784941,22.182055776815666,52.0476678393381,0.17658501163977813,4.00880961093166,18.518422128709403,0.4564324313369809,LOW
809.9470341798569,53.21389385610464,168.10350878092683,0.5853999019862456,21.655626430560176,18.288411843337528,0.9226722782909059,HIGH
655.9177089001299,69.96998512249218,166.17702182145067,0.9574458620689561,16.565568451690613,10.333876302606946,0.9025754016915357,HIGH
123.37364833502755,49.15929848556426,133.3684968779873,0.5671124870804397,3.851375475677299,4.356470931449266,0.451827812060042,LOW
632.4871021868581,17.802014929602613,84.93850706585094,0.7325958008693723,7.190322864224371,19.65582884358669,0.6707207097768173,HIGH
441.04087393007893,4.884076517598112,9.433715811538018,0.1877342634901784,24.341570855965884,17.849128211031168,0.5914709305796398,MODERATE
827.7302137542848,4.524503763910204,6.067731674529385,0.9141740531486433,10.193660494735482,10.42822017836951,0.5079330410999301,MODERATE
728.082657999505,8.016138679106625,25.726045593372334,0.055876648566197784,5.919303265143538,12.527970817370884,0.4741091353446049,LOW
102.67987197043044,46.80561508510756,107.64188017105731,0.28281900831094653,13.103258997842671,8.793356089157417,0.5478533657723023,MODERATE
129.184922851667,28.509210469211446,143.8597888776402,0.45372419132940234,5.1387933214549815,4.121155504750851,0.42153464163175997,LOW
71.95379160075896,20.205451214275953,170.7753710889778,0.22617215474612173,19.792922448172792,13.62901684288891,0.6466279845237032,HIGH
448.9879385227095,18.325218065978106,32.38981219043028,0.6637608141129633,19.85755710932961,13.382682782833948,0.7017917828939287,HIGH
81.88686569454418,75.93794102034482,50.31949066251234,0.6787924332037119,20.02107961870713,10.946521872272278,0.5466458564894379,MODERATE
654.0737195514777,10.386509495473877,10.683951382740295,0.21185801861538134,15.431734348269362,16.288919377188876,0.49080955381919383,LOW
501.5991374908851,25.080338451039722,178.03944287167744,0.008591268731870216,17.351122324822292,9.03673193579763,0.576480765727613,MODERATE
753.9376656222967,38.24670369951626,140.7837991787821,0.07431724799065231,8.035083271938323,17.218334495288115,0.5885459559330394,MODERATE
259.0182519174715,1.0355125598661776,87.04782912501491,0.0004278850272756429,21.972198536896734,4.340367051036045,0.5123888510137317,MODERATE
472.03529790341526,73.75530181058224,104.02619859913774,0.9053937154973559,3.6040427896503275,19.236108996464182,0.7323912414089964,HIGH
114.55692046038449,8.828788670048205,101.62921962862345,0.6216656952220425,6.3621783824086675,4.101605304363427,0.3620342133990507,LOW
797.3029023587496,54.91517745420763,46.530574812623904,0.13843527537019484,24.817174018112986,3.2023824104979637,0.4707856263713855,LOW
165.75441643795608,50.680372695836574,34.18493427852211,0.09251292219844032,24.00991785013666,12.067950140048078,0.46611464194627744,LOW
101.10240370186045,64.91604455327425,54.15865327536162,0.8175948644785515,12.690515966046961,1.8615986104586013,0.3866622621943998,LOW
192.49503268563313,52.459630714410046,45.24048541351083,0.811039595776331,12.47769336716657,3.3586240497050723,0.5177740199022844,MODERATE
727.5460249634535,61.78160596006238,100.79752808572061,0.9273796402142775,2.9205094676057755,14.580689671161423,0.5933175035311469,MODERATE
104.17492963936769,34.27864009429368,56.16830224533439,0.15927348125447294,16.491250004356413,6.163030594708186,0.4406211203326715,LOW
556.8404704059677,39.607655069578236,131.48111769920604,0.522274760159522,0.7758114385281067,16.00242607712929,0.5773292540024803,MODERATE
674.1013575474618,56.43130607098913,102.66121218140937,0.12147605670243478,7.8586614811198885,3.1110567638853226,0.38510309948726734,LOW
678.4622328297553,45.90571096334904,96.27521400911446,0.7956395647745966,10.459763771278816,7.706028950741333,0.6631206157853349,HIGH
179.15418908123672,41.41154547107087,171.2815843089751,0.4124847838071448,22.349631390379457,7.725758953804041,0.5764379024886477,MODERATE
64.84535855607469,17.2391140783094,58.7113068330775,0.6958255565776691,24.211316578196765,9.60793329518159,0.4857153567799034,LOW
409.43768155727366,21.390552603703657,114.71330551994708,0.030313682230715178,24.349951175053786,8.207844070658922,0.5779134066793405,MODERATE
190.21195726764603,29.321282043692086,1.0090622379097267,0.7779309970918005,19.970925157679385,7.735714408205919,0.5049902551511466,MODERATE
632.3510200224048,1.7334664484567515,132.9093328626312,0.22948628475047184,7.2499283717047085,6.568751560962978,0.5141977326275045,MODERATE
327.4565916933247,33.97171251683872,90.95536329400025,0.8428043578066644,1.1337684039744167,0.30301274305541304,0.3980207658283618,LOW
409.92500751948756,1.2187095853491123,38.30090735391829,0.18585848391828685,10.640441631092934,12.331807735298296,0.41299641958540667,LOW
111.00159046052352,45.636219437785606,1.2703896007224778,0.7900972375949854,7.434906694232849,9.469827339517796,0.3362076625116701,LOW
515.1197550278906,56.61827274881556,127.5429695566719,0.13410573167990714,16.379751325556363,7.465652977734583,0.5958645081613729,MODERATE
175.11652877239752,45.409741897594984,119.62342593555272,0.6634172383170589,9.276458927210573,4.22829567580691,0.43995691233521184,LOW
614.297238214294,55.788077883185196,120.10787384984249,0.7792587252094815,22.268898922597263,17.827801674210146,0.9080911814745051,HIGH
73.34025206762539,1.0010403159403907,79.30441333856254,0.3862328511121689,9.350825202128327,4.757876487695438,0.29955867228861793,LOW
878.5461871303778,5.695915889460455,115.43422131282081,0.2443326139046098,9.449904371877402,18.41848989412655,0.6632283911772566,HIGH
619.2290109413724,56.17853282916887,103.26892742898478,0.3445275946434907,18.977967878361284,4.3452796514923815,0.6285897996043596,HIGH
171.73931535261428,64.42911168858487,43.76221298541709,0.29659165898495077,14.750672702870032,19.428520156850958,0.616812458191604,MODERATE
22.544234461051655,57.69842410026216,93.85947942284872,0.6330666303549622,6.382210766734719,8.396982834157185,0.36072239532346745,LOW
307.67197406264467,53.37796716173058,93.11211023678224,0.04456174448005179,16.91723906008821,10.654348016050669,0.4977056102208922,MODERATE
146.0038050064646,56.88323044111324,148.4284969937739,0.041436385442046086,14.074842827326863,5.976210282596948,0.39726118109781083,LOW
204.38608647639592,59.4276041378971,78.59453505806174,0.287772579854234,2.6014858151300837,18.783617884285476,0.3349537689668966,LOW
786.7477300097216,58.22582237103797,79.05929300216359,0.276973361693828,11.681595963878532,5.651416956909683,0.5190036101190075,MODERATE
546.852147445256,59.30266973737884,177.20840035819214,0.17707023817428413,22.967601774505376,14.604236325875018,0.7930257464387452,HIGH
167.04731119572054,6.8475568857992855,161.10903324174905,0.7168149465887174,5.294838097287976,0.4098166864000774,0.39027642139473595,LOW
505.42686661182944,5.998452568075352,44.36919221782977,0.02376292376879363,10.36543068971874,11.174374839769127,0.3670389893538992,LOW
237.64478154824397,29.528475515125677,163.94246394569143,0.9242347693904343,6.898744432652823,14.831511573947374,0.6924135101977758,HIGH
878.8187692786994,42.68014044935486,25.696031485939866,0.7574868264630448,13.423007585756718,9.41746524329649,0.6789591741346896,HIGH
39.15393493468878,61.24690525981649,153.7569995144601,0.4029577021134356,24.377823729042635,12.866342306806214,0.6562512910932377,HIGH
661.7633957293554,27.44191768448999,33.8148844346731,0.8589344199347679,7.746356377344374,15.361137686999605,0.6511408343626071,HIGH
697.9673533103703,22.734249054057152,77.18299945280717,0.6181535173936458,20.82088030399189,10.004760005455658,0.7030761744274503,HIGH
69.77485992235324,62.73441634136383,177.12197199703277,0.570229561599448,20.95739680138943,4.361839710054167,0.5488536085317367,MODERATE
162.9637341659029,20.697611264865603,18.37175964284923,0.31301786094606665,6.485390839156232,7.935440246306406,0.3487299013262285,LOW
352.03292660252225,65.8464687683426,151.32201977427295,0.6631046736186462,19.315166360478425,14.615580156788063,0.6925877972097205,HIGH
782.6577956108704,14.993550427883049,89.55737696545107,0.13969471108450515,24.70304875024201,5.421838758963824,0.5453623068110685,MODERATE
487.9299451924644,29.398408306925667,20.867454473744758,0.5248992943783393,23.85052664196346,12.64069250400491,0.6441319648645124,HIGH
593.2230965064886,32.68497314468483,171.4959568597955,0.11611006073964214,15.143510625151748,2.9658397283315674,0.5161730261481,MODERATE
706.88142355659,24.661325337303786,99.31241489692144,0.4451469412537207,3.7934792433691107,18.605864663791866,0.5661275975596152,MODERATE
747.0292816203928,1.265196197073999,158.63474292445605,0.6162712097021783,2.9835470890802878,12.05966250380807,0.7501814559028835,HIGH
433.89324334447616,19.60523136787858,156.57014261562838,0.15550343753900553,6.670525808905195,9.365411812140952,0.5555676749269027,MODERATE
462.8258935083984,27.674631151431022,3.619590346384917,0.22211961207760755,15.03282422910904,16.230460727536965,0.4859396305904559,LOW
649.0252128081237,25.776366667606357,48.406485938284625,0.8132577251170766,9.655639450458118,15.943421043928225,0.5872242618592695,MODERATE
244.3746992747075,63.058884221699365,61.3089627507543,0.25571286723417785,17.47552335671663,1.9464607950191604,0.3045167176923072,LOW
770.4958653653167,4.742053240381368,96.74066415192942,0.09555605806847278,19.694459756189563,6.141269420564326,0.576046106134078,MODERATE
28.500273783498997,31.726947272764015,13.864015761553448,0.33069012127099373,4.510540962237999,9.17154543720088,0.34179885624041134,LOW
184.23672596665494,3.9637209907758586,70.62507480101449,0.9351399403070518,22.632352748428065,6.8107991726012,0.5540918109989819,MODERATE
722.1779493024878,74.52115772419174,146.8202241285343,0.6937825615694014,1.514325860273097,6.346014410692382,0.5458194873719665,MODERATE
312.8298085844783,63.42654552545661,32.00120958630072,0.5754343202505798,6.623204537005317,7.043805949426569,0.4582854132591371,LOW
143.3512210961523,78.59076633980307,126.52848894917251,0.8404196214977621,20.37000169810691,2.8409865886218144,0.5811422839338074,MODERATE
176.21173258314894,72.90268200398546,83.398964280322,0.6601872500318644,4.593305449717844,2.388346730097173,0.4293575342550333,LOW
482.3731977231019,25.949208997170665,13.656216282470776,0.8111454488057616,5.503440616636793,5.206215975590622,0.554695631154082,MODERATE
763.1015611170392,55.635089574115845,32.7499577475829,0.6571570021935532,24.391409054387438,1.4016345980953049,0.6670113139944563,HIGH
72.87913703628843,25.217772910794263,26.244500980359973,0.8642578201707759,22.80910844351365,10.20439986337798,0.5467131050622817,MODERATE
37.12800912093797,71.16868384644029,111.92949449105681,0.6240081755153254,20.318983451838367,3.0627253511301267,0.5243064686928576,MODERATE
423.9996408947904,33.44947672741997,16.63106740002509,0.26487486935888316,4.345027124160514,1.3513432994158658,0.3067413539763549,LOW
861.0067993977349,30.695115810434338,148.32537375917124,0.04111814285119919,6.378456465117907,16.742915801191703,0.586385378956343,MODERATE
258.3187250385725,73.21143079443334,145.39198443770456,0.10532024692005881,5.87919271833191,11.750190124739106,0.5286185316328288,MODERATE
863.661779769673,67.10248272196849,15.331097484620056,0.5124457856179236,4.728108470692521,17.96720054648579,0.6165908813747392,MODERATE
800.0362471651011,77.34667071577982,159.98729839370284,0.9717683805949787,24.26116273858757,19.667855385188677,0.9033611098852535,HIGH
261.9902179848849,6.2525587603813015,172.68978779603958,0.7594616862247237,4.150704297006161,11.87062727862042,0.5792765481167514,MODERATE
737.0837771879706,20.223771365069933,8.78078957444287,0.7754426702065114,18.66782935303239,15.919546439598802,0.5456399808292134,MODERATE
620.4218992862487,24.767762081496606,171.10899269649286,0.6637871219469609,1.2753691619267231,3.190839596578565,0.4944014387256916,MODERATE
465.5219261252339,34.523812815426204,51.02372832075376,0.9034881326389217,13.595159637903894,13.967374014884268,0.6889273720959826,HIGH
386.3953673081585,38.37727362993434,119.9923874037711,0.7354593195420667,1.7712482889756438,10.99108403782613,0.6283404506569419,HIGH
735.7974527736565,24.026321817272304,32.29201857641704,0.2583634108711814,1.5438383146094,13.527857402183477,0.4907820316025792,LOW
715.8406950985689,63.44558342845725,147.32459707922396,0.49948228517075755,5.755812345860884,2.0944839479828192,0.5574261199043191,MODERATE
683.6733389888776,18.63628741431946,151.7024881393159,0.40434299631686876,23.140084827455397,18.716302340354076,0.7369130677505092,HIGH
898.4477965816134,56.02486775062993,176.12311153017265,0.16539081810874545,15.970754182290925,8.349746983599282,0.731178322350387,HIGH
435.87609023783165,68.2896969317757,178.66348972857907,0.22237706474069752,16.28503760051236,15.515985742987722,0.7737546575010006,HIGH
728.1614502597251,48.692160893607316,14.578529691909026,0.28515678823270196,7.441392186184456,19.812240249883615,0.6034351875185664,MODERATE
777.6057466152959,28.978555145532845,118.77548462877535,0.17364366499228623,18.09041185163512,17.46623991782349,0.7456571659212917,HIGH
198.3262974937787,15.843408133535455,49.87526571026034,0.21730839923573142,17.038812400637724,6.234109678864468,0.365447445971703,LOW
47.43913342722428,11.613349357891984,23.47842362797499,0.91639336102378,11.542136002013425,8.039524185816902,0.34116870207083116,LOW
370.2260779478359,59.78980439277587,27.63437995000255,0.34323920820934495,17.065135121100784,12.973082250252858,0.46570179246722393,LOW
772.4956491487306,38.061427809097765,168.62226576818455,0.8275166895834012,21.67838599137158,10.760463187814413,0.8196384684388344,HIGH
267.3019202631141,4.6592445422220425,123.37321366381677,0.06438994432760392,24.00951732481829,8.206009189661028,0.4876524169979259,LOW
633.0090371200074,78.723321048467,10.032510223458361,0.9818093895928307,24.914847600309006,13.067394074318129,0.7218012678056103,HIGH
16.539843767193787,54.03295145613021,177.17718398815057,0.7647917412896393,12.207803932277772,18.19056738681782,0.6732095270096651,HIGH
326.27434476501156,67.6904215627312,145.59839030856793,0.9067160670736093,0.8188287406013517,6.189918293328589,0.5322681538941405,MODERATE
557.8098583347546,35.6169050340439,56.34309571147978,0.525911371579564,5.72945377391817,2.5667667549554163,0.3963631799893868,LOW
125.48389916437982,76.47965104383397,85.2851381554204,0.6345379182003379,4.9212234717954075,13.514991283242598,0.6014105037160361,MODERATE
807.9801518112162,16.762476653006054,131.05710027716555,0.360819029339267,7.513468752184027,11.79189999067351,0.661852213792094,HIGH
149.08383963420053,15.625753712166471,122.0097433652609,0.4320312209738343,9.012554061193285,18.11176060830601,0.47248765912915947,LOW
819.7162550535553,71.33644404685835,83.8914808877482,0.7507428143285576,16.716931718125373,14.85318472396722,0.7715835883914988,HIGH
202.58648472784748,71.44564805645253,92.71779222513297,0.04996863999890522,13.14222398207961,7.942055183037226,0.49039054383714736,LOW
894.9080197850983,40.42253935442433,8.734174794541422,0.036551335399587326,16.24361459021918,12.666587010121527,0.6175448976715212,HIGH
548.2263548330759,10.937122072964312,90.6133507631638,0.8749210477285015,24.295988638360203,17.247340785767832,0.7649452156363199,HIGH
85.06695605009703,25.11210019805848,61.90419361860252,0.1100076400494655,1.2267988563867989,6.949463183339133,0.21593799039996234,LOW
68.09673868600727,60.578034704722945,52.024164885017186,0.7210299493398731,0.35996701435952183,0.27653097131074444,0.25375327080569365,LOW
76.6803096709272,67.83336073210297,49.262414033505294,0.19954279729751534,16.637636026525414,12.526809807477932,0.45830001586313107,LOW
535.0045450889471,28.46472507184055,117.16149462680426,0.36620888641852645,13.65634412599557,0.518507726077404,0.5692322311860544,MODERATE
730.5254900713728,5.837460863532559,77.83711410911603,0.29354981944083625,12.068729076357956,18.74959803267543,0.5224903280545746,MODERATE
368.6368401757501,53.592407844249664,77.21863110859849,0.49033548987039133,21.3331878570492,3.363976992797817,0.547092561512929,MODERATE
405.903825760857,59.42026627362519,29.494471451914695,0.8266614865868076,3.9718938055126776,7.485271499582133,0.6023541104881999,MODERATE
534.4660562615189,34.49715939323171,173.17357871560745,0.875534090847725,14.340484200185225,18.925682382627024,0.7610856090176288,HIGH
484.4061382598566,47.06471131781168,41.0827902386487,0.2220445251938874,23.298178905278114,1.5986118956596362,0.4484175089473328,LOW
622.3749424601305,79.00234830440257,73.69354798154045,0.33764849915948947,11.146338111545182,0.08685067734724106,0.4067419479890775,LOW
429.88929094509365,20.354889349413092,35.046652788173276,0.836916859188292,14.497892668977938,2.0727311386109393,0.5151587210182031,MODERATE
645.3360097070201,46.26523781014082,126.86257057765746,0.08963500193551288,1.7499838672987433,19.72076935354562,0.5086435546308273,MODERATE
897.6065608665043,49.26587267144876,79.06704561649292,0.11689683853528843,8.729576405722595,19.434575299586243,0.5405035241696545,MODERATE
321.76507960140077,44.379468485932584,75.04333908424017,0.4795814196881526,1.0349576774730695,7.69198212908869,0.3561868805536309,LOW
20.871761994662215,69.66123507755987,157.64198448464302,0.790144356111975,14.309408078816826,14.857712546071964,0.6818686837966608,HIGH
121.80629054097274,48.7955950218472,136.94689311302812,0.33597618108488425,14.761853616941034,14.718668946503769,0.4802827950840304,LOW
502.6276246383889,41.12331176891191,94.05763446716338,0.0694319094902518,23.77100821129714,1.9963241251047337,0.39418980104055956,LOW
316.38943055874034,10.718187106232678,84.87768232336353,0.9678675472064772,15.960150582262308,4.702398484815475,0.5789900811876245,MODERATE
846.5845083974433,56.553526744180616,172.822350205673,0.9389113222571054,0.07457414114341587,17.779646820732534,0.798719102842004,HIGH
568.4270201955708,11.43648155808133,172.2067274797314,0.6519014163086008,20.83085990347331,3.3139361933299516,0.5757689549671301,MODERATE
473.1161155092665,3.099021575773669,127.15398535586989,0.6818764131118148,8.241407032452159,10.417107136954431,0.538607211963734,MODERATE
720.2551561320967,39.59396188201352,137.0664788410715,0.9336953513521313,17.856792332391795,4.883048792311251,0.864408597715384,HIGH
240.14498523369468,46.223176499670856,161.93763055953303,0.643863414734065,6.6007131526933325,11.152291133593245,0.6562812309747813,HIGH
739.5673008513002,79.92527084853651,173.61126730086204,0.7884124293129985,19.00562063492571,3.930613982628992,0.7756804209387617,HIGH
12.724383329042722,57.27381676196763,15.727183162477372,0.4635158686554183,23.18726682514839,4.3149649823113485,0.4493209460837605,LOW
561.5128523007887,68.0386352979786,179.52365101223413,0.22800259814882784,1.9829763184278177,0.9359811461539613,0.4733201440737177,LOW
841.9338644307433,28.36465508342967,126.84097647952235,0.832532151789574,13.609048804177673,19.80342775616654,0.7054916521258686,HIGH
711.1953573101443,41.20425992381743,107.10132890030134,0.6843819294780461,13.510050458480057,2.2619045957368766,0.5046136692793614,MODERATE
769.7344310111498,77.96725026228658,74.9569154335147,0.2895621712928538,7.160943057643715,8.312376341618064,0.5155918937582781,MODERATE
363.28967870263546,33.973695619279326,61.213790969800705,0.6232755511608306,8.541858972331152,8.351159631279646,0.39012876236641475,LOW
743.5726620291124,64.77594355938832,144.95362732579193,0.8164839821445223,16.904019200552582,6.072524818687588,0.8056885399466537,HIGH
500.24018187693724,42.55314030181519,118.14387512184364,0.2703452263377085,7.3152769708660745,15.879805804906454,0.5452739068128545,MODERATE
560.500810487847,18.692986270875064,36.92622521904743,0.7681521087219072,0.7656801708983724,6.753838231870974,0.4664761031131895,LOW
62.43465200886512,46.85307233965975,110.17407564698706,0.0723433889918218,19.22965503062222,12.509005715063736,0.5147444618662611,MODERATE
189.381010485209,18.2269002412554,26.268732208142303,0.6249488241409268,15.629822756856878,10.8600076276761,0.49818002999798644,MODERATE
500.3583298070618,1.239132200183549,89.94059394459701,0.998933625204296,6.261370886875187,17.28057765903564,0.5632172133889441,MODERATE
62.332941462912906,19.63578522239412,105.43891717240207,0.8663747373989499,24.038524810162677,16.38965261790792,0.6586130127017776,HIGH
669.8876578630648,16.258362756052136,114.78744866318179,0.8756580522899685,22.460700745342017,4.35894635883566,0.6277279622956985,HIGH
757.6507375844924,30.302772998755266,27.001931960494897,0.6803571528382734,24.109396426593594,15.002235893694486,0.7535632596636677,HIGH
829.1225015523763,71.19915540093376,18.112136628487892,0.46118712759584524,12.805908223532434,15.851369161892963,0.7456704415167297,HIGH
100.57392867002727,31.64039281429539,47.30876170958906,0.67721553195935,5.879162224835924,18.38371327390761,0.49915991449675645,MODERATE
846.351020740292,67.7698225717883,109.65833995567581,0.32119233711213013,4.345729436756393,19.264352060373056,0.6662690372275996,HIGH
70.18180679007253,44.893428590394926,167.7712237007952,0.5527685374189522,23.71308795869135,14.739380023537079,0.6850524961014457,HIGH
431.91003217575565,1.601561633582788,140.4631120311633,0.5396799104493076,22.270715067670302,8.998623437954226,0.5115349725645706,MODERATE
757.8234083587524,15.910200319353997,134.4821840058645,0.5437303509234969,18.523435435096687,5.8594133805872435,0.5590926623503374,MODERATE
72.57691332236527,74.57096557143487,60.11158967583114,0.4119875904518647,12.762870819178962,17.29325858650196,0.5351386417156572,MODERATE
26.22565496019543,48.72970224961976,20.99562097975338,0.35280183036130697,9.610188901180178,18.311089775133716,0.48014223832365316,LOW
32.20346964891911,74.43420182720963,160.65715369552512,0.3303545143539607,17.586128034294024,1.9512236488349144,0.40197849719112777,LOW
465.0305130980699,25.499481603972775,90.65277739797654,0.22473085827947303,0.2382226732390913,11.086454386802343,0.4127620713912049,LOW
732.3211026910301,57.608427884336685,18.991441470561107,0.4385472449378486,13.106940255736063,2.583885561207282,0.5438962780553637,MODERATE
123.40973725461367,61.98998763188353,96.75940269097507,0.11774565363547951,16.966494149272215,5.0315943092811395,0.393138024422874,LOW
120.90312613079116,78.08026861616418,121.89843343708088,0.9015735423209381,18.84399960120676,7.663922636355527,0.6313045904189384,HIGH
516.0067009943145,2.435942170347895,58.26210529881858,0.06968379971361849,11.27702852971061,6.22328430668694,0.39424066803980246,LOW
218.52308472261208,76.22673999473645,2.6555587713708135,0.8374187147485667,18.628479587060482,14.319978741314012,0.6164509247598206,MODERATE
659.8902242789377,31.935627190729043,112.26764622444942,0.24124840836438066,2.396042501344531,1.5793247632674623,0.4261067855400348,LOW
855.1754954773073,67.2014000538445,8.177097798877815,0.8532191794779191,5.831866186323531,12.275470831951417,0.6090786861017721,MODERATE
691.7697318743676,44.03232053946563,78.46999906594252,0.7202661947472286,3.615317983924185,11.628290579617941,0.617587636246214,HIGH
790.6860760772356,45.60731389963587,148.63476583470563,0.92097512126206,8.495948350775556,15.743899665971494,0.8045946252854178,HIGH
472.43159123878655,29.39085316672956,179.79372618930395,0.8702329741435597,8.60482564644551,1.9335698831054282,0.5592693869331004,MODERATE
750.7641807536046,66.4493346398776,67.28422160316597,0.7010875235684093,9.348491583678815,6.65209250406686,0.6071635992995729,MODERATE
172.78383374814732,21.857072096188837,4.60271984353528,0.1516788230918762,11.64562228830068,13.942068477232368,0.3414887691418319,LOW
70.82962245210837,39.88706950810991,89.2296552470402,0.5490453198046304,10.908343386923045,14.23374214131531,0.45601571223525367,LOW
593.7982680109704,45.253785402630555,50.453296140326614,0.33982805362545143,12.261798274965678,8.99251587829195,0.5310908806550833,MODERATE
56.23772834466978,59.65916638077158,160.80672743246544,0.8857756356404242,18.814916612607988,9.235388666215927,0.6527961793922655,HIGH
804.3084630343157,38.25919162628143,128.35906390865722,0.8722284940547849,3.55041847578548,19.29918619225005,0.6967279269543813,HIGH
625.4831909256026,54.742349008320005,73.37386511626549,0.31403745239871084,8.767664380012597,6.524559740865817,0.40439246557397734,LOW
857.4586456139317,39.338233611490054,137.40305333435234,0.6716995792779947,0.0033760513754477195,3.002293938227303,0.6474994308110664,HIGH
289.35912411877973,53.08633031972898,62.075850537204914,0.3382848270572134,0.7057297465315221,19.05684129982688,0.4936355320611604,MODERATE
442.68089518944254,54.25733462044371,94.39568173536838,0.6781904953913194,15.160523707064568,16.19216286522327,0.6511568361304984,HIGH
670.1044248901559,57.04588328181026,166.17856508405148,0.6138710443936849,21.90003879001611,4.741258569474747,0.78066971076309,HIGH
226.0732970601303,66.04068371496575,36.82815065642827,0.5109479524520792,7.647742802312485,17.14513865792283,0.44376182862795166,LOW
492.2454498993836,43.717082315833466,57.037382341300386,0.8784060140676272,10.04738861600465,5.046028315517253,0.5411572597503237,MODERATE
596.9258747548755,16.268974945721567,159.52122084232573,0.2460502656822472,5.246910454436307,16.548949500906705,0.5393094993718258,MODERATE
881.1397024578667,54.691626487905374,83.6762264955637,0.7974666642989185,3.5699917324908985,12.57125451924259,0.6996177627111784,HIGH
672.7859318757224,7.092328595880788,57.902100332570605,0.6895077229722929,22.10245495471407,9.651604408926229,0.6681157031207875,HIGH
115.13645674837585,18.29744677443354,7.676461962925351,0.2812678697706955,14.303000325850126,18.561458140391807,0.3575692892312044,LOW
433.0467717311462,63.580444764519136,75.99259372805528,0.42168575461089897,17.621869576257193,16.187358602993235,0.6348879957602276,HIGH
534.0059968607192,35.37054140207521,90.60759893501684,0.06901417052308056,22.047286762413016,2.598501498451369,0.5230040449828268,MODERATE
140.49459714927394,40.34548924444615,73.73358325047462,0.5975766577032856,14.709832007312468,14.111379142137366,0.5522185416179852,MODERATE
394.44979071315976,79.00435656019887,50.66520284493003,0.8878909459755109,4.507103767551398,15.790039044135318,0.5792606902940073,MODERATE
262.7651765388825,19.578626382064517,67.07430106614204,0.11781842339802107,17.832920616008913,10.822552484155787,0.44810839464615704,LOW
115.75651261320311,2.5446672133388297,115.99761894111583,0.13199846000598237,18.695151251380885,5.521367565082307,0.4317703780775341,LOW
465.71732078247453,9.798436151909685,160.53906987337746,0.4745668524576646,10.348714319340887,4.689459494064208,0.5703895938383823,MODERATE
157.41344210098742,20.315646913205537,117.29197224137283,0.28123010405783744,15.420350665885444,19.482919413467876,0.4345654096163536,LOW
535.5782936412937,58.34768192732106,116.66307603930413,0.27692891141379916,12.113745847041034,8.735869297584406,0.510507653310819,MODERATE
161.03026969526024,62.289940526796194,147.2206002945771,0.6386701341168086,8.324985440777988,10.376500154335018,0.6430370377191205,HIGH
653.9994820065108,45.67362736711499,30.56055721425468,0.4102563774642892,16.810402924020778,11.963314644110689,0.5875069115195622,MODERATE
183.76504449640666,21.14866549715475,54.89647567300678,0.8446475588893303,6.186309971824936,2.0126280651506945,0.24145249268716978,LOW
807.6937396907731,42.217609667619065,10.055785952501903,0.4289061207435837,8.186770011732397,1.6259079117145792,0.41040235873278896,LOW
33.326327328439874,2.181646918780803,63.585165640310066,0.6152754816410713,10.142218758689678,3.9627381593493283,0.2883065756955033,LOW
474.577674470705,54.862274476601904,179.7894570257045,0.39789137886833525,15.36550634103477,1.3065813372529655,0.5541562818560741,MODERATE
294.89324163902677,49.52950687732426,59.94691877043808,0.2560234971697254,21.305102174714655,17.969445751406724,0.6163916173541686,MODERATE
210.3181079393858,2.7219266111419427,154.89936628863737,0.4713321064567534,15.37291567198355,2.960485415311629,0.3927249586602966,LOW
429.72647345698175,65.54391905699086,16.354210793547406,0.7204804260909692,18.152033936742587,4.531383438321804,0.6099442639624825,MODERATE
759.3973873285921,61.31069627780762,83.2885130371439,0.9528091406754693,7.316432402971376,10.746207189418053,0.751053340852157,HIGH
824.5967129187173,25.349675899896734,63.911852903312955,0.04216682590559795,14.685376429567858,17.92408451809649,0.5122812842802722,MODERATE
279.8912701515827,51.19475539995217,37.0833325184234,0.5318269476809787,2.5962942358437906,0.9806243346722598,0.31177169487875434,LOW
147.2768236646134,48.51794411373288,67.67862001317866,0.635966009185933,11.581800019883563,4.319489152716547,0.4738268182658586,LOW
650.9249983340135,12.311242058922751,117.57878194309653,0.08572052673885289,17.246970903771956,14.347008308975646,0.5999494385181015,MODERATE
527.9788656558296,16.2674847880349,88.76514540514762,0.829171023922357,4.493063040478562,10.383596238226694,0.5794786542980734,MODERATE
188.90437232302833,54.97328476202223,152.13579158631464,0.27595199865804954,22.55242698183504,11.890367132298348,0.5796650953525764,MODERATE
686.6632513978186,74.75058005533067,162.9854426258524,0.8749119459578175,10.429817150544899,0.33907609944410666,0.7187014184902053,HIGH
471.8480873655056,46.526461335201496,87.25881677933062,0.552606961750216,16.778546641420935,17.33610465902263,0.6501327999974024,HIGH
591.5217275615927,45.857238499204044,176.72901023305042,0.15207892768195175,11.747362452149135,11.574814576479376,0.767509936639909,HIGH
329.81174022741595,52.087853881603245,13.891716673048524,0.7392208902190904,18.30645421382176,16.6873567644858,0.5425687475116681,MODERATE
400.7968295591146,35.805685714072176,50.46472061918841,0.15722850262005406,14.607581035330034,19.274897541175584,0.6673946512960921,HIGH
170.50446755369856,5.279591436606156,75.5913174031351,0.7203784388482979,3.0643113157297037,14.643229885492213,0.38521426842809725,LOW
683.2991222043535,32.323803891251075,105.30357035414059,0.8081982193893948,23.117861793409773,0.620209755233021,0.731234275243738,HIGH
149.74007849509476,72.11992459931328,98.7214236950647,0.5755291451280665,16.50151612218719,14.230589316037186,0.6685357723288421,HIGH
702.6893093284446,64.59079723093234,102.6678407169912,0.27109244599314286,11.801808721288303,11.269413487120437,0.5865121268138684,MODERATE
720.2269908472815,74.26646191758817,161.42887934694497,0.43733776364541077,16.91512156392424,2.0707918740819697,0.7085662836013681,HIGH
674.4748580090583,13.073695225460435,50.68416935964177,0.5280204549710062,6.522398936601265,5.408541259321877,0.4269770668813889,LOW
27.286281372278978,40.97066280606753,147.21682046036454,0.6657810997228228,19.224022210929206,3.3768191647035706,0.5502026138544236,MODERATE
253.08855921993947,47.19352423022255,100.882099188851,0.6339255382669025,10.28063521323975,18.496827767512926,0.6082083612079884,MODERATE
426.82059108471424,17.58411528944498,88.79779644316173,0.4004243293625631,20.12585036766411,15.905666516145086,0.5883821252722399,MODERATE
540.0344970579482,16.876648902248633,54.59500318695898,0.7581663674604794,6.8513296411777835,14.017078011451394,0.5405999621480274,MODERATE
828.1076684384547,62.78060167878138,55.428315694040506,0.7714163649355044,19.756999223635756,15.266412784930253,0.8439944644478055,HIGH
344.28931519454505,54.07630144712432,70.53789698863478,0.6963311990829958,22.667294173556947,12.02492121744184,0.605609859018921,MODERATE
788.7707537088191,52.12781540839765,137.66837736984476,0.27215470420688437,24.52051939111263,17.105331755389823,0.7324223633230782,HIGH
155.45206644178452,22.09200918065818,86.33518687901652,0.4693962867146625,19.41774967899187,4.572162969500962,0.506170089919107,MODERATE
340.439633882678,41.03478451552934,28.536229660868745,0.43275700214329915,17.600330536894752,5.0100913664022855,0.47994165751344064,LOW
56.53098963097747,2.8225263256568986,137.01550874436117,0.8167922359448654,12.99854920023091,11.834993109666993,0.45723879665788736,LOW
670.8154690395038,11.265738155433805,119.74501783694043,0.8081799809344816,2.6433571987300315,16.202707982061412,0.5844771621892244,MODERATE
144.08095411529254,41.94181815810251,170.9137395438089,0.8660809046257799,13.996347518542562,16.715769112174435,0.557422248457443,MODERATE
238.74781392712742,25.464109774921113,95.76512418989824,0.2311757813734916,14.081325524103638,19.525062612088742,0.5568057039079559,MODERATE
699.9575944519612,77.28791079482481,118.14156349994694,0.7484545669873828,1.6183465220416637,15.245697491800822,0.7535652628814071,HIGH
485.8978785062119,38.24729313809384,86.80011882425684,0.8703992086757036,17.26565548414641,4.654859025914355,0.561876936054411,MODERATE
22.43572028243168,7.601568352191202,122.85965728175562,0.16649074106336215,3.723560952407051,4.613011002336645,0.2877055943701439,LOW
11.98933222518345,2.409545433169681,79.06495431283282,0.03993706062490099,14.915298066320151,8.911774899084875,0.41430305468603923,LOW
464.4879622485084,58.29537203396604,25.676309693712568,0.10550854845592261,11.815830786087874,13.003015412313113,0.3911859457426225,LOW
281.4104072367834,14.5490323059748,177.61629929754443,0.6062023767018667,21.876356557996782,10.259840346764692,0.584465180325208,MODERATE
170.47718693570764,15.837177151399665,129.9451028004581,0.42164787045558494,5.8061110118564905,1.3494592850626397,0.2484340107347227,LOW
556.0986045673387,34.48077058861301,109.94402271614341,0.19505136392789002,4.280175728921162,9.638016288093914,0.5366337054706707,MODERATE
213.3084598285101,21.860786543123705,87.17431428320798,0.5283035717568284,13.77927784505664,16.34197365351293,0.532399875919826,MODERATE
537.0643632196036,49.709589299948966,128.34579139177106,0.7855225142746414,11.506073297499716,4.806296249395492,0.6186323387195041,HIGH
347.54669602178285,39.36970807067734,23.692711062197386,0.8558176806969795,4.032438969161325,12.70065246034833,0.5218742796018886,MODERATE
176.20413372611284,9.804597516701175,59.37429826736325,0.7517209827954959,15.342804547535835,5.394390417198709,0.4075448875390029,LOW
132.91321670318632,62.99452698484642,23.321183786556567,0.8855113948021844,22.64543396335744,11.113380295476091,0.5720721449512369,MODERATE
220.80593678328637,34.642849498725596,23.558492201578538,0.6041853987183935,18.50634596773376,14.01957784272371,0.555114321601405,MODERATE
36.550576131556724,49.25591124755474,4.821210533018945,0.8370736807831642,5.238925733736605,4.1444450393611305,0.3079792352238518,LOW
284.2329962122789,1.3114442700818563,136.30492131033753,0.4171870923625419,5.96015384177975,14.790942608216849,0.460418539231854,LOW
812.7396742617968,50.48560264148643,41.68824380790708,0.8524786176576872,13.939030812675249,13.530369785588734,0.7384328182555095,HIGH
749.9122920358951,23.345138705443823,149.929381713474,0.8958131888170178,16.937928495214017,6.255199194021426,0.7583571110898802,HIGH
341.0833434804964,40.05528871358949,162.89377803530806,0.6864080607184095,24.474885797135894,17.89949388161147,0.7789628747527692,HIGH
522.4919205378054,24.51992770188189,31.173324677688782,0.43104630464937155,2.620494782821023,15.610282984126131,0.49896211784729533,MODERATE
514.950897522512,79.70459882673718,127.88666357813344,0.2816739129610746,13.658623123369406,10.422655664717734,0.5350141301373784,MODERATE
747.5764098824039,19.236542862218258,83.3947253997209,0.325179472947566,24.684358734796504,1.6536918483271945,0.6261868786564253,HIGH
220.2981903500994,73.11590851765128,165.4940471756831,0.1323551020734428,2.7724196708525746,8.812430367379985,0.44630480511149795,LOW
273.784865025781,73.51936391456343,87.7106776904958,0.0471618052607915,24.31421624941807,6.597010540234733,0.46451163103569537,LOW
278.58903603359425,34.25905158181505,68.81842567325708,0.4144180460981123,11.554448406895995,5.248908199968616,0.3662846852647931,LOW
46.37429089679016,25.01624612634514,53.72715630639865,0.04266868555804604,17.934741511147596,12.87147122618321,0.49860657504390143,MODERATE
290.07219832738105,31.101808205004502,162.74823780084017,0.8805880266982272,10.631787189881539,18.43460310196948,0.8248237821934591,HIGH
791.3432611633262,79.15778790395204,41.48609531012655,0.649958090222649,21.026102823966212,2.9310852233893336,0.7688383799349853,HIGH
821.669006338618,49.884901959670884,149.16094769809808,0.8436672462272691,22.71294723800108,14.83274487830494,0.9206245942580932,HIGH
107.57545773400985,44.037638787830446,35.75955311645083,0.44441666074921227,4.1666296021094285,12.434297603952873,0.40229240524179566,LOW
417.67210204040396,3.837512625814757,116.16803691137495,0.2239529436753499,18.68105894023796,13.340645157333462,0.6390998265425202,HIGH
349.40052241299884,67.97959940136504,81.74074951063112,0.29027882893496004,0.5184882225108184,16.90371130756532,0.47022984428058073,LOW
445.5296849948152,7.620631008768721,19.724952827985607,0.8547331206241424,6.921503557754743,7.509077213506474,0.47887618756644457,LOW
503.7003764122227,4.710816995716126,23.54200777275237,0.12189323049101486,13.808562756063253,11.591087112153918,0.4200522342114218,LOW
28.030296415794,22.713788803321368,51.39013783490487,0.6982658341878836,15.080126084570718,5.536472164555784,0.5197909120112352,MODERATE
759.595600649833,38.587299799543935,138.23065160677857,0.225690242570181,9.131661260390517,5.684232452082425,0.6570016720739497,HIGH
876.5610251242713,71.72782784034764,131.48026040555166,0.3531698801646299,6.7609546230726405,10.265649261538108,0.6754706905601444,HIGH
591.5302826832417,63.41622512754425,37.716525001918754,0.003046752970858879,4.291253986785495,0.1460029969840959,0.4175176910786475,LOW
597.8024922590986,16.6129394159616,86.24019282747507,0.4790887693300667,5.9928166692357205,4.962305849532083,0.45976253157243874,LOW
479.9020734693305,30.394282745754847,18.36066631918215,0.12835281714028735,3.2556767496843415,3.0325755260472964,0.24165952823661788,LOW
307.5033364257998,62.63898090489174,129.1543852267933,0.8596474081839218,6.529151337131162,2.3973585572713185,0.5369848871257884,MODERATE
142.59026351977377,42.64030335005869,143.00106426811476,0.09772791900653832,20.531983133095576,7.692573648991408,0.506517114562713,MODERATE
529.8163749994851,14.78486341990226,160.93864800662783,0.25036853735565046,7.1880569072671205,2.087236183284318,0.39036794282027437,LOW
49.99784912319428,32.288361011588336,159.5485279838411,0.014798405884745236,22.692223601267884,3.0857856308012876,0.36959461947659994,LOW
743.8072852457677,50.44892855626684,61.48272297913506,0.9928773782230785,6.13072791767039,13.374313254299548,0.6309601487618739,HIGH
384.6114125288478,77.88482830989794,46.561556185764076,0.6414377279545803,12.299097286785551,13.026842475229628,0.5481710230707629,MODERATE
379.1312595041576,53.28315233365631,161.48949807960003,0.6435768210038422,4.189247513851385,18.900364599695273,0.6617448872025486,HIGH
301.1820640435561,2.2794178162803584,27.135248492692266,0.5188608485495089,0.42736704887925137,18.405464771467475,0.4288728257137127,LOW
872.7249609417419,56.69565385396972,11.622588832980176,0.8680554992067058,15.638505913513502,17.47880695111576,0.8291292878994863,HIGH
165.67608796593976,20.818319789121208,57.24949306643464,0.14418808484438106,8.444145144430818,13.819087227823728,0.3912414757568248,LOW
144.66396111293793,69.11055422289138,137.09370786072463,0.7928518564660492,8.626877073994898,5.331787237910195,0.4595999866019164,LOW
157.32303637507684,31.327302749864945,125.26176279582796,0.8071234759519763,10.193803147869296,3.5631548181990857,0.4402930882960985,LOW
596.0894597371799,16.76958798258972,177.6828949458073,0.036128357979896664,19.443990426606405,18.98835642593739,0.6243899783348013,HIGH
892.7868336693425,37.96782773430852,65.35650922832048,0.13267694921208673,9.993539601297874,19.192579799794007,0.6703897165665995,HIGH
219.5729016575617,21.16063997088543,50.37666935938142,0.5471489008726178,2.1601688336923304,10.088690634198391,0.3359315421277852,LOW
815.9994833900641,19.629897591330195,68.69916205484186,0.09019152044321299,6.968839981315508,10.968273562971781,0.4207175171753825,LOW
257.96873769527343,46.28768226110594,141.02387079605128,0.2823662262198672,14.40323031555358,0.10745759580247372,0.5378187059963487,MODERATE
586.6309289115171,61.62035539721948,39.35969125068372,0.4036731099900164,24.837172621797453,2.9717119264707637,0.508483923910989,MODERATE
46.04406722069727,66.96139555863017,170.64688918011504,0.15721755877033683,3.578674717065769,10.919885970076065,0.3618008439025364,LOW
451.1320373728082,32.415919767160894,92.74633052281541,0.7041466880981916,8.086289917370552,3.635862310877669,0.5157304200217406,MODERATE
592.5672699882938,6.277497324158204,141.1829542436301,0.495061330959638,12.139832319895518,9.574586837774962,0.5887622415055397,MODERATE
487.32460172813944,39.23402487877872,149.07986658262107,0.6398164408325032,23.61609066111024,15.898316068472923,0.7393330691630707,HIGH
221.6734925447941,35.26873668524249,86.70790600345727,0.47429952899113215,2.7105485965537386,16.01555923355953,0.4684276998684258,LOW
747.3622839584448,16.56133691199011,133.70547709206306,0.41248439683116245,19.845548807776208,17.233166241904016,0.681715366584306,HIGH
873.4214950020339,71.79544719038549,66.2802839844475,0.49238905348813466,18.07386691931529,4.714241489630828,0.64421317705573,HIGH
418.6845251659381,77.95771198863441,146.15611455490355,0.8995147680329882,7.660946991133377,8.637945577518167,0.676760286611559,HIGH
575.9681460184357,5.088027854613433,148.47863854252006,0.39603882829294035,19.343841475225975,12.53690838470537,0.5344546797655366,MODERATE
713.4678088275596,63.86396400873716,102.35084167947697,0.6422625968137278,14.371846444942635,11.621721440706452,0.7979122646710392,HIGH
224.92526395339664,52.01160807738156,40.04845904127368,0.8339625162146508,4.2840055931394,19.981463619781255,0.45185705449961944,LOW
779.360839916619,21.65346439510673,174.66994835728528,0.6210876502288178,7.143492831336504,5.525628324162552,0.5657662950948608,MODERATE
259.3788057258978,51.17733334434222,170.50939676136935,0.2260643806732413,8.208507550617671,1.4267890081628054,0.48389590110863046,LOW
700.4894151285625,11.162812142994484,111.94787747970128,0.12195968250743017,8.075735067205747,7.757240225647206,0.5096627246266477,MODERATE
109.76831685951564,6.483114155502285,177.11469913980278,0.5908771296482246,18.659134529435153,10.360271549628647,0.5563517269079508,MODERATE
266.66416603861103,79.48563692912857,91.00053705403047,0.7273952915756932,16.507370929166004,7.74478436071397,0.504685064196503,MODERATE
484.9217412064823,51.27321881823415,68.21170311175982,0.7687371501956882,20.49637890158575,6.387283316089139,0.611228186763707,MODERATE
477.1806651768405,21.004587338125447,83.43003982276964,0.6938021974697687,12.769896002007775,5.145188313130067,0.5157206153141023,MODERATE
766.8837541928659,36.55268251639751,9.217356255206294,0.0034542248571275413,8.763291421443903,8.549687211005754,0.4131491536712501,LOW
896.5532592983604,76.0569664015294,99.29281082625378,0.7738402948469364,1.6937816795349199,13.784042187926019,0.8065671904233495,HIGH
105.41765281552516,35.65928040255797,120.25560686081234,0.6046226894301795,19.859810431430443,2.977313406410791,0.6264441065676576,HIGH
251.53543821428298,72.13511802818519,20.604075297786178,0.9881813824315056,1.869224852385687,17.310678457545613,0.5846547712860174,MODERATE
328.2624070985375,69.63592664029848,46.75196533361438,0.7645872803327481,7.536614471892203,12.822444773366602,0.537839985289129,MODERATE
436.2373829509045,28.18834897117662,130.09195566329572,0.43020716077069576,16.722091253894146,2.1474100644843497,0.596472038975385,MODERATE
449.57967140741516,55.9847113220911,143.05264192623687,0.6761499591679198,19.104257855630703,0.4703917854092099,0.6012802016641811,MODERATE
772.0136062020908,53.17938179882481,177.4702018326557,0.6159357349166306,1.712819371090621,1.0271415468301637,0.42856056838503515,LOW
695.7977794787388,61.92573777896751,46.32703977444444,0.3373934781909429,15.190442098603265,1.8073680081489751,0.4520330704571486,LOW
26.77790534377845,29.90840397713135,151.61766542796,0.5335291444353845,3.428472769067242,12.87078155322903,0.32563260314603715,LOW
414.9693669190372,5.1266833813524855,31.806430755435816,0.20438097948210143,18.930999109923217,18.817130195824884,0.45824475665404646,LOW
560.0857160372391,14.512100047888369,24.427232776356995,0.08783017198281318,18.246320931169958,2.666068882626551,0.36484682679819863,LOW
419.75207251279085,49.70774132622697,131.52744103043608,0.7330244434240826,18.701439226381947,5.6866470022106625,0.5718559930332163,MODERATE
126.27427786287507,62.23291476489093,80.81115448796656,0.384128694255763,1.5939393214474795,17.317015220804507,0.40122846859472044,LOW
363.7519344846769,60.72784212831208,143.1123062041132,0.7557133223324669,13.985632008198964,10.113468388650379,0.6094275549905492,MODERATE
376.37356866546514,47.11084522408742,51.579098364856854,0.4883370172006406,6.021240375722112,8.54265371687006,0.44874418781460834,LOW
177.0671709802853,7.695893511476506,39.16170400084605,0.8097893747467325,12.395198456297193,9.464622554732172,0.39645838605306544,LOW
683.1133318791485,2.365801547679186,99.23497514432597,0.7396088216624698,24.735283272120487,2.022408373658744,0.6598142949295779,HIGH
296.04660532680435,62.789198828443745,21.640574966096615,0.7641309697217036,2.2618229008716684,4.391792086576993,0.4226249056470414,LOW
534.1986886060685,44.40073830099915,50.89610930447784,0.42933148793776177,14.851300571193462,19.24033439623393,0.7075498724275775,HIGH
468.9998610533031,62.83425611578912,30.756425051033663,0.9611792597466837,4.124988302531952,12.868496206823563,0.577464130689029,MODERATE
790.910100502586,13.86028845687172,58.28846558526702,0.4052545814780434,12.751273032607829,5.72570460793699,0.6499596056499529,HIGH
118.59328935792598,33.18643049092034,138.02426834742712,0.7931437582537212,13.022503641508237,18.939553098326435,0.6306673809329512,HIGH
111.69407734557953,73.61437367915987,22.612878360204473,0.4895888054011286,11.405641968171201,7.949905344977157,0.38295111283808486,LOW
277.284505519484,14.556241308526088,110.52453653167537,0.23508566360046268,15.990387873573141,2.817279269362347,0.5466364308036633,MODERATE
393.7813216319932,5.860625401191002,105.67312661649753,0.6289139367039495,24.3548236641583,19.306329117029776,0.5340604784562772,MODERATE
275.70260138940415,52.62392331875812,97.32538262094423,0.46910942050639415,20.130467552294085,13.318631258706976,0.6006769534338773,MODERATE
689.2365033317669,47.96837090911875,87.68032102176751,0.2640698623044667,23.963091421411743,15.056309415366027,0.6000273132080653,MODERATE
228.2866003672767,76.21040996276093,119.83104814969965,0.3825316797007001,4.736324204313405,0.45023659455374343,0.2855152946893831,LOW
85.44952106729781,72.61100526333519,153.47410732658034,0.1599373376626536,24.830734055614975,5.662908695722928,0.3868408781508639,LOW
378.2818307968913,60.20500082742511,30.004558264442533,0.9870454147437351,7.629094260037869,18.90855345811933,0.670148170424602,HIGH
698.3075664432507,2.513421792381923,146.72950670451513,0.6431837207798646,0.8541418090903696,3.1105100979672295,0.419174236743696,LOW
767.0001297921998,38.950570504118254,12.0041403375853,0.17354484707922901,10.905902366811784,17.46955399783369,0.5278780746927874,MODERATE
662.6769150433822,71.79205298642607,87.30027652184435,0.764588336173779,6.154925716019946,15.409359112303761,0.7624669683279327,HIGH
506.5191438647722,35.2584359610437,92.55232823946385,0.6018784974804435,19.05301351264511,7.570350405124424,0.6499999299924129,HIGH
654.5306145567672,77.00951184942657,36.367863858935095,0.7225512055929785,2.173532605071271,17.73446065867285,0.6424654750903019,HIGH
616.4366864204367,52.54655047087462,17.05148585882021,0.5844863734132167,13.700080173896437,18.45413837112992,0.7076366145745625,HIGH
218.58630292060414,9.647113075880736,14.409064607693187,0.06046721938640465,7.234916813189216,17.337336123798664,0.4003322195486829,LOW
500.17541406084246,41.232493939748,7.664883322748554,0.20323973186725675,5.168328955499602,8.14960194287114,0.2924420407997991,LOW
695.8423060482045,55.95375371596666,103.67315131729787,0.7687443316464836,21.890967024897876,11.742701055982447,0.8283063823189843,HIGH
292.23738906887303,6.164148806930034,28.82995528927445,0.7543503321040899,12.887630960238797,6.122580007660902,0.4076271277568563,LOW
592.036100578069,28.227313033590626,145.75815014795947,0.7538753313151062,8.136114326703412,2.599063512959794,0.5759657864545727,MODERATE
438.51758049173066,57.64940398126492,161.91253706497722,0.015214717426955127,18.652947401600972,18.042238247982024,0.5625311707809288,MODERATE
457.8113773410678,13.408637622255695,53.34106067582081,0.8051507913586101,21.32976222495341,19.62312877304972,0.6240237610132002,HIGH
90.14898362612216,28.518851963371283,30.439490966188846,0.4391281947824448,11.052195984543427,1.1717217712230177,0.25851682866033754,LOW
602.933277121788,55.50291547491148,74.32052573599482,0.693661451343367,4.553101129305465,13.754750676934815,0.720082549224826,HIGH
780.4614614655229,62.26773124726499,158.80106602993612,0.27207967827406543,24.85844398840001,18.984973081447087,0.7383428993719473,HIGH
135.87384634301787,41.96243171220822,72.56763381808057,0.7695286368198831,8.974405975392575,12.158354307783517,0.3775588527945494,LOW
335.83403937263995,76.59174468830076,20.392196986438506,0.9822817688105339,5.137609209417901,0.9419137260123689,0.45189051223830884,LOW
53.31403480834316,74.10113784512072,177.25558860448857,0.2535387506993193,2.582727126630471,0.2982764537582483,0.26153889571199024,LOW
36.372378518988086,38.40152725871503,90.44190934824961,0.7841976404168794,3.0963484035343574,10.082047995165285,0.4364244596590956,LOW
890.7960620378519,13.661678398794468,62.284493343173196,0.604950453028917,23.57606727020961,18.798900164209723,0.7776675316333418,HIGH
449.18964239268234,62.06159354683272,160.95812138211267,0.27309581692567486,23.666510114488084,5.577311940506018,0.6213798169970599,HIGH
326.41192658536926,20.208026456058377,167.00522540321202,0.2943570438306464,12.698324938050678,7.006524790291495,0.4669825451165162,LOW
254.64059819626684,67.58288348992929,89.92799950504944,0.731637671822657,17.303381802264116,15.919881893726082,0.6729498990389952,HIGH
882.2112540010136,47.38440295125277,55.90223448902001,0.2843459785961525,20.816038598566227,16.033234060338977,0.7723319029327264,HIGH
234.50319911429847,32.13334750542198,87.39145370162605,0.047793567187452424,13.93636454184864,18.872780562753096,0.39681700859472036,LOW
655.8804722065915,44.95428532802099,40.25146925946349,0.8739602998501997,16.67453099444887,16.773437766455178,0.779537441704414,HIGH
262.5447052672811,43.09189270817625,86.6046195310687,0.5889492537080084,24.174348379289018,11.878421200839142,0.5531030621216066,MODERATE
72.735659767658,74.0538948260935,42.06816791602272,0.7584736329059119,4.313406252125129,18.775092004633105,0.5311792495144331,MODERATE
618.1161869209677,17.934680931163463,112.37429423305345,0.6032237386136037,3.4695882756273915,12.288361492819387,0.48019805401381355,LOW
11.451454390579737,74.32451775158243,137.0201634114727,0.5164574356805434,18.82579417172325,12.031583343769112,0.6373537117635453,HIGH
611.4161752889069,3.4759422753285847,174.52757410132432,0.7699823811868398,17.58321056134924,0.31005081450755867,0.597874976052131,MODERATE
232.83517310094257,61.76705924111305,151.8201140054847,0.0321563294030387,4.648805400504338,9.109144219873631,0.448816164102603,LOW
674.0327665436361,73.65378232621364,16.418137220373104,0.311886487495064,7.560370379583025,0.8590235550393333,0.477154421404312,LOW
695.077648942078,32.130123087935836,38.86259550955693,0.627468725543668,17.131376603921083,17.975391290360353,0.6281360179234222,HIGH
654.4554425476088,6.772307772626114,96.17284256028829,0.9439746948171895,12.359132410533165,0.20941225782500794,0.559970610414257,MODERATE
31.790262906173247,64.56873498800309,47.10878795983082,0.3936507231188714,22.336878478143767,6.1400380446228215,0.4637160672710021,LOW
636.3255914829539,67.58632359964707,3.571372067910804,0.9752909052630511,20.92886747241426,19.901332483701804,0.7463986653615805,HIGH
891.2295965096292,27.56433365108783,136.10758003407267,0.7552818620363843,12.177994149102853,15.901300620914121,0.8495378677556397,HIGH
225.93657798780436,41.96886956918658,65.04118935817517,0.4848964492473753,16.67161161663814,15.153381028854549,0.585632600054201,MODERATE
254.0723292805513,64.9480563728018,12.83190580315527,0.4291584059088014,16.086526529536247,14.257614530466224,0.49325763368609105,MODERATE
734.0386291266801,16.17139520275944,92.08171855755191,0.12944251893613867,2.3019663398114703,1.024810437372441,0.4392352021504906,LOW
152.7531564999117,50.68908475491033,175.9203596535619,0.6151941406157369,10.6397965942204,5.763993164873433,0.5684522774460908,MODERATE
597.9194711990509,35.01982210174971,122.45841412967421,0.05235366752392412,10.997031706236243,15.969068093061205,0.5289274092327862,MODERATE
681.9734759755148,14.778844428086819,29.41913427043948,0.4290743254184891,22.434181253734813,17.911038887114266,0.5663069386246764,MODERATE
43.07298901922789,66.6837763728258,93.05890988141581,0.23770876272579422,22.132018083946463,7.001119174319044,0.45865802034632264,LOW
502.84826389605126,26.64978574379421,162.4083194259339,0.9562860967060901,1.4408867504399236,5.188324785882282,0.6061621890662305,MODERATE
522.5307600969358,74.81966313674629,10.70961638442382,0.3632639555947075,21.129224515676903,4.717906693197513,0.3838107635254587,LOW
280.06417867869686,45.945775715764356,115.18288293692365,0.4892537277794583,15.292061827159534,10.961277741986411,0.5388159814335917,MODERATE
789.9467557637903,41.64628852939433,130.10786517078068,0.3754931015252002,0.4056491796628148,5.829736794647655,0.5070233253565463,MODERATE
154.84725017687217,34.44116959332937,127.01809417729713,0.13720980208901568,9.541308696876428,0.4267358441199298,0.2417547309343263,LOW
334.13329146021584,32.653000298648124,27.88050491992818,0.3525820459635559,22.202261390478604,7.81499772657625,0.4066764024560882,LOW
765.3151315611232,65.61933571213122,163.4028571770318,0.7789988391841303,8.955839975414406,11.074669990105889,0.7912541581624266,HIGH
179.67205337933333,54.52256710940395,58.68656855564,0.6211956758553016,16.91116334051296,12.684861217807995,0.5449338485370913,MODERATE
741.0229813316307,62.121520358750374,10.26182218698991,0.4374150029248799,14.141585173761714,6.859094258598444,0.5407528091958591,MODERATE
80.37156785748058,34.26564860928548,15.896547272376205,0.8205706697103133,14.74650250694434,6.2778408882953425,0.34870898133399014,LOW
445.4138697990911,21.6535407515161,82.90635134214604,0.0041487485380335976,12.020008167592074,5.677535012400821,0.36993293989925174,LOW
77.04428957667604,7.862352263726375,8.156778372149434,0.8266008003132644,12.058546643742158,12.466507642942604,0.33150480340474053,LOW
613.3341907047477,62.35582320873954,140.53990068051917,0.059535582618946314,22.566136135620273,5.672506952935265,0.7064363123001298,HIGH
713.6353252594843,33.80683801089862,155.9824075686869,0.8702719089110332,10.345404486078744,18.337056327687783,0.8984318434874822,HIGH
766.3741079396546,41.228663775637955,3.3937983288135705,0.9475720468613335,4.785306787730109,5.633747608130307,0.52503657310011,MODERATE
883.32340316215,38.07811558056658,145.99241709557663,0.8191694991392697,10.493265688231684,15.818719591029078,0.764675064496471,HIGH
608.0939928466323,35.05989065316997,176.6359579687922,0.019593770562901902,18.322817773735313,6.39462091540592,0.6233532039372316,HIGH
694.4651033176181,55.02806658836013,6.435900837929155,0.5262079644990163,11.881053879344616,12.6948127777754,0.635839084274464,HIGH
460.12486770598315,49.08999514493008,130.76913678691136,0.8287962827514478,18.30241711512608,13.98031451076534,0.8877252209093264,HIGH
822.3358420512022,77.79225009290013,179.83784010477703,0.5450163620948184,5.994596187982437,3.4874669971869388,0.7814520351008164,HIGH
582.9449601575217,11.973408704289302,143.68422694661783,0.35993670604571304,14.56902950260583,7.599320842323434,0.4510883082506137,LOW
796.3607515636957,46.308025745384626,91.45890354328964,0.4706954267336343,21.608139666960124,2.5516401561355995,0.7151996133960836,HIGH
219.55229514235396,5.995972908782804,159.3833120010893,0.08069391088423838,13.232488333256251,10.213112857325882,0.4213314614074827,LOW
452.0966248390772,64.8255550779478,127.71990405755392,0.49631364484586815,15.920481082100475,18.188412367799213,0.7470650399422287,HIGH
659.5388397467856,49.68859532683636,53.34884543241095,0.02784682790317361,16.970172679574006,11.924716715286564,0.6066818053113492,MODERATE
190.42236156078812,34.841926463410495,41.15324099183129,0.6441154478304989,18.491989117237562,14.03320257080977,0.6008121887198085,MODERATE
198.09241600316065,64.37661671687174,92.74544629412706,0.3904522530806156,8.757240506248559,5.661076734439414,0.5047347139014962,MODERATE
880.4580389610173,36.94520607083468,67.76530379986825,0.1913429805225073,15.671167700609493,9.364511137431194,0.5744578851355688,MODERATE
396.8032210561134,18.995101529762326,59.974770354632305,0.01738290109730889,10.404211887300116,14.815575407359255,0.36745852468891993,LOW
171.81575310215678,38.327560127716616,32.84854219411239,0.9221190142294241,9.77396971325927,2.6260296792280413,0.4966751549439872,MODERATE
305.00285496354036,6.595711934349795,152.3061945677339,0.5563190270838873,11.880039279035396,2.4341679411934702,0.41282278050408866,LOW
363.6647719566738,71.9310276615116,127.19759561543293,0.6469533856486369,10.195361585060555,4.4886920794816305,0.6843286957341981,HIGH
564.5458791484969,58.74571160402243,60.306543068915076,0.7793577145198409,0.6467151993559128,4.7359912951732746,0.46745252037848545,LOW
831.4830465524997,61.06494711098719,43.54240760374844,0.6265904221798123,18.549876908443018,19.24795867830105,0.7516664604048273,HIGH
888.0651675706611,70.08497101745694,23.93668642854582,0.41310403351308633,14.608465747045502,3.172168601175598,0.5676850255058921,MODERATE
590.0118954308901,63.53423451639161,21.13981888635117,0.6275882030329716,3.4394941089099436,2.103096109507654,0.354669935176449,LOW
632.930901109975,35.116354630021746,112.96059515385909,0.2525165797150243,6.532699420398316,2.753650232725724,0.37105813580264047,LOW
296.42796102996425,10.37227572051052,20.47827487397964,0.5613516338537092,15.275866158900334,4.058220876799847,0.4371037836650684,LOW
772.8711499493867,30.495817618495266,172.87805969187716,0.2055873013018763,12.950421329073011,7.374392233234229,0.5108821057576188,MODERATE
203.84051834608024,74.79269243599806,50.965183188559955,0.9174228051387152,18.085533276414267,3.9430681082451313,0.7137851629139595,HIGH
104.67877788676114,75.978148807279,5.61907004414786,0.5095676788422517,12.230798533986256,1.756003571247231,0.3384361698205198,LOW
876.1978311869093,61.66179837637985,154.1040205679301,0.23384028082633745,21.115899421833703,2.7323649453054477,0.6405075690010782,HIGH
779.0834223702738,17.15001606263961,66.79814385720374,0.6396325258679113,1.936375533185658,15.793360472967068,0.6159302279947356,MODERATE
280.2441697389387,16.36153881866869,62.39089305251778,0.09031960349105872,15.329707834513147,10.401510937747457,0.2519777618452935,LOW
610.9019375791338,70.50194935957691,22.23308951513261,0.43401901861067527,9.288762725435115,14.9176219323573,0.5669538058612232,MODERATE
425.64633809774756,12.211357917878857,119.2155484211846,0.8659646189430079,7.671070263740928,3.533988253138136,0.5041585638024795,MODERATE
297.5841034694691,47.14686070926665,65.2240135145086,0.7678585029493391,23.5910467858995,6.103453662539358,0.5099319266479402,MODERATE
265.2290475766624,30.881882900046357,148.3160207924434,0.7034395258722033,21.595187478799218,19.64610898676907,0.671636931625688,HIGH
131.06442624660679,24.858869628932947,113.88067634979313,0.470603342643955,4.592900728419863,1.7133635937830105,0.42670593335740176,LOW
498.8930932254969,54.51318002848146,158.50431111431996,0.44687911789598767,1.4359253772617708,8.77340767648999,0.5696497309074585,MODERATE
407.47105420458195,76.80595705550309,112.43844727986566,0.011309627572005487,21.681372645527556,5.915412374208373,0.5539347904726802,MODERATE
465.84591406695046,62.43306532098359,140.49080311983502,0.6000379468331496,4.232424427923759,0.14668941917292067,0.46781294413586566,LOW
201.66787905667,39.40684485502276,125.6805319979458,0.5770083312913742,23.206250999174408,11.049037415275663,0.5403643618104758,MODERATE
845.3634969881904,35.816209147975094,83.80404401067925,0.005279020955689995,6.932996340272727,11.000106035591223,0.512235197034242,MODERATE
578.3461647341819,72.70547087746856,124.27264456093867,0.1370435391320406,10.291346774003879,6.409212607590233,0.3961122173887016,LOW
810.6445850711698,46.67046077942656,119.78744614294347,0.012436155878229438,1.1245980718198323,9.445171184710823,0.44824153631521985,LOW
107.25133776915234,40.234482822229424,2.1999479667762762,0.25317894595881807,13.438284330005295,7.838950715561586,0.2518498871549595,LOW
564.3373596119956,54.94403369298242,126.05619103228544,0.0038531219802473426,4.718399315497196,9.284114071003488,0.37126621929403114,LOW
766.0210185933034,19.735151553232587,47.92655082628941,0.417369258229189,10.776899709502649,16.96097132361502,0.6335567568477368,HIGH
304.5194940348753,6.035103518415495,97.98628513800553,0.47639312133293377,22.985142750662877,14.279466144112105,0.5675896563576298,MODERATE
183.67742053102788,68.55380379834217,20.92849752554303,0.43708166065979637,6.3143187481156655,5.604892477159396,0.32240359686237563,LOW
245.8689621670015,48.97367435525709,5.121027781448877,0.1993892056342692,15.872971930860583,4.790819908836967,0.39786650366722975,LOW
252.9110168073211,14.025290996780438,3.706427870827071,0.5235592298648908,5.0497413663633,14.504353054898683,0.2819163157336705,LOW
408.0070787819463,24.545786193559028,29.31681771475553,0.8140946216505041,15.246168642165683,4.490295908692823,0.4179317157305174,LOW
300.1076064736051,79.20474749457293,4.560758683217141,0.29121525056252384,7.228855799533415,18.151717277369368,0.5122127832934482,MODERATE
251.43392471011228,51.11946696462877,24.699138332332307,0.31257543432329216,17.03908942562701,16.65632987739601,0.6525685124604652,HIGH
587.1759455805727,51.25285913640267,101.0920753592564,0.5428258425311067,19.265563846712986,5.0503809512200615,0.6840382099280757,HIGH
57.198810787977166,6.70092939348904,72.64883685156629,0.23375439247272511,22.016904121934473,16.0300050586146,0.4737577616549791,LOW
312.92376254435965,77.55034700527061,176.55391394372694,0.3377863274974664,22.96487799384278,3.8269503125503457,0.5524058189194948,MODERATE
623.8792496870226,71.52984827513893,145.7562904788792,0.45243722418905197,6.032547615815795,0.4972202559171013,0.5153967512521153,MODERATE
166.50627686009528,44.27481293879442,27.27286005346485,0.3863024022763746,3.224844403432883,19.22241211113066,0.4095081934535422,LOW
206.62579736949203,25.44172439961901,75.60530142952894,0.818232303781668,1.2129297088991853,15.22701328784531,0.5769343014820834,MODERATE
188.59329661749655,56.14636304250124,78.14377258483441,0.8489935605851753,18.008946680372038,9.780468340209005,0.6490969617738355,HIGH
10.824234990950378,66.83657716327767,65.81890343228014,0.40287847491372375,4.6723082726303655,16.864188373003536,0.4917332030252263,MODERATE
431.6532991300997,63.10359137603703,89.71057074092097,0.4477865498672051,20.004163387978366,1.5164267943995924,0.5018681521770977,MODERATE
44.673322580349634,78.18674239178243,120.90754363473827,0.9568941262017452,24.12045385462045,14.793648759520085,0.758872051821462,HIGH
252.9164324796611,51.31157649468846,115.71925910307785,0.5030875119212769,3.699113510404353,19.126514682783284,0.5051824102516704,MODERATE
895.3750478868546,26.376809093150356,64.92075037990605,0.9930320513696446,7.083269903662448,16.371813720623237,0.7521927256503407,HIGH
827.3726281373669,40.336281432414154,127.20316654358554,0.7628027726876375,13.101617561753265,8.633514213165462,0.7839990047928488,HIGH
201.41746925913745,65.48905626809871,52.817886360754436,0.26423222086492226,10.763730548024128,6.9262185324812435,0.37623297589508636,LOW
285.90216440340015,21.962064390014813,150.54874411652204,0.2290926653129043,10.64854084410796,17.84831826466749,0.47571505127606317,LOW
422.69707821901085,19.281252140575322,173.6225957442606,0.15906448801226314,5.427639806050455,5.830141000715199,0.4447901423920397,LOW
761.5280565267267,58.26193184579119,53.75786114635224,0.806145726203189,22.230375626793233,18.748963632460267,0.8023185018092889,HIGH
724.354887839851,36.10976669471745,141.4592509459072,0.306862042175731,17.039732692815075,6.3969899161826005,0.6515843986643823,HIGH
122.35487854399113,65.50906121998808,146.60321889053319,0.6757925102174771,3.8467072339030435,2.500296243441984,0.5069068654735029,MODERATE
120.75947503003339,12.351003306560123,88.84664404174333,0.5401361495422107,0.11097598701082789,4.717797441286922,0.3753541170795553,LOW
380.89170596569977,27.52002058880313,16.70676878589491,0.8259973029066895,19.06707370397263,10.389665707417397,0.6136591065025997,MODERATE
784.3848967562571,22.179892620617995,141.72655832777184,0.7508174336409373,0.39644050801306563,2.622120754673649,0.5942343710951111,MODERATE
795.055649194997,56.131583697235605,73.93860464362105,0.06374892435976043,22.010415027362676,7.599143115944158,0.5832555749270316,MODERATE
105.55560622101186,60.98700785280531,38.24475831481362,0.33842760940515537,13.235661463707462,18.11711298892855,0.46187576508831724,LOW
521.1245862893409,37.02421297503795,113.17039162837952,0.5200987121404477,23.25214256561752,1.8777528529270882,0.6106544066812797,MODERATE
148.5509254413505,38.764320735515916,79.21192091685678,0.8036389122543269,19.29641319759348,12.290884492709699,0.5890690643857002,MODERATE
620.6550859024767,11.430518740341228,16.675468313752596,0.7140275378886224,22.358590059008574,8.075292646538607,0.5979352831427261,MODERATE
825.6255906567268,56.444419411231145,177.07775860294055,0.5494039506683539,18.595442765435596,12.949097048199842,0.7889812442066849,HIGH
414.7446703032783,79.39309305434054,44.794474773702014,0.8083753405217361,14.415423883063076,9.792161800774338,0.7362742407872523,HIGH
83.94366947592583,62.45582542571294,92.46274493085656,0.4349284761097125,4.3265068128585185,17.534100742501018,0.4953782589206646,MODERATE
525.5362343461455,18.62587353182262,120.44459884985325,0.0556595739258674,18.191163008263953,8.04996524086038,0.5240917172246664,MODERATE
373.5798364209107,50.22669642794461,21.600996227365787,0.8705357286151905,14.80768684652443,10.168570162955412,0.5604927454543485,MODERATE
731.6998895772247,24.301588042475984,133.35440680107584,0.5265933518964808,11.366458293420372,2.6027410718431776,0.6957796626632771,HIGH
312.90657289448507,3.383947680386354,117.04370054120346,0.8084030873639884,13.964782251481815,9.806131821718791,0.493450085645312,MODERATE
788.6585084206044,15.20600559681085,89.3817686179175,0.39208171795367286,5.806409729292017,2.2946169310748576,0.42283450640881365,LOW
253.59336279495852,9.104892208843467,95.5710685086939,0.5885522518794845,10.11068071823191,11.662597440215439,0.5381678598926777,MODERATE
150.19069594093048,16.47867173188734,171.9083099118186,0.33109300546288034,3.1049408008377606,8.547875152246345,0.4059404087255156,LOW
282.76753581353614,63.85274929447127,164.05071287114455,0.40957497444538715,10.24424078560652,15.667420068156357,0.5977781083018375,MODERATE
41.075054722244396,24.133738588404107,21.045014972960423,0.1473982216830071,11.67331137815851,8.369539549253858,0.2398041602640417,LOW
260.30891051807475,60.806156124663836,67.00661749897519,0.7416035669103981,21.44430219086143,12.611908381149233,0.641781740064722,HIGH
597.5046941550073,75.9601418325789,93.50208628676172,0.2802843059983655,13.179495747975666,1.1798474008161386,0.5219322001639779,MODERATE
136.63185091536718,46.3675760903542,165.6756764164189,0.30173114445066374,22.72171361142872,14.20036923390674,0.7084282877738883,HIGH
109.11482578006328,39.34730641879431,147.1648359722742,0.35418896255781374,24.19794618498667,19.148675643238963,0.6483065024089446,HIGH
127.82290921637184,60.260046871630834,70.18040383600012,0.43212611639720133,1.2246905990828587,8.955574635652173,0.4500338813833182,LOW
79.02099009270506,8.670121051554112,159.63166258640553,0.5761639120213643,14.928586332940458,0.19698114243938303,0.38813912291374975,LOW
788.4255165402162,34.82875491130593,68.69024541815008,0.6828066316954665,7.480842031987442,12.072933116153152,0.6763980640293211,HIGH
850.26245279191,40.40714299963279,49.543535508971395,0.6756895086242027,21.283140481485912,2.903545495750126,0.5591973013811329,MODERATE
51.43942503861979,66.65305352147183,110.1707801538103,0.42368091592829393,12.35194920527743,9.3593693993679,0.5054641925247647,MODERATE
686.4638855737509,65.32319515827265,64.7064141118498,0.4818906675811585,1.952129999531707,0.6491130431411296,0.4680609131492684,LOW
666.065054578306,68.01296342814851,112.41095322614282,0.14032051795585487,5.375165740789739,8.856232796883443,0.652090576580296,HIGH
897.249387902936,56.13196130154844,74.33344943309517,0.5215060826982759,16.84720421070071,17.489717109390334,0.8756557638135943,HIGH
319.6048889317507,42.91390876760217,143.44267599321188,0.8770567021689888,1.990377247752864,2.707735170749852,0.5001064246436007,MODERATE
264.1030026044704,66.40246638612719,171.82166423393048,0.4604498812614062,9.476959932765016,9.966514460434395,0.5325807281148208,MODERATE
413.24308752074626,69.9893108051663,49.385343017985775,0.938013593099349,21.790546650548066,5.077441491691688,0.5979963490523512,MODERATE
772.3519076627796,38.958282820046286,92.29180507972639,0.1557835399297649,0.7300352920210751,5.220612877821445,0.4295149814488984,LOW
658.4483418587299,78.86729072321296,130.67340591916337,0.736909459137326,17.405009270529373,12.866061721867748,0.8868288661573333,HIGH
429.74519443107744,70.11063187335512,29.374918042079795,0.7079889103795148,16.887104322602394,14.965544309344697,0.6840886856131888,HIGH
227.66093052442713,41.32710356829123,143.46720050584895,0.6815289535756225,8.018423781886897,17.46570714543331,0.6491568855219007,HIGH
657.0440097288503,6.473720032421404,105.35198113453148,0.6628571993602883,2.8179168391021356,5.564924086672489,0.5452741932202565,MODERATE
770.5289125575546,18.734872018879805,27.803553780262586,0.022308273576866933,2.560181731790545,1.4155247371040325,0.23785574483503447,LOW
365.95659565006684,62.3354877707265,156.41309603793167,0.7421222520521049,24.23070120522755,8.845643843895278,0.6896385373881887,HIGH
605.041046780676,9.781186302896096,77.37952545511988,0.49968427479289945,16.922907204426384,11.69182541642158,0.6262351623295509,HIGH
366.18869884717236,38.11420523922179,32.61486292051213,0.5241861896999901,9.39978047773089,14.791611745787538,0.46801656908639505,LOW
435.8591599459215,48.78332317627348,35.97594921661842,0.05087264021119742,20.838636088332354,15.121433747033375,0.44937652578151005,LOW
477.1702381598731,70.38939944127071,141.60564555817217,0.18838112831262277,2.5834051284428035,17.272344490570134,0.5079655563506427,MODERATE
700.3959744798274,67.92199516858491,168.4931927447111,0.9110069075631597,3.17319714635505,0.6232852691885515,0.7078896681842439,HIGH
879.9803258747487,61.377955763718894,68.70673608349273,0.3155283367748759,4.939074344722511,19.619961206795658,0.6255721457622341,HIGH
405.4858847480268,33.20784516628472,15.11022547999467,0.39388022061542804,19.089060044208292,19.336313396218795,0.5615469520315411,MODERATE
314.6603555603693,12.23769109304147,19.04733122224047,0.1892035191945809,10.222392742552097,0.7109411888292172,0.18105277430530237,LOW
342.49599576042823,53.90229545506998,118.15165314569933,0.6321907821422827,16.06440740510292,6.265910652199544,0.6295249974346369,HIGH
129.16127174391164,15.32180117658934,67.36455619555193,0.7407008758068273,5.811278187503724,15.310852465470546,0.45208587442307774,LOW
274.27547665777325,45.343844189280645,77.27753802489705,0.9212618414437288,19.432456986282865,9.570207602222622,0.6767462700344855,HIGH
86.93819780923754,78.47357641460421,61.33148068857056,0.5620636137917386,20.041630723002903,0.09283455107323313,0.4186398241534,LOW
390.82589422953,44.47447228877469,84.33140331213448,0.27563068081564435,10.331447303226335,7.094315764305003,0.4940452894080299,MODERATE
158.94796968683352,51.99899251357535,116.19535206553158,0.07096331485159801,5.232053848113188,11.578778880080542,0.38185313820096367,LOW
318.3020039172237,54.528462281377735,97.86391033895667,0.26610943802920406,15.7512568963388,17.5916024828165,0.5881727749986124,MODERATE
716.2841969585296,66.60068025636488,30.399214923114485,0.6183645422995027,6.403384528105294,16.585030318503932,0.6223290487276694,HIGH
228.87560902433106,35.363473570456854,88.94066869794092,0.9741035686177396,3.707329463700715,18.926388174640202,0.5816827557818475,MODERATE
554.5862129944413,40.30328218314732,83.44973758003513,0.07919781776901591,15.394939104418029,9.358563709843853,0.5366764842304976,MODERATE
812.0514631312655,14.901789100042606,98.68696740160173,0.3883664380867584,12.822719803788015,15.965476113628155,0.6291444937311393,HIGH
514.5669764562967,49.55971113126266,20.809935556228712,0.6672357094143156,19.586429896947397,2.0147118591014457,0.5307266574311127,MODERATE
182.47542536744726,24.364882499626745,28.4813550246496,0.5745709442049748,7.30773745266255,10.36915742311342,0.40121212175879184,LOW
316.8419126296993,41.10235516220727,95.9137078813225,0.6516926031972128,5.632560459986061,18.33161528355892,0.599972508892921,MODERATE
535.4285943938188,61.558018287281925,50.30287261638437,0.46320847169017954,16.013072126284683,16.776952166294926,0.6479120177412729,HIGH
460.8839143862696,2.3880224698769417,113.5966722793311,0.26703670543798363,17.526503765468743,13.112196987581298,0.5003534839843851,MODERATE
142.27165428644437,45.54932660016548,67.72249749956967,0.48275226421273854,10.334087803190853,2.984066433450099,0.38977197921715323,LOW
407.64874677460637,14.70215636754449,40.511519832113,0.381536129936878,11.058994168901148,3.641625197260807,0.40706021445381213,LOW
493.32935847012106,23.071283842924437,118.49466711059178,0.7092975314285507,3.088624650658747,13.57304561904012,0.5061847398719356,MODERATE
247.92611586723947,3.7423491268728357,71.50947286601009,0.1716248223687883,11.735477810492215,6.511356396420018,0.2504775249484105,LOW
555.0765086524682,14.387558054686275,29.212632221240703,0.49614793297174553,24.03320037971669,6.588958947443815,0.47312955905713117,LOW
72.44248854183677,78.943722069685,145.7768072893819,0.9590625590475216,2.8424457184960423,16.952455729317617,0.6162330843399776,MODERATE
309.58025987330996,79.88329813474564,78.28480943736999,0.5317939577064893,14.19919899304783,0.40934265370096146,0.344036007542481,LOW
725.8063811720413,57.86798567128215,164.7975908103532,0.2372094747850949,0.45977228061345743,7.850357460319981,0.5992978902291971,MODERATE
240.7634728082583,49.33669152692429,35.61876620425704,0.9358502958006945,8.134349095427218,4.764409792018607,0.4654152645179624,LOW
548.6073965027396,62.38354929484194,157.8666919945587,0.24415738685431565,19.028608453479876,0.5420055394947498,0.4487666089411583,LOW
374.9264452021776,71.82778750262777,147.04788475513337,0.7511801379936851,14.179031625650016,4.3314626148348445,0.5777882612084505,MODERATE
291.64952674956965,42.025099705667245,19.600932511793324,0.10953126007294567,2.028308213314811,3.684949889576885,0.22152617771127336,LOW
825.3572022399239,3.787435953998396,96.17095550140681,0.8520896098053334,11.295784507876522,10.089484894249727,0.5670990343765627,MODERATE
315.5029290915413,57.042269825824164,118.00923196621399,0.18057458760524503,1.976895390569669,8.703834609190544,0.4914495535509404,LOW
220.64155232344632,78.78359766372138,89.69131285617864,0.3941794681349262,9.338236526284764,9.433990510564538,0.5015726085218676,MODERATE
819.2781709198407,21.386183521784943,70.85709206928249,0.9656203346050848,19.22386012277961,17.558225838434268,0.8478488093453729,HIGH
673.8904767828752,37.6137796714269,169.94774079810296,0.5793947277060832,6.4562414158538335,9.888567433757235,0.5896271351895727,MODERATE
616.8017451913956,29.54067768305121,126.44693389385729,0.2639959359251166,11.334733459363422,12.7800940902231,0.6265998471650562,HIGH
54.08609843951947,31.846932044159207,173.89070808404387,0.0006271689619691267,12.508479236734505,12.949665658795297,0.40096022640891094,LOW
126.77241503704047,57.990599516153196,152.47522564272128,0.006789223380095022,21.331895298495933,10.337487914073344,0.5228492478195904,MODERATE
578.1225677906,30.893946790727956,147.26652028069188,0.2745876800209138,3.0375840146985245,6.095485635334228,0.5091332589023023,MODERATE
196.3952245083716,75.3456459112394,130.88817996370173,0.5268547930113837,13.760463705581241,18.063172002063453,0.6364032942290713,HIGH
210.81780721101958,63.38301784732127,116.64818434400276,0.48489126864605836,0.7697496984660823,8.763510394900127,0.5104403150108447,MODERATE
703.4332786558135,3.1841149819279146,159.74831430911277,0.9218816312860137,2.3334268652570103,11.42255965632282,0.6629398953197754,HIGH
264.47320446487896,65.66536168066426,110.80034930668833,0.7640941148411731,5.518072386404227,11.182886494078605,0.5579192239911029,MODERATE
73.71269891520524,62.05573637265403,14.4766237656093,0.9247356359341056,17.9928568331268,16.552760834974322,0.6541390320080457,HIGH
42.42443310577638,41.80300454211745,105.27886989980097,0.5117781883199135,1.0277204361577112,10.692416699534153,0.46620545934865215,LOW
404.4284086483061,40.24857434296667,19.407492134032672,0.44666641214510117,23.626727896551653,9.138057653839839,0.5277779892439769,MODERATE
559.244434139335,67.00662537388932,170.92489155191436,0.5660882971203757,10.691695690922899,9.201220498878426,0.7612205960444909,HIGH
783.3078577187046,34.55803784387976,116.75374672213024,0.37214608771007374,20.966298510235692,15.598971883272721,0.7386396191491968,HIGH
108.61591157904896,13.597525120170577,100.46068473099086,0.2108114913371656,5.54689341390101,6.599502161566293,0.29349153554311,LOW
185.03881539658371,25.71900779507358,36.40998275922271,0.836660558467781,8.44526762048157,18.697022807863174,0.5083965391158218,MODERATE
481.5225437076493,21.95098986524166,93.32230192758568,0.6805315835611827,18.175395669537984,16.932079151355236,0.6699377601156933,HIGH
334.0564423953578,54.803663342464574,62.313049685452256,0.3256580922252261,9.479929485010011,2.7669519860002167,0.3859143283474709,LOW
439.4583316084902,15.130994653226775,121.89412407354672,0.4462812389004309,12.687197395895044,6.344780419869734,0.4665212479575053,LOW
832.4709375959517,51.93702247819176,109.18935374522493,0.22544783477113517,20.23130578193263,18.112397317691816,0.6979826297663482,HIGH
494.9535719395716,37.811388833837185,90.3759691112635,0.5628390566601101,16.277378836249554,5.567426986030384,0.5792571976504525,MODERATE
379.4573434447476,67.33321342353076,46.240639258538806,0.3583581431827797,20.896900651752983,6.353165105239819,0.6021613713703173,MODERATE
890.6015169627728,39.31490071417997,95.10802034180075,0.8755753174682218,2.162156056280842,4.349119707177316,0.676234857038345,HIGH
68.04194621058733,74.45451083098125,83.64374254839522,0.5283629404564635,15.20175944126914,1.0878810672765193,0.4552126744266137,LOW
839.580969050343,72.13706110296143,153.37659206575628,0.41173063770312934,15.030107817611405,9.56912255179327,0.8343541747822946,HIGH
456.4790394382799,15.637718749217804,161.0863841039385,0.7496197638732532,15.177463362383747,15.09706031611169,0.7098473849442944,HIGH
458.34314061275296,55.20714183579881,136.90559858540527,0.9051012904697651,14.720255342319213,13.199948175818687,0.712370570482449,HIGH
830.5482574408562,17.955355180541243,58.21555223360365,0.8174190976257856,18.095951424567332,0.5524994438145803,0.5881914304123574,MODERATE
461.5183418378319,66.04104019220615,7.818022364849507,0.4949170951961588,21.10090954294237,10.467658127301739,0.5780254483157434,MODERATE
400.18231057183243,51.222129208388964,166.63513670465426,0.35644333703023146,5.739947853695515,6.605782723891361,0.4892351063184084,LOW
252.5148469843071,24.23529784825044,178.5701930469018,0.6621293431408594,2.6140955449208607,12.835773716389838,0.5731445938530464,MODERATE
596.3469224675046,20.68076664229701,23.73671645572894,0.8168680434911437,1.8493836194805464,8.103196484895056,0.5279116598722284,MODERATE
516.9841309719877,34.93663474858897,123.72526825719324,0.9786395773365032,3.960698894804443,19.61060170599248,0.58809001392617,MODERATE
200.76743888352695,64.25711474542935,77.10122985265994,0.4572512359587363,16.39881827433026,16.569003326714697,0.5850981887951141,MODERATE
641.377494404579,63.89676711411668,27.585152466195225,0.6682401436872429,10.41245909224246,14.007418253099708,0.4722388505329985,LOW
583.2373030296101,3.636721818839902,179.6601346628365,0.29310325320969066,8.737240925316414,10.313341226398279,0.5297348747656258,MODERATE
363.6271569438213,24.880690022201108,168.04796494865758,0.08746329645331308,22.748774388557774,11.822257561424522,0.5657125195949628,MODERATE
13.916820494160007,34.40522611410769,176.88698885460573,0.25305772781531444,22.504396975986385,8.842710766514006,0.6065774583456335,MODERATE
407.45722365680706,47.26097906209522,26.75742953225597,0.01449013419479217,13.472288828581497,15.893143416990954,0.5541499887646069,MODERATE
15.391724245924038,12.812633696361225,89.05449003281603,0.5094275988867245,11.46251134490327,18.16468274373792,0.5082125253127587,MODERATE
76.74865547614547,27.487358621785056,161.34357523452417,0.37315611261192305,6.761017911923478,19.98190226848139,0.43355342343101677,LOW
393.24281320794233,70.96216462486873,121.85336179444829,0.6782748098624484,11.497551100002124,11.976605968760865,0.6048625329049142,MODERATE
82.90869692494165,38.64725355967831,78.79372278919348,0.6153140343174086,10.272979090615122,13.637708594718614,0.43552062169436095,LOW
255.34223607057794,59.78731485743171,93.48826911744442,0.16786643444441685,0.17379596907364792,7.997250242999128,0.4660754692194969,LOW
593.3873180174819,39.29750201321085,7.909687241489064,0.6738215944817876,18.964416268206573,0.16946394493587924,0.45199902880045856,LOW
284.66765492238295,37.733623535636625,110.4615746497583,0.1874002246540919,10.964332258926474,14.06473538480145,0.48470883360845946,LOW
897.9072487681443,50.132116481596825,154.8890774893469,0.0059531442491664865,5.571232560055139,18.680708701343875,0.6063723228179386,MODERATE
825.5088101843331,21.489796462979786,1.5000591508894603,0.970192662959465,16.65654193281988,17.192491025315604,0.6457648868516302,HIGH
530.9258150811161,20.734365845193746,29.633677298942604,0.02698504704691862,11.19170813665443,17.572415461783155,0.46174468276886127,LOW
870.5829533850881,79.15895453643711,93.72023183895256,0.34174907670648524,7.843251082056901,8.042518901470066,0.6372345270570235,HIGH
782.5353920449446,69.65036873621855,101.41261435773497,0.6375112409506102,5.770268632353625,14.271030607845008,0.5852139137823504,MODERATE
293.81968176803343,59.28263681952192,62.46006978479025,0.3703745371585304,1.478541680469478,12.76859958662493,0.3725138956675904,LOW
677.1406589269253,11.834418585387127,6.000271919022802,0.3812091547414139,12.575552516188807,10.818696121319116,0.4961197412858805,MODERATE
131.78028776351314,3.3877521835965663,134.10441710342116,0.7227275404552952,9.386106131291427,3.0323964493347133,0.4150008932748605,LOW
619.2507676970796,14.857587831570346,44.48359616588059,0.6021539344625301,1.0082297202092305,11.508841146873479,0.4495344814888648,LOW
447.0628255801766,75.08074619609408,116.37933704024344,0.5183774462765149,20.310165753700694,5.9718184484931065,0.6825363056532595,HIGH
24.975085935014,65.48689184967004,101.08726665289886,0.886316733883774,20.20710659498849,14.07178339624884,0.5889903979597124,MODERATE
254.06454192742996,42.32300498659753,78.12001676032665,0.10811364603720841,12.250639296485799,18.89704855945434,0.4426240214934102,LOW
860.2901734897812,77.5336667181018,106.66182108682735,0.46976754211400695,20.97251011808538,14.553156052084251,0.8512630184887431,HIGH
291.09002172874784,12.57998612928178,125.41193517074848,0.23906674252183824,12.025138319318037,5.190578289422918,0.37313323908399676,LOW
171.4944652182822,45.17288476047691,103.43173291232719,0.03680784816741056,4.222569190136846,9.304956810805757,0.3742131015439421,LOW
176.90298744926542,15.474547985498077,100.79705234638013,0.9790337021822939,12.939954435739715,11.297314302306553,0.5097122136849342,MODERATE
436.49980553133463,25.207859779540165,79.05791668741851,0.7340268272591296,7.814173985825551,14.523056618681085,0.5359541099704166,MODERATE
759.9578241967761,75.27066649809483,77.97617952250863,0.2161855159913577,11.309115211635884,2.9569502124699643,0.4265749635763609,LOW
684.6215709686784,69.594002807346,88.88291132026507,0.4024342551548834,24.266747431123534,10.51185048163986,0.5793475407199742,MODERATE
398.7982867086191,9.0421040648163,81.92194627593112,0.22602424375397934,8.88827178308524,17.202729761161024,0.43415589840791713,LOW
195.7669262588949,20.713960639314138,79.58540059095554,0.6848552859838013,5.397246268818096,0.5517610400135053,0.3750590950437682,LOW
50.997761090950085,47.96609009698199,38.65624274666402,0.35044707143898335,3.213788658341421,14.551607322555249,0.36470137443977224,LOW
421.74098433963064,5.846870199925126,130.74598786894686,0.919862581866064,22.09819258111457,17.608729927291186,0.8039087625779113,HIGH
735.1500601811906,44.45668714076355,24.798491934801287,0.20755521915096586,0.37345993291009183,15.915274130369728,0.4610823259146831,LOW
659.4169742989392,47.17482342772684,163.6591656576298,0.3498261843253402,22.68634312574679,18.636782380713363,0.643104765477542,HIGH
373.65468318825276,23.986407325106303,112.84747172821639,0.931814486043558,1.5443006051244352,15.654209759696355,0.6187275350902316,HIGH
539.2853780066642,24.15671542988475,9.753221563066186,0.8846807541020799,18.816483954373705,10.360463344683847,0.547406041041476,MODERATE
398.2594036421337,19.097262232835593,118.96076725493748,0.293170145983055,7.341273769152212,9.538685741581647,0.47113620284414076,LOW
525.3243377132583,74.91843324548738,65.71105280954129,0.4830686776871693,6.247685187747242,0.6367936034117228,0.3152246588495945,LOW
470.5796675102588,31.72082011522712,167.4279071441355,0.8837049834530778,4.4983848283006616,0.3719873416131936,0.5231106357912828,MODERATE
616.0602741113914,47.23625598599734,168.55751208165773,0.6706345606745977,3.3628791591968907,12.789377703496626,0.7185632520332564,HIGH
461.86087074448034,24.824391366027648,152.42118035165953,0.6372796813332863,1.6558668689084954,5.508050289258978,0.5414344935265328,MODERATE
847.1437883691272,56.51045634877744,102.64495345333742,0.6605585700933898,3.8761149073675396,6.1419072552346705,0.6249965432858057,HIGH
390.94508160770073,9.01386041363276,165.53280674363282,0.9209811342229505,14.71193298003127,16.1413131446699,0.7082875407882239,HIGH
24.16550970534272,6.659681904478454,117.31566584404172,0.5171738407100935,14.241965282116857,2.2254277828862956,0.33738084395139756,LOW
220.37244651399624,59.798417085969014,157.64810092932876,0.18177986056178697,7.026867314866935,5.676692565042638,0.4349791524995758,LOW
455.5401037149238,58.40676870691264,29.649522669534484,0.4727237538783359,16.99704676169668,13.700771472495475,0.6422611212833492,HIGH
491.1089481809092,21.935105555112315,162.84827610418546,0.7288883018084368,19.24072559149921,0.611324522338228,0.5656545269739253,MODERATE
501.6224624877276,29.04869030525038,119.42473432721866,0.4921343140377996,24.504373648788107,10.395784345057246,0.6117408788408123,MODERATE
645.9513674603731,76.62357960529296,55.28603224183142,0.31326272435959013,10.994232916968341,1.70921844556142,0.3909310656404459,LOW
254.43684692959982,9.242093304629831,179.60862136538114,0.6663299119538214,9.364726610970367,15.233135636361716,0.6239663757275717,HIGH
601.7642743469147,15.46861825718701,123.95223015645068,0.4502297528395458,24.329371496503747,12.691648913308576,0.6542134441981153,HIGH
636.5887230760994,34.97303083288543,163.60647438571044,0.9628202613223725,23.553813675469453,12.171038928794571,0.7625646186107728,HIGH
376.03986983253543,23.285813578386485,1.9998082548861285,0.35214055091794594,23.173696403572585,4.4257011136123525,0.45276262516979016,LOW
367.9304982402266,52.271675341944366,99.86857530930426,0.7174869236288115,15.219643764023893,14.493973997349821,0.6793250832279667,HIGH
169.2430592342403,55.55753611278807,128.54333961951383,0.5550719899198886,15.443294664773187,6.033583092606795,0.5045800136303745,MODERATE
378.44876486728265,42.584658627317516,3.4589031522493414,0.07756477339942391,23.199504869474275,11.41629573624886,0.5029503794942176,MODERATE
710.266499619241,49.284586810818816,137.4981012969901,0.4697579174852792,11.995476818745122,1.8405949517485665,0.5831712707767831,MODERATE
818.9859749393967,35.240245729607246,117.6092265770088,0.029163742165443485,5.336882310128535,1.921730376361459,0.3572649087417848,LOW
538.3157402729893,61.07059304428812,50.18197799309265,0.7898317031064264,24.631468064929294,3.8798046022633415,0.6913730446469459,HIGH
276.4396055853259,4.3257813298553085,124.321145396247,0.7345300852272553,21.05174320323401,4.320101227346882,0.489955932155444,LOW
617.237849607161,25.718415595814587,24.431285980452945,0.050511837939907545,1.401344780436495,2.5286484687334077,0.45187530799862197,LOW
668.7301257394435,55.06997327019663,148.50265857961637,0.4996947135958536,2.8116256633118066,2.3649689608215785,0.5290998683509209,MODERATE
305.6693731147895,27.041963522155218,156.05429598927222,0.9615394625572534,22.052937690249713,17.58062005812722,0.642781402568263,HIGH
745.6275967256965,7.204287154993006,87.90037051985101,0.2846387802269219,7.527166927168463,11.09266794828168,0.6203842947432716,HIGH
75.58929060312266,28.256060848875247,91.83214806274955,0.9043032973273998,17.409644788368354,12.44354050779868,0.5878326170893874,MODERATE
19.570808664022717,57.2080869713044,72.96773059507692,0.1510926597672163,2.9455470696563513,5.756435290211497,0.29537476755388803,LOW
119.44398764252679,10.636804355012103,62.81478335148018,0.0066024537794789895,4.263341807962498,1.1097473865588947,0.17568337596834685,LOW
148.84742956648364,58.24587777272071,157.2487919147671,0.5305213852260082,18.684167716703218,19.365474677114328,0.5971719381510664,MODERATE
792.2468393234719,62.26100159224847,55.57229846596959,0.2392433079633277,24.482292175408123,1.0805628304323123,0.43727600889985124,LOW
388.23371497693995,51.188758809393214,73.11015212193612,0.8792242020546888,12.554970010167358,16.452530809013208,0.7934968522317714,HIGH
254.68920585363972,20.294489836093394,54.685017063567706,0.6739220044652154,1.0729032869584127,13.301728634207247,0.33361898477067764,LOW
391.8768532282692,64.61833321840984,118.55158418189804,0.6868903538084066,5.857925542464745,8.150420289221504,0.6784390937738791,HIGH
361.4083945035627,17.940957640498763,146.74508126897328,0.6732804027885735,5.317523975874009,14.931946076956875,0.622947662068608,HIGH
278.3008845093351,72.5598552215367,30.41611302300129,0.6789576706353934,23.38180512360277,15.294647637092725,0.6459341473337706,HIGH
132.73062834664913,56.825010232224486,46.59891034524649,0.7471148564574474,10.478749780657196,17.5658352870155,0.5225373591506783,MODERATE
593.7647611567537,5.322874205117717,19.63527982664521,0.6698876533156504,23.691820075628375,10.898506234869972,0.7113721747316473,HIGH
131.57791847389325,64.14368237427138,29.672928307813695,0.8342752755727286,21.489615268936273,4.27414424297975,0.4787148331150662,LOW
700.1277628786802,41.008249688432684,73.83181077757301,0.5581221370247121,11.270160134836086,11.451575675196619,0.5920267225048035,MODERATE
189.5023318196037,36.75926280873106,139.88185585793588,0.35068822386176957,0.6215010577616975,1.9863017699810648,0.38228943646389224,LOW
660.9204633486473,34.22038422318046,97.94961035943577,0.4668471716841809,24.323762975293377,7.524579775550371,0.602091824634839,MODERATE
726.9716340689656,48.923775248832435,10.536453741802244,0.4402350320320447,0.2517858124058636,12.207330854021718,0.42946945071622855,LOW
121.54014869926117,58.24170156185394,112.8905281934321,0.33250630482795207,21.403241792250963,5.037742479934531,0.5018101819199617,MODERATE
87.20373377632362,71.78215264224029,143.3594462310093,0.4154681225021828,10.330795835726208,17.301654977229358,0.6147124773432255,MODERATE
855.1197658817573,22.562640222830797,71.43073648220478,0.38498675177937036,7.532723372197214,19.52103690669792,0.7248042062329831,HIGH
422.1116580097968,50.83132555992347,44.857255645617805,0.1111402807196522,10.207515251621446,1.518201404272439,0.4752940236223389,LOW
570.9095905259596,55.22106630598226,137.7448533472787,0.8305523010594501,8.922735921365266,4.117853524483268,0.5420437018794111,MODERATE
30.701791708373303,54.30897404316452,5.2792167740056595,0.7564657312317878,17.227981552722714,9.460232072928996,0.5382805613719306,MODERATE
258.0520606951425,39.94705117485462,146.99079337041633,0.3375387321311737,14.31807837098201,0.7588285191717525,0.4010495440409131,LOW
459.8039125578537,31.890781308092386,144.96246509641176,0.9451320390628379,6.422621328216893,1.8585486367754678,0.5144252874833619,MODERATE
798.7342989165695,61.22792654830024,159.94948159426318,0.949362540663467,13.1875287408484,18.012802472198544,0.8612612151034095,HIGH
251.58108163229488,24.700774519223305,17.01690937162881,0.8567197245192181,10.123752234527666,0.9105968900287653,0.3407364945808346,LOW
699.9202746742604,17.436199829461206,20.288768260927856,0.029372838860451722,23.016156398044668,4.949685053320043,0.36966458222537824,LOW
599.3695061502447,44.12050630704978,157.2227554829587,0.37121799417199164,22.309450919526373,8.472654136110748,0.5459280061475114,MODERATE
112.59098334711302,22.14125775531198,86.0720353220336,0.45733656677190404,15.433647756745081,0.40918433652488817,0.4472940289319824,LOW
271.10390378487693,3.6254198583985833,71.22859282654483,0.7187162824723679,24.134195241446736,16.211876012037948,0.642425786456345,HIGH
221.6989924303716,5.074483727202128,103.61954815833548,0.6348123344361918,9.378176202754704,16.600155361982264,0.5130413023373279,MODERATE
403.8495529402241,55.905831584563096,11.486369558002767,0.678378613589376,2.1992568998456195,7.893404806945059,0.3798064709505205,LOW
575.44747631235,77.87852183337378,116.22519441139846,0.7672134138015799,1.1913075965377162,4.035679065418525,0.6398536688638212,HIGH
395.7435824025709,36.92038230645993,170.16988449250223,0.9484354290691109,20.836130859800146,17.847160724741308,0.7973998165866643,HIGH
227.63755241910732,12.617828921193999,121.95386105590228,0.551508367250052,9.587265565188826,13.57112170523031,0.4826054937795619,LOW
629.3321037231651,65.6285736318189,84.15178510334385,0.9040424644901206,21.50684472099642,10.477235602708602,0.6819050872668997,HIGH
530.179274293226,21.653435860923867,172.99769696145646,0.8148188850736438,11.468379747213596,7.847956155279013,0.680844195414596,HIGH
472.18937759996584,79.65449046670656,124.24443808871101,0.3379242483124728,0.2793400800026741,10.785536941732358,0.5016219135216547,MODERATE
503.4334417269207,45.497869100337745,11.1959179921019,0.813670467189436,13.216210156728511,4.990230786746563,0.5424969933012,MODERATE
207.49157520150297,19.37797133624795,120.93832919455055,0.11734527197305455,14.863654684529989,8.992001533765514,0.43919612355571286,LOW
615.583644372286,40.184376792423166,11.685559432776722,0.15875962390917175,11.287721888213358,13.717954447726132,0.5276430555784895,MODERATE
354.8754766295038,27.49512047454224,55.99414901940427,0.9923784854930484,20.95085696762985,8.227177296463143,0.6349799449790221,HIGH
333.48635955971747,62.578286785528874,111.20734299208641,0.4286886012262021,16.10020396835073,13.699091449327177,0.6202004262879479,HIGH
143.26344535742578,9.359454978836407,39.59526689744855,0.4606180240028186,9.118480908362994,14.774511317103894,0.43100704465967793,LOW
541.1852277498973,68.70321464557131,7.835864042379538,0.9510308676301225,17.9750597009232,15.074238289575312,0.7778134191440198,HIGH
546.3713253863908,61.61961464686664,111.61371029159974,0.3618397861633922,7.990335923007555,11.383558541301666,0.6897878787842635,HIGH
312.8675728632102,69.04774050821752,52.16845363605898,0.2369665973972025,20.96369088352184,3.6877595945006414,0.3976614467643567,LOW
775.2665506103253,71.70450593729151,96.40059615671647,0.07782173743734844,7.002592616787914,14.01119387306225,0.6702000896460601,HIGH
762.4575298567312,19.152448012503417,47.74505862392718,0.5226198022042828,16.665276969090115,16.385621177367252,0.5594459371705555,MODERATE
107.05833276936386,42.15945877106104,123.87076360025739,0.19968914303967145,10.377301061680837,1.8857767685934057,0.4165006849596069,LOW
628.5841651508272,68.14385539314381,161.33054901758703,0.0648060347177174,2.529581898664146,17.91931946651927,0.5571873291571234,MODERATE
360.51293300466983,30.81364979717281,16.495099700419907,0.813069459451703,15.742619105352462,18.82601383639151,0.6399088992056483,HIGH
899.7462174459746,5.772198566854965,141.75104469640178,0.3285969163415975,9.57634514461016,13.364718795820725,0.7434276158800642,HIGH
210.27103041934063,24.039114166542806,28.941014866542478,0.5793901820284002,15.856584950221572,2.221297674190268,0.39153835585719987,LOW
259.66654281889555,20.111704606510056,59.96435190509669,0.10464563978109753,13.497589497792184,13.07381590822204,0.4111639346946716,LOW
403.47460215459745,69.73494687643925,64.96838795266726,0.5055826330507975,1.0398781223444815,7.121368172834646,0.44426525889374746,LOW
249.1564823257902,37.64386160332271,37.92948803426871,0.6318401125291808,5.124457083543521,6.07291134892892,0.3628493034207394,LOW
625.8740960839976,54.999994758258744,14.46694701448371,0.44986361094419447,17.510527066984498,0.7352802096302891,0.5652407981966531,MODERATE
438.0082198415177,77.00741282563524,138.5590799670435,0.3374818164162481,11.691395916580477,14.49668173206569,0.6463056226542767,HIGH
206.58216301609076,24.635840338431095,143.0593295299163,0.3109550343993315,11.661735283085612,11.333598631138738,0.3703915819008682,LOW
460.67292184304074,61.13476504466426,179.43315897766624,0.10938375290446278,0.05996500478411271,9.01586195534982,0.5355019044630932,MODERATE
801.0211120648842,2.7983655999789927,168.29416057016357,0.11569120972852465,7.569954932348422,7.773768186352115,0.5708122288413516,MODERATE
715.232125696547,9.225177849610725,78.80099378588321,0.4956961629001121,16.73664908010898,8.237044451819864,0.5900563607689401,MODERATE
453.9577427398707,13.787342110258969,24.876454602977418,0.13882925388476586,22.17470222499157,9.061893099016768,0.38716507777187276,LOW
266.75841679633345,25.681048612928166,2.91530143549501,0.22345084197021048,14.350176626014969,9.54977226002132,0.29338683152247924,LOW
170.09895358524972,32.8359899952209,96.1416393909899,0.1648176724249606,13.516132707023909,1.9536120243341104,0.3019143313918725,LOW
791.760760696337,38.684255367848095,155.04138753907978,0.8024843613341839,11.75786909622567,7.606420102824416,0.7573354082482545,HIGH
642.0485770438397,20.3811763563884,48.95476938491315,0.449717067671902,16.962028097245398,1.2807337822507958,0.3694770528580269,LOW
519.2253398012381,6.231010249200739,36.61050486986438,0.552589531399274,19.9532790514222,15.518617985422974,0.6178428806787822,HIGH
792.6968348987649,54.52432425537922,79.5726535469772,0.5829581480673051,5.517092935384305,10.444788921488996,0.6436494415470259,HIGH
118.30435576293965,2.8692469292068923,160.94237137044993,0.39638487281676504,17.84941042326797,15.990303732010759,0.6259744329929084,HIGH
617.4154645418407,64.94818015383926,81.84961588690959,0.2984310506433274,6.096370031396775,8.586400028281176,0.5759826859154278,MODERATE
202.87395804777645,74.40323118694491,130.36561017359088,0.38244550993775617,0.7948074924196913,3.0619674809943787,0.3528837452269796,LOW
117.31392250422843,57.11914417911112,83.7921916212701,0.5348231974198256,1.8669970047752393,5.9915109056862725,0.28896992401281585,LOW
424.3915739061705,48.08088086471172,67.75963977828701,0.3585772605732699,1.1635382649548194,4.677213076693347,0.33635363264545903,LOW
354.7797074902748,52.90446381696199,79.9232577548095,0.1366159243797309,7.004338907733384,8.79807871005177,0.511198563437489,MODERATE
847.644512299415,52.52554168278995,138.5436953485349,0.9136869421436272,3.1793325193956945,15.778217055969158,0.8210711806481052,HIGH
298.3417966091166,74.60470574925354,136.03868400216373,0.7324062418938101,2.1301011491469013,2.332661050669964,0.5353557730094142,MODERATE
735.2630105562821,77.18016382432343,78.28471397215667,0.06626986046523897,3.6896797703026367,8.002003492892115,0.4529549942071323,LOW
676.4560304168268,34.71021971074952,48.903519151731125,0.9056999501394369,0.9549575568505136,1.835823534265113,0.5186605121115453,MODERATE
604.4522443520973,49.74925491572503,25.9037399959904,0.1704651900184393,8.588791357940872,7.8291203368325535,0.3518189754710811,LOW
829.156420934453,64.42175724499961,1.2451752931664763,0.09773018349210427,20.570400219973344,11.650448767244503,0.6593340105167065,HIGH
373.05288899939444,1.0820144165988634,21.273107370118858,0.17321689773558313,13.844464586940905,1.3794955382209073,0.20317186953305835,LOW
356.80735552475045,42.634257429389535,30.47329246934974,0.9330339056594967,1.624165494568397,1.3328367150545795,0.2881005205083408,LOW
153.24320698754335,52.577230845598116,124.49886458561487,0.22129427740351915,9.373082005148895,14.61020223100298,0.6484335569814698,HIGH
255.42824719061153,57.659230529268946,147.40694197024732,0.7869919257020046,10.745867055650344,8.14995516759566,0.6376085611064016,HIGH
793.0010458941749,30.13436334230621,132.9132742553864,0.6430382252087388,4.310285922065335,7.0276453792800915,0.6272916329444355,HIGH
432.2000982911175,24.355909228315788,130.4586653292216,0.5182230783659546,9.325296947150774,13.72639464125399,0.4822548946500551,LOW
313.8044567497323,15.389262758864772,178.98339003561728,0.3655936371634172,8.418875804592869,1.6952670131966907,0.44793526658191407,LOW
202.3397290231323,45.06742837516207,173.3049953384573,0.09293410589470852,12.345208790918798,17.194299280798717,0.5921420887967404,MODERATE
441.61462271681734,73.6249711479176,49.12364792813335,0.710654777801551,17.432303921091208,15.508520215156032,0.6750429931589549,HIGH
647.8321797134306,71.78227390719981,26.973034169155852,0.39478147482075676,11.970923897139226,7.7928952568597705,0.5957409783354704,MODERATE
265.15590265679714,29.437308245457697,28.440384590488186,0.5349861401692815,1.8488512785133582,9.3741487932993,0.4313892151653337,LOW
684.3677035232622,21.37055605511801,161.31359405731962,0.051761815961741675,1.3807176472540372,7.954311042126221,0.4956325612141552,MODERATE
570.5111195051774,63.314711990991384,19.32008578408537,0.775937829848425,22.19898577666481,15.70460426213005,0.5931049107169757,MODERATE
710.9306806603367,58.27342144129087,61.88580622977425,0.6922715128927612,17.369101585291816,0.5798787756423507,0.5495711343279828,MODERATE
233.30956969867196,40.92184665986189,95.93202858737196,0.5293003699133031,16.429481429942058,13.427773022103757,0.689465472391253,HIGH
571.6150488124104,31.733390503569744,110.80764015929057,0.49630742790747906,22.83003192967351,6.050955053186364,0.627268811776054,HIGH
146.82439874506932,10.780034395868823,107.63614216886258,0.3370307615794077,13.537646603596087,15.590942436650945,0.4879897171061924,LOW
333.7793141265267,63.025948538286684,141.76698226304654,0.34240389540079397,1.8430828203352485,19.678176743337414,0.5110932121521781,MODERATE
654.6804844100932,49.77969104295409,103.33309417415528,0.06846591864615492,17.85961803506691,5.579564672342507,0.5219764626540657,MODERATE
572.1848631661429,30.773652699303316,153.33733054032547,0.6867135937559309,4.056806784331396,8.9170347990148,0.6787940031604657,HIGH
177.19604555039456,73.58425010927716,16.148810108921076,0.044972947623963866,16.654863081293755,10.95181619999498,0.4956261617174055,MODERATE
773.924978162351,53.11414380653711,154.75481618726576,0.0014187793368453105,10.017691946475923,11.020981495029112,0.6735253359461542,HIGH
57.48237428721187,74.40987048065595,106.61056577908363,0.030981185725411087,0.705645227689719,3.1314133562943347,0.2974769496580937,LOW
539.7419627798181,38.47858436683187,40.90492928721274,0.20344747176706768,1.3882390465058347,11.664923310471242,0.45094153273286913,LOW
885.6002452061296,36.91480810105046,176.01603077691811,0.5701957148097216,9.815847341417467,14.478250269578801,0.7703678381445355,HIGH
483.0392113400463,75.04190393481228,169.21243499746052,0.6811592009315631,14.863578231407681,18.880569680288517,0.7012805336445016,HIGH
722.5979197638844,76.82352283123913,152.38492207959436,0.4207383826161126,4.272430306908606,14.507602285662145,0.6142556149522198,MODERATE
539.7110661383009,76.90061819143202,164.17570827481137,0.4086386990552422,2.6687470533948794,12.066138960279275,0.691840491308803,HIGH
706.9486002814634,65.69289411868799,69.40336806710987,0.5767858883648012,9.405760552035494,4.66501544706309,0.584079634818517,MODERATE
593.4787804662056,37.53008544112275,41.777072168476515,0.5968275679658468,20.10451821324972,1.9584031840391725,0.5764526998050149,MODERATE
625.1074929384006,17.613644247255646,33.73979123700251,0.8449975836631244,19.60013795866784,12.686692626812135,0.6813971771911896,HIGH
212.7519244668818,31.291829620948434,157.4030343634542,0.8190881651328065,17.103503233318115,12.503654496566337,0.6903770979413494,HIGH
670.2206130798968,75.1255018299053,148.96701145329453,0.8235262045752879,10.633920300211363,16.787176949287883,0.8386600787021302,HIGH
221.7397991312544,29.720789311343694,176.5879706169538,0.8441727977402321,11.048440010443183,8.92204156442438,0.6400417889408748,HIGH
882.7698448769034,60.780676719059464,152.83712616028336,0.8798304870215985,5.648596576684054,3.440867950325599,0.6865739609556194,HIGH
212.73059995547217,73.91734373619752,114.19349859284175,0.5553167879399726,3.4285625234787567,4.494535138677542,0.5222594865484069,MODERATE
220.6487632019141,77.66098086763294,26.468433406007456,0.5951671639290778,0.3960197699239193,9.527978088942469,0.35694842340332833,LOW
774.2190772306391,75.86625760315313,30.507709365407237,0.7272259972085389,21.503751028851195,6.241053299039805,0.7043507479246678,HIGH
226.25741714690903,44.8495502200598,85.79221529655125,0.19900755561789074,12.404615282787413,3.605342706022767,0.31737274231665136,LOW
331.20348620724184,39.85852589741876,138.43540007484145,0.36046103007031494,0.07607456562179482,2.157025440442961,0.3753523521910282,LOW
646.029743449334,79.02360019267091,32.01629484181764,0.9126529806192737,13.229335120824611,8.247018416789125,0.6248841443408749,HIGH
151.28623637333928,18.23615716184424,164.8776339192646,0.5227624306198083,6.458097564424123,6.750365844115327,0.4417358115401727,LOW
151.573861796477,15.814890673096246,123.3985407571472,0.05178761792172304,10.68406615285659,19.305509401396485,0.4738411341341644,LOW
442.8589967072908,77.09140152192097,56.90332718990909,0.40555978458723485,16.81027650131883,17.12825510471959,0.6339833957675648,HIGH
226.8901112671269,55.446390924109394,159.55096699673848,0.16078920323744827,20.243605636057357,3.6698281649013276,0.6380042638692629,HIGH
219.7355804564399,43.36801677405447,108.15483590438839,0.3562868618704754,17.51204493505004,15.067066906250277,0.6380105482946189,HIGH
18.222640062476287,11.43193363446315,132.23536828249763,0.5449759602950425,22.40746595526191,9.60395670549726,0.4973616302293191,MODERATE
339.7001361661737,41.54597967229001,69.99415491974483,0.5051364017567757,5.868653530489679,18.52197278997791,0.5175768753496883,MODERATE
293.2429936103789,75.59347112820285,71.44554653708562,0.49046903017469945,16.53462865156192,12.164104082515614,0.6142212248339753,MODERATE
37.72867163573666,48.628414544545066,3.258545116183199,0.018338947447570142,22.245781766424656,4.079868556986188,0.33085696728457575,LOW
562.8975286101605,32.965661172723244,97.28446207314667,0.4451048783314987,7.712497859936499,3.9193654693604962,0.41083036923783506,LOW
567.7231119829851,44.53713711574514,137.18262824426216,0.0289637672930817,19.98629012368194,19.345983600586404,0.7031449223207704,HIGH
73.01241987855641,71.00546187440497,174.4195879320021,0.4048607757558965,23.50538924846856,18.365528803258893,0.5775003143310299,MODERATE
292.16699098941325,73.11504422969088,160.70860377077452,0.6469999109014543,16.09692201848301,9.657183848501882,0.7051748786393349,HIGH
786.796923475904,32.606965086578725,16.571405352143138,0.1259044582066886,4.10661404612887,11.27880754128926,0.5105857756467946,MODERATE
528.1286907376748,49.03681919231144,176.51310154386871,0.916772740724213,6.521504277471268,10.941956976817483,0.7289308561065678,HIGH
376.6575043706692,23.057006401943628,27.757043331152246,0.6305114899593964,16.999506159439097,15.269541205468354,0.4283271586089303,LOW
423.9407163330454,36.63573839651964,8.359459412182861,0.21759863559089143,21.6543853761233,9.489718484431418,0.3612958951188585,LOW
195.36919504786658,18.37072830586829,135.05844054881234,0.3940876677803459,0.5939172067369491,2.4526030051377834,0.3581146819076638,LOW
732.574535630056,42.986308687380436,163.15367460891807,0.09690726330997268,8.158284241744534,6.485668703597767,0.4106180523893756,LOW
823.4641878513611,46.680970662208296,171.01114017850895,0.02206328766552912,5.83924845931178,11.365520784955605,0.640700261256062,HIGH
820.4909976025388,27.689102154331078,148.67072329015195,0.9158614802431244,10.5515254369283,7.021487769875985,0.8001019432645574,HIGH
209.30160860614671,22.497345750453206,37.6782126123371,0.6751840507234141,19.211944621691277,16.270969507446242,0.6269165029893109,HIGH
286.55883832104666,12.931022923884703,28.566521694499578,0.7796461014809238,12.570137576456217,18.958100062375493,0.5104596621709645,MODERATE
152.95426958048776,12.023949630286621,11.55535748529006,0.6221728478399099,12.957268197947535,4.839962036572518,0.3677511466394818,LOW
283.4090089327587,57.20542814141529,105.17246530104805,0.9067655276084274,15.225648509953555,17.782921982660977,0.7323982531093169,HIGH
306.1967811891143,18.509402282243567,88.21259053318435,0.895918820985667,12.891843177123564,14.314136721973721,0.5294443691606084,MODERATE
573.4641059875256,10.32018466741828,20.561765910110502,0.05815855250916613,17.206533503239566,11.739109990596997,0.48987462025342815,LOW
178.78527957783092,79.9108634913788,84.20405424220976,0.18946998357820488,2.6759338388071847,2.6078122402518567,0.39823294913246204,LOW
828.2632626872918,21.533403649235503,102.55092270567319,0.3957898942118945,0.5700287796427395,8.219004238191634,0.5611207607577181,MODERATE
101.75852837592586,71.78781691882244,130.4088811883792,0.34108955461512447,20.66974773306286,19.907050097532593,0.5949583601979062,MODERATE
16.12142982055642,49.12569034640148,75.1413650359823,0.5255725316232236,11.972697597818044,12.967028129512688,0.5301928034816955,MODERATE
770.9011644811745,57.49054317773839,57.9850880270407,0.26653180171948354,7.461844815813601,11.833668007311328,0.6600229351624078,HIGH
636.3551289117843,45.312594008471194,120.15657646958924,0.7974591179566535,11.357628979740852,0.7123445005912621,0.6831667874691496,HIGH
326.27028461683864,15.284084409737543,123.47603210515261,0.0074938481381248145,16.25228930871793,6.417766671909851,0.48309662061891734,LOW
539.9947382600051,67.9170741447556,49.406711643897545,0.7915130824798414,3.042572276506117,9.76311580039386,0.4732718195557184,LOW
208.9542497469177,66.40984855245595,4.548331720445679,0.3933702765813071,13.090287529632997,12.833296640181398,0.4880405586937936,LOW
159.8667872943846,28.62515176267113,170.27861198391096,0.0051350087497756824,2.7677036768649437,17.142318767499805,0.44986407490301217,LOW
429.3227302734633,61.34420501650565,136.19626675619182,0.8470642689407657,21.489234008537178,9.161369846394724,0.8213451908326058,HIGH
324.33716845165515,43.900180409209796,36.99767586894036,0.44675449713278914,14.05959773451462,5.489069153127149,0.4752534578138604,LOW
557.55474497641,72.81488210424511,102.25415152790184,0.7247266429690294,20.271490488382057,5.625642352763247,0.7917695341073415,HIGH
204.15277425931802,64.42312533301347,107.49560799101643,0.8784487245006501,18.025135554750822,2.7562183271206875,0.48943015698897363,LOW
600.0056534989507,4.2386658143604325,23.55196512722658,0.034312743123076084,20.381390363382273,2.910775920862967,0.40633918088661136,LOW
692.5067530695037,70.4628018031094,35.30661863378092,0.2621620516958454,8.545185078589437,6.106373814141057,0.5219717819940066,MODERATE
158.30616729534222,77.5167470203007,172.25046644701803,0.11889159027661145,3.4865645648108123,15.33169138160112,0.5453161408481729,MODERATE
49.03387224194522,59.6303400073832,91.93394394374069,0.0980101603956004,22.29012050978462,8.264412823528268,0.5488606784500069,MODERATE
401.23276401819146,10.473168936918373,35.268157271432216,0.9456410918009119,22.115989152589083,17.191336301766498,0.5930424839411416,MODERATE
698.881436533269,64.78269529713249,143.76588098282753,0.80556937926559,22.081821294601074,18.983063249443287,0.9773925454450186,HIGH
589.1940536609869,52.151634367263284,85.23262115349162,0.36472516000469757,24.73179379015994,1.508402982637449,0.6125107873829482,MODERATE
634.6747311689862,27.76727908423644,115.27576290581217,0.687293042803752,14.904187488297154,14.216457499354405,0.7070091215845553,HIGH
368.52701259409787,70.83841354422067,54.252774521305625,0.9194452737849663,12.812413317761912,1.7053177351986815,0.49273102111372186,MODERATE
219.10153527523218,45.67976838780065,11.364833587874212,0.2208134938737898,19.93327432748687,1.4345632220502536,0.3643422068326673,LOW
483.28317052330243,68.38130655053277,30.52501601796392,0.01415073757483587,2.7533629405162463,5.515385031074496,0.3521548484496592,LOW
191.88546743678523,53.93898613815518,175.17360566313133,0.8241083412069418,19.5761766377051,2.032051165320974,0.642303232118747,HIGH
656.3435403167085,23.792772192689327,112.62233001325056,0.7226983291280551,20.30564564638568,13.259436494933436,0.7127168059810067,HIGH
185.30014580393456,78.02647697302189,149.7642505448186,0.1602572754219892,14.42980014721121,14.322391279788011,0.6180786921157567,HIGH
269.2243073757639,46.10943828722512,4.852000868363639,0.48964584548510237,9.697995212325997,12.785285445118436,0.42599616348511227,LOW
460.8248527074748,41.82366410429026,138.0177877066317,0.16043388504493505,16.40567662621274,11.50713735542605,0.6709256233470977,HIGH
443.1718413877105,32.87726063200714,87.80641991099363,0.6026138618291498,22.87544211494895,15.624782065830667,0.7811463592640826,HIGH
544.7559450022561,11.771192043137301,120.09010995994431,0.6475699453218741,3.949108715310587,15.451568183769304,0.5419486684980698,MODERATE
399.3256944449261,55.21081752285677,65.1187022209987,0.27668270751400437,7.7775697787241995,17.405120484367572,0.5283895148354637,MODERATE
828.3312445739813,35.033136642459304,112.13552000058137,0.7808371269171284,16.785511276596885,13.86391605867284,0.865263083241893,HIGH
757.5413438354975,74.83438831809572,7.375938434008681,0.4735963489241425,20.83042739067073,7.117487279413233,0.6370992460259368,HIGH
792.4109716006081,77.24267632089297,9.160379544071237,0.7063579112955095,16.301726720477085,10.49361079914245,0.6028365717470339,MODERATE
570.2697485490594,61.643627572646125,143.99171737302146,0.6398111814232847,14.771062657104823,9.812000470341678,0.781252560345635,HIGH
575.1570451161177,20.15708633250028,23.279282936278797,0.45075893211061435,2.143529984775003,2.157337112854303,0.29811020010284844,LOW
552.1868285071943,57.56239478351334,3.503124290918444,0.2927172620775951,10.842914487232097,16.234861859034794,0.5451325617158793,MODERATE
397.046897435096,2.6133183262393844,164.32971164496092,0.20430440385557724,22.25436746944313,18.257077116585748,0.5389714146758073,MODERATE
296.67434094986373,66.28563972186302,48.530185531093196,0.745944032427188,9.041016322295315,19.688177814763105,0.6404613458632447,HIGH
536.8825698294946,39.995866800151795,105.24640723006246,0.6419434770911144,9.525139888373685,4.959353203816665,0.5358776171351373,MODERATE
32.72333505322078,75.00243234092973,151.16613772639235,0.2809419283531881,8.93893712621262,1.9128038940974612,0.454905795699808,LOW
16.636223967184698,30.84304326475124,134.51736721715173,0.967099172803488,9.06871341374277,2.220837034761163,0.4610054571754699,LOW
767.9612254041062,21.7907147542237,9.346379925157063,0.8103389307173291,10.118969487882316,16.08593946678146,0.6047402123834151,MODERATE
51.317399852083746,79.6094507617271,101.40981745373296,0.12680226091725455,19.334105555232938,12.634833699144734,0.5362224489207413,MODERATE
477.0676837967421,42.92355184945394,97.9818182100837,0.1625634133619498,11.376568919897354,15.122402882897942,0.49713196436798474,MODERATE
557.3391090251841,69.1914208504246,63.66435189967272,0.5440478108732032,15.177140990872529,18.103928069773634,0.7893368542360625,HIGH
186.3723943639677,72.97351595765969,135.8877736649349,0.10237955048288139,11.06050766480616,4.525385177880699,0.44424295819301707,LOW
807.200446055982,41.959028309732446,173.557012777618,0.9643380052000837,21.84585261846427,7.281706269493117,0.8118492023118756,HIGH
179.18523685605373,37.00140011601582,27.34641105452861,0.638023405115427,4.468730445530672,15.84742193888988,0.42283795591913226,LOW
797.2183387563405,44.67799042701566,26.99509667024083,0.06617403673047473,3.072559164329519,5.187837933438009,0.3982791136431634,LOW
689.0613397064013,67.97142072763171,132.51774748349555,0.44348573036248906,10.193151802221315,10.120817137965636,0.7380644195618723,HIGH
224.26122863653262,77.20815829646317,82.3405374197638,0.22196847868461833,24.35719195177129,8.869013466453806,0.47015468178640957,LOW
144.16230798572326,26.93744664020758,143.34418857376917,0.49045073600350675,17.4949092193445,11.906103215207986,0.5520181740163497,MODERATE
291.44711206574925,59.35180018746789,26.25289212682564,0.2470254997517497,15.406746345404091,19.764057392390594,0.5130553125950932,MODERATE
364.17600398054446,23.5445837059068,8.134500401455607,0.831796154307461,9.758364134944616,2.07430012900353,0.495051243581905,MODERATE
228.74836208404187,49.26529026518893,125.93019939844375,0.7210992096417336,7.378799212982756,9.692847670156471,0.6240468519349381,HIGH
899.0134783914367,64.57837746924338,179.05327847878576,0.9065781517809924,23.914451560871914,19.179736243697896,1.0,HIGH
214.39057925322712,71.03241964824217,17.968879642930403,0.19795761473971718,10.672989735420646,6.9575375525602645,0.3648762034043475,LOW
749.2649960147427,36.4485785580605,155.71648221163412,0.3853922373495161,17.77712355266427,14.811946218367602,0.8503603440717534,HIGH
151.61479491052077,30.21069892270543,69.96686359844124,0.8054665470172859,20.260953604282342,18.585408495081182,0.6969309628785925,HIGH
882.4177164955933,21.02267734886014,4.005328607466183,0.37384660065544706,16.438073037023884,4.812148466252921,0.5568214637639193,MODERATE
210.7158778719455,11.539956463036818,92.29390094184673,0.37908838312146564,5.8151447933744995,1.6276050779102902,0.34872833251311436,LOW
385.3028137573971,29.828487922850254,50.914903075342764,0.9860384433898894,7.199592412356267,1.5138605742926137,0.4316371638750202,LOW
507.12201942343677,69.88624657507994,125.11916233211227,0.7708631869101126,0.5745722198219505,1.459872484043352,0.639961082899599,HIGH
117.05428648892305,34.08595178064042,52.52168141588146,0.8608175117308633,24.2344640134099,7.010417055479536,0.5173733288620151,MODERATE
736.9698600564002,26.066160099086538,87.22432209451526,0.40697283611196233,20.866324996854356,2.5242926097231533,0.612806708106258,MODERATE
254.47012408593855,59.39144732232677,36.901179990609876,0.5859185229699635,10.100288481473543,8.100516661017412,0.5166981162541755,MODERATE
498.8502124254808,18.03117325844916,149.2302146897973,0.45055357055172884,22.310520464826496,15.082551554884207,0.6170212523183667,HIGH
499.17409151698973,21.246657396526913,166.65223167439132,0.45029357990957064,3.842009299961133,5.964523949259856,0.49085751185407867,LOW
546.3501805699486,74.93678321872589,73.19710000474703,0.12769913568677127,1.0509437531591308,9.588363638395608,0.4569838324531552,LOW
59.38252800664007,7.44558571676012,81.34952582966886,0.8421328514023074,3.3823322374805285,2.5473759382063355,0.3216877823591892,LOW
160.0706980300954,33.755863239230436,176.90037750486422,0.39054243367208974,22.085483632689357,13.965794238825502,0.6133572052914821,MODERATE
153.46109620179413,46.563344199189544,26.43867033371475,0.5818243939645826,4.012269008382827,6.353495724867724,0.44356100711411883,LOW
278.82562088010815,19.19059653355384,145.74289311161692,0.8570718461246233,1.7031568810605275,2.704515306560611,0.41194292401573596,LOW
138.97359960392248,23.199986254542857,102.54287044719318,0.7734772530167997,4.638671955455292,19.09341113696845,0.44076062776467095,LOW
830.5099754891178,18.525783815144493,158.65146134184965,0.1982379770395527,10.376563105910636,15.392449038236784,0.6294372869578218,HIGH
466.52946095505763,28.269660192790685,53.34470952401724,0.618511365606847,12.41077969520567,13.046554062879547,0.6138563334774451,MODERATE
564.9818814553892,71.98195465119741,54.01227595344145,0.49573108927154796,5.897928304905142,14.459992873538571,0.6396242104219236,HIGH
328.16447610432755,35.09540037916154,59.32177070191786,0.2601521515954949,20.142918518906562,8.509846403979399,0.526762959239857,MODERATE
255.85906552018128,34.008492305351105,3.9769637358090173,0.04085790351009644,23.996110709372314,5.966621981309337,0.3998342401051517,LOW
457.82768150666953,31.539889533776755,31.41082893497243,0.6297913080226606,7.270903957599609,9.999733227136257,0.49905300072860265,MODERATE
271.94744760300193,77.16514242806836,179.03100876044869,0.7798549148714806,23.277190138148423,16.505160335656782,0.7457097961198227,HIGH
315.8448738994902,10.266655461365437,45.561794707323926,0.9417184117032203,20.447986961861066,19.275853748594393,0.5765584428652203,MODERATE
412.94827810106284,69.87815825420995,4.565160499154399,0.35498375874945964,22.15050688956621,12.105626085192455,0.47842969359239235,LOW
460.1029815940764,26.845724350510064,50.85871621289073,0.39921715153549553,1.4924691914705495,7.527192618014058,0.3680986727730486,LOW
886.0394704858364,76.56441574472292,74.10184006924102,0.16300563042489447,20.85104824175998,14.364119828707338,0.7783842290844443,HIGH
208.75710346412706,25.902952453249046,99.05392299154666,0.9846160233328939,14.648127256266791,13.941355816120414,0.6570016945015322,HIGH
444.29878674555596,7.547074697249317,13.273317555911332,0.8495869963066425,0.9564645610208727,4.949285442143221,0.36951514151585974,LOW
143.06544814551165,42.08330886384875,142.48677662715312,0.9576037289729427,18.841259879324934,8.710280526429173,0.6064927252198294,MODERATE
321.4993171100956,19.001380765482917,148.7647270072733,0.4953471381254463,6.042877213747822,2.680272351482491,0.5901073013480492,MODERATE
648.4065396486998,60.48619542239669,39.15574361803454,0.20978138418742553,19.926892840990977,8.045566759988601,0.530347720880181,MODERATE
165.27130794691135,52.9271438479084,143.91685569406116,0.5731845537302535,15.649728483327324,15.25497609715779,0.6644147877361407,HIGH
527.4026637195384,55.231063475867764,65.69541643198494,0.37209191580887624,12.308294272789203,6.2780548722233025,0.5847838156589464,MODERATE
380.8639109755264,16.285669600240297,76.73672184099155,0.3478644308104034,0.5845873852545119,12.66065418561952,0.4061665362850711,LOW
55.90579451998096,56.9817909259261,168.61349752220895,0.08236428402309692,22.24186829502054,6.552993493392352,0.44311489700373635,LOW
840.4369649158157,25.59515113144665,160.65088598184306,0.07314921470201208,3.6891094260960737,2.9420734507724267,0.531760902695936,MODERATE
378.10679486066886,79.89524821674561,68.14481766109753,0.37879855298551024,20.742371241241283,14.827751104720077,0.5602740238796297,MODERATE
707.694616818538,58.8096453828465,88.37174472434587,0.9261985439813103,17.204062979126792,11.786244874080484,0.9073388083875638,HIGH
380.51900497130225,47.64250908527251,52.287758057905656,0.7230237104792231,1.7393182051058553,16.50915325465329,0.5553691232205761,MODERATE
844.2506862051183,69.50230455802829,93.26273224441046,0.7605585801759555,13.555377489316761,13.579082145500667,0.787482970104799,HIGH
268.51859764171877,47.55562427783474,123.06151460745481,0.2342906764552779,24.043844150399682,16.343843106812724,0.5341228045589675,MODERATE
376.8852782220502,44.66723947526714,17.587517812338042,0.73452961108271,23.070221095726662,3.0989615926901393,0.4489569613108173,LOW
685.3891738307649,19.747932621624983,165.65156158544846,0.40631912639094736,3.6574592187286594,12.291673464004402,0.5898858998328861,MODERATE
315.86391059996265,54.57084763070858,129.67844029789768,0.059390610473203265,4.329585622242988,7.347571799889392,0.5342766576344218,MODERATE
334.2777934883096,30.596909831707453,18.318730285921415,0.3948135675183053,3.840852719462923,14.930129388635384,0.42741403270054934,LOW
895.3926243386588,4.4035275971582974,156.54902956421282,0.13125378743236893,18.90436184727843,11.601720900993573,0.6953886307769711,HIGH
504.49692786441324,65.46888191322665,134.11923305746697,0.8536994629314485,4.018848482094003,1.0836019669560937,0.6003823252186109,MODERATE
623.5486037664318,5.097980165250608,57.04970021306203,0.8402940644749076,1.6145367942901863,10.670919524000071,0.65664834253535,HIGH
582.6813883967127,54.11170970440154,94.33652280532014,0.28746892829992543,9.758303117194517,14.885826679974512,0.589318552590274,MODERATE
746.8524909693493,13.3809504273083,154.9633879949502,0.6119223027755851,24.17223557896514,5.255767810622716,0.785664616981928,HIGH
777.0243385031513,35.17299180909824,174.2944865331599,0.3637597183572606,7.70649680893592,13.090530136781794,0.648512967085637,HIGH
511.29795789857553,68.86824102519093,51.31285387462619,0.15422617434361496,18.10590107034231,16.818515397561587,0.558886080343797,MODERATE
272.1549067200954,8.459144380017584,117.44991463659109,0.6494073114086196,3.599026958327725,1.3033508748671063,0.36755318674970966,LOW
30.292220341722818,53.70490360565705,154.98419939470418,0.7601066433109224,15.528646783325526,11.560447419942577,0.6264148134813246,HIGH
556.8188934472449,49.39688065640074,177.88186594288717,0.7747227410657531,14.529148560927347,17.75201795789737,0.8249670238537965,HIGH
744.6672616064014,69.53484996214713,13.658609467689873,0.14922058589316578,22.604329315505556,2.5283977909869204,0.3732714449620821,LOW
410.980426905377,14.646054834601271,91.14833188192829,0.5125785184951382,17.913929919524126,5.3849534993048165,0.5221758874714945,MODERATE
156.58846503686922,64.18321286622859,157.38617136926726,0.023899357199450355,3.019619703045817,12.518480789066695,0.40746524157150465,LOW
266.3930449127204,36.55957454256493,1.5653042496155514,0.09016949762849769,10.119998220198347,11.703677802834633,0.2994046153814853,LOW
463.8901472655595,34.8628690869664,79.26510430937431,0.0810511530853878,0.013909144195850542,15.867922443742275,0.34674251443948095,LOW
754.6462848901233,29.58096371635012,105.57157161741425,0.05719079355050116,6.024921750578524,12.581057501845006,0.5119430604604798,MODERATE
162.86030000089437,31.460357549477514,95.24176523163395,0.3337693490578346,24.283152385365383,11.516900306041082,0.49101367979461963,LOW
554.8133893814676,42.07681048759278,132.16631085383042,0.35767960085317085,11.393536417141236,9.037027738440491,0.568536853173226,MODERATE
680.4980664159855,9.437186010953798,12.728453564762596,0.6978703420702284,21.68944095611303,1.5649856363649417,0.41257763712717493,LOW
843.0822930979926,34.58020371996368,141.5895935218659,0.32987972136375243,0.5932257427628373,11.821766217456275,0.6133077330925805,MODERATE
113.86628559418487,52.50651598970231,51.687525967893535,0.14039580417774822,22.001446001494408,3.1325166210094824,0.33075766604391754,LOW
834.488554406456,40.357195921626854,148.53706018778806,0.9468756309901694,22.23490152316433,19.916989819940124,0.8243867825322102,HIGH
545.3061063052868,14.100528039120201,76.08833889348735,0.875476403985699,16.335815220230685,1.5700016411343398,0.5220202065405926,MODERATE
692.3644128147346,29.681084441538932,8.682427932736356,0.12422575540377634,2.9062726279511675,1.5143260748574772,0.2537950617122534,LOW
57.85949151601436,35.99397227964845,173.54074305517727,0.3627786999691487,21.900401972422397,15.74658864129402,0.6000815041076132,MODERATE
460.4718585201297,53.841110356004485,140.7183229989714,0.1680846509849716,22.496597444481328,2.023305129803621,0.520527407435182,MODERATE
564.1404099319064,72.16053948046232,63.259069778540535,0.9591114274329677,5.026167399308509,8.101525574647585,0.5337319994471528,MODERATE
283.08211748682777,44.47966549443766,49.334898911087,0.35597759210456126,23.504091699481172,18.549980557027396,0.5150812729943103,MODERATE
394.16868521011486,54.43308212127177,106.4245073925597,0.09811742691793435,22.026037806215044,15.757649356192694,0.5158187957449094,MODERATE
503.32534039884223,7.097980409712951,177.7257339054801,0.7268439883298804,5.121911094070536,4.656843907818871,0.5914835236078898,MODERATE
501.7676663979521,76.40289531845985,52.93986152817484,0.7117175161853958,9.84551805017237,5.020597320844315,0.6278710761910785,HIGH
47.256757612085885,25.90148653808631,170.74052989756134,0.24103445572369164,8.416969880869015,11.845405097786657,0.5203986829341768,MODERATE
401.13877225521423,28.989048225345794,60.139294411727434,0.3214618509201238,12.455659803093349,9.728782780448109,0.43252438644383817,LOW
200.29815776508548,18.6045796706795,127.03349998114618,0.41501889749172627,22.225007050988864,2.3349272230977403,0.5443817369904298,MODERATE
825.8586194959613,7.688935669478386,69.33045004477512,0.26770000177164766,21.858683909569933,3.1729468040061004,0.5569020327977556,MODERATE
879.1561912097674,63.41369642120625,16.224348097548127,0.2888877081762501,4.391818157229538,16.057926636542877,0.536558120181187,MODERATE
276.68573775334147,19.99871645478765,168.5778964447787,0.8015903920186569,13.778320807138314,6.895815247382733,0.5502872780482055,MODERATE
165.9150035534423,23.332331092279734,30.34311105427067,0.7518506052266137,13.350854534246565,15.980245037545783,0.5026200487425794,MODERATE
205.35869434402534,15.361905851895537,170.09977277157014,0.6926292119704864,11.259957130214909,3.796545899046553,0.49617008316373934,MODERATE
435.19950726412884,78.01593714361152,19.491921841265043,0.6867735568448488,17.867744934748462,11.988650571017253,0.6458487092767964,HIGH
788.3099832107288,62.70174898505715,48.78359264721328,0.5218819306638737,16.149242974455433,10.102174560719988,0.6804829204070441,HIGH
455.03223129449924,74.46207234847535,165.84530626632542,0.350921277961059,6.877688095751711,6.527709535992274,0.5346307491982042,MODERATE
59.298934926614905,69.07614599722731,118.87881446045559,0.7205449454774036,8.704285495495402,12.171540774244383,0.6465532264321168,HIGH
45.49818641469817,72.59744716407567,34.91753501566351,0.11636773753496898,22.209206992882642,2.4906968538036645,0.3381195835483681,LOW
212.3779416043352,38.84369009608625,106.9847027504954,0.14107050520669207,8.14429742936361,17.12936805742137,0.4560655902907708,LOW
760.0664370723916,14.472773551210938,33.29002623836416,0.12626520794575957,11.10213291890387,14.867666906367425,0.4995047373270311,MODERATE
563.1176962062781,26.823546414246007,157.52513011299118,0.7327180517503236,24.322416549803137,5.739466519218544,0.6884973951628595,HIGH
511.0324898697994,24.10366984155458,9.919320713595539,0.5915408843637119,21.432021311342723,11.603035443624599,0.4857666132253248,LOW
293.8829373985515,57.65357317050716,95.8302079021722,0.45016037936884756,17.47407347422118,18.04337808620042,0.5793532905758094,MODERATE
837.1886104911067,3.0281422182800517,12.3616716234738,0.47623134142880175,7.600568030362609,8.446095814847453,0.6188971425586635,HIGH
304.7486380162979,12.22133497852019,125.40907244110491,0.8275593271711471,15.718749775057168,7.266832199174049,0.4821852576206101,LOW
753.1005272611226,54.947924500134015,168.50770509966645,0.1216797789663413,16.050505698958048,15.978942381159175,0.7487211512565961,HIGH
807.3541309985368,10.751945950234873,149.76089449122597,0.38324428034558056,10.289053541613347,0.02372041737737085,0.552534710663818,MODERATE
440.16816176236165,4.815056210861616,67.53928070232169,0.7601662055006726,0.9029623402895676,13.72746472187403,0.5470350445003674,MODERATE
805.9174498378609,9.627998004284077,43.40597808087689,0.6578393705710703,9.163211899134883,4.316121224321332,0.5347869931273738,MODERATE
256.3549257780319,55.56325809040461,22.663921137252064,0.4351467214778807,12.703336815061542,13.88493988559108,0.6166342147290917,MODERATE
596.0057493031155,12.006695492971307,157.3786937414734,0.22434120963101267,23.7535543852306,8.758020089967179,0.6220481835046624,HIGH
88.28773618670378,12.558044529782029,15.518534099486821,0.9464412133049587,18.18739987478209,0.4059045010177864,0.47006427391404704,LOW
431.80145054223055,19.193715543968846,113.56042529242022,0.4079193628565091,2.6981663089606975,17.4851970165564,0.5722167103156208,MODERATE
203.42530392092965,60.32194563152529,66.74087703991054,0.8778350039035832,7.5355575914209325,10.930795148033475,0.653627265491342,HIGH
65.85931735823655,16.827880068601303,179.24431898840257,0.7778304800332757,13.04209705401923,6.272024859481585,0.5127896540487045,MODERATE
13.315702189082451,3.7946563412123684,92.07937311978375,0.8615300330102996,11.277881888297683,14.067592758402638,0.5233111098809409,MODERATE
299.0293836323194,72.56320509049931,99.23357999691058,0.016921994238677573,0.12806734536883746,9.918810032697811,0.35848822731844027,LOW
534.6822291377189,70.22915551898289,165.30209251765837,0.47739142797999323,23.377500052709056,0.6989718998623728,0.6512933839031363,HIGH
415.15500940953,15.60070107082132,174.56500568189725,0.25943382681763894,22.60099470671667,13.005128019548346,0.6289517421222696,HIGH
278.5746756823515,21.96206459210294,105.47092653592259,0.27402135522523396,23.093614260979898,19.39063229825824,0.44477964069888576,LOW
892.1680273908635,15.896048144047635,143.51659137888066,0.2698403223244006,10.713871243046178,4.439588607522717,0.5724748072615876,MODERATE
846.1772855819133,57.84322857797666,114.6232480904119,0.38931367184596566,20.834387673211033,17.258521891186064,0.8626423950408613,HIGH
121.83144308537221,20.750701850949334,77.50468305485774,0.41070461615316833,17.713431771688327,12.419898269793686,0.4019954137114111,LOW
379.4456097349603,74.58453083290166,11.259448952170732,0.6340402481482471,12.793623567449156,1.5579677199931274,0.38923281432233836,LOW
587.4737712543136,66.38364092630194,129.47615336397922,0.3003645523480759,1.928304468986869,14.59949957783069,0.672333142563925,HIGH
662.8068098016437,47.48368907800418,126.3470362525562,0.2727771461258405,4.196299882866561,8.829803087613115,0.6330058521772483,HIGH
336.07121786944646,1.7061197523833425,21.889712897281825,0.36060820265249927,5.955827676482114,15.874679509926985,0.3417960215592363,LOW
674.1908133344594,70.80988310691667,42.18232861718947,0.6865144929354994,22.397767111407582,12.71491122756155,0.7426439472727328,HIGH
120.49351149050368,58.49317007607178,132.05094545057227,0.0001711756244947571,16.634205978109335,0.05569329253082955,0.38158264733545594,LOW
305.3132364793572,63.2446843267395,27.798443989422626,0.7469279572267308,24.57577480885482,2.5259441292549223,0.6025706897144165,MODERATE
647.6255264227555,6.674191161187292,124.67737116345988,0.3389687519924398,14.16079952652727,7.048792400277191,0.5169403881413864,MODERATE
566.8576833317338,56.97625344726484,129.51791722567307,0.5762397732508459,2.117617724022311,9.637086350680253,0.5768797054210324,MODERATE
755.1170912268728,64.56256841630736,64.24855021324677,0.7615222922385597,11.94407929140684,18.642545745149018,0.8332247120886251,HIGH
51.702750173768024,76.57419313640733,47.21455111051744,0.5108351676332793,2.7946113271001245,16.439444158127323,0.3736055924902972,LOW
165.2086288625132,46.85716734981241,67.77405458754676,0.647151248530974,22.534081869001533,16.032309165298244,0.5884451360301179,MODERATE
53.16017822205015,41.13530630794245,65.29619522932802,0.9199407301330876,6.960858125785466,10.791527901488712,0.4997825982625881,MODERATE
180.98165958179808,34.60634640857103,109.65654522112024,0.029866272394770244,4.9317472404349,1.8572741034669926,0.3674247183909413,LOW
13.811701463312158,56.40172679620686,134.14884564967656,0.34952883617399033,12.790790124950604,14.916150233695145,0.47513897642363845,LOW
458.747168494191,73.74488307245448,155.25372163821513,0.9268541592993467,20.177170625201104,1.730966443188795,0.6795106700573775,HIGH
480.1998120557473,48.38064884856682,6.368618836378418,0.8374298297042314,12.758700778338442,1.828954297692158,0.529073882028579,MODERATE
595.5236854513354,18.955407679158842,131.05272876911715,0.6168279813515756,0.9554148669935342,5.101719240564426,0.544094766288813,MODERATE
352.57207800892866,2.388342074424963,57.23929727375969,0.22930295139803325,18.573888139377843,18.45127470194435,0.5008936046586467,MODERATE
12.854844709813765,49.90993634313468,151.11691991717447,0.33053303792794875,0.8517833989112489,14.998375702843115,0.45200631107398,LOW
609.7631274227971,69.30323315350516,14.55333579364101,0.8579563762666257,15.109459704815603,1.533051024389589,0.5813676944319962,MODERATE
58.319068095642194,6.2120469282993405,99.66023732097891,0.698271457281969,15.423336773185293,18.37820908962748,0.440094130134649,LOW
780.891683427792,32.40812550794632,99.21257256596839,0.2856502296610026,5.212984840099227,15.667503602161885,0.6088960784015448,MODERATE
30.162049060064252,75.26370716039132,59.44555172936587,0.13224550180524286,11.164383398887278,12.072855765498108,0.48713815976911545,LOW
482.1228596984029,40.632482672687615,174.68488092625236,0.7807703341042288,0.15479721417220593,2.5392405560691667,0.44677218778030503,LOW
806.4769153231134,18.43200015329885,20.13924405919507,0.5762246797205511,7.091983852710815,6.402456971026831,0.44629560092534487,LOW
519.5157224520143,28.938856529739027,25.415104802751088,0.963438189908024,15.483780792783461,6.013636474261254,0.5540767070367609,MODERATE
551.4909044240977,33.2430257293897,116.32246807570125,0.4064911771303944,7.104234334675058,12.800942805888711,0.557898774170373,MODERATE
616.633655020291,10.26587163892658,93.05956121121392,0.349026963756198,1.1907744429818927,11.757392429113484,0.5775430500677091,MODERATE
118.94387448011564,53.20258726402448,48.33961601081638,0.2907561429598794,16.85660250407622,5.5448198755502,0.35209505724756507,LOW
610.685119721398,47.780981998305634,55.46465156588209,0.4818801371926721,18.559879715335146,6.221984797846789,0.5240244895855384,MODERATE
793.5158449914055,52.170107351380615,29.107172258878656,0.32272964247161806,21.57465690497639,10.368834306449648,0.6872006757314253,HIGH
877.0565412234316,49.252533925734845,156.3297808652253,0.07319059978704145,21.888649051687743,16.908131938681827,0.7363144237530369,HIGH
404.31627942892885,2.317093394778834,102.94387829200458,0.3121290578928153,12.407920505478277,2.5245007048118984,0.4400870989556936,LOW
316.6093179930167,14.782565115739251,44.825389131535864,0.2188859333030625,10.183977079328471,14.514761426557667,0.40539426125498823,LOW
680.4455578807222,14.08018815372298,71.42231562997236,0.8153849962785588,14.646629637967429,19.913484469599094,0.7225565737117841,HIGH
493.15811640482997,8.738167417541167,163.29662472057407,0.23559253312526796,19.81672724985313,14.9946576014238,0.5446081207024672,MODERATE
239.00114246497714,59.102586082663834,159.7445679358983,0.45887157101893683,11.883304421547795,8.831422302645162,0.6072968958546948,MODERATE
163.22051762303565,10.490839943800843,13.370097709264192,0.6727382423624793,24.87916963468592,14.633491394804459,0.5173105238846186,MODERATE
161.50496752754188,53.78733180257719,118.08392475206682,0.14922687273244606,15.937890325153111,17.21372942819716,0.5338447723324251,MODERATE
418.6675625794753,15.092834462640358,28.38183960358056,0.531282484435957,7.702664085214744,15.370001994689462,0.40262674801241305,LOW
161.41072099792862,10.34650408158618,38.74812243313803,0.8471869516385989,19.842727834976827,0.2551500391378503,0.43184580071661943,LOW
27.54986017022234,13.839873840670268,155.6931590121085,0.5840807517660912,3.769157425820649,2.6298703010892743,0.3950671956705211,LOW
56.3590097230241,41.16387306650358,161.23906682819648,0.4823864389691985,23.394678836715144,2.1428522147636886,0.4693198686095434,LOW
837.5972441181395,51.9931182787627,15.801852945016787,0.8388788947055122,8.508798186531175,0.6365189121529591,0.5278488712137187,MODERATE
74.93559363252082,65.1420639445533,157.43227597668616,0.9472519273788725,17.126191554118783,14.290460029172618,0.7779492286086193,HIGH
75.130814617054,11.156414231705817,131.4003459589372,0.8209853994034504,15.632704724119955,5.347468902056585,0.6070900075954957,MODERATE
411.55771652484384,49.67875304348058,139.85215502473912,0.40840944860075457,2.3968271952786058,14.439132131328742,0.6302531275417007,HIGH
228.139251278179,62.13332835348853,142.73494364860008,0.6116930886692934,18.040492703902093,13.32196879358748,0.7067760171802728,HIGH
866.797528433523,25.680008549122867,91.79475564110119,0.5266416950300847,7.795466880063853,10.47222308203394,0.6142463156987031,MODERATE
820.7773971530457,7.297530770027576,170.4964680948881,0.30330862268411773,9.529522233596197,1.1942844715528156,0.5183325937250411,MODERATE
370.2214913174277,13.319731082254595,36.86436911252655,0.4353201289591915,2.4131115521933784,6.106124453919303,0.24216989091502808,LOW
409.3710522804707,8.233133157276082,91.38875424564019,0.8292667794441382,20.25210848758559,0.5422949858698201,0.5237308580892658,MODERATE
343.8511512372575,71.08974255079156,58.02091180002442,0.30047984286702967,21.506802438997134,18.20040482441981,0.6748545234656229,HIGH
43.70084381238412,30.75943180045853,148.21519246164883,0.8895570571156132,3.3566829866254033,6.1726723233165774,0.4780526887217831,LOW
270.6336869366907,42.34453980572709,15.803427471051153,0.9914293192081454,20.315307255583,1.898991065514224,0.48660096816450327,LOW
119.17938795466586,61.726363992540854,78.62844915944396,0.3067672957354898,22.449990122263635,0.050362327043467214,0.37844192144664407,LOW
101.10959371345925,30.348375347537182,139.45250046791398,0.12273805462617138,2.4323567237618664,12.230253304257017,0.37955059657330825,LOW
509.16679991338515,52.279109715581406,56.90902316883536,0.9571743488553465,24.93569776588308,12.41938099284617,0.6681868626651519,HIGH
97.9007233650704,7.057708404256581,44.045254884410326,0.17106515967605973,0.113758546747042,19.898505852873345,0.2118560217955154,LOW
101.6088781777846,38.99154615791944,47.99629870828641,0.7714638089361773,21.060142152381168,5.772183751555509,0.5934265045373235,MODERATE
437.65720618922023,8.624998327454303,128.7326292257716,0.039113478648201805,13.957267633653148,0.9305039311091812,0.3167220710280894,LOW
403.6313049591485,20.61444711373802,52.33409897515073,0.23556509847015417,23.932089876295482,15.58764710202081,0.49082445160881527,LOW
132.49495876780873,24.17392538004202,73.0803546378734,0.2601553110299646,8.452497955918814,6.091639135056028,0.3416955861052327,LOW
13.95963207988807,57.689120507068786,98.67458765161281,0.29723503205329516,9.021198964387326,6.613180811565547,0.36519039401940395,LOW
181.747253173381,54.254230716851055,169.39605413145784,0.9193037603731687,21.009446381552305,18.15468677663922,0.7769325201160422,HIGH
219.94410622201625,60.0193270255542,143.18821321976029,0.17530970920991185,17.76714996976309,11.507405538756469,0.6356274903601811,HIGH
722.2211148118921,5.878648731749477,34.16541789609909,0.17363896408860913,15.012960449336878,8.006992967481896,0.366611694101037,LOW
824.7401319692214,79.5192227616707,159.072077623664,0.6916749367101237,16.10961514187607,19.011154158294758,0.9191879601264615,HIGH
371.29051376429305,5.299182268071744,152.21337054015143,0.9523171069997972,17.065952959243834,5.305823229184448,0.5920951250311983,MODERATE
370.47378658587024,66.23407552369316,134.39518900032152,0.3892843584315542,1.1960411507255353,0.42955823718145103,0.404830913684906,LOW
644.1083425462814,59.48124574496231,93.52616948417811,0.7731286561517726,2.944584053911223,4.61750566851717,0.6986088082801003,HIGH
567.9605939771732,47.74918144885377,13.496876991058702,0.031035892505590468,4.5314204863432215,0.8825193147192878,0.20584585623939633,LOW
173.88476615713415,35.669716046453985,128.35943820866072,0.8240637188070686,4.4196733535471795,8.15494688598015,0.5480433816462806,MODERATE
105.84331884331661,60.81345590834443,93.78324850568595,0.7233969011224191,21.072667050884633,16.621331171206744,0.7337077574202946,HIGH
399.4745826829952,59.44876645823884,56.44971172141412,0.8966156518554624,9.862745349537805,19.503591473076828,0.6218427069299606,HIGH
512.6972432148591,11.837088503694556,2.7789020032710154,0.6374542835383026,12.235601705860693,14.006418399260298,0.47528061455397497,LOW
133.44976681134023,63.61796536390875,42.357767558966444,0.9413366441604656,2.234917558055585,18.52229818465227,0.5100194476770744,MODERATE
271.01340913351567,7.206002797362254,109.41854178671122,0.3898574094947437,21.76482682366143,8.170640622123578,0.4603154873934197,LOW
282.2892668232116,40.543145228154245,21.102878953420163,0.7325314447207496,0.25658837516545074,6.0541896583716825,0.375148475655739,LOW
242.55539891150596,51.961464298808345,118.3199484834965,0.7255642082109406,2.0824025777075486,3.084504571441944,0.5132201286455156,MODERATE
420.07752699969404,65.91341973264299,147.7213038991401,0.26860786068493503,20.302734310393866,10.017613987453116,0.6392201821063341,HIGH
591.2265900445673,37.58570722935124,57.95392299178902,0.9205795390951387,3.2649263558666486,6.538761113543751,0.6042657538977906,MODERATE
463.3569964182332,19.71178812764647,15.675411562438597,0.7791767912046089,19.833943471876736,2.1507539344230575,0.5793523850588805,MODERATE
189.29634040013633,39.762109621071914,26.006083486293104,0.8663517835245634,8.760439106212894,18.638301039209402,0.5564094008902157,MODERATE
101.61575187218578,20.766440724532487,65.06569892374799,0.36259100079846707,19.402447509016017,2.474076122204334,0.40044520023400093,LOW
741.4647119798433,42.769305135035715,146.60473124375852,0.8412547834955745,1.258883561475288,14.794788239979578,0.7009798667448629,HIGH
436.5811676188293,37.53814646541491,114.53589082858318,0.31497646062973417,8.531550464142635,1.3615014270337111,0.2740113980959784,LOW
65.3038738791507,62.659854216281154,156.35188900921713,0.9644010500004486,12.031847170309632,10.542329339730278,0.6906908546190534,HIGH
239.72813468810662,19.967118961959788,179.0024531609713,0.02394713636581347,15.642612772649306,13.496050637192345,0.5505658302026968,MODERATE
725.5900627618978,16.79882955103682,37.25935031894953,0.6191875473523993,20.90550160106332,4.690689632411265,0.5895042102243894,MODERATE
679.0364290484595,38.460641825789835,125.37303708638603,0.11223951134664445,6.111716748620835,1.512992971200482,0.5043083657401866,MODERATE
789.4768032786662,4.989844850077203,84.50648931126567,0.7187331733278222,16.472211025307498,11.867292068410542,0.6514811645897631,HIGH
545.858165141506,19.11790964640496,89.33257290948085,0.36368830367403804,3.7942609112242924,12.058137934389512,0.5162332491924826,MODERATE
386.38628157866896,28.94268822082766,59.279071237383995,0.8706405934280971,19.87919927370173,6.239649978240367,0.6820855575395557,HIGH
389.7051478234611,39.52274729231191,62.309686484894485,0.8727025109053593,23.330530132094854,7.523867003885345,0.6693858943525043,HIGH
182.66003959871992,22.28550018680376,122.05446876320038,0.3680898735038748,1.1819866039335658,0.91211530701784,0.37893406134221425,LOW
589.2110757509148,45.290283081964105,112.12372217808698,0.8099817769615278,1.9964519099966327,5.915771759422787,0.6581247649740146,HIGH
530.7111929226401,70.39475864916855,58.012139142310495,0.6811368771594715,19.688520476597816,17.652049500903363,0.6568263934392551,HIGH
147.82932617166395,43.95446944725057,22.225984468616364,0.4265669286537124,22.00575081735642,3.4258902008246683,0.44670380622907024,LOW
798.2399988403836,23.660322217178113,104.50519042816823,0.3432364439538024,16.205443992010235,9.361037887892035,0.5976952851482805,MODERATE
337.93670094643136,5.896496788182876,133.35194574871448,0.2103049314692208,11.52967865249446,13.536524423300396,0.42863360608739226,LOW
54.26750131375095,11.796638075117567,100.99330044839725,0.06320845285650911,19.226673986529,16.057645164507196,0.42448901268131756,LOW
301.8140194940076,45.33617211522806,1.653470548738788,0.5173593686025637,7.492732814458786,1.6229833855360876,0.43695790451745997,LOW
784.1724760933024,55.012998210246,51.53447673281069,0.5400405370755103,24.793855740124343,11.83672248191832,0.6911817148982403,HIGH
826.0913614169882,4.923767540771574,140.3657017946671,0.4440186584603416,21.19983392880409,12.545803479186375,0.6224687207352992,HIGH
446.4545913610738,15.658436547365051,133.91612874453614,0.9505971797134382,22.178325383498475,3.947627167930259,0.5691969611348728,MODERATE
861.1425466653419,26.207420383449072,2.863435204927202,0.013690117263167267,21.372067962604316,0.6169703411587002,0.45840882948291695,LOW
788.9652101986586,26.262075601559687,85.18302566407193,0.8503049599765884,23.322151248278022,16.88733796848813,0.7589443171203785,HIGH
744.4553382183105,76.71415412005892,79.27995290441086,0.8008214470330771,1.6123672688491881,8.801396641475026,0.5108283785553628,MODERATE
775.1419575671633,17.097877237451385,117.75836635607861,0.758752394254019,22.715694089707643,1.215585364561631,0.5777142899471883,MODERATE
349.8691168302529,5.939107608849603,23.371427171634597,0.5249153123806438,6.2150691187891685,11.560574174506016,0.4015986085906573,LOW
683.2573572724339,28.888171515673207,112.23332668592633,0.19035537820796056,8.97932375996103,7.538259208800668,0.5658796174177619,MODERATE
523.8317127377728,11.62091571134468,170.49832560882808,0.8628793687734381,9.264257757686375,1.604026203474349,0.5371378340695157,MODERATE
650.5187615488729,10.99997524572734,67.54316669612975,0.7445946545633017,5.810846488560026,5.742224646374579,0.5441436418807852,MODERATE
168.22963574688941,33.18860222825314,61.3867987610967,0.8328212143804856,10.960646192879045,6.536622466164317,0.5295420305420765,MODERATE
660.9405814796984,25.204900000745944,6.060959072566157,0.23578757327313637,12.637999159140104,11.498099626580814,0.4300899454133462,LOW
862.2572664328128,8.246415316273401,11.27371555302224,0.5543749931039361,3.7166036362053485,8.066670760170155,0.46170698410333233,LOW
279.37035691947233,48.73997092476849,167.7514680004196,0.41595923895505993,8.987970878627092,2.1398435566945717,0.43995713427295957,LOW
887.6835783205081,40.634281515607654,175.61483053042537,0.6396714352382278,8.70366148841057,12.706708376868065,0.8015030327071792,HIGH
346.75465317678027,7.090873847153125,2.009864378149026,0.7526076935359698,16.866759710466514,14.575983765136236,0.4901767179242928,LOW
187.75391234871927,69.1568134471174,162.2216638554265,0.17371536844498714,14.519595372211352,10.146059444946466,0.47120424889789025,LOW
109.93474452221217,23.492331598774285,32.13884549186694,0.1740382321149514,17.90272966793836,1.2670148677020898,0.2848250355019871,LOW
708.6161028264783,76.94908201082717,101.4832106395009,0.043606875938773215,19.59858806856412,2.064495879147472,0.6289950962826731,HIGH
503.79460633514583,74.59155197194973,122.38722531164613,0.15718503833113262,16.675152543664584,18.89291758559578,0.6907187544396359,HIGH
283.3468513592057,35.29363347128147,65.27150919034366,0.2401732296296688,6.031108167837488,3.7873071507628175,0.3894336184499115,LOW
551.5208291164445,19.056788294628458,95.68886842695836,0.07251857909945669,12.552989428404798,6.149891130529022,0.4963667306121108,MODERATE
305.5700571784942,66.95336428988757,113.33005167979964,0.35569095490512004,11.66437223301642,13.75027431585912,0.591558227895091,MODERATE
409.0384040223283,29.5415814881733,35.71280758987809,0.6751662952455647,1.8512548532928967,15.836712319580084,0.4545375752978412,LOW
777.7710719202511,13.92050487903256,178.9719352638371,0.7930731277441504,22.362040121018456,18.220378405712218,0.7821762392893777,HIGH
604.6681644046566,44.577009549696356,37.494848569801995,0.34581626285830025,2.285883915815537,7.903715095518633,0.3394035882294969,LOW
688.5376373371976,39.662792973399995,2.8505851789047467,0.08382489796229442,24.4110647191468,19.845840083876144,0.6363998693738065,HIGH
529.3092608079229,68.15141242630256,170.0269419867499,0.7593723261584083,0.7936464139685601,2.077810642217637,0.5466095680528644,MODERATE
892.3442635082027,58.61322900730723,77.81385845468161,0.39118368836963113,18.241971243751774,16.530685120293946,0.6706491855160794,HIGH
224.8549589988945,70.21501946010355,72.35292968783965,0.25142759505407275,7.189362563842375,5.4421230577858415,0.46359539052555243,LOW
243.43913303974514,59.04153007860258,50.345166005471896,0.4706909754473476,22.61792092290705,18.741818429614238,0.6119375359140133,MODERATE
92.37745547711626,51.73182189117596,5.623914895619007,0.9698642760741001,20.600797957159486,17.38392619588574,0.6679392605354113,HIGH
503.0773568429323,40.51399502988401,48.35770661504706,0.37263983664795264,0.6252725745684584,15.245412138595743,0.46041577077484186,LOW
555.8897204034474,79.01670987021936,71.40076131931076,0.959453074386708,0.5487668117899608,12.074949099882303,0.5853231418089122,MODERATE
656.1057998799496,76.77402109601361,94.13893554714329,0.2531691596797929,15.079775810999301,4.289126775973799,0.5983681693548243,MODERATE
308.54687409484234,68.05938554132422,82.91831540183485,0.10554476001890012,3.7397896541619624,9.238507210654214,0.43652961135486285,LOW
20.908553659874208,62.2502178890567,158.3474811790201,0.1571788030023924,0.35396587059783324,0.6957164949435723,0.2796985587115414,LOW
572.6842880086048,46.62720445936246,164.12804528549668,0.7737817398421739,24.194051466628054,14.188071475936738,0.9022972871387346,HIGH
898.8389883431406,21.520515481570335,57.77073100501299,0.5376131164488933,15.821563195868984,2.317585349064102,0.6337992628223592,HIGH
272.1489248730933,70.15968313994922,172.76027230370724,0.5819222503830604,0.27081682564464027,5.165764670937194,0.5248311785006381,MODERATE
173.70166269742757,1.8544746554376597,155.82321680954345,0.9677083968521879,12.2629944680378,4.900991833036263,0.46625132630449134,LOW
260.77259246545435,18.967757376720723,167.04663215972016,0.5048373705189647,3.938420732234654,15.75897311648381,0.45497654631790346,LOW
388.619772551572,32.894863161673115,127.43322794741567,0.11702088894450602,20.129553134496785,8.012956202173942,0.6089358605593049,MODERATE
233.31250676778257,47.30641526349169,36.49065995527192,0.718515234359992,0.7170525462610683,10.690819551958374,0.30078161196145947,LOW
318.7944225771016,45.30946630846812,35.94577488574163,0.207851364069643,9.272900453456481,4.172371122822593,0.3418629074819866,LOW
578.0039973356327,14.88945028443749,163.64862979202584,0.5815380148024186,5.9507080630920886,6.682042281807076,0.5618946219128665,MODERATE
317.07490828992707,9.27905778526901,91.76113732826535,0.854378765461995,24.521825928345894,10.237978861470815,0.583670574565635,MODERATE
362.49246085745267,18.563985279237095,160.39364798051906,0.47708107543259803,1.9527903248164613,3.884077790049678,0.4221226996808972,LOW
45.62782389134491,28.547994322822206,129.97807037488772,0.3142851009015948,17.99722829517579,13.796250028726746,0.5504568645481078,MODERATE
826.968826444354,2.1102413456868105,39.03970247597711,0.5755465872070433,11.950697466199808,8.985347565770747,0.5172730165036538,MODERATE
372.12850432421976,55.704009823438604,69.87200779126871,0.12695129128211402,20.412246997516565,19.673008334917203,0.6378953657125905,HIGH
302.04772927096695,20.570467423261825,174.240713489029,0.30756405627775874,5.356113934964343,4.930607931498859,0.448880652363237,LOW
86.97093465839221,28.760950487320628,4.505314298387278,0.5041427868603767,21.382377948697616,7.92119200236995,0.3943318737293989,LOW
574.4230617017134,27.457233556128063,128.91051149360118,0.25415116362123913,23.759181202704898,18.493257653709456,0.6255062603185527,HIGH
778.8042057347419,41.43455426940322,176.20156577646188,0.03925812152232944,5.327688126985733,17.71994776577436,0.6142408185137349,MODERATE
46.626348046636274,68.92417804547426,19.6423033203294,0.5851409794218585,6.068620791427589,9.68339594658575,0.5178016064328055,MODERATE
139.29249595577159,12.801806326937754,49.686721035491274,0.4012473648112821,24.091689401878046,2.471871267767267,0.3168196149456232,LOW
140.2869477087245,27.917441945270333,98.91534860193319,0.39061025943482974,10.853184257231915,8.175627584643653,0.5151015309857756,MODERATE
546.0246212595357,55.6702758108109,152.03392206665916,0.996812795897975,20.88107772717221,11.746612436052736,0.7464954955429388,HIGH
829.8951474193483,4.494281649154505,91.66562470095336,0.11178403188695996,21.060738144463027,5.08458275325739,0.48683008240670433,LOW
399.6138466883035,66.56831217781567,11.667692412028327,0.1541756378062098,7.771313947266675,3.822657562383558,0.3105225740202997,LOW
315.9877388925271,76.98418609929669,23.76599387627647,0.8762618174844566,4.469626694742243,10.62875325069708,0.5780618876126998,MODERATE
691.5982101810553,49.003339003977274,68.29386302102903,0.13026165905404785,9.163256613553864,3.520479842226154,0.463372779429878,LOW
670.8864649625298,76.56416131142699,58.73478060313826,0.9176228320811173,14.797570775989477,17.490694756575152,0.856555435992104,HIGH
229.61296395671658,33.63188452510807,40.322474981078834,0.6719608612842088,12.427143691113981,1.4848174571550343,0.378656049092933,LOW
153.13546245401858,33.78750672175581,151.38304377725652,0.528162904923863,18.419922836958758,19.748013509588787,0.6367419534330169,HIGH
328.45092884966715,9.393663843661558,5.811821391023686,0.2784006815294713,13.720224982564352,10.758860200255938,0.3534515679413852,LOW
700.2870190817018,3.8003078649818063,149.45262035209691,0.35947348207133867,20.137870077825564,19.671246410764113,0.8316316512954092,HIGH
628.6064170243307,20.315841132628176,165.9807510825916,0.8259545699134301,2.598446559884826,15.03032101199404,0.6150241003696064,MODERATE
602.6097986570227,38.77216391099067,113.78987339464048,0.05750454825193074,10.977361823234821,3.057961701721008,0.42925870552773004,LOW
748.1914185452514,41.106908878168234,112.93772134720977,0.768548607006254,0.4015689078774004,4.548750556049848,0.5198220071235187,MODERATE
256.64597798384045,18.18845515757323,27.67417062440125,0.8278206853570748,3.02017775323955,2.1389380769538446,0.368826751906716,LOW
312.318515667864,49.41164829825278,102.7288751397389,0.7059669088836537,8.28768217078085,14.581705844133202,0.5471220401676233,MODERATE
47.68211104216663,15.315264112232644,68.15621651491317,0.05450466474017679,22.537825441800457,3.3731694574349103,0.41006028846708065,LOW
783.1837404651448,26.77068008125891,41.999907312115035,0.7426549203646741,9.503881762329414,14.291593897357275,0.6581386359090067,HIGH
528.3624640807385,16.46105169995687,105.41599049814012,0.723163899106161,6.836669534143497,17.189969812584266,0.6410960740118429,HIGH
275.3288397764871,56.03642439922086,1.2130936041599818,0.01309387603292167,16.769714731087696,8.234288878601166,0.40482802734696344,LOW
71.78071298993534,41.809228149562635,50.47788968604637,0.8922833652878921,17.586775178936264,13.220750198021182,0.5802142644504344,MODERATE
653.8344578145891,59.15198682673662,118.43152234763035,0.13219582532671925,12.033215508999143,17.90391563506382,0.6612757003782556,HIGH
676.3763923986644,5.5226053977403256,82.45226928081418,0.960782172022048,7.212968725423508,15.062512201839866,0.669133873457236,HIGH
602.8990003823701,34.603604338576176,27.069656750296346,0.07077058109418988,7.545261530138081,2.6152123910234293,0.3697975683599451,LOW
191.3650641425893,77.38972773953222,1.2359420032424415,0.2380494288559516,4.638652123733278,5.85024467875207,0.24263067362598145,LOW
822.7622920726584,5.235941661802725,49.40863721852388,0.6902421913196527,9.064733742812454,10.712752332618997,0.5260330050200653,MODERATE
680.3106369285799,34.05191648598101,99.28161576596784,0.13724131447688948,4.206337427760751,5.285382714904467,0.4943067437757898,MODERATE
595.4031279897335,4.191459289594024,96.68365615533897,0.18496755698090106,16.073069173838142,10.118476069265467,0.5173335430401449,MODERATE
589.3400918453909,12.585612356693197,24.461869987573657,0.011171643657057806,22.367244049497806,19.056615058842752,0.38075906401247994,LOW
814.8783530815607,37.53958967427107,110.85178859998697,0.826480075803284,6.356326519718925,9.063341322579074,0.6607161495601372,HIGH
836.1933484564402,13.443558417040155,179.80746370228843,0.03761730072921454,6.055378904152536,5.233396982645779,0.5872358455476226,MODERATE
540.1173020291136,41.9816785721436,105.69117622073749,0.6325730157274954,22.45381690737311,2.931573575580153,0.6125239002400974,MODERATE
380.83577575666806,73.8958029388355,95.44723345195654,0.5823073282289144,14.200828519756023,18.021950060529797,0.635731417062925,HIGH
333.7232418078804,16.832197097596712,112.45132912313203,0.5112402605537932,18.244380879178486,4.595863782025662,0.42276400173770445,LOW
738.980168561843,9.467734267263625,158.46108935667118,0.37515772483462484,22.22836031850503,3.8724019683823685,0.5879080133546888,MODERATE
583.6987524525568,66.19684839665321,170.3338827005187,0.29956256445540974,16.62432010378227,11.022745639412296,0.6270020465104761,HIGH
78.76676692575174,37.361317945686665,8.344999319725924,0.9569475247611086,18.561471414748578,9.234221037826913,0.5398210670548198,MODERATE
136.54555158337422,70.72627680868689,37.69389072181253,0.7853582753981895,9.6736742851674,7.713297828242618,0.48296738308470244,LOW
811.1654466433133,25.18374027856559,21.721767457067607,0.9227325986658982,23.454206421825443,11.573033652629288,0.7034047505200297,HIGH
797.2033518130058,50.57502840978008,139.25132764077253,0.7338979527594727,17.59749904804459,11.388117733693512,0.7780570229342073,HIGH
857.1308793407472,73.94177078983148,9.155751752398315,0.8290089211880176,1.7923651027986014,1.368050363320139,0.6168783738823327,HIGH
390.7873609222081,14.563968156384567,162.57165551141236,0.9641754218689419,14.880414496978325,8.298373243009515,0.6211437554267586,HIGH
707.8142078002294,64.25755618512686,4.679410317660416,0.4536445566132734,2.3664178695432274,14.419732320955244,0.49958447249449267,MODERATE
747.1202743097462,50.88982323776506,108.85587951789313,0.9068962734212147,13.052976152845844,7.633582938340293,0.7292691457953673,HIGH
290.9702461959919,65.22279282553723,50.32813872246781,0.04307416268999342,2.2121861155128264,19.95318695264874,0.39512073435468853,LOW
139.3505629921566,14.484774251295546,85.2308709644499,0.10787213524592076,15.681027096781646,4.707701219418152,0.36084329103810087,LOW
897.3534618588639,35.292831156623976,80.09757860687397,0.49037433514535433,11.409145683531074,9.92728572469396,0.7113477636543464,HIGH
36.895091338701405,11.178141049679262,135.05189545959294,0.4539732505280023,13.826978631271045,13.478585610447581,0.5439074645556952,MODERATE
541.6289676531843,76.8464865308438,89.89893608972537,0.4382130800392191,16.223763945630136,10.957253709357019,0.7956351901774127,HIGH
588.6889240217209,5.952646113850624,76.39852859265261,0.5371916517753879,6.258701686238136,0.7814624385178548,0.3002447909308196,LOW
616.792514352987,6.173188441556675,131.7196013625994,0.5383727928389844,7.98802735954027,10.273323739959306,0.5868003803025611,MODERATE
237.50869213248984,71.95433918235447,166.71943855556916,0.8705647383026276,12.05170055638434,19.328543383266805,0.6951215137774672,HIGH
652.2055274259772,24.760209702876324,143.11210987271843,0.34591281267867235,14.157786569617281,8.133277663306783,0.7315086460370217,HIGH
202.59561132032633,48.16458259492486,132.87234863895716,0.3162409556935577,23.09115558539198,2.323577574391762,0.5129261020874875,MODERATE
747.8440476189974,23.710566783677233,88.30225252328162,0.7018952392952498,8.797576887340119,0.4251681333007995,0.4114031447737099,LOW
205.01383993532474,52.251911674575,162.1386278923583,0.648476937660066,14.79325765186428,8.245296381181612,0.6396261506756167,HIGH
630.068365877709,16.205080172332153,88.0501088784822,0.829846984023332,23.063629753545108,3.705936372303431,0.6481775863292956,HIGH
707.2380023922385,37.250687186066074,167.52115557148105,0.30927812694474066,17.94566733353415,16.693974933093955,0.788173921133101,HIGH
178.16171791134798,43.145881807651165,144.7230849734682,0.006394216253686746,8.208546151901059,19.04514947239572,0.43246025780919134,LOW
221.80797399301647,27.35778833268327,27.896582174213194,0.9440636840859176,10.367653690065781,18.81060145344065,0.5674951648624008,MODERATE
703.4023274735865,20.88434829024721,9.41159891819603,0.04422539373850798,21.96960317304795,7.4905906827009865,0.4449183376532262,LOW
86.53908475510804,12.076326746026128,133.61316794902575,0.6800129433604662,10.942164408777167,9.095141216137792,0.44501511985822934,LOW
179.77724769533108,56.785402568325665,123.76520992646057,0.3218319917857779,6.301093471613756,6.301594560972212,0.4604285153394658,LOW
415.4225065090245,14.294334563559437,108.77390944517364,0.4235330553909131,13.076764873100636,2.5810491318073847,0.4585406653264105,LOW
837.8619165828458,24.077984903863427,175.74683112310495,0.8380327774092649,4.649954924651575,11.180776046658556,0.7856153517487924,HIGH
510.07127305477934,27.615792404704877,98.62714555118103,0.4195794877385256,14.551130449557665,3.724105050525337,0.5093942905319215,MODERATE
355.03328490532067,36.89497696139394,63.27407621114398,0.14437152810335563,24.787542048147905,1.1881639509390385,0.4442123892736951,LOW
880.7494977780042,56.50292726445529,102.12888729724168,0.7544350849353898,24.231996146611813,16.98866651629205,0.8041032855701777,HIGH
422.7030625369468,34.80766563764273,6.085703698476668,0.020211517060039652,15.34498651737904,15.970319841705905,0.5269781346045246,MODERATE
396.02412658185904,69.81639609340318,104.68829798808368,0.27473298843389526,22.156986980554024,18.52564844951531,0.616134138315695,MODERATE
376.36344203007394,54.703066082994575,162.53500670234314,0.5380736118916079,20.37881993824018,6.548115348577221,0.7164547960482871,HIGH
287.8402646200487,67.24045057428422,1.7750822647471187,0.4377636955146402,23.766724848108748,17.414410907147488,0.5800733487360474,MODERATE
299.8683806664501,57.59196294514431,152.30938237988286,0.6202283390131521,21.82740438397263,7.969038600478802,0.6859928067188282,HIGH
622.1749833372533,12.74191218713087,144.54527204374125,0.3813476927138095,22.4958095139315,1.4555885530389423,0.6142526763721077,MODERATE
46.34368163427421,78.25625684726312,19.992460233499262,0.3905847122961462,5.738686226965542,9.156822097412608,0.21638753582055834,LOW
616.8168858252238,63.14031499570088,152.5826582687874,0.34865726010413156,3.9504682188181484,11.075723060831052,0.5863351322623709,MODERATE
189.0720033320268,46.24501972208699,137.6746025662803,0.8872704689328854,1.0992954099467296,8.64185037719256,0.5808722240899336,MODERATE
351.9451228519987,14.053244318311966,88.89731590321233,0.017296511094167966,16.48264761634932,15.708717325605516,0.5963765121944085,MODERATE
140.41968557869546,14.641771237738983,44.89329497355939,0.9396419673418005,23.33764445935662,7.036555527208675,0.5126963291304705,MODERATE
501.9484292244981,49.53216281395119,52.56997443676554,0.35822167520172743,24.846249608092474,18.42122033536365,0.4912258990892798,LOW
659.1218960074043,33.879573507158895,110.59721165948625,0.36488275569030726,21.30856381614985,1.4832674597595963,0.557485581785032,MODERATE
325.64346269016454,54.392900540696516,45.088415888213895,0.725892848049817,20.77526189837701,14.408146769721291,0.656197281057506,HIGH
155.44075401083404,30.42179026707651,59.23866594564032,0.38827673872586066,12.972069871674016,18.57955958664703,0.5419344461755689,MODERATE
211.58996791874623,41.514768545071,167.620079175905,0.6166448221012272,11.29895343278755,11.063244164411604,0.5958969737787917,MODERATE
738.1204974877596,15.848684999153,131.54982235461924,0.9036306790861411,16.007912296372975,17.57356593929006,0.7243651477774478,HIGH
248.20737420326867,13.2608903992123,132.75725489933959,0.8461980475259694,0.5676869837617726,13.83662373049491,0.5891693680172168,MODERATE
699.4853077799921,6.9759363321807575,172.1126195597806,0.515366677609178,19.858089594026378,0.29058669570411144,0.6327980764777198,HIGH
304.76747205752787,65.75150508698563,2.0371295447596323,0.7166521279125396,16.437091827290278,13.424892888279771,0.5403155814926962,MODERATE
177.97197336523666,44.87551387479324,44.76296596370455,0.3924347451053921,4.25122577619513,13.131233190528686,0.4507781876267557,LOW
657.3046180684136,75.82414215262632,118.77733936991075,0.776044156830853,15.892421429381251,0.0005492966731934779,0.6315610417695907,HIGH
427.00507623293396,60.20941622738692,79.4506045747483,0.17018343674961434,14.98673628781594,8.183214554124303,0.5010267156189446,MODERATE
37.836753634577704,61.73228965971003,21.19208571569436,0.04563178143557589,19.699998706550833,0.7759883412381496,0.26390033697993703,LOW
864.3487532165148,41.215616301564225,140.84082980682737,0.5407326759187577,20.93693751391729,5.859975949947578,0.732774170767463,HIGH
141.5005661141756,65.4208609855264,9.425983600306886,0.21533868480646745,6.335486513700708,19.731649578787163,0.44126459093894443,LOW
324.5322090432513,75.42301217979153,98.34934908191838,0.7287259428631626,20.36193989290529,18.805683664217465,0.6214610098673382,HIGH
352.4672251461795,58.017479934499576,101.68111534611056,0.10132350869529805,4.552395690328792,13.697185436851147,0.5477925395259854,MODERATE
445.59261033998786,9.341526330073105,114.83707621030703,0.00849513816858416,9.85531943215523,7.3370417306330005,0.4060098608329865,LOW
709.0451798774119,52.43056888102699,57.49710818720453,0.6757033497418591,12.316167200804845,7.9290385997670665,0.6129257609196196,MODERATE
15.42034891086282,10.514223767046262,5.224568480494388,0.5007994379181666,20.12328171926022,0.7642937464119215,0.28581260086421406,LOW
839.9001256891065,7.100571371074759,160.12800820844214,0.9520154068301836,22.5270201234396,6.765698363718791,0.7340797838863666,HIGH
584.93061958068,55.7391320041591,167.3276582742936,0.24748560786359575,0.4304158295378224,15.687690627824997,0.500046066246868,MODERATE
856.0775024425527,66.94804912199905,87.27598211582776,0.12325611750061172,18.431112501138184,10.387059073490605,0.6241212951988536,HIGH
737.4766883006723,13.54847776761996,4.694623273193558,0.023106181818359217,21.938028101316462,9.533555521177615,0.35555407347061896,LOW
835.776014094063,6.857740029317533,104.97593767999737,0.44424734894538775,23.857633146141584,1.8219584131445377,0.5099660324421853,MODERATE
544.8904903327534,71.03530864117147,57.5514434476629,0.10081688539591105,6.697229784404388,18.38000954278767,0.4224775150193152,LOW
328.0049947606856,11.444537622278643,33.66491825323173,0.775643438329605,4.324009674354517,5.661464388090716,0.4557596491721806,LOW
404.1935161711073,3.7718014057552365,31.242525492235764,0.07198579438560071,12.473621473657548,7.658056197183932,0.2502648024054208,LOW
595.6487562418605,57.96329513255263,33.08672381963699,0.9207548104503314,22.525082719973874,6.614197053911967,0.6826272307288915,HIGH
389.9693551920393,67.96952877353209,60.22053910369681,0.5408539232420617,7.890339116087885,6.574682050100189,0.5618744073306577,MODERATE
661.1887772863324,41.64339397567388,51.231018608988656,0.6963719489435082,12.62651760498984,11.986479095021199,0.6976646458146958,HIGH
91.74473431122632,43.654094283409236,150.72004500912092,0.13091710580477467,24.888874266673223,12.540646865075768,0.5305304080197961,MODERATE
748.6881175965509,27.61198050546291,89.66133262281434,0.0895053257846481,11.40080705993898,11.971242111296457,0.5363371258621125,MODERATE
191.7278892813837,19.838592710432373,77.54890115124363,0.3536837765172094,15.706264970171196,1.3699625406015015,0.373584773289931,LOW
850.113372477003,60.6633335438713,27.10420672348983,0.5204345392711409,24.889892624359348,19.390749648820588,0.8793084995991813,HIGH
148.43576194416843,68.09346824156236,157.78445196868833,0.5755019513296279,9.181463912934069,14.279753921314375,0.6401968885925136,HIGH
124.95613453113405,26.37833589505054,10.813174837088239,0.32978845828969516,6.823249817319832,17.654573671517444,0.3945429882663208,LOW
732.5697384227797,22.63171560517646,43.87611323853197,0.27266229518433827,7.068488706954026,3.193386512873637,0.5478328062483487,MODERATE
738.6446266556828,22.155545844058956,112.24353735662186,0.9814105423244995,15.425332142717076,18.642161403275907,0.8201665001391735,HIGH
667.4958836943101,4.997038023766134,126.71392461385598,0.27266191994398825,4.067595330623619,14.433613330612792,0.60711639362131,MODERATE
864.8721128751871,23.204926962390104,144.40702689262733,0.1379249082845807,4.113002075144171,10.014314729392824,0.5955481779267346,MODERATE
250.78026953002026,3.026422440551396,74.44214296314921,0.3594596643866719,6.503333412759005,0.46265024761310114,0.29787643289813137,LOW
745.717377701356,63.284202175001454,63.06647550881378,0.30387131438099657,13.523384733872149,5.063715401540103,0.5123001766502221,MODERATE
323.31607173864455,21.218219493445837,52.650739615364,0.4217352010057991,21.104395344609088,16.774827367224848,0.48880924743939574,LOW
488.2847767567132,55.52225995875773,102.68894612291302,0.6237137363728421,13.231768599159388,7.583633993401171,0.5914619042777006,MODERATE
406.5840264341826,43.91188245770394,63.40577511101984,0.603147933249306,19.566036320836616,13.565534547638254,0.6984198203058392,HIGH
15.20652017951044,67.15962676819869,59.72886908099202,0.6982898854151858,23.93892745718606,14.615860599496127,0.6495734527655964,HIGH
521.2713522498505,76.86991947700471,4.02346276493598,0.156685070614082,18.500037891746235,15.512994158509168,0.6398496858404042,HIGH
675.2802401099182,30.016037516204037,170.74856176994777,0.045944363993978166,16.069713412403168,7.647045659338811,0.5813969172869217,MODERATE
165.3516213819914,7.978924771281335,11.84636973337667,0.7908097997284536,0.20486016995092393,18.196667564340704,0.41016782188541445,LOW
839.1737170848032,60.2220153864879,49.48600177765817,0.21715263960762,11.210284112869267,5.843999181695006,0.5864882100497195,MODERATE
482.05559008246837,2.6828837697354864,165.9341132939846,0.3156650038896712,6.70123716905075,16.721291966438912,0.5369494096640934,MODERATE
168.63894280447323,18.614103424413457,132.62732695195982,0.45567971440913824,12.810569964468026,8.49466140809029,0.46043697525904703,LOW
584.8933381160278,5.206802809377944,104.48702494955177,0.7163063683439718,23.777111670206423,4.684577058532913,0.5164881521918789,MODERATE
180.81121057865616,71.95372135796542,119.28569046197174,0.16358443006600298,8.011186098653472,6.868987030251321,0.41871052140108583,LOW
66.5446799828494,1.4184694544242102,18.373749453490394,0.9024022649842793,4.019551900226021,15.991268776124743,0.39245427007154116,LOW
619.9305657531256,39.92663103620331,145.74787451428477,0.32152733419153634,20.647404864250436,12.297411348841612,0.7790753317728107,HIGH
108.5184461418901,34.49593104555943,45.76911035908594,0.9826626928390676,24.7645746465609,2.7335741839544725,0.5793701324014799,MODERATE
104.53352905502743,52.56682849930302,172.16230204031783,0.28541256298862483,19.50177554640268,2.4793451946972334,0.5017157350045555,MODERATE
668.5497712318138,23.889782996970737,42.41605407912936,0.7256530157515805,3.4597998269496526,13.744016136112077,0.6886561159588607,HIGH
59.129987555183334,70.02193663708721,112.94023050549676,0.3766691120021691,13.767371306386526,4.789845473242562,0.4662254457513836,LOW
730.6945693526797,59.013313584930074,98.61308407017833,0.8365877358739194,10.129756291154196,4.173189698352068,0.73425148624688,HIGH
718.5723951965666,35.1512596533864,26.6154538203917,0.4624065924235985,15.835818547348005,14.990035338455478,0.6274749778545416,HIGH
135.84015098921174,29.284073711490766,65.96396303920937,0.8705318859467905,16.71530119580791,6.453073457918075,0.44573861522821234,LOW
471.3587760765023,65.45517155230917,140.85140309826895,0.7539386251715092,20.177255223578843,1.366105198562344,0.6525367035267982,HIGH
95.9966869623587,60.80776358432589,39.05326524584034,0.5860285958064008,6.002162923673995,8.496697431673116,0.49968437644455466,MODERATE
572.9883856095286,32.52100458389975,173.3514593567096,0.24998992965781064,24.116963288863907,11.383574084893556,0.6513990036746251,HIGH
66.00771154378644,27.968377146200048,53.891571317921624,0.2598677190609102,5.367227979695022,12.029783940122986,0.3022307449007253,LOW
850.5879621272451,4.0721511833408295,113.18317704693534,0.9914220915336776,3.1024502910541765,1.170108162162704,0.5744873026130707,MODERATE
194.88035447892767,7.454872389771505,111.77720008658584,0.9253879969665826,20.721781095688964,9.071186193198294,0.5773717157577087,MODERATE
617.7762437942941,5.2595579887845405,85.26930534756458,0.13841838975706489,11.581229411549906,7.191239865816175,0.5129953066036184,MODERATE
124.17936769562795,2.9288234214941182,118.3095230856709,0.20406451607917353,12.255756767501,8.978695058008483,0.49117458392593455,LOW
196.54083901083106,13.076918189121692,134.10027294499207,0.10681438624102724,7.968386591589127,0.8339460491545725,0.2968989776621092,LOW
411.34518750619986,68.71420359676542,111.80153187001903,0.20133779851874178,1.1603307990461553,5.912138209978766,0.4594414380800074,LOW
520.0555657939494,64.05458554971335,101.23903686078226,0.2902375782189588,4.840027107410805,12.869170775037805,0.6180221073968786,HIGH
898.9882839485978,67.80033397842757,109.58630604502468,0.8376269317752103,19.04085781914669,2.518327229052646,0.7857258201090593,HIGH
33.07434300094028,50.28022855261228,72.95010975195083,0.0951822509928637,5.610157768263694,19.18440777646203,0.3238015090344626,LOW
10.279833483237395,50.30098499801293,13.686296916547471,0.8821205660026245,24.81664792674099,19.878215002168528,0.5520558687522251,MODERATE
321.8267142963037,10.790607977688314,29.58600987371797,0.9719301314269501,19.655669251402223,7.208846004121103,0.5699927795643923,MODERATE
335.8791673441537,56.218262937748555,109.60002370410534,0.28174006841313937,21.214753691458796,13.619108726529543,0.6569334932786791,HIGH
796.6151401277822,23.122086458767367,166.96412674272216,0.4562338457421009,21.832017252234518,12.706870457344145,0.6567728312777706,HIGH
822.1984674505987,42.02101305310988,5.607558194241621,0.5293283736240338,17.97261178007748,3.343296313197879,0.5376527296863514,MODERATE
793.6672289597938,76.42308570026773,98.38230027413303,0.20568933285733915,11.654570094704955,7.76388218947708,0.5670320140149575,MODERATE
137.42908793258252,69.77861615115576,46.118996508644955,0.7315763789367484,22.92530822977398,19.61292585138619,0.681160604172454,HIGH
376.77330331115536,19.422287076367578,101.55144308172785,0.5799987995889677,10.663169378620688,2.553485344542983,0.41165389697501864,LOW
673.8377944425706,59.195398640323184,135.1886670343326,0.11217735500947823,2.3954769748152085,11.503535437919176,0.5370943619344848,MODERATE
288.22385032797484,9.223169246777676,132.64611065835712,0.8959823126310174,14.911072429071885,11.983614882445755,0.6041765204363648,MODERATE
600.2818453743906,3.112656373778575,130.75455780944597,0.3021926920893141,2.6391196568504527,3.350508552618008,0.4534826386614726,LOW
221.05714824007188,3.2257677077669547,140.42730040315922,0.1562473167713777,16.384709978147395,10.704962926874062,0.5226856229630272,MODERATE
297.84313958511916,14.449472253222977,13.997312940951414,0.9818544016404034,24.938168941243337,18.349241869549687,0.6416283776694237,HIGH
775.7823879201507,55.900923765409644,92.21443227131344,0.10290899701169731,16.88019957108587,2.313124235533044,0.6241084066080066,HIGH
232.95304211920563,29.701165583183474,47.85834888161453,0.05969668463837041,5.263802517162816,3.794859889912563,0.3215165110442228,LOW
868.248437327528,2.259452678368651,165.90743041943193,0.23755300683015446,3.4464878059661723,5.112571624790327,0.39573857609319674,LOW
282.57100923379375,79.0537878787705,141.13538074148536,0.31926491739684937,8.909654751886814,15.01959169201294,0.6309116561960743,HIGH
30.940017742716847,43.13689385532746,20.250527677151766,0.4338026661507016,3.6441291523014954,11.54502835754149,0.30755651162044195,LOW
236.86180438428772,32.116536993794085,44.54105709640221,0.6851702180545111,14.24233258033571,10.070940546285135,0.42890741941511773,LOW
162.3723985966489,41.98914170885768,82.48442573416789,0.36571338422990374,19.57746109113712,15.841284204696855,0.5455403735169625,MODERATE
461.0759999336193,42.077701878825444,173.36064330335017,0.5593336107029797,16.453458666061042,19.565342898610446,0.76932068322478,HIGH
110.31729903179541,38.14868959034651,20.631499957668286,0.005811425630029565,15.42996351577218,3.919161026982385,0.35633457154215065,LOW
567.1835007484146,49.42296345273269,102.6670539690412,0.3848996818521925,10.890162073440287,16.241008376567073,0.560692857137438,MODERATE
788.6601727952802,70.96450296959621,62.09046485824596,0.9449686754234813,4.318230410918847,7.4017674142676215,0.699973803212406,HIGH
332.6418048053248,24.835381674089838,116.69492117012776,0.774846705665017,15.944491321760603,2.9198244751781988,0.6664017021342259,HIGH
159.95852018180994,39.470521204831016,117.11850413706411,0.7408005691165347,10.483694155938808,5.130402018555936,0.6124956299566241,MODERATE
366.02224624812754,1.287875699544727,44.06587611643932,0.30451597649602036,7.636536926278367,7.985929661829385,0.13236884175973684,LOW
709.5104710910581,68.925328224138,141.65988265478583,0.48817617317435924,16.482156801604702,17.983217843285356,0.9284124494584907,HIGH
536.4240299308401,25.166407224136186,17.335982368930615,0.8445235022880091,9.463401187097933,9.568190623920048,0.5921983340203247,MODERATE
100.01745986156678,22.432454967941144,147.4468579246326,0.8801556697595049,4.208258878563739,12.28606125201544,0.40289122076846573,LOW
488.09656735105966,79.80543636767173,38.942067685729434,0.7105430292911296,12.087839316877744,0.6646893054549707,0.45952518423662936,LOW
426.59598949547797,47.16704216086985,106.53469443000583,0.45654143106925793,7.229568539019773,1.2801342343064404,0.5300363742878148,MODERATE
301.1299078588337,10.72041644513823,63.16844111559584,0.07316504524493062,18.33721819617461,18.7666526791209,0.4832343252887193,LOW
108.04293048745772,21.97647262159211,110.15058896531914,0.11935330855215065,1.176678550674659,16.766356256779297,0.323172630201989,LOW
883.1896227020446,28.904900473038598,48.86779484111356,0.00029292182491280627,21.321098726977944,9.792813013594992,0.5790144056750436,MODERATE
166.67855470499748,78.89874378178166,102.84449727914141,0.35919976950293386,11.53365662233388,4.007965175087451,0.4774275363331127,LOW
181.54117280376346,35.01911255527378,2.467488578227988,0.023383963499597038,0.39859575739724373,0.8035124232094826,0.08905427082241117,LOW
139.5685959709899,19.180585075131916,68.02734791347915,0.43502179072678904,3.3340616535768697,19.506977037480453,0.3907237544373425,LOW
517.4718044420549,46.00874642561256,148.92369885213185,0.5975416232174418,23.636012180413207,0.11344575760937614,0.684821033899848,HIGH
404.86592128960336,32.97601298650382,83.87817898448588,0.5958801403782715,13.425166684612854,4.752955706577131,0.4696172254179378,LOW
232.1058920036348,5.341870663207764,90.36773671920386,0.5552975182009486,19.213633388235703,13.678059458084231,0.4702381541447247,LOW
392.1868108891601,69.01264938389171,112.26225398660475,0.22617086082240712,22.069430348281628,18.75796512420142,0.6213896745661323,HIGH
609.434447444929,2.2393146553810093,78.72351819128284,0.5191889016889812,8.007634252690849,2.341186183022499,0.3751347539532919,LOW
260.7134730337808,71.98020722389265,156.20673426256263,0.9798359304170464,13.672925512825204,15.477819979374775,0.7301162318717191,HIGH
824.5687406670386,63.55683758454237,73.19511590282576,0.44461778702574495,16.258099047012216,6.6353626156953815,0.5614919660977243,MODERATE
282.64815108815816,6.990033601250478,169.71688572954187,0.8744916863450265,21.039627464950193,13.594368529596363,0.7102356273182999,HIGH
186.3793374323394,58.165275147231256,157.97190617504222,0.3814054411619432,10.50223465913716,1.932664607961696,0.5219089831054062,MODERATE
859.565383716805,61.904392889006196,76.37471309595834,0.6230444378147061,23.793819487637535,17.29633653795443,0.7761250971780421,HIGH
731.3989430051796,48.58225880086608,66.47835655315606,0.4818389065795099,15.178017078022526,14.14447867920801,0.6504468053422413,HIGH
315.39248611068433,46.63599321233374,122.11641538313013,0.688622476361669,21.846807741868606,19.11203678905261,0.7084578357949516,HIGH
758.8743475180496,4.92527507358995,136.19990801265718,0.8973778396089142,2.0839508417877655,10.048383151214482,0.5829429405785722,MODERATE
471.744681746882,5.700213373999822,34.26922234110127,0.44090074920657774,11.583558421120674,17.75382660435508,0.550703547885699,MODERATE
318.6097234523459,58.45580333702005,44.147091370380345,0.757399458259638,4.479236611897133,10.807972545948555,0.4643789315047702,LOW
757.2543146899008,9.339649134593875,27.179200480080233,0.8825396498687832,22.79707821852407,10.255783718387448,0.6374587260414638,HIGH
679.426909509352,20.105683955811728,137.16384619570903,0.7895445462099001,5.874682983835203,1.8922084243186954,0.5227024500388203,MODERATE
275.1086099523642,40.408090912045346,128.8779338312562,0.024555998875792517,17.824503342861025,16.283389539702274,0.6169112211254725,HIGH
549.9438785795967,13.968930215401844,34.84063276298934,0.00018965351824429266,1.5717346113969521,8.244050376575306,0.28173844428455663,LOW
338.7572989326195,63.39732528345202,97.10058672162741,0.8829596766482407,5.021116022237315,12.000500886805689,0.7391605048877771,HIGH
10.936255578745442,64.782863878548,137.79884529740858,0.7293134123517789,7.996312012776036,13.01383257497629,0.5978460573000847,MODERATE
866.0160098462486,67.52931368961046,170.51813063106374,0.9581320321704097,19.54683307091143,15.496226043463546,1.0,HIGH
499.16987770482467,4.915881541201692,32.95555508945462,0.29248239403496934,6.279169377091906,11.506886257130606,0.37234362456539494,LOW
542.6050154825471,34.80197973745633,55.47503060025437,0.7879682527151248,20.42210982395538,12.398210964619905,0.6298002487295538,HIGH
543.9033688527925,67.90649614443252,63.35282127139421,0.8015220771176368,19.71526910174191,10.415093292008413,0.7153245383685072,HIGH
500.07090012926847,29.694331834229214,112.87094728484446,0.857326489747688,24.805083641277008,12.27903445993032,0.6961013253613969,HIGH
268.1425818484982,55.96980988751877,25.418974187408697,0.692027913701495,16.928512240568537,8.884580266818649,0.42283425865761143,LOW
874.70275116817,47.550426431010756,35.62380339599931,0.13830799241727165,15.935940639056486,15.528230299828978,0.700654030893767,HIGH
563.2848871386036,28.42948071986711,140.69819389316552,0.6809427395242603,15.03839797391546,16.210144959137146,0.7357105476988429,HIGH
607.1200108930257,22.835981498143475,98.02760618823662,0.6044836948377419,2.7404784549319965,10.342151474376939,0.49704544031514236,MODERATE
414.76555401217433,52.566704275853134,29.70913544359402,0.3336720925154043,12.830553515007171,2.9325607861619485,0.4401976481846218,LOW
266.19664643679647,11.556306823228862,70.52946189347234,0.20861349173396515,21.287072153340496,7.469959448332572,0.42835026700235035,LOW
67.27059413568712,68.94967900793293,25.07446096438017,0.885099944313532,0.5214200118646511,16.798773392958346,0.5581109258144537,MODERATE
321.70487494541874,46.539031845375575,65.9215102213947,0.14194649496018974,3.1663779758395902,18.334980043197874,0.45537001389811904,LOW
166.726712048869,9.808776904941295,72.63567384288278,0.42219789669395735,15.01373156463513,5.341060034753264,0.37344005948402104,LOW
599.2585587487405,56.578683970275726,21.06776368094593,0.622798522705721,21.175396344866137,18.82205200509053,0.7375878777180501,HIGH
792.3134574744203,35.0578914407111,11.710183287301525,0.9717964314155138,7.6832940470808655,5.534264854917524,0.5816404225294969,MODERATE
279.45182383863056,17.12243181369088,158.80673835609798,0.6709763524111558,21.78695603848924,18.37753685493078,0.6965365360781473,HIGH
306.2655366185014,76.92447414106442,159.88900804559918,0.3048781989215237,8.438165557157188,18.70871052075022,0.6775885387953157,HIGH
606.6244084078204,57.852175016139626,1.4616186630643282,0.060661934332657874,11.636459439403456,10.096638176364944,0.38611490616538835,LOW
142.85157647470035,47.84649624291169,115.77553325992042,0.3177031228467254,23.825766678369465,19.011043084778436,0.5444648328005649,MODERATE
837.1993097431522,68.06050730368958,17.768542349477393,0.29278655931364483,10.439802183225488,10.985447317282631,0.5573380950136924,MODERATE
333.82363511267994,43.965713400690056,146.01535455010588,0.8190794818137422,14.987031400982326,7.577805760561171,0.6418397404071047,HIGH
100.06750687482945,35.87617837429941,158.44166819552152,0.37658455451850203,23.386642609147135,16.203190105053764,0.6805621345859693,HIGH
165.46876437937095,15.966301928995955,111.37411281127044,0.09844833288382937,6.6095543526908855,2.170442030239752,0.18715922165899201,LOW
840.1440076466376,13.117843584336116,110.75482683932663,0.8699774626924047,2.2983982516675994,4.333101366986522,0.5841999015063652,MODERATE
229.9361666484278,35.12557599337601,67.49519012061664,0.018054266783106843,23.950746795927003,4.2650021105162566,0.34913121487963067,LOW
599.4192354098449,37.02199174317375,45.65494551595224,0.0030093955283441165,13.995740073071905,12.4414705715548,0.5954706056922688,MODERATE
148.98704894905595,58.93168791322745,90.3694784184311,0.4747532434816172,24.14601344108004,14.177456503254508,0.6671437328872751,HIGH
182.75050619041218,35.92471579291323,24.93538300230317,0.0692202899909814,21.66861557610226,16.748508270546857,0.46056678160841713,LOW
792.5220148209801,47.859576844668005,121.32825618010357,0.17710189602354365,14.865662645151948,17.997239291926327,0.7625235698670383,HIGH
141.74956589128,66.76896340202343,85.1455542729696,0.985284582121861,11.78351684573441,17.50095032970889,0.5783264011837103,MODERATE
26.688022195288454,79.4734409453328,32.7906695795366,0.8443650029928225,12.006255690605306,13.639891938293127,0.6567097820885898,HIGH
456.0975386783859,26.479499896951314,106.30825124928162,0.7640376759317266,4.150412388037053,18.296533549201936,0.5526405488250739,MODERATE
777.8268638040119,72.25440263454114,143.3636827488455,0.6707930531972014,11.339050444558495,5.510890833520259,0.7956501554744001,HIGH
300.132030419906,64.67801887643432,106.39510363841643,0.04781544901944135,20.54329872601043,14.50551852454563,0.6222718247353869,HIGH
124.06442087468236,6.372528535244694,95.80939268652142,0.8359087118270672,24.719705385204847,1.5333486342946023,0.48711343420700354,LOW
884.1854383134176,27.39855553745741,152.74142858541498,0.47118832944677413,24.008551597281496,2.5045684947983204,0.7681177110869054,HIGH
612.2973802455779,18.304393826916286,2.9252139151485617,0.09831997389501568,24.054464762456195,4.522442881059461,0.46756832489301237,LOW
767.1146624338592,53.48635752141684,111.39782538239866,0.30075101115001845,0.47527220010570304,2.0535348475376747,0.4910042202791903,LOW
679.403062372742,44.86863176119737,74.33490079182758,0.5019681197845453,12.89430143559274,19.31331693210685,0.6478488010958173,HIGH
631.4356238503792,40.09323315457474,35.64834060972281,0.013694597421178623,5.003277889993515,9.324884589347768,0.40780084328805893,LOW
352.26201974651906,61.32153734079862,176.34443516541185,0.252419473051384,15.382105661647183,18.134087209555986,0.6514161894012462,HIGH
298.66259395123905,27.33138696914669,73.2826754173469,0.33592362873676584,23.645922711257,9.532638959508361,0.5303622928653148,MODERATE
648.093150346082,31.237431348707982,61.012043427157835,0.46379133953459695,21.91627651175751,13.993523778034682,0.7257775670447055,HIGH
647.8745772777348,69.3850819098105,31.252510713575763,0.0019816055738378635,21.664561919429044,6.434295918810657,0.5428232382355964,MODERATE
856.023661803693,77.80447223154052,179.60010527294165,0.5654426201812867,9.142960193949722,19.01330905808535,0.8156757365572365,HIGH
516.1072378850068,62.33222992065875,154.23319272931215,0.19763371086877213,12.529282601140782,0.6978892359036548,0.4856401658073592,LOW
272.21278415102944,18.148607007400873,13.525062942816263,0.5972505307485759,7.0486077330197965,13.948091624419433,0.4459364713730717,LOW
445.68063140412494,9.899478940943938,102.26994382676581,0.23915030711850638,13.846358272244483,19.00759985976765,0.43475350540203767,LOW
556.205296886068,17.52720667349836,27.384816746708392,0.40271844158082903,7.584696466802457,15.762972595207,0.44102042112260564,LOW
389.7895216234521,34.39814783680882,129.1248732873175,0.6236301992462796,20.21828211228465,16.551925580826367,0.749063386860839,HIGH
714.1084797899979,19.699065192063422,87.65093383761823,0.6565726064408199,11.610483101156618,5.983260399207335,0.6377854363162105,HIGH
530.3057588720956,72.18225069768893,20.759624591670388,0.030595693118689482,17.509969733365356,9.03695980231079,0.48543378730423137,LOW
18.397797588608988,53.98710923962778,100.70996153630789,0.5350745480792225,21.816680167064792,2.723618607734637,0.49179009640979704,MODERATE
517.1575005264875,33.92161033785811,164.0109415474034,0.8166416693258136,7.493727275808035,7.528111307553291,0.6582405203477347,HIGH
573.9073694882562,22.631126896063304,62.0738481376343,0.20642304555443935,15.552287814581936,0.16870536263241753,0.4497474159735955,LOW
824.5825138742229,31.072219406136185,10.094205042394238,0.5319886377455273,21.145329800797896,15.575392114701007,0.6709294457966168,HIGH
378.2122895611278,38.607997033971685,170.19207291637133,0.44761464238686544,23.76831495738356,19.060246945046543,0.6433847455046846,HIGH
521.2762167515089,57.391965821882565,26.382054653691654,0.8499349079066201,4.076665651448577,14.016987014206489,0.6217466518514121,HIGH
432.7477311357928,8.057983100081433,86.03430815774082,0.4387630746394202,17.0355055955429,16.205951873058872,0.6951762223662754,HIGH
483.174221337308,68.0578022433267,98.49720588484288,0.9438405104606474,10.880470256819812,10.269394509505911,0.6420422295014968,HIGH
69.90062289540685,11.07724245928422,43.438655909444954,0.6524284310412831,7.1380774150792385,3.8333694059889623,0.294844175663557,LOW
808.5824641044603,21.733556475822596,32.757827734826876,0.5613832213806547,3.9432377038079864,14.41630923217706,0.5423880049804021,MODERATE
820.2669824501468,79.49360176603412,21.25185963005988,0.291919540977177,14.63451586423863,5.985676097914605,0.7076544938647874,HIGH
497.7730527599431,16.02648208949584,13.52199554136124,0.5965256144833156,8.352195608390083,9.190500095036167,0.3860692631029899,LOW
505.3344089916415,8.990232835121306,91.95465203478172,0.13124642246805762,16.69859218843546,18.01335689410782,0.530397122636912,MODERATE
61.22487199011953,51.434018851585066,151.72171905334264,0.41624409546568253,7.0249205635482594,7.458742649720587,0.44030931952590807,LOW
542.1759566765835,32.05719730824677,23.689820074621633,0.2844279457847536,0.014787954285047644,5.78739035313194,0.25791973937065077,LOW
391.9450929924546,8.254999307212188,126.4108060917442,0.6702765034711514,19.18069458401314,0.633890074729595,0.4479680431905453,LOW
641.0488309086492,1.2956518395745578,74.85911790582438,0.7639959815292534,4.033179498950437,14.02913746817324,0.6014007587225374,MODERATE
51.941175770059424,7.253764534136747,7.3051387757349175,0.9286288547852143,6.312584002544436,4.304398378264751,0.35155440329957194,LOW
642.6900376292459,42.29611072298063,96.93904349084514,0.2221007707810242,5.883855169755084,12.788332625464282,0.5176621442610888,MODERATE
265.3355032107594,19.24054266534444,46.109479637838575,0.8847506982673647,8.55602539912415,7.332083478020546,0.5462557871192826,MODERATE
590.0177441032661,62.42661861119704,109.34048265424993,0.8459514851892143,12.133548028887938,15.753513692792529,0.6381340570834069,HIGH
568.1421180277895,68.74318201266769,63.52881894015794,0.8624315749528633,20.311305074927905,17.79788961725944,0.7084604740991669,HIGH
211.88892132268694,12.441808399508252,120.29496496906967,0.740475861534706,16.255499311906043,4.7140647714873545,0.46387954687840804,LOW
402.00258724247743,27.62456978802314,165.4121019646542,0.26772144357724914,3.649957418963079,15.846222012197842,0.531110896220063,MODERATE
753.7136005574588,12.579355911987602,44.773476612581184,0.8778721750125321,4.591901250537162,3.0562757468085033,0.4755406787540115,LOW
548.9765627993488,23.64872358297383,169.23144394879787,0.5995484620529203,21.17656623124207,2.8185469069305835,0.6184095208824332,HIGH
71.1770887607862,19.897149081295133,37.571285984809414,0.7406117038427333,6.246386453758862,8.568913048987039,0.3990316181426462,LOW
404.1888598755384,63.162327174037735,13.654383917981988,0.20525735599302897,5.467077804655163,6.490190027367371,0.45329252219891897,LOW
287.47659831234614,28.29289456311123,35.49347674246627,0.15741053551402484,0.08925302433978877,19.743155420469975,0.38780934505435993,LOW
581.0646542313531,40.149619100789934,146.87008921328317,0.2768516350747249,19.351893226384558,16.079579677720123,0.7189837727814085,HIGH
556.9619077527822,54.23771333236554,122.282567902353,0.5113707767757049,18.461295631741358,17.804737725638816,0.7436462993980394,HIGH
19.254310344025075,65.95827528302274,174.77931343379618,0.41662509611972653,8.690353730451905,2.719953137303548,0.4968010405271684,MODERATE
550.849003382432,24.795518135473692,128.0590885660626,0.8876080360386804,0.18287123242273495,14.279219135206088,0.7475746356511983,HIGH
664.0161920465937,17.52843274861751,74.86099644155748,0.013018503152552041,19.639383447824613,12.085686118075806,0.5860494486207349,MODERATE
694.1697288374022,78.29781652671355,160.74514436978484,0.08004839294594834,2.484130307446955,1.9847850173119608,0.4558555984435088,LOW
62.48843564706543,26.29165602715226,172.50500475931432,0.3254098602976827,11.511698390959287,15.873271883648092,0.5270658550074966,MODERATE
280.2559912277834,54.01437983528916,142.70623085185895,0.16773223244617985,21.00369042468047,17.0756360203402,0.6740787074776273,HIGH
384.93346889085626,54.549442213546534,100.63848586448307,0.40675061619013986,6.107052893283152,18.281859922087452,0.5356415854143758,MODERATE
169.9968199374715,41.60832620236374,148.81207485369575,0.7175931004851483,9.491717428820618,18.796410727124528,0.6790810615376842,HIGH
384.45314533685877,19.04734819328,33.049002612836404,0.9934178718010545,16.521406406482487,2.1562113828008056,0.5249113196715408,MODERATE
73.30528688477719,12.175136255379924,162.16265410436017,0.2020747472246257,16.82906885004239,17.643445759122507,0.575894263667157,MODERATE
110.76338187627591,39.47427544824006,179.92105786508995,0.2659746345804469,11.567659422467159,18.90720038344834,0.4759829527133146,LOW
605.1383389306433,41.36343340019878,120.06008979550681,0.7687386495488497,10.843815239581561,13.815883900383117,0.6153337806960111,MODERATE
243.68949043253792,62.09597378520901,36.064138084821515,0.2720497073002688,10.487730147412941,3.677026718558487,0.34579789599923644,LOW
643.1512042568195,57.076842072223286,26.854162532962604,0.7037499727375743,12.150817629847973,8.016753423697509,0.6029423998240052,MODERATE
52.816589934834504,73.05126102803347,172.73517860246213,0.5834890482823806,8.66612543802372,1.802204895772257,0.35541595201936627,LOW
510.80571720871757,77.6979843891229,156.97215502493026,0.8548940988307128,6.410361279966096,0.08492890959221455,0.5664206421207499,MODERATE
358.38931059228787,58.50025476976372,135.0135144300933,0.03333677489631337,7.901284578001108,18.40124168964926,0.6187848080058194,HIGH
719.3045388047641,7.0443886575900185,170.8923463971586,0.9797469599620067,11.944182068234168,19.44676819143137,0.8165873081937565,HIGH
707.7169063829501,33.0043464281511,91.10927176344202,0.9642506695710107,9.553521873032524,18.385857808922527,0.753213000286011,HIGH
344.2480817871823,49.09538721741395,159.90660613742324,0.022387794678925266,14.638450301032965,5.079251660068131,0.4231849699249773,LOW
564.2154725380658,47.62541064454665,30.14483620391987,0.49950942167803514,15.77852999020923,12.422218609997683,0.6739315965393555,HIGH
212.5184932493444,15.334059080617255,33.72293954121788,0.4014261049691771,24.903592836530375,9.993952500786197,0.41980706332853196,LOW
526.562084200574,47.05263362661884,92.70940517320979,0.2541631512036776,15.379236676292182,9.920951431621512,0.5793420832286043,MODERATE
82.32557761329498,28.624760122634086,60.51922929116984,0.9778259211693259,18.365829481289868,8.566676438620124,0.573085898911525,MODERATE
396.79781286556295,27.77522074265356,78.42094897462373,0.17460046681255625,2.450794741503845,18.823609112377703,0.4416218758201987,LOW
172.62763656891713,66.88655341879766,143.87726054779546,0.26355449230132455,19.011220270356652,15.817787916647587,0.7236341134095136,HIGH
796.2092520614552,34.33271953478938,10.559937298664371,0.008222973610550799,12.722587122130454,16.937371348055684,0.5566981234057145,MODERATE
405.9617279904803,42.664280371091756,130.03104633616113,0.5802231281307506,21.663952205626696,0.6922135086583592,0.6001246803361026,MODERATE
535.788636287406,45.466956021723824,16.793039053152434,0.8607986389333181,24.272718989398516,8.239003342357691,0.6314635764822721,HIGH
330.7398556937093,45.47674560827768,152.70268800019522,0.6219129356534807,5.759140241422078,11.959565301056411,0.6250109025099647,HIGH
266.97952136342457,17.836599588886394,37.14006536988584,0.6516072259936908,23.21687779790949,13.174430210705374,0.5358596203760871,MODERATE
190.59860692476488,48.35681568877156,132.5540667422912,0.06632036957431142,16.791021923087023,17.897595441717733,0.5633432941659527,MODERATE
821.5657085736475,27.435265106585447,106.94641241879634,0.7148072191107216,18.47784129825896,3.3400584189938365,0.6610642328304215,HIGH
721.5245463599879,52.7466032730974,70.02635716603972,0.40900441879346405,11.809026662849387,1.8007342733353915,0.5042443035250515,MODERATE
128.6024185436175,12.51011031829244,48.88898882498583,0.4737124628727981,8.86983955104611,17.863977284973917,0.35953212414160585,LOW
674.5851398997005,79.53513197605989,11.285217611687228,0.5850155694072274,20.000850674541155,10.132384836299789,0.6390139066561892,HIGH
382.4923915626213,61.99142002481825,64.25505703742826,0.9753643638403078,0.5492948313379986,10.784311262552713,0.5506904660254682,MODERATE
23.703022914907173,33.962863245260294,36.8946474316105,0.7481832557174423,13.51489320510278,17.800013173611045,0.6104329975396974,MODERATE
480.2469151348376,24.806796218278354,25.32833820740483,0.6839270898345627,1.8457443594802503,14.996199446135872,0.5518541220501937,MODERATE
125.74133167553083,31.636360750609818,133.19116394345502,0.4318930347853165,6.365870818789454,14.615089784644264,0.490895558262162,LOW
196.84153865329927,57.97545354913612,39.04018339136289,0.03445051652885889,18.12997795014693,3.7205692239160637,0.34159869518118435,LOW
629.4764556674428,52.77721616718065,40.94529054119415,0.5386846723655084,18.868465299097085,12.428205851528418,0.7032692689689651,HIGH
238.85641305566452,56.46530844804641,61.94617986397381,0.6608812303767315,22.226083344965197,9.001424541335393,0.7069844722144973,HIGH
803.7804996392168,71.2309364406716,83.8149155722967,0.7041896847082146,17.88593086138795,12.220829974492919,0.8381170855819262,HIGH
594.8810849975113,37.04732287852234,92.95458122785632,0.6078810832752484,16.868649402380164,11.513543552775587,0.5696403694586707,MODERATE
750.73230157062,53.89217072736552,119.95378212243395,0.3003670251020025,23.627932434822874,0.5255994982030621,0.6723965421267369,HIGH
557.5186891138638,35.87912844182959,106.34544656298898,0.22103140168414226,13.435240068277196,6.877508109412151,0.5874960011420125,MODERATE
783.2761360095941,51.40974817147024,87.22141447106887,0.09009402169816882,16.347041223706686,9.156064141265164,0.7410190808698154,HIGH
331.89936076971367,38.511067320072826,71.51529842010719,0.7028313728845099,21.701571354378295,10.00443843259239,0.5978424105557361,MODERATE
498.73511342816596,62.35642655969355,48.57573193533297,0.9707859412435538,19.092378654573128,1.9893853928753336,0.6440126750284327,HIGH
469.14245639545686,1.4155497394149104,128.07972784926406,0.5250224648115507,19.24813872427036,17.97077802725475,0.6789914375069327,HIGH
814.3737301893937,18.041165507392765,57.832736350480836,0.6731826653667136,13.418894921798351,6.686313854101296,0.5562805589938484,MODERATE
156.77471366166606,24.418572387896322,153.07506944113527,0.6926025025622045,13.196120172165577,9.788439508275413,0.5156256669522183,MODERATE
524.4740792361563,75.68616599383817,105.92307960394962,0.16144210582278706,16.217667265159452,13.274548286733845,0.6531327404473053,HIGH
681.4437628620125,41.05665082438651,114.47602585654433,0.19180141885502877,17.51365975993304,14.38163272167502,0.5813104121137571,MODERATE
339.34428687495773,29.783798519853157,92.07345132711427,0.20817723037019475,13.652546025666673,7.560550311458167,0.3706976615213405,LOW
782.1475569082189,32.94065713348007,167.21153557271657,0.9328415337106806,4.636673555375917,2.5822565259411934,0.7046919102524245,HIGH
341.9831426991833,36.693960391170364,76.46560678257626,0.015580060556299902,6.210290935961396,4.146353384664543,0.3477073967401802,LOW
164.24479630736533,69.55860081900371,77.42735316196746,0.5411687730095114,12.326877797564869,3.301037148792494,0.528879632431861,MODERATE
529.8030363104782,77.02453338873089,160.84959474315758,0.37717762235021324,5.101621585849789,4.882756090392353,0.5782887776681399,MODERATE
384.3055289332081,67.68900653947821,109.2783388518707,0.6593503361634528,10.587184529063734,12.072926626655978,0.6419864738058982,HIGH
23.519193166984046,67.49088431009693,81.39762011462113,0.2204921647691237,3.6785255298226516,10.71517640921957,0.44370570169129203,LOW
72.15634731921787,16.722193765481435,47.92504949849483,0.9611708197245804,3.6558108283101856,3.372608956496843,0.3225926936399609,LOW
183.79669038386513,22.225567669218172,44.86295566429327,0.3312153341398977,21.0803793253037,13.63033008765122,0.46231536793007144,LOW
694.7036639711556,48.08788526408983,144.45674216218725,0.9259267816165729,13.556249881537255,1.2740939852952438,0.7012427073659041,HIGH
803.915169270036,52.834855661863564,51.024427894645896,0.5892003569677889,19.51087218181378,18.19214043635015,0.7896349685016628,HIGH
495.62037787265797,17.01372450224042,2.0270465643024576,0.4144610989715055,0.2884843672480264,11.323816635592344,0.35374773911189383,LOW
103.95326163756988,59.95626794697487,4.483454434399933,0.7338855232683492,7.1407741707636525,11.808346497546594,0.360795243571133,LOW
485.6328674952429,16.797120680647357,176.13406747578506,0.5530646742657671,0.44201595495302337,5.717876828328214,0.45957339457532187,LOW
771.488859931281,21.77784108056372,101.21099065550703,0.1385825259713208,0.0845536364095345,10.232740060397152,0.4672005844910332,LOW
677.0350899191047,25.23684750054724,88.53540910283178,0.704489199667612,0.8004101106952238,8.52514581416116,0.5459496409621006,MODERATE
269.0773656906637,67.83332190273505,165.2998163703911,0.5794939123063052,13.038106444673083,19.01492892170872,0.6567927859790926,HIGH
120.26264226663847,58.83462785279978,63.95204441926241,0.5656449856647973,2.2705513829639394,1.524429148167945,0.3690675383110468,LOW
811.6067127883963,42.92414942221033,143.3045631782867,0.7381457803655938,19.959349728963247,9.174712712826707,0.7186405869392702,HIGH
770.1389845026678,65.76019455265671,130.20395648764483,0.6534801875829378,12.904690673393437,15.830347009572034,0.8331877746442993,HIGH
57.80667497925096,65.22133153953796,86.400270335609,0.36624256347456485,6.133826533738246,10.891541816885123,0.537193312008972,MODERATE
743.0702959438622,31.79681457994915,139.65910964510567,0.31848876965323103,20.966428599800924,11.304359235274903,0.6764945545148915,HIGH
96.51924762859615,62.733545711506174,173.87433137908207,0.2508188562140681,12.740941607589978,18.22431229313482,0.5743126768981949,MODERATE
66.32243372781295,17.293178988130943,36.90872026588565,0.5751454304439302,8.769975956705647,7.513855695859551,0.32412310003339556,LOW
685.1547984601709,40.75507914648524,4.134185195682849,0.2998877591397002,14.198766171135716,0.0412871106183621,0.4035559934688803,LOW
487.31645351321265,10.34109670070496,148.0403387213096,0.12041829179843544,16.81521832826583,18.51342827302688,0.5306704933446761,MODERATE
378.9477414403838,34.71676436170938,73.24208603922165,0.78269749216079,13.97009246239707,0.6611949661198424,0.6172083230268841,HIGH
814.4373544186595,42.10889581160806,98.44804633918646,0.20913224218232718,23.319632134209794,15.948082478141707,0.7456961647012437,HIGH
756.9801791403008,7.313550275369551,40.82075541112323,0.164876991844487,8.849343237001769,2.7918843686453476,0.33715678225978235,LOW
61.284889676880375,37.54640817680824,151.680188371665,0.8490009728258548,10.248735262377897,0.4136837548433059,0.43226071062673116,LOW
558.3176453276434,52.48197289385051,130.09591858401532,0.7021280086617606,21.471361301912186,7.093404745845486,0.7280108157701197,HIGH
697.3179888546379,49.51297054483429,171.65262644686885,0.7661569657109282,15.937188702920398,17.281128535119166,0.7068147650633508,HIGH
499.9366159997073,5.293957143393502,86.07008501634347,0.35036054611826406,24.15666873296935,0.7387573813710135,0.5157141781356311,MODERATE
884.8748941778076,8.531835186747884,175.80513728418813,0.6174362077221056,19.804116450505386,5.253602149309682,0.6883789964444752,HIGH
620.582279136318,28.757143430456143,92.44311534232784,0.932194250218836,12.823206969486481,5.580984562377999,0.6637320149358702,HIGH
102.68728130035252,67.57217211037235,112.23455426443627,0.2826972624442917,15.86795791750337,1.896138650205792,0.45962242193139385,LOW
186.48523067995856,69.71072820022164,121.66881172808259,0.06896209559443534,10.15211023041024,1.8511608708542893,0.4365954804424283,LOW
745.3586028675212,25.459416706926156,88.66909057391129,0.170878059092471,3.1911404809970207,18.16361230311901,0.5628719527798852,MODERATE
897.1134390984271,57.79247473407506,101.73765418343748,0.897466282344057,10.177763535041235,13.90591309941453,0.871157856334209,HIGH
97.52194751642683,46.61385679577981,40.97196458156671,0.28153108219350886,7.037144509400969,6.222750704474467,0.37651430265574126,LOW
99.29309288209308,78.69035844199517,65.86298740579058,0.49125290678116407,16.95199652863142,4.7664156291980735,0.4449604860491705,LOW
689.4144781875223,8.476869070885645,126.65679087151241,0.5345689340665274,16.729930518596486,0.857624257734666,0.6903676712289,HIGH
67.27531072772021,44.28257863698013,7.9790238432102365,0.9600136250176743,23.434197338507023,7.175744624595543,0.5342355366934085,MODERATE
71.01850329771425,47.810474260829054,126.37394847414221,0.3014790153046677,1.986436012071438,6.022691323509903,0.35829451734508855,LOW
801.0466698785997,25.30581710513817,55.375840373105426,0.5213912909900332,11.689211386323914,18.341596171556354,0.5976391823318877,MODERATE
722.4003329634213,4.709306551826192,49.658614710985766,0.9581243285611397,9.965979606765679,4.410171302345891,0.5436810359509128,MODERATE
794.5912478793002,5.116258319338256,125.13443511911736,0.20134482006278098,13.185959574668471,8.102944884435036,0.5848908092044709,MODERATE
588.9569278981508,36.835826281850416,39.47518412701537,0.5978853018073489,2.9890769918784947,13.640281722462252,0.5383570032024411,MODERATE
297.057415525584,55.70542936606961,173.14133502418724,0.0636067560359509,12.285663501518876,6.423607496427088,0.5989478533739339,MODERATE
816.6187393961841,56.31388707844707,178.3315470346398,0.2629751786580675,16.425275092411738,15.635719197805557,0.7589030989196107,HIGH
275.86393722724426,15.29661812802411,82.9999730054111,0.06921493958411762,7.8446575949050885,14.525128498101488,0.4390216873462352,LOW
255.2046471148159,68.77979913945713,72.85388211577045,0.3301527476617453,16.261054033168108,0.7093790008403245,0.366862771704783,LOW
798.8963730815664,30.79583165160985,15.147704695373177,0.2064338077965261,6.6417921611096,17.11661255621207,0.6466127191031205,HIGH
615.932107318955,77.185064255821,140.3011443991584,0.7984157228222212,9.232635188304492,7.278001433872143,0.6307898150863955,HIGH
807.148155391226,10.334611119625308,30.127595381776608,0.46339544911621067,22.682207507948075,1.9171148617435962,0.6438540836595037,HIGH
148.75214743603544,67.07992119220306,168.01556702521847,0.40500021375450224,0.6264597663713012,13.96691197164957,0.5059547879007992,MODERATE
857.544150011412,72.75871410639037,178.31610027298265,0.6923231274883913,6.820585847887262,14.942932967289961,0.6782940255963514,HIGH
555.3405194632911,65.99136656535478,22.911350634626366,0.9471993152506984,23.393140453957653,1.4201939569931343,0.7022953467580921,HIGH
604.5511892431506,64.89845015477503,123.25805289459463,0.30154339296228017,3.67607046189965,7.078413104555499,0.5442960870599101,MODERATE
823.5139164905419,29.543491216990656,84.41256649062316,0.06675104734521742,9.935195351773956,17.909609771534733,0.5587661980985558,MODERATE
348.8701474782195,57.35410543095687,97.86510790368305,0.1097801672542037,11.3523916875401,13.388759387101494,0.5637943460478991,MODERATE
650.4217452793173,46.768378714892734,33.14386765820596,0.8572150238206755,16.316183432929407,10.678433990957155,0.7209350410484937,HIGH
579.9031528007907,34.533851383066256,130.51024100063958,0.8458549912526343,15.29433226227469,10.082259766953918,0.7486591975694985,HIGH
711.0999197907046,79.4558239882407,30.823677052756487,0.4753654069136508,15.669058593878407,12.168326651517905,0.7183825503359262,HIGH
808.2790847316435,23.945922733464474,159.46869601612903,0.14764296330593618,23.510268784311876,13.06041870427482,0.7256849602180891,HIGH
615.2541613327842,33.63837775283495,82.26145596742577,0.5264893765901808,9.819623469929564,1.3767315754532983,0.5302436804421579,MODERATE
70.19920350772728,72.32602194971128,114.64138978679051,0.6684218901797919,12.245320839908622,6.682965800228667,0.49397051301365025,MODERATE
172.9949078063044,23.831654048605657,166.0006081616509,0.3322364901276095,24.099354097697613,10.533039044338839,0.6024817069150252,MODERATE
859.0405822177048,13.061810228154485,133.09117135965408,0.08251802882082793,3.2038124951549674,14.606829460321979,0.5341257171501759,MODERATE
872.0989213057313,25.48998022388932,97.81177113754451,0.321941641728144,23.70529309789987,14.855494533816751,0.6628749814547642,HIGH
870.9978491915426,60.98562249104149,73.07929896396142,0.6905739666041697,23.707010297577323,12.110186644280855,0.7967425787690394,HIGH
42.751466356105,68.92846676647902,83.72218683687305,0.9783676888228467,23.836873913945052,11.730496613135621,0.6412870524379203,HIGH
350.37886947498225,10.041154022166527,62.159477670286535,0.19009014594317153,1.6757268165469241,7.355017036578733,0.3499404087477141,LOW
686.1087065493165,50.1153018049113,170.36690472018051,0.91455574762821,14.43915828731231,16.69400133041374,0.7662124405439733,HIGH
680.0683652554694,45.81566554198469,46.26155410242915,0.4566229117509354,20.95429622421559,18.328004595233057,0.7566647127926321,HIGH
86.45892540546308,53.835025055555846,74.27298458485805,0.6632181254508265,7.842537921630785,16.926348215465993,0.4905975518414323,LOW
552.4451095096719,54.01345331901688,140.30208251254257,0.8636989316402157,14.764038222684231,17.438419877311407,0.6597667810468097,HIGH
137.15396050136314,76.79793015105574,66.21715940006547,0.5574604133140033,6.4111299328594935,18.17620156801259,0.4390665331500217,LOW
448.95630625233605,28.375807465712406,159.70335046242334,0.06146138402971735,3.240336196955745,4.041272710152455,0.37276413448007223,LOW
223.32027374859814,24.681586817126526,44.51000258632175,0.265778672120042,21.306409371728773,10.277531433661602,0.4763869041538832,LOW
57.31344284390763,46.91679757992419,6.610726665983295,0.8029057274132437,24.530509415098656,10.690805954659915,0.5092220005193067,MODERATE
81.21728871868251,34.92405827985428,113.5464490930845,0.5528918359019133,1.7436602671520751,9.708498082129449,0.341072030808364,LOW
820.6947252596183,38.426587512693686,91.97736893458834,0.3290742607284325,3.033022327702606,16.96977039138378,0.5615947068677344,MODERATE
672.7349081393653,6.47288248685493,168.01739630045725,0.5833017257546889,14.715172596746015,6.500778664741079,0.5564398428816594,MODERATE
839.3233437779259,12.711131979333846,76.74068633537715,0.26857010614304133,2.1577818502193202,3.2262741257164373,0.43418519670376404,LOW
428.2910397768619,74.89461999083609,25.27065617451671,0.24101029983460986,15.779134041189181,5.486012269993861,0.4527748595925701,LOW
377.83032406799583,6.395024681939617,60.024451167096636,0.8283930240709148,17.98714359387648,2.862553013602609,0.5351101679782754,MODERATE
328.98249032686505,47.621501821769044,71.38491398291575,0.4000676062694897,10.365735894254188,8.095800901644425,0.36892926141026505,LOW
558.51331548636,60.611427292413325,105.38059467481906,0.2739889467315695,18.90607916906153,2.336221998935899,0.5387433881059407,MODERATE
322.8878544044869,1.9372187468253723,50.1355879049625,0.4091764320684411,2.8407255282195147,1.751515266375001,0.37983342903517847,LOW
674.1831782439855,18.5971036867374,99.50608431111111,0.9206333289613842,7.530910319112699,9.020104990244226,0.6753413975168957,HIGH
723.1724203321173,30.788690437101558,163.5402099363075,0.18078869041224188,20.19097244005583,12.022814964907022,0.6782600860047615,HIGH
789.5016881521491,41.03857831842481,76.84773261394466,0.18522934785044787,2.2086984299446,12.152837583586159,0.4667429987611118,LOW
226.09282791829676,27.986028285697174,117.63093941483598,0.3537648662251375,7.127137582512544,1.845733065024684,0.43228135257474454,LOW
479.0496238702141,52.270941393774955,41.97284709551749,0.060438784978159354,15.529070154250006,19.43149900869318,0.6243596395525554,HIGH
208.86570888955657,18.8854038628063,144.437541063238,0.07492122602622142,6.184799334465238,2.434925773945884,0.2471047597627946,LOW
43.424682844103614,3.013151977892501,49.27104283445056,0.010978584074084141,12.021901883811356,13.209269285267062,0.22681002136092687,LOW
639.9645207111555,1.1241130146420777,104.78470003749466,0.1461870829007358,20.929788290622504,17.772809935931797,0.6192811212696461,HIGH
498.59333380226093,28.295448944021103,54.74429708215062,0.6403873792637772,6.7416595438983045,17.695320841884804,0.5827223256177909,MODERATE
654.2952788022444,29.571361136345526,13.065020661070617,0.19642613561786082,10.896271158982277,10.242579324522843,0.4851397810879143,LOW
87.98439115181803,75.93972527353696,58.2196305604245,0.37778996449564606,0.45630903062404415,5.549056025493362,0.426205293935965,LOW
896.0182993651283,4.537676289098668,38.953488267331515,0.7055853363077216,17.70923692927917,16.557389583293492,0.6455014522529174,HIGH
894.9702245828585,42.8751397506793,160.7886045440706,0.03182316176397493,8.876480210612495,12.251795924165922,0.6523714219903733,HIGH
423.84984469812633,46.647251826843856,48.643018520227635,0.20905891488019424,21.501340043946986,15.820931892952126,0.6218494230109635,HIGH
780.7922565136141,56.24272593991984,175.42174953663704,0.9958882134889805,2.214038772064697,7.9998406766520365,0.7854757029623992,HIGH
226.77601466694557,51.46003341111218,89.12990029875088,0.5969618007530727,19.555758785609413,18.26857320198092,0.6111445334097667,MODERATE
666.4338834887343,1.6430200041914849,40.5706290156092,0.6599796501646341,20.344873391769777,18.591853382435005,0.6123559653938789,MODERATE
792.5110125640736,50.91675619931192,71.05059983665952,0.516048008004837,19.40172196777637,14.746941914230916,0.7309335446713958,HIGH
735.0529768118929,26.468647236278837,33.83417003206813,0.9658924625897868,18.359486703573324,18.851336621307773,0.8524507057496296,HIGH
732.4789296346302,62.05664794647635,150.22930243833625,0.14429702033927572,5.9447324801672305,9.069964151241454,0.54618599140062,MODERATE
422.09370255908993,15.880865504720228,22.474499205859086,0.0673727910257873,10.41831224506103,3.889272401788504,0.26990888796220797,LOW
739.7910535231077,57.58024650619717,157.361467517679,0.8161661674624935,9.648808708934142,13.118080932262599,0.8519282252642897,HIGH
624.7272835889574,50.414131361435814,9.219151672923791,0.004096369527886612,6.025952056579473,13.067301788848113,0.36729028804685687,LOW
127.88174434834188,52.530979940870516,54.6298197437506,0.5615618048538342,12.292261153213325,9.826440513606682,0.49373380445121184,MODERATE
111.62411961742292,14.899867279916787,26.03972292345705,0.0014123871371518604,17.43832589924777,5.212371237246723,0.14916336308139605,LOW
697.0107009818295,53.86474610526452,123.66253271981198,0.34824464521443244,11.968169400002523,12.486859054564171,0.6907851827229148,HIGH
566.6630390079022,59.22129428271128,92.70558984775434,0.6508864692271905,24.361609748884437,3.615594774603661,0.6584519725783149,HIGH
472.2447443003259,39.66341063778665,169.14178353976888,0.5473263673052565,17.718961046054382,15.065979068693663,0.7412601454627785,HIGH
817.4629938554571,27.88888895601607,66.5463562334362,0.5598623020116922,11.06747756742428,18.136240651519746,0.6187514201823062,HIGH
597.0354176153845,14.157833093765895,8.294087736588335,0.15734619539810168,10.098938477700761,3.332424117206374,0.34156742830865167,LOW
362.57060312858715,23.906881483748503,137.3369723119289,0.2947327020987469,14.590165611827889,16.405426107165212,0.5876310840819557,MODERATE
378.3993092768036,61.342440633749156,104.73061629195341,0.7100291134008222,10.794100086619334,3.9694403405038337,0.6438753074486719,HIGH
548.6674811276506,33.34265723915421,149.1109196387501,0.023297163207568916,5.548457496442652,10.008485713769291,0.5321923628093912,MODERATE
686.6450033708501,56.51434611746735,77.27880440117586,0.5952833013972547,13.026149234768821,18.584922339683132,0.630097018410004,HIGH
512.2744431847204,59.46721467488045,133.13442788280466,0.517065611863466,16.81786512676143,1.6542143512747076,0.561785404206068,MODERATE
462.79718517506996,54.25944770581888,31.620761400754798,0.34395721514212485,8.961123634953516,1.7953344010897165,0.35954505981988283,LOW
656.9416253622219,54.20953547095293,179.91525331489956,0.3347753096321845,7.083093029084181,19.174469670834483,0.692329179830322,HIGH
637.6854494172624,49.25384814175807,32.082808501570504,0.7989472177970985,5.4348150430795465,3.176987107590241,0.5024098667120115,MODERATE
749.0086881460693,41.95533631838337,149.534312350937,0.3819968627553464,9.070544914121815,6.840952574582575,0.616956883889526,HIGH
65.67108978679202,16.62751826275131,39.026432244327985,0.07985968987632575,6.109188903151338,9.179880004154757,0.4064944501154736,LOW
681.9073975529612,67.58146756682616,141.06892924235606,0.9620394389605901,19.07746807672741,0.13391958278563543,0.7247032821937089,HIGH
467.24680134700407,77.17686962652003,155.16418264791767,0.13036926231691826,15.96785598409446,3.7616078400354303,0.638579663610124,HIGH
76.47687682950517,37.85224118241314,157.91872221154847,0.7974538300685902,7.173305783619186,16.56810840912646,0.5874518136187421,MODERATE
614.3189250708725,74.7258617148878,86.15360199745858,0.013943333694790394,24.795781921369876,10.377076788686068,0.47198046863691095,LOW
647.7207726617291,79.84156848013939,77.75752218787606,0.3643984217978734,16.14180336538372,7.877959802979735,0.6306371401403309,HIGH
476.02818089476915,39.40947709427983,150.2486122934018,0.5151805466495556,3.5618232993227084,13.639393554576575,0.6729457017033837,HIGH
716.4810901082889,58.22407452624748,104.72857090819572,0.02978248410902362,20.73343236670654,6.4953832849310755,0.6472694683259631,HIGH
277.22081668007837,51.85943672179128,112.20855283644657,0.7340866273984559,18.842552370752813,8.770768944059661,0.6620470493253937,HIGH
189.69742449297814,19.74392046405903,43.25601469634325,0.260581491202986,12.50071613914191,19.87452705034839,0.4228581429388479,LOW
322.15321705151786,4.720066056591184,80.86210554226659,0.5411684550207068,5.836588109122765,15.48572299009177,0.44495154056386604,LOW
374.94495683342,36.81506958278209,67.13135096395487,0.7923276323818026,20.271906338589734,11.079466102746471,0.6991660350750135,HIGH
629.3809061379303,63.18919479430551,120.0925590767581,0.5911138179479495,3.1129554342331667,10.53490920432691,0.6048606566892422,MODERATE
762.5127447116226,26.68563835248606,36.17050712343609,0.4556132747309932,10.450881544783734,16.88543917995461,0.5603016230474074,MODERATE
651.6171891700221,62.97065897426157,73.62959488328967,0.3361123620149046,20.43306486369981,12.017338987461148,0.7053553548328549,HIGH
164.84892757194535,52.72933287507349,152.92303856067022,0.04510522892188629,20.036019927958613,6.785573094827444,0.4896839411865668,LOW
335.9332054722291,55.947766793589395,98.81377619884728,0.9130210027673475,15.747305922382262,8.355834129318628,0.7406618723405469,HIGH
150.9882049685224,23.57353018181381,161.39187194114132,0.5919314621049798,0.19355631250962957,3.6677939037199847,0.41316178290771005,LOW
621.1845376066657,38.13374324460071,42.62241246824584,0.6315355531787729,8.328057745183212,19.190411603150825,0.5600348130426163,MODERATE
230.87297161303576,15.354600201992154,79.74269725109025,0.440512477695958,21.329947983305203,13.044126221810483,0.465316990686125,LOW
477.59437023814365,20.479861718298388,90.57450395192382,0.3727121559922296,18.03414604613149,7.971408415161143,0.5041782391691347,MODERATE
714.728560443269,8.098153404300799,72.70156590780735,0.046654740798792615,20.26488274422822,7.19775842227156,0.6439116411188939,HIGH
607.1359546802374,11.015099097400435,123.52434766020794,0.168991628355324,1.574531277960309,18.139846282300727,0.4813441144893247,LOW
275.5528516919681,17.630564864371085,27.620846275231195,0.42554850509479036,23.519236141686306,7.206311073475877,0.48143318857643796,LOW
306.25140804854334,46.83850269869112,93.97266984076252,0.2417046373975179,5.726247232129819,15.127295889053391,0.4147387922493756,LOW
591.4942150766983,35.855678444263546,25.84025073520565,0.04444201624881117,8.307325234614254,16.708526484239247,0.39584313157681394,LOW
499.02629691255027,22.088221492679402,113.6263504929723,0.5460140404092502,21.01457559205936,18.19600678309702,0.6782917256866919,HIGH
95.79020384833952,69.02788330491744,149.6144158561296,0.4641137044050413,10.15547908004707,7.461037086979861,0.6202248746427745,HIGH
787.852514453456,42.4866676160169,4.579471358147966,0.42137300530878696,16.076917501896844,15.306538066118641,0.5579679234974703,MODERATE
466.22579076772945,73.9256484172277,82.79158368500427,0.7842294173976898,13.809089334832258,6.5376353367199425,0.5922108855229196,MODERATE
431.2913017457442,51.16223201992785,89.19394293404284,0.5995278454053822,21.651907585652413,18.880382506615074,0.7607869929529765,HIGH
186.61100960271347,2.2472201257686146,129.92550370691157,0.0014151483292579314,3.9030883916897574,0.22320323369109385,0.3096110298457935,LOW
345.5244988837782,73.16457959023991,14.374867823531407,0.7619098985810853,2.444779346747403,11.403808990657641,0.5153553188402585,MODERATE
306.2141274604382,68.73960351878529,73.67771984734718,0.4825875703895701,15.808843711202542,10.199038737878585,0.6110473169931985,MODERATE
250.95475771818988,51.18642659969104,141.6011403798875,0.5168139733562548,21.116042659833166,17.552449549838848,0.6418121172266815,HIGH
514.9918514356281,43.24711090273462,96.2538765104465,0.8895727667856264,23.077540567212612,4.326245038907395,0.5942466293674384,MODERATE
421.425070649451,36.78115979216822,135.22246767227378,0.10921965314960724,9.998141046029692,1.7457580257514982,0.351808657000647,LOW
801.3859399300538,39.0918128155797,66.1577506686268,0.5994038461780721,18.371415029657186,16.928791250697117,0.6952699054388839,HIGH
847.7961395719732,61.76843062654563,165.69569505756806,0.2821597309724988,9.769662506706997,7.002037908479797,0.68404117909379,HIGH
205.33135201300087,41.538186586336174,14.844801221293164,0.03671131095108182,7.971883427746421,6.4983849506519515,0.19648376290251143,LOW
99.09383160281736,14.905951197492811,17.31842863870075,0.43738161972271916,0.6053062935681031,2.1062093492918743,0.1960696566840684,LOW
708.950420824097,5.596027806666425,95.59897697871929,0.2836130309605148,6.25276339050882,18.401178246707364,0.5242553307858252,MODERATE
895.426649238362,10.968715826634485,85.2774689773818,0.0014929608283451579,4.254306645873688,12.65915659215646,0.4617890636120571,LOW
778.6040621701972,20.863847598153505,115.28568741621737,0.4929449916388078,6.715315461254664,13.843675530385715,0.6933131229563229,HIGH
31.090687885673905,30.050995593736825,42.00104811832003,0.31112341920750264,7.218178176377771,17.958759960607576,0.3090017640737641,LOW
233.62456012875475,71.50086496184149,41.459064084860735,0.43412327985087285,21.47273677345801,16.877090541055438,0.675265715838871,HIGH
48.57462656672489,19.88789134377377,135.09061263077697,0.011731145277404598,5.084402735752186,9.036277415839644,0.3615793491781859,LOW
740.4936455666382,26.24828608220025,53.2259709261365,0.4017820065842225,20.482468614644905,3.1954408308127014,0.49271470943227313,MODERATE
527.4522089001615,18.618148622615134,131.1852205936404,0.4704045359329162,21.483559590122905,13.44627805304432,0.7502506753131363,HIGH
467.2095016386779,44.11360367778454,115.68655032924478,0.4660211472188853,11.594406254595702,13.01430461737354,0.5546894520221506,MODERATE
503.4603949769095,49.749849007264466,15.915560445922077,0.7169261934291616,18.112889161161455,0.9415917006571717,0.5961740645932885,MODERATE
234.6816202399661,43.03807501987569,128.29220551275725,0.9912865754858641,7.9651906569943645,17.988026916343177,0.6891096082191158,HIGH
545.4581485335879,76.19667544613827,158.43325205446067,0.02786235173624363,0.4442732938474969,6.704784829653936,0.37325138485913445,LOW
37.293610832986694,79.63486339467582,147.1796800652244,0.3960265504627697,17.741288071589786,8.575594949840589,0.4771897782544197,LOW
584.9504343340473,67.1542831946395,2.586273994269745,0.8567174335699062,15.16032025240968,10.275627910828174,0.6184208051733101,HIGH
663.6461088591594,64.61839544633388,97.60878919881365,0.6256967612153246,11.534090889620463,18.2403847281704,0.7841460668411065,HIGH
608.9933747035262,29.918169363219075,164.48736090744248,0.9836014904166547,22.46725072244961,3.4097974112631246,0.7290325251818317,HIGH
305.58459129787605,46.80289698679787,108.17189568165077,0.7134159437120147,18.181445983476344,7.373795885897945,0.6068008017566889,MODERATE
745.373994463513,28.766321096961928,52.96836664690518,0.7242473232911479,10.639530366703248,10.026810123388593,0.6223442531625106,HIGH
646.8341574345591,62.964111847725405,35.82349091796373,0.07608453130909854,1.3344710291321866,19.83797452906057,0.3597902835718569,LOW
124.1846174026073,14.574659988255044,123.60560775453818,0.27525475025233237,21.902143375960424,8.795020942481205,0.5226911283516998,MODERATE
183.67835627910037,18.1170654292768,139.05445431360425,0.5838097091509704,24.616070170205138,7.970756243659453,0.6439314649780264,HIGH
577.0264877286323,4.0568315987544,164.35267292021467,0.522392677263302,15.863025977296413,18.700536212273303,0.7278416057806913,HIGH
267.5803588648633,49.1062341937014,163.12326845242583,0.7625914264196227,19.205015147323888,13.22989722586355,0.7049718020329584,HIGH
116.29531788715089,55.394522444327606,61.73114973471316,0.993657692382484,12.65062098908837,3.271485231708524,0.4575641543149992,LOW
147.92240390340407,1.265620612278925,109.09397073953534,0.20680426451421963,5.916070867705573,3.5160372308840726,0.20570033357697448,LOW
157.39929068095657,41.35207535554579,19.171934268759887,0.428399121995521,22.80168727441474,12.8890537156697,0.42566336649637654,LOW
435.23390706836017,30.77308854069214,17.908796479319744,0.8668399754391689,17.20876570094639,9.341106923001467,0.7142580199979068,HIGH
550.5730535522526,63.59808176368265,13.792873457297839,0.8381492116687896,13.714076505294345,0.17936113446959778,0.5247209228963408,MODERATE
166.9980246204293,4.072368933892828,166.95882004973626,0.817193432160845,17.052108819896617,8.97184162020498,0.6356054277738856,HIGH
644.1219832232667,4.8366894166282055,28.285404294721342,0.6203936191148308,12.796534895057476,18.793906206657656,0.6251176667669782,HIGH
260.1012206763603,49.996518799344514,87.33638952946451,0.9931934981584679,1.4596123535292853,14.94757770760414,0.6060168101717684,MODERATE
287.28674317062513,47.73946951180135,78.5199532981989,0.3579034492472264,16.511028600222875,11.17205018272854,0.4841345922790107,LOW
208.91377275595573,66.65611181684281,59.13402862317115,0.11629484413570945,0.1304221286238083,3.9039223087650465,0.30793663305297225,LOW
708.83346098944,47.78908424343153,97.25378677090711,0.13255990816180785,5.508644780872577,6.712801222150144,0.4314977134671889,LOW
864.2343113138206,76.0002954587286,1.4995693947723598,0.43569192590376615,3.899481682331854,19.932785662741487,0.6290833847250176,HIGH
448.32486532350254,25.836386736519344,69.04673155920794,0.804949984798683,8.503056385324292,13.18107326110698,0.5232197261807341,MODERATE
47.407270874473056,32.43579110597922,86.80258682406807,0.45284624909084337,22.707890990047947,5.525751541288557,0.42286504258965163,LOW
241.90669161867353,78.23629865373042,144.79148513074878,0.6113831827073043,1.992540578697069,14.759816745488736,0.5663368339978064,MODERATE
150.66475909577298,9.494415226370473,126.47245384499452,0.3580216104041051,8.935156360321406,1.8272974264093444,0.4223601629452794,LOW
760.0584335182959,63.87648340250609,153.10736291921435,0.7148312041774193,18.989048774870803,7.41164744106714,0.661386733724576,HIGH
85.52004881555258,1.9139284581747833,68.35738411245669,0.15314165959616088,21.577290472448908,4.582616433165816,0.4601197618269762,LOW
870.1638542126616,39.43454670286483,26.222089475732545,0.5201156183619984,18.403228425783208,17.920161696671478,0.6622445296769197,HIGH
533.7772611959172,13.118784652125283,72.78910704401649,0.18512952703716112,24.13029078143495,14.702910277258301,0.5603115419224374,MODERATE
470.78841049600527,48.31007459451714,173.38767447257635,0.4685921367045919,17.39793564024871,9.949997246045363,0.7016192732330933,HIGH
764.1420539530762,64.05542760691841,39.36463933625107,0.4304940243759253,18.62002185792486,8.15600239808148,0.6653258880122948,HIGH
34.51738294939598,3.6103418857042953,32.28120997235732,0.6045621400317791,10.551693385043793,17.171743970909972,0.4479552730717885,LOW
701.6659469722385,13.938045400747875,170.03637243247454,0.5095452359860633,7.5513319643037535,3.9086338123116615,0.5902083268071807,MODERATE
113.77760055597973,28.066220111790294,171.03623218102808,0.9757411287029353,11.546883179549283,1.49525611635962,0.6453287325618818,HIGH
758.2925080569846,21.208118302598244,27.713396942954898,0.9003115951320871,19.197924586899564,17.035415647774236,0.7784747623108912,HIGH
480.96683512169704,31.274371294694152,138.73206221766463,0.29407798793285733,16.256576436896196,17.129922389441003,0.6398060128454098,HIGH
64.40516810048169,76.19759568557869,77.9239082492529,0.12117680592618196,19.297474498762803,4.861528626964082,0.3790969935341541,LOW
751.5880845331787,8.995284067778998,89.10661316488097,0.06475175070008776,15.689664640671506,3.9056765233409685,0.4347732008591578,LOW
34.30956419341396,34.439286584596,90.26517821600817,0.19799379879587375,18.327533693417237,14.426143451217786,0.5555100946012014,MODERATE
133.1499166753071,37.11021835699904,174.33850944018351,0.22210740929669104,3.8917268305493136,2.8677034394295875,0.4541234091827205,LOW
720.0638262056998,23.147022094503853,34.05433945076585,0.8886813691559544,8.091463331835877,12.439019940017044,0.6832078410543369,HIGH
423.735300233523,23.002018057318008,139.37840861025447,0.9248408798444948,14.029794175870375,14.02469229843497,0.5286361341528156,MODERATE
794.4359468758021,57.46542077819633,2.0156653963698954,0.23047029267024477,0.413685337959005,12.439599026666833,0.3434394087732303,LOW
575.5320527840644,49.809663569427634,113.52120913667622,0.7587311006521065,22.807430674641594,8.538567473506644,0.7330936245207372,HIGH
564.9405913896632,65.2137295589191,117.82935782913167,0.8357639585706751,5.987245698290083,16.323554347859325,0.7170049010538947,HIGH
270.08924445749324,33.000784575766126,135.91341149167312,0.37751058186332775,2.2125549461295915,18.599669389624086,0.504541256716366,MODERATE
128.97566596104286,48.93017113139417,166.74726294229646,0.8715941073811406,16.6062553229485,14.11417363320477,0.7802497207883716,HIGH
865.4434278980475,71.59346311392417,135.93648391235942,0.9886522750049885,4.843476177380548,8.3790250584523,0.8512725521452844,HIGH
103.26994333762168,68.25494926559445,132.0537734652721,0.9677951848840384,14.048367830058247,19.91402635436946,0.7183635842910375,HIGH
480.81943406547515,73.68184800749675,46.427965421454516,0.7419068287671423,6.2244168351696105,8.988316812523355,0.46515618074912596,LOW
252.5860458429544,22.249026779729768,178.71830794169483,0.37166277098593303,4.148537944969933,2.3252685134818063,0.3078063462144809,LOW
245.0851905874947,78.84827357803749,84.84517715538273,0.22700548717731217,18.37490209831358,3.6516445247792007,0.4724444908696343,LOW
539.1817351795037,65.4948033222419,75.72356830798093,0.9928700683340543,9.70931990051647,6.9588887420711725,0.6821276313144131,HIGH
720.1613642891933,63.78981667726296,90.83608561659973,0.2761745279621717,14.360955338554533,3.422333312100503,0.502504992163424,MODERATE
701.689739719838,53.73870947573408,71.53610557990933,0.43838269674914865,5.403111691137886,15.56584877204288,0.6616635044558747,HIGH
783.2335033822626,78.67816989639317,107.26112524944585,0.26412453663562085,13.81036383517365,0.28211397652871506,0.46530937556892554,LOW
270.68343674200673,35.883495015671954,63.58280157151973,0.4961188595085966,10.530760872027919,8.117666005841018,0.29347062991266115,LOW
424.5187297264157,59.581605076230446,43.950127961082664,0.11038105466536896,1.2806111263660576,17.564141932829028,0.3829777066242546,LOW
18.307770165822213,56.20609175109319,167.11108742143736,0.8090565438889324,18.16729540745109,2.3547346956429616,0.6524416445923009,HIGH
674.7032845913653,58.835023609318185,167.08129791477535,0.5051071209277691,13.809108409838174,11.52167637510643,0.8349059627469535,HIGH
279.0853698066319,60.36572031937128,89.82792888774327,0.41950234381821283,23.18349635004321,18.676979687489204,0.5507105169922868,MODERATE
509.72924461046597,16.06971539857586,173.22437456603032,0.3631446000537998,20.19874915074237,1.4319264685147237,0.45536378931029714,LOW
160.67725099731112,28.575066106489782,75.41337161213998,0.5797843141951229,14.27798030044229,6.994515188723122,0.5035244866039197,MODERATE
739.2655613495524,31.98806567024649,70.34081745552471,0.7798880602861596,1.076490036259975,0.7532353333474351,0.46131357818588203,LOW
737.3722751576672,60.091985304417,165.12619829283722,0.9025609653993583,18.797965134979748,13.643886498697738,0.9819422823986771,HIGH
790.9330941301304,57.583590081825044,114.2921435411481,0.8415183354406309,13.726105012058373,8.349986277745376,0.8156659452578195,HIGH
50.88392742498332,66.83593021362182,137.49060922944193,0.44551316471944247,20.875788043221164,18.946427698911595,0.6948278747658301,HIGH
893.2882516997622,63.29301347333655,74.88114584995981,0.8339920631457309,14.443625478025787,13.825798695844167,0.7715790707082348,HIGH
230.52367885132813,48.086676471763454,73.85329794120672,0.5286153939252489,0.05068698701556351,12.038811451437041,0.4671500008276109,LOW
285.395980582141,12.055930432507958,15.911363173179982,0.6381781581462926,20.372802783478054,18.206446461314115,0.6589451016972951,HIGH
231.90879897949705,51.200965479356846,174.0471553458654,0.6745604034429207,19.981846300686755,2.5932455417004463,0.6149711437440618,MODERATE
248.10410154621383,71.07768340736085,41.80465506473698,0.39968183404865787,2.4850664558907694,15.668899589668435,0.45228935015728616,LOW
501.8686069322455,51.81077470778877,89.47380439047366,0.48605312524161415,17.09558664061956,14.59609456233559,0.6517669274420619,HIGH
223.4313844303638,71.75448785764159,21.515238660446624,0.6925889959498249,13.152516295928567,13.465019326345702,0.45539619349419486,LOW
360.45646714636024,79.92518843281505,116.80469679043156,0.3079282449403743,14.74792734914744,12.761535585257924,0.5445472804353357,MODERATE
593.4898583744616,29.3769764088591,70.9667055943503,0.7469132917135421,22.233831529356234,2.4874599991766044,0.5452308792361689,MODERATE
754.0633211841769,58.13988585348022,138.41147546254453,0.3541031432401148,6.239213265204679,16.280867493861003,0.6006386378104739,MODERATE
626.5399352375227,43.656731975439925,95.57977915334573,0.5854894812852751,0.32899733732573155,12.703081298543344,0.4854896966416087,LOW
538.9473318607177,36.94277225594508,24.176797418103853,0.8376227179053318,5.2140529148429895,15.42945958040178,0.4358378152710195,LOW
141.47842066155113,19.94949921670443,2.9225510384953375,0.02320491959745319,22.87815088099627,17.521801742555148,0.3307053881977491,LOW
736.3428853717415,20.42725308367855,39.0283141317545,0.24034004518407315,5.285578872787935,10.848519684589784,0.5015396166683399,MODERATE
43.17465031380443,15.61281065403771,130.65802257286157,0.5611676732101654,16.862764951084994,19.137704738355247,0.5376359101522862,MODERATE
245.13058027941884,50.887197013416376,149.30402884055457,0.106102440146567,19.742142120535313,2.1840276080406817,0.4703597878308589,LOW
60.78243606944546,12.222194634805142,62.09897138307098,0.20560173439196638,20.330256836306518,0.08075730802170389,0.3362326672434168,LOW
604.0117882701717,35.07953111554701,96.93058775068096,0.7490894634834957,0.2609265826094137,6.598872282761164,0.6317926842650684,HIGH
337.8502635082279,42.34332590250334,43.962378992081526,0.025823044982275722,0.2350602800760715,4.3310018956002345,0.38915382310705626,LOW
590.3231500523314,35.62052369792861,158.59934012467298,0.610036759677747,24.72525266258804,11.07219778548944,0.7544975043624335,HIGH
318.85755378019536,68.53943156443941,173.77207911774354,0.034157054452887525,13.185670006521136,5.605907928573219,0.47791076307352454,LOW
415.6092504115498,36.010379423714966,135.77626424712224,0.1159236969742371,1.5925838398786447,13.762752727563047,0.4519970437486038,LOW
417.58529904790095,7.543735344179906,16.91072298593777,0.3903407893342904,0.6702220106827472,18.906570089395426,0.40679669621166903,LOW
50.566781764114694,79.38376375263914,79.2442259307865,0.9647686910289316,20.26928071295869,15.385129286546915,0.6759880406910714,HIGH
392.90160844794315,67.7537036937568,178.30051703324585,0.5458475497464288,22.623878038035457,8.40503703265178,0.6863742505803413,HIGH
580.5472831725303,53.14343534707398,42.059884447074396,0.3122241724667797,13.112312459819076,19.710058755411932,0.5874154741469094,MODERATE
495.98649900713605,60.749566043879994,121.01442896141072,0.41132635621703806,9.292851716799234,15.423647715335289,0.5956110461174323,MODERATE
77.00255198767566,11.127065280632683,169.00286317555052,0.5687722057071578,17.558914756081993,16.217631644677517,0.44411237506306545,LOW
604.5698272612065,61.507268734150806,139.4034064991463,0.6194165199013111,0.5597086716800842,4.0949809297418005,0.5257202011621206,MODERATE
284.8878518745822,17.412166395255515,109.98596786390591,0.2679032880888512,22.472894228549617,13.737989316828854,0.6416050994090726,HIGH
22.846974473329663,39.62911423634408,91.7002234423057,0.19729443795677548,6.4022625243090046,1.4127074503179449,0.34992997742382603,LOW
148.48004580497823,15.060640356618402,167.25777085832894,0.49530932336121436,4.772718909834298,4.706188268902178,0.4520738389038398,LOW
452.82809501173796,60.54901218224315,71.65727271227748,0.6448512502304369,7.769808952353727,0.32875591233091805,0.4504889173871881,LOW
286.2574765367611,20.428776560483307,162.32715097933502,0.8165799936138263,1.5931908931676535,14.104722854459409,0.5274755217858389,MODERATE
628.0008822406602,21.003465060843727,78.15847429235517,0.5927953160268027,9.73901019250916,0.41892443739467655,0.5699728171184175,MODERATE
224.18159325353037,9.628565597883625,136.4215592528302,0.6924340843100015,17.868696151446297,8.983535525736215,0.5081993928878822,MODERATE
697.7885899429001,57.927910100145866,164.91278796887832,0.4839792611144671,12.45515903196134,12.977347070214604,0.7506091865379068,HIGH
264.9646914406421,24.37172583168935,99.5650806444513,0.5667192577926576,16.69947582472433,6.099911110559233,0.6101444910342259,MODERATE
562.5686997501299,41.94412104295542,56.468492851832174,0.6354475657462461,5.344298910779316,7.345608865519346,0.5209422550873082,MODERATE
721.3025784235504,27.2472410319961,10.1266228189027,0.23633124409658046,9.947261151365442,17.363180176771934,0.4976399294757513,MODERATE
353.1449544929365,62.20139944695643,145.85753346735476,0.9340741563299506,12.987034562348319,18.028260834871194,0.8416302848237428,HIGH
51.65639821576871,18.8922088630261,112.33977580412166,0.34533888976140403,14.313961792863525,17.174001160543234,0.4880221912554928,LOW
486.546513742404,75.32592550366495,48.08517096076375,0.60468813531336,4.659912099055008,14.998688623313331,0.5924341077344004,MODERATE
895.9140647746052,26.385858016286907,158.05668591592453,0.5609542087543681,20.191728378672977,5.5505870513130695,0.8358668670698012,HIGH
872.4027610754531,9.204278081969301,165.73419471586843,0.8533454749345925,2.255405522444551,1.4935427237380594,0.44235323394009346,LOW
206.70975261030972,19.984113392379662,159.80272823280478,0.11360437507032795,2.4571812707308434,9.773907562956826,0.3975567321955508,LOW
682.5698933875846,6.84133339630684,108.67170380575685,0.8842310168468375,6.242518098218483,18.487859104875145,0.625512382420239,HIGH
317.0071303198587,38.03035974840156,175.80810768330352,0.13701505073459375,16.3568490927076,4.467472862105644,0.47825858110448577,LOW
152.64250736295142,20.769846437154047,157.59020798511648,0.14453037718088801,1.9271790703946357,4.190987795403576,0.31641424443108185,LOW
602.664083536219,70.99763751114523,19.662612485273026,0.8622548329571308,0.19313992789410928,15.592976048645477,0.5599776634030417,MODERATE
455.7731692788244,41.85316099739156,176.61796969672264,0.25710190639517017,11.804539389702057,11.839763729385433,0.6105095923764111,MODERATE
489.91519631355277,19.43610744961362,99.2363407079033,0.611786471057059,8.666426590610655,8.085997525575268,0.5505492866567953,MODERATE
746.3794693896025,36.650356062490374,165.68642673687697,0.46361073795634644,3.9186578553077944,17.253405505395737,0.6897729975775948,HIGH
309.5238715398065,16.48354749909352,137.10111683505005,0.9342662525412713,16.398096768138405,11.650565273514555,0.6782083641567049,HIGH
603.7143360045401,15.119620698068557,116.91443488861994,0.7820839880740762,16.035785365806696,18.40535101344569,0.7189602243537466,HIGH
335.9104055967365,24.751861140542076,59.47435631648908,0.3349937777872831,3.047321562016209,7.363004921285832,0.3458118682929536,LOW
48.02426795658198,9.555815716746794,5.838374221595813,0.8134407465762558,5.745033452629958,8.881510043812659,0.3336256136660753,LOW
346.43344552935054,15.903155415960361,50.535789187132956,0.22578848903517035,9.124482964509081,1.4860702263840353,0.23916516858581394,LOW
855.5306722516798,75.10570296663833,123.76183779437359,0.6155713517595137,24.750997594054294,7.353788442934725,0.8694154388968021,HIGH
440.1036090586912,53.67740814109949,155.49756833001283,0.7515837717246078,19.21476409971014,3.59428542386812,0.6789762142325626,HIGH
106.32508878481268,73.76711041312399,1.4200408836708442,0.7031584767130354,8.42913342019928,0.6566421369936948,0.31532291262861073,LOW
622.165878144841,21.290908375954917,38.22730550784118,0.6566820030635723,24.135945552139535,5.115238120367707,0.5919739328802656,MODERATE
867.4076212494839,68.70405352827298,121.47912105697355,0.8299688306809562,11.37330273316534,9.812532782782956,0.7899039988809847,HIGH
818.0712694243888,29.619551741464726,51.77068367335273,0.5562084426562461,9.508298527965472,4.947155189515666,0.6207589264590867,HIGH
519.0451456492434,12.391403508676365,26.364810875597172,0.928347906009722,23.607144647635696,2.181772115007905,0.5933534491652781,MODERATE
344.8898624701928,64.57186090033156,15.666561582010655,0.1448097716419372,18.40438704267494,9.030680752718826,0.4683597002149971,LOW
526.8031249732239,5.712360417157261,115.18034043159551,0.35570859338772187,13.696106566330574,2.9569464175400473,0.5216561401457483,MODERATE
736.178645357332,32.98337427586233,107.47990724807372,0.782992011782424,15.017413946975386,1.7198642526299501,0.6547091391648727,HIGH
776.5012343964243,65.72585881241983,154.6918294147908,0.30805570783652825,24.320262929069365,19.2036531061531,0.7445782852821093,HIGH
738.7710575987727,49.75760911027423,57.35594243690239,0.4429491072811339,3.8225387491128275,9.519125428767666,0.5985157615247206,MODERATE
